"","NLM008","DLM009","NOF005","NOM014","NLM021","DLM022"
"COG0001",12,29,12,7,28,24
"COG0002",42,44,52,48,40,27
"COG0003",0,4,9,10,3,10
"COG0004",47,77,53,43,49,28
"COG0005",6,2,8,25,21,24
"COG0006",104,130,136,143,134,89
"COG0007",14,18,12,10,8,23
"COG0008",114,142,136,102,129,153
"COG0009",52,48,60,69,74,55
"COG0010",12,19,10,12,22,18
"COG0011",0,0,1,3,0,2
"COG0012",57,55,40,59,47,73
"COG0013",97,117,112,108,129,129
"COG0014",42,36,60,63,45,33
"COG0015",78,76,72,70,68,61
"COG0016",39,51,48,49,52,55
"COG0017",83,52,80,69,59,72
"COG0018",75,78,99,96,90,100
"COG0019",107,88,90,87,81,75
"COG0020",47,36,29,45,36,44
"COG0021",34,67,32,56,38,44
"COG0022",4,0,15,9,18,15
"COG0023",9,1,14,12,9,3
"COG0024",69,69,60,72,72,50
"COG0025",17,15,9,7,10,12
"COG0026",0,37,2,5,4,4
"COG0027",11,3,13,31,22,6
"COG0028",116,102,135,104,108,93
"COG0029",48,47,49,76,53,31
"COG0030",21,31,22,53,61,67
"COG0031",62,75,47,66,62,55
"COG0033",1,4,0,1,0,1
"COG0034",71,72,101,96,115,84
"COG0035",45,47,55,37,42,27
"COG0036",38,42,35,29,44,52
"COG0037",121,109,124,98,105,128
"COG0038",54,70,78,96,75,51
"COG0039",62,72,78,85,77,47
"COG0040",34,25,44,47,30,18
"COG0041",27,34,44,28,29,16
"COG0042",66,91,78,66,57,68
"COG0043",2,7,6,7,5,20
"COG0044",54,86,73,74,62,69
"COG0045",3,8,3,3,6,17
"COG0046",103,109,110,126,123,85
"COG0047",36,30,34,93,111,54
"COG0048",29,27,17,16,19,26
"COG0049",35,37,31,18,31,29
"COG0050",60,75,69,67,56,60
"COG0051",24,21,33,20,18,28
"COG0052",13,12,15,29,30,41
"COG0053",56,35,59,51,51,68
"COG0054",21,15,21,19,20,13
"COG0055",79,110,77,67,90,41
"COG0056",93,90,70,72,104,59
"COG0057",44,54,44,37,39,69
"COG0058",160,169,123,111,124,153
"COG0059",48,31,52,42,49,31
"COG0060",107,134,129,147,122,184
"COG0061",40,47,34,35,42,38
"COG0062",43,48,43,51,37,22
"COG0063",39,66,50,44,54,26
"COG0064",31,74,18,15,30,54
"COG0065",45,58,35,65,58,40
"COG0066",21,31,28,39,33,25
"COG0067",126,190,105,105,90,67
"COG0068",5,28,11,8,14,20
"COG0069",55,58,33,86,90,59
"COG0070",116,162,95,26,25,14
"COG0071",52,31,46,34,39,37
"COG0072",62,103,58,19,33,45
"COG0073",126,176,154,111,177,196
"COG0074",3,9,5,4,3,29
"COG0075",20,9,17,44,32,15
"COG0076",7,10,24,22,26,17
"COG0077",18,14,11,29,30,34
"COG0078",50,45,53,71,70,52
"COG0079",119,137,107,112,63,58
"COG0080",29,25,33,27,26,33
"COG0081",38,42,45,32,47,44
"COG0082",35,53,38,47,42,40
"COG0083",9,17,4,5,9,4
"COG0084",43,55,58,61,59,57
"COG0085",165,167,181,140,226,201
"COG0086",154,188,128,125,197,198
"COG0087",47,42,48,31,40,41
"COG0088",36,37,36,36,40,41
"COG0089",9,7,9,21,19,31
"COG0090",37,47,35,32,39,46
"COG0091",39,25,22,13,6,10
"COG0092",43,50,37,23,34,46
"COG0093",21,27,27,19,22,21
"COG0094",31,39,51,42,22,44
"COG0095",1,2,13,3,6,25
"COG0096",26,28,20,14,22,34
"COG0097",26,24,27,22,27,37
"COG0098",41,37,32,30,29,27
"COG0099",22,32,18,28,20,30
"COG0100",11,28,18,13,18,31
"COG0101",53,64,52,47,49,46
"COG0102",30,35,21,15,25,23
"COG0103",28,24,18,27,25,23
"COG0104",86,65,70,47,79,53
"COG0105",10,7,6,10,12,7
"COG0106",26,47,29,31,21,20
"COG0107",44,45,53,26,40,16
"COG0108",56,35,55,53,62,17
"COG0109",1,0,0,0,0,2
"COG0110",170,93,148,200,130,127
"COG0111",29,24,43,78,95,90
"COG0112",55,47,47,51,51,54
"COG0113",3,31,7,7,2,10
"COG0114",4,5,4,9,10,7
"COG0115",57,67,65,75,51,48
"COG0116",47,50,36,34,48,31
"COG0117",53,23,31,42,39,14
"COG0118",24,28,23,31,20,17
"COG0119",127,129,112,111,101,103
"COG0120",1,27,5,3,6,15
"COG0121",0,2,1,1,0,4
"COG0122",16,8,10,12,9,36
"COG0123",0,17,1,1,2,1
"COG0124",44,59,41,53,70,120
"COG0125",2,19,7,5,11,19
"COG0126",42,41,46,45,40,72
"COG0127",39,32,35,36,33,44
"COG0128",42,56,55,51,63,50
"COG0129",86,56,75,106,91,64
"COG0130",31,32,33,9,7,12
"COG0131",21,32,33,34,30,23
"COG0132",8,12,16,22,17,9
"COG0133",52,57,31,39,33,30
"COG0134",22,42,24,32,23,19
"COG0135",20,32,14,8,21,12
"COG0136",33,53,34,46,60,57
"COG0137",52,65,45,41,70,41
"COG0138",74,67,75,82,60,46
"COG0139",29,30,35,40,44,22
"COG0140",26,18,30,48,32,20
"COG0141",50,46,45,17,18,15
"COG0142",21,19,14,67,62,36
"COG0143",69,98,94,70,89,106
"COG0144",55,122,78,59,80,79
"COG0145",1,19,0,9,2,4
"COG0146",0,0,0,0,2,1
"COG0147",78,58,66,76,52,37
"COG0148",43,76,56,62,54,54
"COG0149",34,29,33,40,30,50
"COG0150",46,50,32,47,56,42
"COG0151",44,76,53,51,51,32
"COG0152",35,40,40,51,38,42
"COG0153",62,45,46,53,47,48
"COG0154",28,103,31,16,19,61
"COG0155",2,15,3,5,1,4
"COG0156",47,12,110,98,100,46
"COG0157",29,57,35,43,29,31
"COG0158",1,7,1,3,5,8
"COG0159",40,44,26,23,29,17
"COG0160",1,28,4,3,6,9
"COG0161",8,17,27,54,34,19
"COG0162",46,45,40,62,51,74
"COG0163",0,3,2,3,3,5
"COG0164",34,35,32,24,36,38
"COG0165",40,72,56,57,59,44
"COG0166",49,76,64,65,69,63
"COG0167",46,53,64,81,80,40
"COG0168",119,154,135,121,151,109
"COG0169",62,32,35,46,42,34
"COG0170",0,0,0,0,0,1
"COG0171",57,48,54,51,85,79
"COG0172",34,50,60,54,63,103
"COG0173",57,110,90,75,84,117
"COG0174",40,78,35,29,44,58
"COG0175",41,30,50,40,35,47
"COG0176",32,38,28,32,37,16
"COG0177",33,42,40,22,33,59
"COG0178",128,144,152,151,189,193
"COG0179",17,7,9,35,20,17
"COG0180",46,56,46,58,58,72
"COG0181",21,21,9,10,8,17
"COG0182",6,9,4,7,10,12
"COG0183",26,5,25,12,20,36
"COG0184",18,12,14,4,6,2
"COG0185",24,30,21,17,26,25
"COG0186",22,19,16,10,17,26
"COG0187",148,199,161,146,193,170
"COG0188",178,231,217,160,217,218
"COG0189",2,2,12,2,5,5
"COG0190",47,41,50,45,45,42
"COG0191",51,54,60,37,47,79
"COG0192",74,76,74,74,82,89
"COG0193",30,34,35,37,26,37
"COG0194",62,47,44,7,15,12
"COG0195",58,58,56,51,53,61
"COG0196",38,36,28,25,35,38
"COG0197",38,28,26,9,7,7
"COG0198",32,24,13,14,17,19
"COG0199",17,8,11,14,6,9
"COG0200",36,37,36,14,7,9
"COG0201",103,81,76,54,72,93
"COG0202",51,60,52,45,57,72
"COG0203",43,30,21,28,27,24
"COG0204",84,80,82,68,91,65
"COG0205",54,37,47,168,159,125
"COG0206",46,55,52,52,69,73
"COG0207",39,30,37,40,34,33
"COG0208",8,29,14,22,9,12
"COG0209",34,54,67,77,50,45
"COG0210",159,217,162,215,138,217
"COG0211",17,14,7,12,10,25
"COG0212",25,32,33,27,34,27
"COG0213",9,21,12,6,11,24
"COG0214",16,19,8,7,8,6
"COG0215",60,70,58,49,69,75
"COG0216",38,53,44,54,46,64
"COG0217",28,43,32,44,46,52
"COG0218",22,27,25,19,31,36
"COG0219",13,34,10,4,21,20
"COG0220",23,38,44,35,33,31
"COG0221",5,19,8,2,14,23
"COG0222",16,31,26,11,19,26
"COG0223",51,54,44,47,51,51
"COG0224",63,62,52,60,47,23
"COG0225",6,14,14,20,25,17
"COG0226",39,65,42,48,39,52
"COG0227",4,15,8,9,7,8
"COG0228",10,22,15,15,18,20
"COG0229",7,5,4,15,21,22
"COG0230",10,10,7,6,4,4
"COG0231",26,28,22,42,25,31
"COG0232",82,70,38,48,53,33
"COG0233",24,20,30,35,36,39
"COG0234",16,29,19,33,11,15
"COG0235",46,28,49,90,64,48
"COG0236",49,44,28,32,23,21
"COG0237",25,20,20,30,22,20
"COG0238",7,5,5,9,13,12
"COG0239",14,32,14,9,6,9
"COG0240",42,43,37,51,52,41
"COG0241",25,10,32,34,29,24
"COG0242",61,57,45,30,47,24
"COG0243",14,175,17,35,55,69
"COG0244",17,46,13,15,22,32
"COG0245",30,34,24,23,25,28
"COG0246",78,60,66,32,38,30
"COG0247",17,51,24,59,48,34
"COG0248",23,76,29,32,24,29
"COG0249",147,131,126,135,183,141
"COG0250",33,46,38,34,31,43
"COG0251",50,32,40,44,31,38
"COG0252",30,71,61,84,52,54
"COG0253",48,49,49,50,43,40
"COG0254",11,24,9,17,7,15
"COG0255",5,8,8,3,8,12
"COG0256",8,6,11,19,21,29
"COG0257",4,1,1,0,0,1
"COG0258",87,99,92,76,109,114
"COG0259",1,1,9,16,3,4
"COG0260",1,9,3,0,1,17
"COG0261",15,25,17,9,5,4
"COG0262",57,38,31,44,21,15
"COG0263",35,46,45,50,47,25
"COG0264",45,45,46,65,51,65
"COG0265",69,109,55,77,74,107
"COG0266",1,24,9,8,4,15
"COG0267",1,4,5,11,1,4
"COG0268",4,17,6,1,5,16
"COG0269",0,1,0,1,0,4
"COG0270",157,165,70,110,67,95
"COG0271",0,0,0,0,0,1
"COG0272",72,78,97,86,87,119
"COG0274",35,22,33,35,30,41
"COG0275",57,62,51,39,54,62
"COG0276",2,12,0,0,0,0
"COG0277",9,59,37,40,36,48
"COG0278",1,0,0,0,0,0
"COG0279",5,7,7,10,11,11
"COG0280",79,36,114,153,119,81
"COG0281",50,52,86,95,71,57
"COG0282",39,59,53,37,38,80
"COG0283",24,30,27,22,35,42
"COG0284",44,34,52,39,45,39
"COG0285",64,69,55,59,64,61
"COG0286",53,35,44,68,121,174
"COG0287",33,49,36,20,31,25
"COG0288",10,21,5,6,2,3
"COG0289",39,43,49,54,54,26
"COG0290",34,24,21,22,26,39
"COG0291",9,17,15,8,13,10
"COG0292",15,16,22,18,17,26
"COG0293",3,7,0,1,2,1
"COG0294",18,13,18,25,27,17
"COG0295",28,9,16,13,16,26
"COG0296",130,108,131,99,128,72
"COG0297",27,16,14,55,66,53
"COG0298",0,4,1,1,2,1
"COG0299",26,46,46,39,36,19
"COG0300",32,34,26,36,26,29
"COG0301",9,23,8,13,12,37
"COG0302",14,41,21,27,18,10
"COG0303",11,48,21,21,15,25
"COG0304",77,119,97,75,102,85
"COG0305",62,77,87,95,81,167
"COG0306",11,8,13,9,14,8
"COG0307",38,20,20,32,35,15
"COG0308",1,11,2,12,25,15
"COG0309",10,36,17,8,25,15
"COG0310",4,17,3,4,3,11
"COG0311",2,6,1,2,10,3
"COG0312",8,20,19,33,26,55
"COG0313",47,56,42,62,61,52
"COG0314",0,2,0,0,0,1
"COG0315",17,16,7,2,4,14
"COG0316",1,7,0,0,2,7
"COG0317",99,104,116,129,151,143
"COG0318",107,49,128,108,109,127
"COG0319",13,11,7,27,31,32
"COG0320",13,10,16,27,18,12
"COG0321",9,5,14,12,21,19
"COG0322",27,38,17,53,89,108
"COG0323",32,80,58,75,74,101
"COG0324",61,51,62,80,62,62
"COG0325",39,19,32,23,39,26
"COG0326",103,131,99,87,89,74
"COG0327",9,14,6,20,28,25
"COG0328",7,28,14,3,12,20
"COG0329",117,49,73,73,87,82
"COG0330",51,51,53,33,57,85
"COG0331",26,32,32,40,40,20
"COG0332",55,62,100,46,53,35
"COG0333",6,0,7,14,4,5
"COG0334",72,61,91,92,96,73
"COG0335",28,26,17,16,14,22
"COG0336",36,40,26,24,41,45
"COG0337",33,44,35,41,37,28
"COG0338",6,12,31,46,15,47
"COG0339",44,20,77,42,26,19
"COG0340",42,70,45,40,42,36
"COG0341",50,27,36,15,31,34
"COG0342",68,78,62,74,101,41
"COG0343",45,51,42,46,42,59
"COG0344",32,31,26,4,21,38
"COG0345",44,40,30,42,31,30
"COG0346",82,55,59,69,53,36
"COG0347",23,37,44,33,53,27
"COG0348",22,41,38,39,44,55
"COG0349",0,1,0,0,0,4
"COG0350",34,22,26,25,26,22
"COG0351",32,34,35,52,34,24
"COG0352",56,17,31,16,9,3
"COG0353",26,29,29,43,36,37
"COG0354",0,5,0,0,0,3
"COG0355",20,16,10,17,12,9
"COG0356",51,82,47,34,39,45
"COG0357",30,65,38,28,38,40
"COG0358",118,114,141,127,150,181
"COG0359",27,35,23,21,24,43
"COG0360",29,19,25,15,15,30
"COG0361",32,15,12,6,12,16
"COG0362",11,22,23,27,26,7
"COG0363",24,17,19,113,84,56
"COG0364",9,17,30,34,29,19
"COG0365",20,15,26,58,44,32
"COG0366",357,356,251,208,214,246
"COG0367",55,91,88,55,80,91
"COG0368",22,10,18,8,21,21
"COG0369",0,1,2,0,0,3
"COG0370",160,146,142,120,173,163
"COG0371",21,32,31,18,18,30
"COG0372",85,76,80,54,82,48
"COG0373",4,4,4,10,19,15
"COG0374",2,31,1,4,5,9
"COG0375",9,4,7,2,8,12
"COG0376",2,0,0,0,0,6
"COG0377",11,1,11,16,13,8
"COG0378",12,40,6,2,17,26
"COG0379",42,41,32,45,28,25
"COG0380",16,9,13,28,16,8
"COG0381",79,45,66,73,40,82
"COG0382",6,0,2,1,3,2
"COG0383",27,26,50,34,75,84
"COG0384",2,0,1,1,3,8
"COG0385",22,17,22,12,12,9
"COG0386",1,3,5,12,3,3
"COG0387",0,1,0,0,0,1
"COG0388",167,82,117,150,150,97
"COG0389",98,78,65,79,94,85
"COG0390",8,22,12,16,8,4
"COG0391",3,12,1,2,4,37
"COG0392",28,73,11,7,10,22
"COG0393",6,5,11,12,15,14
"COG0394",40,25,47,53,39,38
"COG0395",314,177,187,141,138,268
"COG0396",23,28,33,19,9,12
"COG0397",0,0,0,0,0,0
"COG0398",2,3,1,11,9,11
"COG0399",82,130,104,70,110,77
"COG0400",1,1,0,0,0,1
"COG0401",0,0,0,0,0,1
"COG0402",38,41,28,50,37,92
"COG0403",21,3,38,69,58,35
"COG0404",18,8,30,29,33,24
"COG0405",1,9,3,7,2,9
"COG0406",66,123,59,29,54,56
"COG0407",6,23,11,7,18,23
"COG0408",0,0,0,0,0,1
"COG0409",1,17,5,2,2,15
"COG0410",18,15,17,16,15,36
"COG0411",13,16,16,15,27,31
"COG0412",2,0,0,0,0,3
"COG0413",22,7,22,35,29,16
"COG0414",44,18,30,42,27,25
"COG0415",0,0,1,0,0,1
"COG0416",20,46,27,19,33,44
"COG0417",0,1,0,0,0,6
"COG0418",0,0,0,0,0,2
"COG0419",54,136,60,55,76,61
"COG0420",57,84,52,38,59,48
"COG0421",22,21,14,12,16,2
"COG0422",57,31,57,54,66,33
"COG0423",64,39,75,72,66,78
"COG0424",31,23,30,31,33,30
"COG0425",27,8,56,67,48,21
"COG0426",61,53,73,66,77,77
"COG0427",47,14,55,66,63,55
"COG0428",15,15,20,11,21,56
"COG0429",0,11,3,1,0,3
"COG0430",0,1,0,0,0,3
"COG0431",0,0,0,0,1,1
"COG0432",9,2,15,18,9,8
"COG0433",6,9,19,2,9,26
"COG0434",2,0,2,2,0,3
"COG0435",1,7,1,1,4,2
"COG0436",223,196,235,270,242,135
"COG0437",2,59,10,11,22,19
"COG0438",603,297,667,698,592,515
"COG0439",38,67,56,50,52,50
"COG0440",41,37,30,27,27,18
"COG0441",137,116,119,111,157,134
"COG0442",50,60,65,50,66,99
"COG0443",94,132,129,65,111,135
"COG0444",59,91,67,45,42,103
"COG0445",37,50,21,72,91,93
"COG0446",117,102,148,92,155,164
"COG0447",12,10,14,21,13,8
"COG0448",107,106,79,8,26,23
"COG0449",80,89,111,91,78,106
"COG0450",17,12,27,20,28,9
"COG0451",179,170,209,227,225,194
"COG0452",51,51,54,47,57,48
"COG0454",166,237,141,126,118,154
"COG0455",26,14,7,1,9,3
"COG0456",30,25,25,10,13,22
"COG0457",279,74,281,362,294,168
"COG0458",148,144,167,193,199,141
"COG0459",54,65,66,64,67,97
"COG0460",77,89,77,66,85,48
"COG0461",36,48,41,30,48,20
"COG0462",55,71,67,48,75,54
"COG0463",778,636,710,696,627,504
"COG0464",26,26,22,31,27,27
"COG0465",97,139,120,20,55,66
"COG0466",29,36,30,62,108,73
"COG0468",41,54,48,53,49,61
"COG0469",55,62,69,61,75,74
"COG0470",2,30,7,7,7,17
"COG0471",99,61,97,166,106,73
"COG0472",59,80,74,58,90,117
"COG0473",43,51,66,65,59,40
"COG0474",104,161,151,157,133,285
"COG0475",30,24,44,171,117,74
"COG0476",21,20,18,40,22,17
"COG0477",252,475,338,325,286,385
"COG0479",15,15,18,23,19,9
"COG0480",239,254,314,251,292,297
"COG0481",75,69,68,80,79,87
"COG0482",60,53,78,42,27,22
"COG0483",14,28,19,34,15,16
"COG0484",41,60,55,43,50,96
"COG0486",59,76,64,63,58,72
"COG0488",326,382,307,370,345,263
"COG0489",109,78,104,142,140,120
"COG0490",0,1,1,2,1,2
"COG0491",55,53,83,60,63,59
"COG0492",46,69,61,49,53,85
"COG0493",135,217,162,166,186,132
"COG0494",72,63,24,60,88,98
"COG0495",84,119,103,114,125,117
"COG0496",14,16,20,10,5,7
"COG0497",61,80,57,61,59,70
"COG0498",55,100,46,44,74,62
"COG0499",8,27,10,17,21,27
"COG0500",145,275,165,89,155,192
"COG0501",21,31,16,40,29,47
"COG0502",64,57,59,75,65,49
"COG0503",66,80,44,60,47,41
"COG0504",57,68,74,71,73,72
"COG0505",53,47,45,54,45,20
"COG0506",8,6,29,30,24,17
"COG0507",229,207,250,280,219,247
"COG0508",3,8,7,8,8,23
"COG0509",4,5,12,6,11,13
"COG0510",37,86,12,11,13,6
"COG0511",30,40,57,44,44,23
"COG0512",36,20,20,32,20,12
"COG0513",136,150,132,61,44,23
"COG0514",141,108,187,252,155,83
"COG0515",119,110,100,99,135,152
"COG0516",70,82,65,21,22,21
"COG0517",80,106,87,78,90,114
"COG0518",66,98,86,96,69,69
"COG0519",77,62,85,113,94,78
"COG0520",41,63,64,60,56,76
"COG0521",17,25,13,12,10,19
"COG0522",42,46,26,10,10,15
"COG0523",30,23,39,51,36,27
"COG0524",214,136,184,247,210,163
"COG0525",106,122,102,72,122,160
"COG0526",198,147,226,283,228,142
"COG0527",87,85,113,136,129,85
"COG0528",26,22,29,10,11,13
"COG0529",5,1,13,16,11,8
"COG0530",31,46,37,22,31,32
"COG0531",65,200,99,117,88,85
"COG0532",46,70,56,55,67,102
"COG0533",40,51,49,45,61,74
"COG0534",783,771,772,714,693,547
"COG0535",150,64,110,70,63,101
"COG0536",13,17,20,54,54,70
"COG0537",30,49,44,44,40,35
"COG0538",50,44,42,45,44,30
"COG0539",86,53,83,87,84,88
"COG0540",50,54,39,41,46,42
"COG0541",51,58,61,42,62,85
"COG0542",226,289,329,251,274,280
"COG0543",86,70,116,102,100,64
"COG0544",109,125,106,68,87,62
"COG0545",39,15,63,137,46,31
"COG0546",102,101,88,55,85,79
"COG0547",40,47,31,34,43,31
"COG0548",41,56,36,37,47,27
"COG0549",24,16,16,19,18,28
"COG0550",275,228,295,255,284,311
"COG0551",59,117,55,10,8,22
"COG0552",36,55,33,25,43,48
"COG0553",99,213,196,23,33,47
"COG0554",22,37,54,37,40,51
"COG0555",17,15,4,3,7,7
"COG0556",59,55,79,60,89,93
"COG0557",69,96,72,90,99,76
"COG0558",37,42,29,22,18,46
"COG0559",13,14,20,23,23,27
"COG0560",27,25,40,34,25,19
"COG0561",138,178,156,156,137,110
"COG0562",58,50,41,39,43,32
"COG0563",35,50,37,46,49,57
"COG0564",155,143,160,164,165,170
"COG0565",0,2,1,1,3,5
"COG0566",115,109,107,108,110,92
"COG0567",2,17,0,5,5,16
"COG0568",73,59,48,34,54,86
"COG0569",80,135,95,107,122,86
"COG0571",36,35,42,30,63,44
"COG0572",22,10,23,66,70,79
"COG0573",46,73,42,28,46,38
"COG0574",111,79,156,133,174,186
"COG0575",41,32,35,39,34,37
"COG0576",21,40,35,40,26,31
"COG0577",447,504,378,290,322,383
"COG0578",1,4,3,22,13,10
"COG0579",30,5,15,14,21,13
"COG0580",2,30,12,10,7,13
"COG0581",38,60,29,37,39,45
"COG0582",595,490,551,589,565,699
"COG0583",289,351,230,248,240,294
"COG0584",73,72,50,69,85,45
"COG0585",1,2,0,1,0,2
"COG0586",14,35,23,41,18,13
"COG0587",135,174,155,147,168,197
"COG0588",13,39,22,40,18,9
"COG0589",48,59,62,78,67,32
"COG0590",32,37,36,29,31,39
"COG0591",80,73,112,134,126,88
"COG0592",84,93,68,57,51,93
"COG0593",7,24,22,14,24,30
"COG0594",20,28,23,11,9,21
"COG0595",56,78,33,25,45,61
"COG0596",67,167,31,10,10,15
"COG0597",40,34,18,9,13,18
"COG0598",46,39,62,19,16,15
"COG0599",16,20,24,31,20,24
"COG0600",28,45,30,26,25,51
"COG0601",62,126,46,50,51,99
"COG0602",24,53,36,41,48,28
"COG0603",15,29,14,27,15,14
"COG0604",0,2,3,1,1,0
"COG0605",8,15,15,17,16,6
"COG0606",47,38,73,80,76,76
"COG0607",57,63,63,84,57,55
"COG0608",85,96,67,27,22,34
"COG0609",62,72,71,70,68,65
"COG0610",114,79,108,71,116,122
"COG0611",10,8,10,3,11,7
"COG0612",48,15,50,215,208,193
"COG0613",14,23,25,14,29,44
"COG0614",66,105,76,86,77,75
"COG0615",20,29,17,12,29,22
"COG0616",25,28,26,42,50,27
"COG0617",40,59,47,52,64,54
"COG0618",50,61,61,21,22,18
"COG0619",62,103,34,39,34,74
"COG0620",56,111,37,28,36,33
"COG0621",133,133,153,145,155,175
"COG0622",32,29,40,43,38,39
"COG0623",13,18,12,21,14,10
"COG0624",58,130,81,141,110,111
"COG0625",0,9,0,3,3,17
"COG0626",10,23,9,9,11,21
"COG0627",49,46,21,45,45,19
"COG0628",106,121,101,98,84,141
"COG0629",61,57,49,80,42,88
"COG0630",2,19,0,2,2,4
"COG0631",54,48,31,34,45,50
"COG0632",26,28,33,39,34,38
"COG0633",2,4,0,3,0,2
"COG0634",25,40,45,40,30,38
"COG0635",72,102,84,61,88,99
"COG0636",20,17,27,26,23,17
"COG0637",74,83,85,78,66,59
"COG0639",12,38,18,27,26,27
"COG0640",33,65,26,17,17,38
"COG0641",228,102,138,80,82,75
"COG0642",1505,1177,1729,578,580,474
"COG0643",40,37,10,9,20,11
"COG0644",1,6,0,0,2,14
"COG0645",0,0,0,0,0,0
"COG0646",80,84,110,85,115,53
"COG0647",3,17,3,12,11,21
"COG0648",46,36,28,41,30,33
"COG0649",30,6,37,34,30,10
"COG0650",1,1,1,2,2,12
"COG0651",4,7,13,20,15,21
"COG0652",15,15,12,57,49,52
"COG0653",125,132,129,102,142,160
"COG0654",1,3,0,2,1,9
"COG0655",65,59,57,41,36,47
"COG0656",31,60,57,51,33,29
"COG0657",118,138,92,63,89,75
"COG0658",55,73,49,53,49,62
"COG0659",76,88,76,74,66,26
"COG0661",16,32,11,3,4,17
"COG0662",25,52,14,11,16,12
"COG0663",25,9,12,21,21,16
"COG0664",98,95,102,135,82,123
"COG0665",6,3,11,5,24,26
"COG0666",10,5,9,30,28,8
"COG0667",86,38,82,73,77,73
"COG0668",79,51,92,120,102,87
"COG0669",28,39,28,38,21,26
"COG0670",13,18,1,5,5,7
"COG0671",58,51,47,40,52,52
"COG0672",0,2,1,0,0,2
"COG0673",121,174,189,147,222,261
"COG0674",152,72,183,244,220,180
"COG0675",34,348,38,93,34,28
"COG0676",1,0,0,0,0,1
"COG0677",25,10,20,41,12,53
"COG0678",0,2,0,0,0,0
"COG0679",60,145,47,39,44,54
"COG0680",2,8,1,1,2,5
"COG0681",107,85,98,115,105,125
"COG0682",43,62,49,52,43,40
"COG0683",14,32,21,56,31,51
"COG0684",0,4,4,5,12,12
"COG0685",43,55,57,46,54,36
"COG0686",14,9,19,32,24,22
"COG0687",63,63,61,61,42,50
"COG0688",37,26,29,33,27,13
"COG0689",1,10,3,0,4,2
"COG0690",0,3,1,6,2,6
"COG0691",29,30,17,31,24,24
"COG0692",28,28,22,38,30,19
"COG0693",48,26,45,51,33,27
"COG0694",0,2,3,0,0,5
"COG0695",2,0,0,0,0,4
"COG0696",82,64,73,69,78,82
"COG0697",144,160,144,168,136,167
"COG0698",34,37,18,21,17,28
"COG0699",9,30,4,0,7,11
"COG0700",27,17,33,35,31,28
"COG0701",4,14,12,4,14,8
"COG0702",0,1,2,0,3,11
"COG0703",52,62,49,44,41,30
"COG0704",35,57,38,28,38,26
"COG0705",35,32,38,40,30,31
"COG0706",80,152,75,20,28,29
"COG0707",72,64,76,59,72,104
"COG0708",30,35,23,25,28,35
"COG0709",20,14,8,7,7,7
"COG0710",18,25,11,9,11,5
"COG0711",11,26,21,35,38,15
"COG0712",21,29,22,10,18,14
"COG0713",1,0,2,12,2,5
"COG0714",105,57,98,92,108,74
"COG0715",38,48,34,41,35,71
"COG0716",80,60,54,65,58,59
"COG0717",6,2,1,0,0,2
"COG0718",12,14,5,8,9,20
"COG0719",72,93,96,108,106,113
"COG0720",10,25,17,20,14,9
"COG0721",18,14,7,0,1,1
"COG0722",27,23,22,18,16,22
"COG0723",2,2,6,0,1,3
"COG0724",9,7,19,40,14,9
"COG0725",9,22,14,6,14,8
"COG0726",106,67,103,140,109,105
"COG0727",1,9,1,4,2,5
"COG0728",2,5,8,4,7,4
"COG0729",1,28,0,0,7,1
"COG0730",5,44,7,15,11,17
"COG0731",16,11,23,24,19,5
"COG0732",115,56,90,43,88,82
"COG0733",102,166,116,90,134,128
"COG0735",40,61,43,43,25,34
"COG0736",8,9,4,2,3,8
"COG0737",50,32,107,125,112,64
"COG0738",118,13,131,161,132,57
"COG0739",127,128,193,232,226,241
"COG0740",66,46,57,55,59,85
"COG0741",91,78,52,56,61,70
"COG0742",33,25,30,28,28,42
"COG0743",41,43,43,52,65,39
"COG0744",53,131,56,68,62,118
"COG0745",758,572,723,243,239,201
"COG0746",2,11,1,2,4,5
"COG0747",48,155,58,79,77,152
"COG0749",100,114,101,86,91,123
"COG0750",67,74,71,61,66,92
"COG0751",2,46,2,8,4,5
"COG0752",0,22,1,6,0,3
"COG0753",2,1,7,7,3,16
"COG0754",2,9,2,2,1,10
"COG0755",20,1,8,27,51,24
"COG0756",53,33,35,99,29,34
"COG0757",15,6,17,20,5,13
"COG0758",64,52,51,74,47,60
"COG0759",12,10,12,11,12,14
"COG0760",32,52,41,65,60,70
"COG0761",50,40,51,58,60,61
"COG0762",1,4,1,0,2,0
"COG0763",21,10,20,37,24,7
"COG0764",39,45,37,43,48,29
"COG0765",102,200,72,64,81,83
"COG0766",53,91,68,69,61,102
"COG0767",15,11,21,27,31,18
"COG0768",253,233,232,196,275,287
"COG0769",85,107,64,47,77,131
"COG0770",84,53,90,149,79,91
"COG0771",68,60,70,64,65,68
"COG0772",136,129,135,86,123,178
"COG0773",29,33,19,65,63,84
"COG0774",24,13,21,42,33,20
"COG0775",50,45,61,29,7,14
"COG0776",46,46,42,60,44,66
"COG0777",31,41,30,9,17,19
"COG0778",109,102,114,163,112,77
"COG0779",23,22,13,11,13,29
"COG0780",20,25,16,24,13,13
"COG0781",34,29,27,37,23,35
"COG0782",45,50,40,37,46,55
"COG0783",8,19,7,16,7,9
"COG0784",209,292,272,281,248,224
"COG0785",0,1,3,5,1,8
"COG0786",21,26,31,26,30,16
"COG0787",83,60,55,81,74,75
"COG0788",4,1,7,19,9,12
"COG0789",85,122,74,52,32,73
"COG0790",10,12,14,13,44,52
"COG0791",135,137,97,72,104,123
"COG0792",16,16,19,27,24,24
"COG0793",197,82,254,113,76,35
"COG0794",16,17,32,35,25,29
"COG0795",31,30,46,16,17,13
"COG0796",14,16,12,49,34,43
"COG0797",7,6,0,0,4,5
"COG0798",2,0,8,2,2,3
"COG0799",31,15,27,20,24,16
"COG0800",28,19,35,30,29,25
"COG0801",20,16,14,27,19,12
"COG0802",27,22,28,23,20,33
"COG0803",27,68,38,35,40,40
"COG0804",6,23,1,1,8,0
"COG0805",10,12,27,17,20,16
"COG0806",25,30,16,11,13,32
"COG0807",48,36,54,52,39,22
"COG0809",57,41,80,97,73,76
"COG0810",1,11,0,0,0,3
"COG0811",25,32,39,77,64,23
"COG0812",32,52,44,44,46,42
"COG0813",24,12,15,5,12,28
"COG0814",13,33,4,8,1,25
"COG0815",1,13,0,2,8,6
"COG0816",23,26,22,34,20,30
"COG0817",12,3,14,19,24,26
"COG0818",12,15,14,30,15,16
"COG0819",14,2,4,2,5,4
"COG0820",71,59,45,57,42,65
"COG0821",45,47,73,76,71,40
"COG0822",52,56,40,36,31,53
"COG0823",35,31,53,9,47,42
"COG0824",19,23,30,24,34,19
"COG0825",33,63,24,17,14,22
"COG0826",104,121,127,137,133,170
"COG0827",36,28,74,308,158,221
"COG0828",2,2,0,3,1,6
"COG0829",0,15,0,0,5,0
"COG0830",0,12,0,1,4,1
"COG0831",0,5,1,2,2,0
"COG0832",0,7,0,1,3,0
"COG0833",0,42,2,0,3,0
"COG0834",125,252,98,110,117,99
"COG0835",35,44,14,8,21,9
"COG0836",56,61,39,73,52,24
"COG0837",0,0,2,0,0,3
"COG0838",10,2,6,12,14,3
"COG0839",10,3,19,28,21,8
"COG0840",385,420,164,63,225,77
"COG0841",103,39,160,694,679,406
"COG0842",81,120,130,165,128,98
"COG0843",1,0,1,0,0,1
"COG0845",307,104,390,528,447,275
"COG0846",63,92,40,32,52,39
"COG0847",30,70,38,58,42,28
"COG0848",1,22,1,5,1,4
"COG0849",25,49,17,26,22,50
"COG0850",24,21,4,4,9,13
"COG0851",5,4,1,3,2,4
"COG0852",23,1,25,37,42,5
"COG0853",26,16,12,20,21,9
"COG0854",9,8,19,31,19,9
"COG0855",69,73,74,78,91,71
"COG0857",0,2,2,1,0,6
"COG0858",33,26,30,26,23,23
"COG0859",28,27,22,37,19,33
"COG0860",76,113,59,16,17,28
"COG0861",2,6,0,1,5,7
"COG0863",90,14,35,82,45,121
"COG0864",0,1,0,0,0,1
"COG1001",16,12,28,24,18,28
"COG1002",92,57,40,39,33,41
"COG1003",28,7,47,55,63,45
"COG1004",39,55,74,75,62,58
"COG1005",19,3,22,27,25,9
"COG1006",0,0,2,1,3,2
"COG1007",23,8,37,35,38,15
"COG1008",21,2,19,49,48,13
"COG1009",16,4,30,43,36,20
"COG1010",15,8,14,11,15,25
"COG1011",101,38,75,90,61,72
"COG1012",52,187,89,79,81,122
"COG1013",141,65,153,178,175,175
"COG1014",162,77,220,263,211,169
"COG1015",13,19,22,14,13,26
"COG1017",1,5,0,0,2,1
"COG1018",0,5,2,0,3,8
"COG1020",73,51,43,34,51,56
"COG1021",0,1,0,3,2,4
"COG1022",128,54,158,190,166,129
"COG1023",0,0,1,0,0,0
"COG1024",28,20,17,11,18,16
"COG1025",3,0,0,2,0,8
"COG1026",51,70,46,35,41,26
"COG1027",20,37,18,36,24,17
"COG1028",189,196,226,309,218,208
"COG1030",0,2,3,4,3,9
"COG1032",137,90,135,157,159,147
"COG1033",79,61,58,28,85,84
"COG1034",16,27,24,42,35,56
"COG1035",99,4,47,53,53,39
"COG1038",22,59,26,28,26,30
"COG1039",1,0,2,2,0,6
"COG1040",43,43,37,29,26,25
"COG1041",20,0,7,5,4,4
"COG1042",7,23,26,29,30,19
"COG1043",11,4,14,46,28,22
"COG1044",22,11,37,43,35,11
"COG1045",74,29,48,17,13,16
"COG1047",17,14,12,20,10,6
"COG1048",87,111,95,94,99,71
"COG1049",0,0,0,0,0,3
"COG1051",24,27,26,45,33,23
"COG1052",55,53,74,99,96,61
"COG1053",68,271,112,114,149,72
"COG1054",3,2,4,0,0,0
"COG1055",34,46,25,16,37,25
"COG1056",4,0,1,0,0,2
"COG1057",31,31,33,22,27,32
"COG1058",13,17,29,12,17,16
"COG1059",0,1,0,1,0,0
"COG1060",71,41,87,92,69,48
"COG1061",141,131,58,70,107,57
"COG1062",0,14,0,0,0,3
"COG1063",107,90,83,26,21,43
"COG1064",6,2,0,0,0,6
"COG1066",42,38,54,46,54,58
"COG1067",3,1,3,2,2,40
"COG1069",6,0,4,12,17,15
"COG1070",116,141,142,135,117,91
"COG1071",1,1,17,2,5,6
"COG1072",0,10,1,0,0,1
"COG1073",79,53,120,141,113,84
"COG1074",97,96,81,79,111,120
"COG1075",1,15,3,1,18,8
"COG1076",7,2,15,36,6,7
"COG1077",106,96,84,67,72,83
"COG1078",7,4,6,34,20,11
"COG1079",15,38,25,23,17,45
"COG1080",49,151,49,29,57,43
"COG1082",36,40,50,39,68,124
"COG1083",17,3,21,18,12,16
"COG1085",1,3,1,0,0,1
"COG1086",71,117,108,57,109,89
"COG1087",57,78,45,42,39,55
"COG1088",56,47,60,64,89,45
"COG1089",18,1,41,50,32,18
"COG1090",2,1,8,1,4,9
"COG1091",47,48,55,54,56,34
"COG1092",49,33,62,56,43,69
"COG1098",2,19,0,0,6,5
"COG1099",0,0,0,0,1,3
"COG1101",47,23,27,18,27,18
"COG1102",1,0,0,0,0,6
"COG1104",65,83,63,38,57,90
"COG1105",13,15,10,13,21,20
"COG1106",130,28,55,40,55,36
"COG1108",32,42,32,42,34,38
"COG1109",124,150,137,131,154,195
"COG1112",47,21,47,183,168,59
"COG1113",2,84,0,5,0,10
"COG1114",5,39,16,12,12,26
"COG1115",124,113,100,29,28,18
"COG1116",17,36,30,27,18,55
"COG1117",24,79,41,27,36,38
"COG1118",41,14,31,5,15,21
"COG1119",15,3,14,9,7,8
"COG1120",67,67,64,59,54,45
"COG1121",21,28,46,32,47,28
"COG1122",95,207,97,47,85,161
"COG1123",11,16,8,4,13,24
"COG1124",1,10,3,12,1,3
"COG1125",5,2,6,2,1,14
"COG1126",94,143,56,18,24,29
"COG1127",14,13,23,43,29,13
"COG1129",110,52,82,71,53,101
"COG1131",504,431,278,143,250,356
"COG1132",646,976,555,317,549,774
"COG1133",0,1,0,0,0,2
"COG1134",31,62,35,27,30,38
"COG1135",17,84,15,9,27,23
"COG1136",338,275,277,227,270,236
"COG1137",13,10,23,29,25,19
"COG1138",1,27,1,1,7,4
"COG1139",20,8,14,27,18,27
"COG1140",0,8,3,1,0,3
"COG1141",0,0,1,0,0,0
"COG1142",3,1,7,6,3,27
"COG1143",1,1,3,10,4,13
"COG1144",1,7,2,3,6,6
"COG1145",103,79,104,101,103,183
"COG1146",21,13,11,7,8,22
"COG1148",9,8,4,5,1,10
"COG1149",0,0,0,1,1,0
"COG1150",4,4,0,0,2,6
"COG1151",86,70,59,57,58,63
"COG1152",2,3,2,0,2,7
"COG1154",76,112,107,109,124,78
"COG1155",34,23,58,74,70,56
"COG1156",23,21,58,49,57,54
"COG1157",27,38,13,7,8,5
"COG1158",44,59,28,44,44,55
"COG1159",47,55,32,45,37,55
"COG1160",115,80,103,65,101,83
"COG1161",25,40,15,14,17,38
"COG1162",37,43,44,12,21,23
"COG1164",39,122,34,12,42,38
"COG1165",34,8,31,44,18,19
"COG1166",4,1,14,38,47,18
"COG1167",77,144,62,49,59,91
"COG1168",46,89,96,120,79,60
"COG1169",13,8,14,16,17,13
"COG1171",39,36,47,37,38,40
"COG1172",19,10,19,51,33,60
"COG1173",61,115,74,56,60,101
"COG1174",1,6,1,8,1,17
"COG1175",292,164,153,112,147,198
"COG1176",34,41,34,36,38,52
"COG1177",49,54,39,48,51,40
"COG1178",6,34,21,32,17,28
"COG1179",36,27,37,38,36,41
"COG1180",50,45,48,36,47,72
"COG1181",50,77,49,35,48,74
"COG1182",0,5,1,0,1,2
"COG1183",21,28,27,38,25,20
"COG1184",0,0,1,0,1,1
"COG1185",33,15,18,85,115,115
"COG1186",50,54,61,52,53,55
"COG1187",44,97,44,26,61,66
"COG1188",22,14,9,17,19,18
"COG1189",34,39,10,11,22,13
"COG1190",72,71,81,68,63,75
"COG1191",118,90,70,35,86,118
"COG1192",141,98,160,101,139,139
"COG1193",87,96,73,52,112,107
"COG1194",35,18,33,26,32,30
"COG1195",71,73,63,69,50,74
"COG1196",24,40,21,37,76,95
"COG1197",101,162,123,88,140,159
"COG1198",24,41,30,62,124,97
"COG1199",24,51,12,23,37,54
"COG1200",62,79,76,72,90,99
"COG1201",0,1,0,0,1,14
"COG1203",57,62,45,15,51,47
"COG1204",89,97,12,20,22,19
"COG1205",157,1,10,2,1,11
"COG1206",8,19,13,3,12,25
"COG1207",6,43,7,6,10,27
"COG1208",40,41,54,64,55,47
"COG1209",47,51,42,53,45,28
"COG1210",14,27,10,7,11,15
"COG1211",49,104,56,45,37,55
"COG1212",22,32,22,30,25,14
"COG1213",2,2,1,10,3,6
"COG1214",26,33,33,29,38,29
"COG1215",33,38,56,87,63,58
"COG1216",114,71,108,111,102,58
"COG1217",78,108,90,76,113,110
"COG1218",13,5,21,10,4,2
"COG1219",65,91,89,65,73,79
"COG1220",0,36,1,0,4,15
"COG1221",5,48,17,16,4,15
"COG1225",33,19,16,22,12,10
"COG1226",14,55,24,30,28,31
"COG1227",41,53,39,21,34,35
"COG1228",15,12,39,46,45,39
"COG1230",5,9,2,1,5,6
"COG1232",12,8,3,6,10,12
"COG1233",6,4,17,13,16,14
"COG1234",47,51,47,42,47,30
"COG1235",70,47,59,73,53,63
"COG1236",52,15,25,17,29,65
"COG1237",2,13,8,7,6,9
"COG1238",8,7,9,11,15,4
"COG1239",3,7,2,0,0,1
"COG1240",3,1,0,1,1,3
"COG1242",44,34,22,22,29,30
"COG1243",0,4,3,3,3,29
"COG1246",1,13,0,1,2,2
"COG1247",14,21,26,23,22,27
"COG1249",21,26,51,100,71,57
"COG1250",20,8,19,11,30,25
"COG1251",3,15,3,2,0,16
"COG1252",5,2,10,10,12,10
"COG1253",128,140,98,121,124,130
"COG1254",10,16,6,1,3,3
"COG1256",65,97,27,12,26,9
"COG1257",0,16,0,0,0,5
"COG1259",7,1,7,8,6,8
"COG1260",15,2,18,24,27,8
"COG1261",0,0,0,0,0,1
"COG1262",29,7,34,39,37,66
"COG1263",70,180,87,66,56,65
"COG1264",81,192,84,51,63,42
"COG1266",70,19,78,45,58,32
"COG1267",4,8,9,7,7,7
"COG1268",25,41,19,10,21,20
"COG1269",38,43,59,68,54,62
"COG1270",23,16,18,25,26,18
"COG1271",14,20,18,33,27,16
"COG1272",15,42,25,27,20,35
"COG1273",0,0,0,0,1,0
"COG1274",3,0,2,0,9,16
"COG1275",1,6,1,1,1,0
"COG1276",0,0,0,0,0,3
"COG1277",11,26,23,16,13,34
"COG1278",13,12,8,6,6,8
"COG1279",1,21,1,2,3,10
"COG1280",3,13,10,17,13,12
"COG1281",24,31,28,11,20,37
"COG1282",1,2,0,0,0,2
"COG1283",107,84,123,97,102,86
"COG1284",115,132,108,107,105,101
"COG1285",13,3,12,16,11,15
"COG1286",1,4,1,0,1,6
"COG1287",0,0,0,0,0,9
"COG1288",11,13,19,38,4,34
"COG1289",1,3,2,2,1,23
"COG1290",0,0,0,0,0,0
"COG1291",13,17,3,3,6,4
"COG1292",32,52,13,23,10,7
"COG1293",44,75,35,20,30,33
"COG1294",15,14,24,50,30,22
"COG1295",15,19,7,45,40,39
"COG1296",26,61,24,14,17,16
"COG1297",23,57,35,34,36,13
"COG1298",37,51,17,1,20,13
"COG1299",35,68,35,28,28,24
"COG1300",2,1,7,3,3,12
"COG1301",51,66,50,60,38,56
"COG1302",24,31,32,10,14,37
"COG1304",11,11,14,6,9,16
"COG1305",59,31,44,52,53,59
"COG1306",0,2,1,3,1,2
"COG1307",97,147,80,31,78,100
"COG1309",99,139,91,34,64,182
"COG1310",4,3,2,5,3,4
"COG1312",39,21,31,78,39,25
"COG1313",22,20,17,6,17,25
"COG1314",0,2,0,1,0,1
"COG1315",25,33,15,4,20,2
"COG1316",67,119,45,31,45,88
"COG1317",2,2,1,3,1,0
"COG1319",26,17,17,14,9,16
"COG1320",0,0,0,2,0,3
"COG1321",16,30,18,5,20,23
"COG1322",16,11,34,39,26,30
"COG1323",15,52,14,9,23,40
"COG1324",1,1,0,1,0,4
"COG1327",5,31,15,9,17,18
"COG1328",110,112,106,113,135,171
"COG1329",0,0,0,0,2,11
"COG1330",1,3,0,1,0,9
"COG1331",0,1,0,0,1,1
"COG1332",0,5,0,1,5,5
"COG1333",5,0,12,4,0,12
"COG1335",17,56,20,11,26,25
"COG1336",0,0,1,0,0,1
"COG1337",0,1,1,1,2,2
"COG1338",20,27,5,0,3,0
"COG1342",18,6,4,9,15,8
"COG1343",14,11,7,14,7,7
"COG1344",103,138,69,17,54,8
"COG1345",18,69,8,1,10,7
"COG1346",33,22,19,27,34,19
"COG1347",8,2,11,21,16,9
"COG1348",1,3,2,2,6,4
"COG1349",58,78,50,58,39,72
"COG1350",13,3,34,29,32,21
"COG1351",38,2,9,3,21,18
"COG1352",4,3,2,3,7,5
"COG1353",1,8,0,2,7,8
"COG1354",26,40,16,9,17,29
"COG1355",1,0,0,0,0,2
"COG1357",9,11,11,28,7,18
"COG1358",15,13,13,10,2,17
"COG1359",4,2,6,9,7,5
"COG1360",22,29,10,4,2,1
"COG1361",0,6,3,0,0,1
"COG1362",80,50,59,35,68,66
"COG1363",24,11,21,23,21,28
"COG1364",43,43,32,9,33,23
"COG1366",27,6,15,4,4,7
"COG1368",55,44,51,98,128,115
"COG1372",0,0,7,0,0,1
"COG1373",415,200,286,121,187,319
"COG1376",55,61,31,19,40,30
"COG1377",26,39,9,1,10,10
"COG1378",2,2,6,0,0,1
"COG1379",6,6,3,5,0,24
"COG1380",31,16,14,14,14,16
"COG1381",19,31,15,8,23,31
"COG1384",1,0,0,1,0,10
"COG1385",27,38,28,24,28,28
"COG1386",9,43,14,15,18,32
"COG1387",63,60,44,75,43,51
"COG1388",50,105,39,38,56,78
"COG1390",0,0,1,1,4,5
"COG1391",1,21,1,3,3,4
"COG1392",6,8,15,11,1,4
"COG1393",12,30,11,13,9,19
"COG1394",15,12,26,15,22,33
"COG1396",153,127,78,84,85,166
"COG1397",28,12,27,17,15,23
"COG1399",17,28,9,8,10,23
"COG1401",73,64,11,20,14,34
"COG1402",4,8,14,15,10,11
"COG1403",7,11,1,6,9,3
"COG1404",113,169,116,157,134,107
"COG1406",3,13,1,0,2,0
"COG1408",47,23,49,67,65,46
"COG1409",47,46,94,136,91,108
"COG1410",93,44,99,128,118,45
"COG1413",2,0,1,0,0,1
"COG1414",13,16,12,15,12,26
"COG1415",0,0,0,0,0,2
"COG1416",0,0,0,0,0,0
"COG1418",69,95,101,71,83,99
"COG1419",20,15,6,2,8,1
"COG1420",30,61,26,12,35,47
"COG1424",0,3,0,0,1,2
"COG1426",1,18,1,2,0,5
"COG1427",0,0,2,0,1,2
"COG1428",12,33,0,0,2,2
"COG1429",27,28,47,54,55,38
"COG1430",0,6,0,1,2,2
"COG1431",0,7,0,0,0,0
"COG1432",26,5,22,10,14,13
"COG1433",4,14,5,7,7,1
"COG1434",16,19,10,16,18,22
"COG1435",8,24,15,33,22,25
"COG1436",0,3,8,1,2,7
"COG1437",0,0,1,0,0,0
"COG1438",23,43,22,29,19,26
"COG1440",6,18,7,5,1,2
"COG1441",0,1,0,0,0,4
"COG1442",93,71,34,47,24,24
"COG1443",5,0,6,10,8,2
"COG1444",0,1,0,0,0,5
"COG1445",31,81,28,15,38,24
"COG1446",4,3,10,19,5,4
"COG1447",4,30,2,6,2,2
"COG1448",1,5,2,1,4,10
"COG1449",3,0,3,30,23,13
"COG1450",0,4,1,1,1,11
"COG1451",27,26,26,16,29,14
"COG1452",0,17,3,2,3,4
"COG1453",28,12,38,42,43,54
"COG1454",161,185,130,124,131,156
"COG1455",5,39,8,10,4,7
"COG1456",0,2,0,3,1,6
"COG1457",13,17,15,16,14,16
"COG1459",55,47,26,18,19,46
"COG1461",13,9,9,17,32,45
"COG1462",0,0,0,1,0,1
"COG1463",1,10,3,3,1,4
"COG1464",6,41,11,16,14,18
"COG1465",0,0,1,0,0,4
"COG1466",51,64,49,32,35,45
"COG1468",21,22,9,5,12,10
"COG1469",0,5,0,2,3,4
"COG1470",4,0,5,5,1,6
"COG1472",401,211,424,465,497,318
"COG1473",34,122,68,91,50,43
"COG1475",165,146,153,125,166,232
"COG1476",62,17,16,7,10,20
"COG1477",60,58,50,36,47,39
"COG1479",112,15,62,130,78,74
"COG1480",60,14,56,57,51,29
"COG1481",30,42,21,18,18,44
"COG1482",45,78,54,46,55,35
"COG1483",0,1,0,0,0,0
"COG1484",71,92,107,40,83,120
"COG1485",0,0,0,1,0,5
"COG1486",11,8,8,25,10,34
"COG1487",5,1,6,4,3,6
"COG1488",39,69,43,22,55,57
"COG1489",8,5,9,8,5,13
"COG1490",5,4,8,24,24,28
"COG1492",32,21,33,64,33,33
"COG1493",24,35,22,11,17,18
"COG1494",1,3,1,2,0,10
"COG1495",0,14,0,0,2,0
"COG1496",36,22,26,24,32,41
"COG1501",161,99,238,182,199,181
"COG1502",149,163,148,95,139,104
"COG1505",1,2,6,3,9,2
"COG1506",160,35,210,268,245,127
"COG1507",0,0,0,0,0,0
"COG1508",37,43,41,62,57,34
"COG1509",10,2,13,33,29,26
"COG1511",119,121,90,26,67,93
"COG1512",22,19,28,32,16,29
"COG1513",0,0,0,0,0,0
"COG1514",1,1,0,0,0,5
"COG1515",0,0,0,0,0,0
"COG1516",19,14,3,1,3,4
"COG1518",53,44,40,23,46,35
"COG1519",26,23,24,49,36,23
"COG1520",22,10,50,57,61,50
"COG1521",47,39,31,25,37,30
"COG1522",70,43,45,62,54,38
"COG1523",106,42,97,84,70,31
"COG1524",25,13,45,77,40,50
"COG1525",0,0,0,1,1,10
"COG1526",2,7,2,2,0,0
"COG1527",12,15,17,11,17,32
"COG1528",22,6,24,56,25,18
"COG1529",44,72,52,60,40,62
"COG1530",48,35,32,40,54,44
"COG1533",48,40,80,53,60,49
"COG1534",14,11,7,6,7,11
"COG1535",1,0,0,0,1,3
"COG1536",27,23,10,2,1,5
"COG1538",188,64,327,389,302,180
"COG1539",20,12,13,19,27,11
"COG1540",0,0,0,3,6,1
"COG1541",28,16,60,103,75,60
"COG1543",1,0,0,0,0,5
"COG1544",35,28,15,20,16,32
"COG1545",0,0,2,0,0,3
"COG1546",13,44,21,22,34,30
"COG1550",0,0,0,0,0,0
"COG1551",3,6,3,0,1,1
"COG1553",0,0,0,0,0,0
"COG1554",14,29,21,27,43,23
"COG1555",37,27,23,26,24,18
"COG1556",6,3,6,12,6,6
"COG1558",9,15,5,0,6,3
"COG1559",20,43,18,36,37,42
"COG1560",11,13,18,31,18,17
"COG1561",53,33,31,38,35,57
"COG1562",0,0,1,0,2,0
"COG1564",27,28,20,31,25,32
"COG1565",0,0,0,0,0,2
"COG1566",20,2,22,46,16,30
"COG1567",0,3,1,0,1,4
"COG1568",0,0,0,0,0,4
"COG1569",0,4,0,0,0,0
"COG1570",41,47,54,59,64,78
"COG1573",15,15,16,31,29,25
"COG1574",5,39,10,22,7,33
"COG1575",7,20,9,25,24,10
"COG1576",33,35,22,27,27,23
"COG1577",0,14,0,0,0,1
"COG1578",2,0,0,0,1,3
"COG1579",9,4,10,28,16,8
"COG1580",0,12,0,0,0,1
"COG1582",1,1,0,2,2,0
"COG1583",6,13,8,0,3,1
"COG1584",0,0,0,1,0,0
"COG1585",8,6,7,4,9,16
"COG1586",4,8,5,1,5,3
"COG1587",25,10,10,9,6,11
"COG1589",1,11,5,3,6,39
"COG1592",56,56,80,70,59,86
"COG1593",63,52,47,83,49,30
"COG1595",355,123,359,379,382,380
"COG1596",54,6,57,94,52,54
"COG1597",58,82,58,76,67,52
"COG1598",12,6,1,2,0,3
"COG1600",8,11,9,1,5,14
"COG1604",0,0,0,0,0,0
"COG1605",6,14,20,6,17,21
"COG1606",2,4,5,8,10,14
"COG1607",1,10,0,3,1,5
"COG1609",350,340,268,199,204,208
"COG1610",16,26,22,31,17,21
"COG1611",13,18,30,38,37,20
"COG1613",10,16,11,6,9,5
"COG1614",3,9,0,2,2,6
"COG1615",3,0,0,0,1,20
"COG1618",0,0,1,0,1,2
"COG1619",17,34,20,6,7,5
"COG1620",12,4,9,11,16,20
"COG1621",149,97,75,87,61,33
"COG1622",0,1,0,0,0,4
"COG1623",2,0,0,0,0,15
"COG1624",37,40,37,31,38,38
"COG1625",11,11,21,7,12,36
"COG1626",1,1,4,22,39,14
"COG1629",99,83,156,217,202,99
"COG1633",0,1,2,0,0,1
"COG1635",0,1,1,2,2,0
"COG1636",25,41,21,26,20,20
"COG1637",0,0,0,0,0,3
"COG1638",52,47,38,58,46,32
"COG1640",108,47,79,91,94,79
"COG1641",14,3,7,5,3,16
"COG1643",4,16,2,2,5,15
"COG1647",0,0,0,1,1,5
"COG1648",9,12,9,5,9,10
"COG1649",61,12,87,137,80,48
"COG1651",1,5,0,7,2,7
"COG1652",1,0,1,4,6,11
"COG1653",283,299,224,154,180,381
"COG1654",27,24,26,13,14,15
"COG1655",19,7,6,1,9,0
"COG1657",0,0,0,0,0,0
"COG1658",3,13,3,1,11,7
"COG1659",0,0,1,1,1,1
"COG1660",37,31,45,54,39,35
"COG1661",18,4,12,9,7,2
"COG1662",2,7,3,5,2,49
"COG1663",25,15,23,36,27,5
"COG1664",0,0,1,5,0,4
"COG1666",1,5,1,0,0,2
"COG1668",10,38,9,5,19,18
"COG1669",9,4,13,14,6,8
"COG1670",138,53,83,130,105,93
"COG1671",15,9,7,3,13,6
"COG1672",229,96,78,77,90,50
"COG1674",92,173,96,57,87,170
"COG1677",17,15,3,2,4,0
"COG1678",6,1,8,12,9,9
"COG1679",1,13,0,0,3,15
"COG1680",52,70,98,130,93,92
"COG1682",22,38,19,9,28,42
"COG1683",1,2,1,6,6,3
"COG1684",13,27,5,2,6,5
"COG1686",177,123,100,57,108,145
"COG1687",3,9,6,4,8,4
"COG1688",0,0,0,0,0,0
"COG1690",12,9,13,3,4,15
"COG1691",4,9,1,7,4,11
"COG1692",3,2,3,3,4,21
"COG1694",22,13,26,37,36,27
"COG1695",68,47,36,22,31,33
"COG1696",98,116,98,75,107,119
"COG1699",13,6,5,2,2,0
"COG1700",11,1,0,2,2,4
"COG1702",55,36,34,27,37,29
"COG1703",15,11,21,35,29,9
"COG1704",16,15,27,16,23,26
"COG1705",29,48,21,90,43,19
"COG1706",1,0,0,0,0,3
"COG1708",4,6,2,4,5,20
"COG1712",6,2,12,13,5,4
"COG1713",11,25,10,8,22,29
"COG1714",5,3,3,4,11,4
"COG1715",2,5,6,1,4,7
"COG1716",5,0,3,0,14,10
"COG1719",0,0,0,0,0,3
"COG1720",28,8,11,2,10,10
"COG1721",13,32,36,38,36,16
"COG1722",0,4,1,1,1,8
"COG1724",1,0,0,1,0,0
"COG1725",69,68,47,35,36,38
"COG1726",19,3,17,29,30,9
"COG1728",6,2,4,0,3,1
"COG1729",0,9,0,1,0,2
"COG1732",1,5,4,5,2,13
"COG1733",33,40,29,25,28,29
"COG1734",1,3,4,3,7,6
"COG1735",1,1,3,0,2,4
"COG1737",59,71,45,36,33,55
"COG1738",12,0,10,19,12,9
"COG1739",24,33,28,40,31,26
"COG1740",0,3,4,1,5,9
"COG1741",7,5,25,34,18,10
"COG1742",0,3,0,0,0,2
"COG1743",0,0,0,0,1,0
"COG1744",40,48,35,51,61,57
"COG1747",0,0,0,0,0,1
"COG1748",52,36,60,13,10,6
"COG1749",24,25,6,5,4,1
"COG1751",0,0,0,0,0,1
"COG1752",52,31,95,67,89,59
"COG1754",32,5,48,48,36,20
"COG1755",0,0,0,0,0,0
"COG1757",102,84,121,143,103,128
"COG1758",0,5,0,0,0,4
"COG1760",33,59,52,57,56,56
"COG1762",63,99,65,33,41,57
"COG1763",3,6,5,7,4,6
"COG1764",0,0,0,0,0,2
"COG1765",2,0,0,1,1,3
"COG1766",16,28,4,3,6,5
"COG1767",2,9,2,6,1,9
"COG1768",3,5,5,4,11,25
"COG1770",0,1,0,1,0,3
"COG1773",11,7,7,9,7,10
"COG1774",43,22,48,37,51,57
"COG1775",31,38,31,19,17,34
"COG1776",47,32,9,2,11,9
"COG1778",21,6,17,29,13,6
"COG1780",0,13,0,0,0,3
"COG1781",22,6,25,21,19,16
"COG1782",1,0,0,0,0,2
"COG1783",19,25,6,148,25,15
"COG1785",29,1,31,54,36,22
"COG1786",0,0,0,0,0,1
"COG1787",9,1,1,0,1,1
"COG1788",1,1,9,3,1,4
"COG1791",0,0,0,0,0,0
"COG1792",33,41,44,37,36,46
"COG1793",1,1,2,1,1,8
"COG1794",12,9,2,5,5,9
"COG1797",36,16,19,32,21,17
"COG1799",13,20,10,1,4,8
"COG1801",0,8,1,4,1,2
"COG1802",69,105,38,35,34,38
"COG1803",20,12,30,58,36,22
"COG1804",11,4,7,20,13,29
"COG1805",7,5,27,10,7,4
"COG1806",2,19,1,3,4,2
"COG1807",22,28,33,63,39,14
"COG1808",8,3,23,42,38,12
"COG1811",7,15,9,22,5,9
"COG1814",0,0,1,3,4,3
"COG1815",9,13,2,1,2,2
"COG1816",14,18,16,6,10,5
"COG1817",2,0,0,11,2,3
"COG1819",10,0,20,16,16,13
"COG1820",56,49,66,88,65,34
"COG1823",1,10,2,1,1,6
"COG1825",19,6,14,18,9,3
"COG1826",0,11,1,1,4,5
"COG1827",24,31,16,10,11,3
"COG1830",18,2,25,57,32,20
"COG1832",0,2,0,0,0,0
"COG1834",1,11,0,4,1,5
"COG1835",21,36,36,40,36,16
"COG1837",7,13,4,4,5,15
"COG1838",47,48,35,38,43,45
"COG1840",21,49,16,16,11,6
"COG1841",2,8,5,2,2,7
"COG1842",3,12,3,0,3,11
"COG1843",16,25,4,1,6,1
"COG1845",1,0,0,0,0,0
"COG1846",104,101,73,72,48,59
"COG1847",26,37,22,13,19,26
"COG1850",1,5,0,0,1,0
"COG1852",0,5,0,1,0,1
"COG1853",50,33,49,56,55,35
"COG1854",20,26,15,25,21,12
"COG1857",4,18,3,0,2,2
"COG1858",3,7,8,2,1,6
"COG1859",0,8,1,3,0,5
"COG1861",1,0,9,4,11,6
"COG1862",23,10,19,7,1,2
"COG1863",0,0,1,2,1,3
"COG1864",45,4,14,24,35,11
"COG1865",2,4,1,0,0,4
"COG1866",67,64,79,56,74,54
"COG1868",30,47,5,2,9,7
"COG1869",1,5,1,5,1,3
"COG1871",6,12,2,2,4,2
"COG1872",0,4,0,0,0,2
"COG1873",10,9,5,2,7,22
"COG1874",30,37,31,144,93,106
"COG1875",5,15,14,20,24,8
"COG1876",19,13,19,2,24,23
"COG1877",12,8,22,23,19,11
"COG1878",10,22,11,10,12,15
"COG1879",241,104,136,121,107,142
"COG1881",0,7,0,0,2,0
"COG1882",89,130,169,137,146,156
"COG1883",59,27,62,105,97,68
"COG1884",38,29,68,87,79,39
"COG1886",18,26,7,3,4,2
"COG1887",27,4,37,18,64,72
"COG1892",0,0,0,0,0,0
"COG1893",26,46,44,58,50,34
"COG1894",19,39,42,37,35,81
"COG1895",11,4,15,16,13,15
"COG1896",25,25,18,12,19,50
"COG1897",39,63,30,24,37,17
"COG1898",39,48,53,18,24,12
"COG1899",0,0,0,0,0,0
"COG1900",1,0,1,0,0,2
"COG1902",62,65,66,55,87,103
"COG1903",8,1,6,33,17,22
"COG1904",29,29,58,51,35,33
"COG1905",10,6,16,18,15,25
"COG1906",1,3,0,4,1,1
"COG1908",2,4,1,1,0,1
"COG1910",2,0,3,0,1,5
"COG1912",0,0,0,0,0,5
"COG1913",1,0,0,0,0,0
"COG1914",13,38,28,38,17,13
"COG1915",2,1,3,4,0,9
"COG1917",52,33,38,65,45,27
"COG1918",72,63,57,66,62,54
"COG1921",2,8,4,6,1,8
"COG1922",19,14,22,32,27,16
"COG1923",0,2,1,2,5,11
"COG1924",29,62,24,46,87,99
"COG1925",12,10,7,14,19,38
"COG1928",1,0,0,1,12,16
"COG1929",31,28,27,39,27,13
"COG1930",0,0,1,0,1,1
"COG1932",20,51,41,36,47,38
"COG1934",0,6,1,1,2,1
"COG1937",14,12,12,10,15,14
"COG1939",11,24,9,11,19,15
"COG1940",161,143,119,130,100,128
"COG1941",0,0,0,0,1,9
"COG1942",1,6,0,0,0,0
"COG1943",19,126,23,20,21,60
"COG1944",1,0,0,0,1,9
"COG1945",0,0,0,0,0,1
"COG1946",0,1,0,1,0,2
"COG1947",53,40,32,25,25,30
"COG1949",1,6,1,2,1,1
"COG1950",0,14,1,0,0,1
"COG1951",45,54,61,52,51,39
"COG1952",0,4,0,1,2,1
"COG1953",0,0,2,6,0,3
"COG1954",3,8,2,2,3,1
"COG1956",8,10,6,7,5,10
"COG1957",21,51,17,17,6,13
"COG1959",19,16,16,15,32,37
"COG1960",17,5,24,76,67,58
"COG1961",659,205,498,176,407,754
"COG1963",4,2,1,5,5,3
"COG1964",0,0,2,1,2,2
"COG1965",0,5,1,2,0,1
"COG1966",80,71,72,47,72,55
"COG1968",49,38,45,40,49,54
"COG1969",1,9,0,1,2,3
"COG1970",12,15,6,21,12,19
"COG1971",38,16,23,27,29,24
"COG1972",3,23,1,1,0,10
"COG1974",32,58,37,2,6,11
"COG1975",35,23,22,13,23,19
"COG1977",0,3,0,0,0,0
"COG1979",10,12,24,71,38,35
"COG1982",62,106,60,36,40,62
"COG1983",2,4,8,8,4,6
"COG1984",2,7,3,0,4,5
"COG1985",38,32,31,46,36,18
"COG1986",0,0,0,0,0,6
"COG1987",11,15,5,0,0,1
"COG1988",1,25,0,5,0,2
"COG1989",33,19,9,7,10,9
"COG1990",1,0,2,0,4,3
"COG1992",1,0,0,1,0,0
"COG1993",1,0,0,6,0,1
"COG1994",3,11,3,0,14,37
"COG1995",25,14,39,39,25,10
"COG2000",2,1,3,5,3,20
"COG2001",21,24,13,29,23,30
"COG2002",34,10,18,18,13,29
"COG2003",65,37,68,37,41,34
"COG2005",1,5,1,3,4,5
"COG2006",8,9,8,8,4,12
"COG2008",40,11,34,46,30,28
"COG2009",1,1,0,0,1,2
"COG2010",0,0,0,0,1,0
"COG2011",3,25,7,11,13,11
"COG2013",2,5,2,4,7,13
"COG2014",0,0,0,0,0,4
"COG2015",6,1,5,2,11,20
"COG2017",112,93,125,109,127,79
"COG2020",0,2,1,1,0,0
"COG2021",0,0,1,0,6,5
"COG2022",28,20,22,27,24,9
"COG2025",45,21,51,44,43,48
"COG2026",2,2,1,0,1,9
"COG2027",12,14,24,27,15,18
"COG2030",14,8,26,22,10,3
"COG2031",1,3,1,2,0,5
"COG2032",0,3,0,1,0,4
"COG2033",16,5,2,1,3,9
"COG2035",7,7,1,5,9,42
"COG2038",31,27,44,44,35,28
"COG2039",0,12,2,3,4,3
"COG2040",1,5,4,2,1,1
"COG2041",0,0,1,1,0,2
"COG2043",0,15,1,2,2,4
"COG2045",0,0,0,0,0,2
"COG2046",0,0,0,0,0,0
"COG2048",4,5,0,1,5,14
"COG2049",3,1,4,1,4,1
"COG2050",18,20,18,43,27,22
"COG2052",3,3,0,1,2,10
"COG2055",7,9,7,13,6,17
"COG2056",0,4,1,2,1,2
"COG2057",0,0,2,2,2,12
"COG2059",49,39,56,74,48,30
"COG2060",29,11,34,36,31,30
"COG2062",1,0,0,1,0,1
"COG2063",0,0,0,0,0,0
"COG2064",0,0,3,0,0,8
"COG2065",2,7,1,2,0,5
"COG2066",12,8,17,41,30,16
"COG2067",4,13,12,7,16,9
"COG2068",10,6,5,12,4,13
"COG2069",2,6,1,0,1,2
"COG2070",61,74,61,63,61,25
"COG2071",25,24,32,43,39,29
"COG2072",0,0,0,0,0,0
"COG2073",30,13,29,30,19,16
"COG2076",5,6,7,4,4,12
"COG2077",6,6,16,19,16,8
"COG2078",1,0,0,3,2,1
"COG2079",1,3,4,8,1,7
"COG2080",29,20,30,21,33,26
"COG2081",20,18,12,23,34,67
"COG2082",28,9,17,16,19,15
"COG2084",26,19,10,12,4,19
"COG2085",4,0,0,1,4,3
"COG2086",34,15,38,42,40,32
"COG2087",22,8,17,18,13,19
"COG2088",22,10,17,8,20,23
"COG2089",10,4,18,12,26,13
"COG2091",16,12,6,3,6,11
"COG2094",0,0,1,0,4,4
"COG2095",17,11,36,23,4,6
"COG2096",13,6,24,24,19,8
"COG2099",47,12,34,52,16,23
"COG2102",0,0,1,0,2,0
"COG2103",7,0,6,23,22,5
"COG2104",0,0,1,0,0,0
"COG2105",0,0,0,1,0,2
"COG2107",0,0,3,0,0,1
"COG2108",1,0,2,0,1,4
"COG2109",12,21,8,11,3,8
"COG2110",58,36,32,15,16,20
"COG2111",1,0,4,1,0,5
"COG2113",5,3,4,30,14,5
"COG2114",2,0,0,0,7,0
"COG2115",11,5,13,26,24,12
"COG2116",10,24,7,7,9,22
"COG2119",0,7,0,1,1,2
"COG2120",8,0,6,5,4,0
"COG2121",1,0,1,1,1,1
"COG2122",0,0,1,0,0,2
"COG2127",3,0,2,1,0,2
"COG2128",0,0,0,0,0,2
"COG2129",5,2,6,5,8,9
"COG2130",0,0,0,0,0,0
"COG2131",28,16,21,28,40,36
"COG2132",1,1,0,0,0,7
"COG2133",0,3,0,1,0,2
"COG2134",0,0,2,0,0,0
"COG2135",4,0,0,5,4,4
"COG2137",0,14,11,11,4,20
"COG2140",2,0,13,9,4,3
"COG2141",0,0,1,0,1,11
"COG2142",0,0,0,0,0,3
"COG2143",0,0,0,0,0,0
"COG2145",25,15,12,10,14,10
"COG2146",0,0,0,0,0,0
"COG2148",142,108,118,131,106,99
"COG2149",0,0,0,0,1,0
"COG2151",9,5,10,6,0,2
"COG2152",34,26,75,87,81,31
"COG2153",3,0,5,2,3,4
"COG2155",3,0,3,4,2,10
"COG2156",1,1,11,21,6,8
"COG2158",1,0,0,2,5,8
"COG2159",7,11,20,16,25,11
"COG2160",31,13,43,44,45,17
"COG2161",1,0,2,0,2,6
"COG2162",0,1,1,0,0,3
"COG2163",0,0,0,0,0,1
"COG2165",0,0,0,0,1,5
"COG2166",10,2,18,34,11,7
"COG2168",2,1,0,0,0,0
"COG2169",7,2,3,2,4,22
"COG2170",0,1,0,0,0,1
"COG2171",2,12,1,0,3,5
"COG2172",15,13,14,12,19,25
"COG2173",0,5,13,21,7,9
"COG2175",0,0,0,0,0,3
"COG2176",79,108,80,31,84,152
"COG2177",39,43,44,42,42,54
"COG2179",18,22,17,3,12,19
"COG2180",0,2,0,5,0,2
"COG2181",0,4,0,0,0,4
"COG2182",73,82,22,12,24,27
"COG2183",72,95,76,106,73,97
"COG2184",11,0,2,7,11,30
"COG2185",31,15,57,71,65,39
"COG2186",27,34,30,25,35,40
"COG2188",19,114,28,39,29,15
"COG2189",22,142,44,15,20,36
"COG2190",48,232,41,24,21,35
"COG2191",0,0,0,0,3,2
"COG2192",0,0,0,0,0,3
"COG2193",4,1,5,3,7,2
"COG2194",19,23,34,23,9,10
"COG2195",115,183,120,152,149,93
"COG2197",142,91,147,180,162,107
"COG2198",4,7,3,5,2,24
"COG2199",364,209,143,50,139,151
"COG2200",162,94,65,26,55,63
"COG2201",17,26,10,6,9,6
"COG2202",7,34,19,23,25,44
"COG2203",0,0,2,0,0,4
"COG2204",106,47,204,266,218,149
"COG2205",54,64,65,63,66,75
"COG2206",171,94,58,23,62,29
"COG2207",823,503,1039,981,872,662
"COG2208",39,23,31,14,15,25
"COG2209",12,0,5,6,18,7
"COG2210",25,8,32,52,46,12
"COG2211",202,202,161,67,148,113
"COG2212",0,0,0,1,0,0
"COG2213",0,4,4,1,5,11
"COG2214",25,17,24,24,26,28
"COG2215",0,0,0,0,0,2
"COG2216",11,19,39,45,31,28
"COG2217",206,358,247,200,254,253
"COG2220",68,32,94,90,62,51
"COG2221",24,6,13,1,3,7
"COG2222",6,9,15,7,12,17
"COG2223",0,7,0,1,0,2
"COG2224",1,0,0,0,0,5
"COG2225",1,0,1,0,1,7
"COG2226",13,15,19,26,26,18
"COG2227",2,2,3,8,5,3
"COG2230",3,6,7,4,3,2
"COG2231",0,0,0,0,0,2
"COG2233",113,96,101,61,76,76
"COG2234",34,23,75,74,68,43
"COG2235",1,0,3,2,1,13
"COG2236",0,9,0,0,1,1
"COG2239",20,20,22,57,70,50
"COG2240",37,55,42,41,33,32
"COG2241",30,5,27,37,21,12
"COG2242",29,19,29,26,25,10
"COG2243",18,25,16,15,8,13
"COG2244",179,228,182,192,189,193
"COG2246",17,16,5,3,10,8
"COG2247",0,0,0,0,0,0
"COG2249",4,12,4,17,12,11
"COG2250",0,0,0,0,0,0
"COG2252",57,77,47,8,10,12
"COG2253",0,0,0,0,0,0
"COG2255",45,34,40,44,52,47
"COG2256",48,52,50,52,61,69
"COG2257",10,5,4,2,4,1
"COG2258",17,11,13,10,8,16
"COG2259",10,2,11,17,5,8
"COG2261",0,6,0,0,0,1
"COG2262",53,53,55,51,65,44
"COG2264",39,39,42,39,34,30
"COG2265",88,119,79,18,27,22
"COG2267",35,49,14,7,25,23
"COG2268",25,38,10,12,16,56
"COG2269",1,2,0,0,0,2
"COG2270",14,29,11,3,12,14
"COG2271",15,6,20,35,28,27
"COG2272",33,27,24,12,10,8
"COG2273",39,5,48,25,46,19
"COG2274",113,12,74,37,72,62
"COG2301",2,16,10,8,2,6
"COG2302",6,27,12,7,20,18
"COG2303",1,0,1,1,0,5
"COG2304",33,4,44,68,71,37
"COG2306",1,0,0,0,0,0
"COG2307",0,0,0,0,0,0
"COG2308",1,5,1,0,0,0
"COG2309",44,80,27,15,24,40
"COG2310",2,1,2,7,8,1
"COG2311",35,3,29,28,27,23
"COG2312",1,2,0,5,6,1
"COG2313",0,1,1,0,7,13
"COG2314",0,0,2,2,0,0
"COG2315",24,19,25,38,28,19
"COG2316",0,14,4,5,4,17
"COG2317",2,1,10,7,9,13
"COG2318",0,0,0,0,0,0
"COG2319",1,2,3,3,1,2
"COG2320",4,3,0,1,3,5
"COG2321",1,1,0,0,0,2
"COG2323",12,2,9,0,19,28
"COG2326",29,10,14,1,6,5
"COG2327",8,16,31,32,10,8
"COG2329",1,0,1,1,1,0
"COG2331",0,0,0,1,0,0
"COG2332",0,4,0,1,0,2
"COG2333",64,78,50,30,39,81
"COG2334",1,5,4,0,3,3
"COG2335",1,0,0,0,0,0
"COG2336",1,2,2,0,0,0
"COG2337",44,28,39,18,34,47
"COG2339",2,11,1,0,7,6
"COG2340",1,21,2,0,11,11
"COG2342",0,0,0,0,0,0
"COG2344",30,30,41,32,38,36
"COG2346",0,5,0,0,1,0
"COG2348",1,1,0,12,3,32
"COG2350",0,0,0,0,0,0
"COG2351",1,0,0,0,1,3
"COG2352",1,0,2,6,0,5
"COG2353",1,0,0,11,0,2
"COG2354",0,0,0,1,0,0
"COG2355",35,17,43,39,51,27
"COG2356",4,8,0,1,0,5
"COG2357",39,64,51,32,39,18
"COG2358",17,22,24,4,23,15
"COG2359",0,0,1,0,1,3
"COG2360",5,3,3,3,2,2
"COG2361",5,2,3,4,5,9
"COG2362",0,6,2,1,1,14
"COG2363",1,1,1,0,0,3
"COG2364",36,32,13,19,25,26
"COG2365",6,30,17,28,21,10
"COG2366",0,0,0,3,0,0
"COG2367",24,20,17,60,29,16
"COG2368",0,0,3,1,1,7
"COG2369",0,0,1,20,2,1
"COG2371",1,18,1,1,3,0
"COG2372",0,0,0,0,0,0
"COG2373",56,11,83,87,90,83
"COG2374",2,0,0,14,9,0
"COG2375",0,1,0,0,0,1
"COG2376",2,43,13,9,6,26
"COG2377",0,6,5,7,4,8
"COG2378",12,7,2,29,25,33
"COG2379",1,13,8,1,14,14
"COG2382",41,19,38,80,41,9
"COG2384",19,33,15,15,18,17
"COG2385",41,56,47,44,72,50
"COG2386",0,4,1,0,3,0
"COG2388",4,9,9,8,6,2
"COG2390",2,27,5,3,3,11
"COG2391",2,0,0,2,0,7
"COG2404",0,13,1,0,0,1
"COG2405",11,0,1,2,3,0
"COG2406",3,0,5,3,2,1
"COG2407",117,52,87,113,110,66
"COG2409",0,0,0,0,0,0
"COG2414",1,16,9,1,13,14
"COG2421",1,1,1,0,0,1
"COG2423",4,14,14,2,8,7
"COG2425",11,3,12,13,15,5
"COG2426",1,0,1,1,3,5
"COG2431",25,7,19,33,38,25
"COG2440",0,1,0,0,0,5
"COG2452",8,26,1,20,4,1
"COG2453",0,1,1,0,0,0
"COG2454",0,0,0,0,0,0
"COG2461",4,8,5,0,1,0
"COG2501",9,19,10,2,9,5
"COG2502",42,11,23,35,24,38
"COG2503",0,1,0,0,0,0
"COG2508",93,93,68,26,52,62
"COG2509",86,54,74,78,94,73
"COG2510",27,1,11,2,9,12
"COG2513",10,0,7,2,14,7
"COG2514",0,0,0,0,0,0
"COG2515",0,3,2,2,6,9
"COG2516",0,0,0,0,0,4
"COG2518",0,0,0,0,1,1
"COG2519",0,0,0,0,0,6
"COG2602",60,19,6,15,10,6
"COG2603",0,0,0,0,0,1
"COG2604",3,0,1,0,6,0
"COG2605",31,5,41,15,15,10
"COG2606",8,28,3,26,17,26
"COG2607",33,29,36,18,25,17
"COG2608",12,42,17,13,7,16
"COG2609",0,2,0,0,1,1
"COG2610",37,27,36,10,7,9
"COG2703",20,22,6,3,6,4
"COG2704",14,41,32,43,27,22
"COG2706",29,42,29,35,19,13
"COG2707",0,7,0,0,0,0
"COG2710",3,8,15,6,8,8
"COG2715",27,11,20,54,34,32
"COG2716",0,0,0,0,1,0
"COG2717",8,16,19,1,14,2
"COG2718",1,0,1,0,1,2
"COG2719",1,0,0,1,0,4
"COG2720",24,27,19,17,24,54
"COG2721",32,32,55,63,21,24
"COG2723",49,188,70,8,9,18
"COG2730",59,22,40,39,80,35
"COG2731",23,25,17,28,19,9
"COG2732",0,1,0,0,0,2
"COG2733",0,17,2,0,3,0
"COG2738",29,9,28,31,33,15
"COG2739",18,21,10,4,11,14
"COG2740",10,17,5,7,9,14
"COG2746",3,15,5,4,3,1
"COG2747",0,0,0,0,0,0
"COG2755",93,115,109,187,131,86
"COG2759",59,69,58,66,72,74
"COG2761",0,0,1,0,1,0
"COG2764",1,0,0,0,0,0
"COG2766",0,0,0,0,0,3
"COG2768",13,17,10,40,19,26
"COG2770",0,0,0,0,0,0
"COG2771",0,2,1,2,2,16
"COG2801",239,127,128,91,97,288
"COG2804",29,45,33,9,21,42
"COG2805",32,52,18,3,8,4
"COG2807",0,0,0,0,0,2
"COG2812",104,107,117,124,115,88
"COG2813",0,2,0,1,1,7
"COG2814",14,12,31,17,19,27
"COG2815",12,23,14,11,22,26
"COG2816",32,32,27,23,23,9
"COG2818",9,21,17,16,20,18
"COG2819",8,6,21,10,17,11
"COG2820",28,8,32,57,30,31
"COG2821",0,5,2,0,3,1
"COG2822",0,0,0,0,0,1
"COG2823",1,6,0,1,0,2
"COG2824",0,2,0,0,0,2
"COG2825",0,10,4,1,4,2
"COG2826",122,3,35,108,33,26
"COG2827",5,12,7,0,1,1
"COG2828",2,1,0,12,5,4
"COG2829",0,0,3,0,0,3
"COG2830",3,2,22,28,9,8
"COG2831",0,8,1,5,4,5
"COG2832",1,10,5,5,2,5
"COG2834",1,3,1,1,2,6
"COG2835",0,0,0,0,0,0
"COG2836",0,0,1,4,1,1
"COG2837",1,5,3,5,1,4
"COG2839",4,4,2,10,3,3
"COG2840",0,4,1,0,0,7
"COG2841",0,0,0,0,0,1
"COG2842",0,1,2,5,12,6
"COG2843",44,46,50,58,42,45
"COG2844",5,16,1,3,3,4
"COG2845",0,0,0,0,0,0
"COG2846",2,3,8,6,1,2
"COG2848",41,53,26,18,25,27
"COG2849",2,2,8,4,8,5
"COG2850",0,2,0,1,0,1
"COG2851",6,1,9,13,3,0
"COG2852",2,0,0,1,4,8
"COG2853",0,8,1,2,1,2
"COG2854",0,4,1,0,2,0
"COG2855",19,21,24,31,39,29
"COG2856",35,23,13,11,11,29
"COG2859",11,9,16,12,10,4
"COG2860",9,5,18,24,17,11
"COG2861",0,0,0,1,4,5
"COG2862",0,4,1,0,0,2
"COG2863",0,2,0,0,0,0
"COG2864",0,9,0,0,2,1
"COG2865",126,124,86,48,16,26
"COG2866",0,1,10,9,10,37
"COG2867",1,1,0,0,0,0
"COG2868",12,23,5,5,5,12
"COG2869",5,0,10,10,6,6
"COG2870",3,19,6,9,4,7
"COG2871",15,2,18,24,24,10
"COG2872",19,11,16,8,12,12
"COG2873",130,78,103,72,98,53
"COG2875",21,9,21,39,19,11
"COG2876",21,26,49,50,53,28
"COG2877",9,8,15,39,25,15
"COG2878",19,27,32,25,26,28
"COG2879",0,1,0,0,0,2
"COG2882",1,0,0,0,0,1
"COG2884",40,31,42,39,29,59
"COG2885",34,13,36,63,56,47
"COG2887",0,0,0,0,0,8
"COG2890",18,21,15,47,37,46
"COG2891",0,9,0,1,1,2
"COG2893",7,60,18,5,2,6
"COG2894",39,31,16,13,15,25
"COG2895",28,15,27,31,26,18
"COG2896",11,19,17,8,6,19
"COG2897",2,4,2,1,3,5
"COG2898",0,45,1,5,0,0
"COG2900",0,0,0,1,0,2
"COG2901",0,2,1,1,0,0
"COG2904",3,3,0,0,3,2
"COG2906",0,0,0,0,0,0
"COG2907",0,0,0,0,0,0
"COG2908",23,6,23,34,27,18
"COG2909",6,26,8,15,15,23
"COG2910",0,0,2,2,1,2
"COG2911",6,76,2,6,14,13
"COG2912",0,2,0,0,1,1
"COG2913",0,4,0,0,0,1
"COG2914",0,0,0,0,0,0
"COG2915",0,0,0,1,0,1
"COG2916",0,1,1,0,0,3
"COG2917",0,5,0,0,0,2
"COG2918",9,0,13,3,3,6
"COG2919",0,2,0,0,2,0
"COG2920",0,0,0,0,0,1
"COG2921",1,2,0,0,2,2
"COG2922",0,0,0,1,0,1
"COG2923",0,0,0,0,0,2
"COG2924",1,2,0,0,0,1
"COG2925",0,12,2,2,1,1
"COG2926",0,1,0,0,0,0
"COG2927",0,1,1,0,0,0
"COG2928",0,1,0,1,0,0
"COG2929",0,0,1,0,3,0
"COG2931",5,18,4,4,3,1
"COG2932",34,16,8,8,10,14
"COG2933",0,1,0,0,0,1
"COG2935",0,0,0,0,0,0
"COG2936",24,8,11,15,29,8
"COG2937",0,3,0,0,1,6
"COG2938",0,0,0,0,0,0
"COG2939",0,0,0,0,0,3
"COG2942",27,17,36,45,48,23
"COG2943",1,1,0,1,0,3
"COG2944",3,1,0,0,0,2
"COG2945",0,0,0,0,0,0
"COG2946",85,69,43,4,8,21
"COG2947",0,1,0,0,0,1
"COG2948",0,1,0,0,0,0
"COG2949",4,2,3,0,7,14
"COG2951",0,2,0,0,0,2
"COG2954",29,17,16,24,17,14
"COG2956",0,5,0,1,1,1
"COG2957",36,11,36,35,28,16
"COG2958",5,0,0,0,0,4
"COG2959",0,0,0,0,0,0
"COG2960",0,0,0,0,0,4
"COG2961",1,1,1,4,0,1
"COG2962",1,5,2,4,3,2
"COG2963",23,66,19,16,3,37
"COG2964",8,9,9,9,6,10
"COG2965",0,6,1,0,1,1
"COG2966",14,7,18,61,49,16
"COG2967",1,0,1,0,0,2
"COG2968",2,3,3,7,6,12
"COG2969",0,7,0,1,0,3
"COG2971",2,0,3,1,2,9
"COG2972",550,346,257,58,73,78
"COG2973",0,1,0,0,0,2
"COG2974",1,3,0,0,0,3
"COG2975",0,0,0,0,0,0
"COG2976",0,2,0,1,1,1
"COG2977",0,0,0,0,5,2
"COG2978",10,4,23,8,4,5
"COG2979",0,0,0,0,0,1
"COG2980",1,1,0,0,1,0
"COG2981",0,3,0,2,1,0
"COG2982",0,1,1,1,0,12
"COG2983",0,0,0,0,0,1
"COG2984",66,37,29,22,37,26
"COG2985",80,32,144,227,140,55
"COG2986",7,26,32,47,55,15
"COG2987",14,10,23,62,39,16
"COG2988",0,0,0,0,0,2
"COG2989",24,0,7,4,4,6
"COG2990",0,14,1,0,0,4
"COG2991",0,0,0,0,0,0
"COG2992",1,3,0,0,0,5
"COG2994",0,0,0,1,0,0
"COG2995",0,1,2,0,0,7
"COG2996",55,34,40,41,32,16
"COG2998",0,0,0,0,1,0
"COG2999",1,0,0,0,0,0
"COG3001",0,1,0,1,0,0
"COG3004",13,14,19,24,30,13
"COG3005",1,6,2,7,10,6
"COG3006",0,2,0,0,0,4
"COG3007",0,0,2,0,14,1
"COG3008",0,2,1,2,0,6
"COG3009",0,1,0,0,0,2
"COG3010",8,6,6,8,9,9
"COG3012",0,0,0,2,1,5
"COG3013",0,1,0,0,0,2
"COG3014",0,0,0,0,0,0
"COG3015",10,2,9,19,7,6
"COG3016",7,2,10,4,5,5
"COG3017",0,4,0,0,2,1
"COG3019",0,0,0,0,0,0
"COG3021",24,2,26,21,22,16
"COG3022",27,29,20,34,13,16
"COG3023",40,5,35,18,15,14
"COG3024",0,2,0,1,1,0
"COG3025",0,1,1,4,2,6
"COG3026",1,0,0,0,0,1
"COG3027",0,0,0,0,2,5
"COG3028",0,5,0,2,1,2
"COG3029",0,0,0,0,0,1
"COG3030",0,0,0,1,0,1
"COG3031",0,0,1,0,0,4
"COG3033",4,0,13,10,3,7
"COG3034",1,0,0,5,0,1
"COG3036",0,0,0,0,0,0
"COG3037",0,10,3,8,3,6
"COG3038",0,0,2,0,0,6
"COG3039",22,7,296,8,12,38
"COG3040",5,2,8,6,0,5
"COG3041",15,3,8,8,9,6
"COG3042",0,0,1,0,0,2
"COG3043",0,6,1,0,0,0
"COG3044",13,5,6,8,9,10
"COG3045",1,5,1,1,0,0
"COG3047",0,1,0,1,0,0
"COG3048",0,3,3,4,1,4
"COG3049",50,41,56,49,53,50
"COG3050",0,0,0,1,0,0
"COG3051",4,11,10,9,2,15
"COG3052",0,4,3,7,1,5
"COG3053",1,4,2,2,1,5
"COG3054",0,1,1,0,0,5
"COG3055",10,4,11,8,6,5
"COG3056",1,1,0,1,0,2
"COG3057",0,1,0,0,0,0
"COG3058",1,4,0,2,0,7
"COG3059",10,2,14,16,13,9
"COG3060",0,1,0,0,0,1
"COG3061",0,0,0,0,0,0
"COG3062",0,0,0,0,0,1
"COG3063",0,0,0,0,0,0
"COG3064",0,0,1,0,0,2
"COG3065",0,0,0,0,0,0
"COG3066",0,0,0,0,0,0
"COG3067",0,0,0,0,0,0
"COG3068",0,2,0,1,0,3
"COG3069",15,49,12,13,11,6
"COG3070",12,1,4,6,5,9
"COG3071",1,0,0,0,0,0
"COG3072",0,3,0,0,0,3
"COG3073",0,1,0,0,0,0
"COG3074",0,0,0,0,0,0
"COG3075",3,3,2,16,6,4
"COG3076",0,0,0,0,0,1
"COG3077",29,6,14,14,14,13
"COG3078",0,1,0,0,0,1
"COG3079",0,0,0,0,0,1
"COG3080",0,1,0,0,0,0
"COG3081",0,2,0,0,0,0
"COG3082",0,0,0,0,0,0
"COG3083",2,23,4,7,4,2
"COG3084",0,1,0,1,0,3
"COG3085",0,0,1,0,0,1
"COG3086",0,1,0,0,0,3
"COG3087",1,4,1,1,2,3
"COG3088",0,8,0,0,2,5
"COG3089",0,0,2,1,0,1
"COG3090",34,33,18,27,15,11
"COG3091",0,10,1,0,0,3
"COG3092",1,0,0,0,0,1
"COG3093",4,29,13,28,10,8
"COG3094",0,0,0,0,0,1
"COG3095",0,0,0,0,0,5
"COG3096",1,1,0,0,0,5
"COG3097",1,0,0,0,0,0
"COG3098",0,0,0,0,0,0
"COG3099",0,1,0,0,0,1
"COG3100",0,1,0,0,0,2
"COG3101",0,0,0,0,1,2
"COG3102",0,0,0,0,0,0
"COG3103",10,14,7,14,15,26
"COG3104",26,32,30,52,36,29
"COG3105",0,4,0,1,0,0
"COG3106",0,1,0,0,0,0
"COG3107",0,3,1,1,0,1
"COG3108",0,0,0,0,0,2
"COG3109",0,0,0,1,1,3
"COG3110",1,0,0,0,0,0
"COG3111",0,10,0,0,2,0
"COG3112",1,2,0,0,0,1
"COG3113",1,1,0,0,0,1
"COG3114",0,0,0,0,0,1
"COG3115",0,0,0,1,0,1
"COG3116",1,0,0,0,0,1
"COG3117",2,2,0,1,2,4
"COG3118",0,0,0,0,0,1
"COG3119",198,47,399,419,340,275
"COG3120",1,0,0,0,0,1
"COG3121",12,5,1,3,0,14
"COG3122",0,1,0,0,0,2
"COG3123",0,0,0,0,0,0
"COG3124",1,0,0,4,4,4
"COG3125",0,0,0,0,0,1
"COG3126",0,0,0,0,0,0
"COG3127",0,0,0,0,0,6
"COG3128",0,0,0,0,0,1
"COG3129",3,0,6,2,3,1
"COG3130",0,0,0,0,0,0
"COG3131",2,0,0,1,0,3
"COG3132",0,2,0,0,0,1
"COG3133",0,1,0,2,0,2
"COG3134",0,0,0,0,0,1
"COG3135",0,0,0,0,0,0
"COG3136",0,0,0,0,0,2
"COG3137",0,0,1,0,0,1
"COG3138",0,0,0,1,0,2
"COG3139",0,1,0,0,0,2
"COG3140",0,0,0,0,0,0
"COG3141",0,0,0,0,0,1
"COG3142",24,17,15,24,23,14
"COG3143",0,1,0,0,0,0
"COG3144",0,3,6,1,5,3
"COG3145",0,1,0,1,0,1
"COG3147",0,1,0,0,0,0
"COG3148",0,0,0,0,0,4
"COG3149",0,0,0,1,0,1
"COG3150",0,3,1,0,6,3
"COG3151",1,1,0,0,0,2
"COG3152",2,10,3,4,3,7
"COG3153",8,6,12,5,7,13
"COG3154",0,1,1,0,0,0
"COG3155",0,0,0,0,0,1
"COG3156",0,0,1,0,0,0
"COG3157",1,1,0,0,0,8
"COG3158",3,3,7,0,0,15
"COG3159",0,0,0,0,0,0
"COG3160",0,0,0,0,0,1
"COG3161",0,1,0,0,0,2
"COG3162",0,2,0,0,0,0
"COG3164",0,4,0,7,2,6
"COG3165",0,1,0,0,0,0
"COG3166",0,0,0,0,0,0
"COG3169",6,1,10,15,10,3
"COG3171",1,2,0,1,0,2
"COG3172",1,1,0,0,0,4
"COG3173",0,0,0,1,1,6
"COG3174",7,2,18,26,9,5
"COG3176",35,3,30,62,48,21
"COG3177",80,50,125,112,70,92
"COG3178",11,7,38,33,16,13
"COG3179",0,0,0,0,1,0
"COG3180",0,1,3,5,0,1
"COG3181",5,8,9,5,6,3
"COG3182",8,8,9,19,12,5
"COG3183",6,2,9,2,0,0
"COG3185",0,0,0,0,0,0
"COG3187",14,3,14,19,13,6
"COG3188",12,5,2,5,1,30
"COG3189",4,1,13,14,6,4
"COG3190",0,0,0,0,0,0
"COG3191",24,11,15,9,6,15
"COG3192",0,3,2,6,1,3
"COG3193",3,1,1,1,0,2
"COG3194",0,1,0,0,0,1
"COG3195",0,0,0,0,0,0
"COG3196",4,0,5,2,4,2
"COG3199",0,0,0,1,0,3
"COG3201",40,22,21,23,24,13
"COG3203",2,109,2,9,24,14
"COG3204",0,0,0,0,0,0
"COG3206",20,11,27,70,38,10
"COG3208",0,0,1,0,0,0
"COG3209",319,31,135,190,91,47
"COG3210",8,11,3,14,1,19
"COG3211",0,0,0,0,0,0
"COG3212",3,2,0,0,1,5
"COG3213",0,1,0,0,0,0
"COG3214",0,2,0,0,0,5
"COG3216",0,0,0,0,0,0
"COG3217",0,1,0,0,0,2
"COG3218",0,0,0,0,0,0
"COG3219",0,0,0,0,0,0
"COG3220",0,0,0,0,0,0
"COG3221",1,22,4,4,2,11
"COG3222",2,5,1,3,0,0
"COG3223",2,2,0,0,1,2
"COG3224",0,0,0,0,0,0
"COG3225",46,17,26,15,23,26
"COG3226",0,0,0,0,0,0
"COG3227",0,0,0,2,0,3
"COG3228",1,0,1,1,0,1
"COG3231",0,0,0,4,0,0
"COG3232",0,0,0,0,0,0
"COG3234",0,0,1,0,0,1
"COG3236",10,1,5,1,2,15
"COG3237",0,2,0,0,0,0
"COG3238",9,13,8,3,4,7
"COG3239",0,0,0,0,0,0
"COG3242",0,1,0,0,0,1
"COG3243",0,0,0,0,0,0
"COG3246",6,3,8,6,3,12
"COG3247",0,1,0,0,0,0
"COG3248",0,0,0,0,0,1
"COG3250",218,113,345,943,990,601
"COG3251",0,0,0,0,0,1
"COG3252",0,0,0,0,0,3
"COG3253",0,4,0,0,0,0
"COG3254",8,12,9,7,3,2
"COG3256",0,2,1,0,0,0
"COG3257",2,0,0,0,1,2
"COG3259",0,0,1,0,0,5
"COG3260",1,0,1,0,1,4
"COG3261",0,1,3,2,6,16
"COG3262",3,1,0,1,0,4
"COG3263",52,6,27,23,41,24
"COG3264",0,18,2,3,9,5
"COG3265",0,1,1,0,0,3
"COG3266",0,1,1,1,0,1
"COG3267",0,4,4,0,2,0
"COG3268",0,0,0,0,0,0
"COG3270",20,23,9,3,4,18
"COG3271",0,0,0,0,0,0
"COG3272",0,1,1,0,0,1
"COG3274",24,9,49,48,51,32
"COG3275",52,12,52,103,77,69
"COG3276",4,6,6,3,3,5
"COG3279",370,185,157,143,178,131
"COG3283",0,1,0,1,0,2
"COG3284",2,0,4,5,2,10
"COG3287",2,12,4,1,2,1
"COG3288",0,0,0,2,0,3
"COG3290",6,1,4,3,10,16
"COG3291",6,2,12,0,2,12
"COG3292",535,79,842,296,258,151
"COG3293",16,1,0,9,1,26
"COG3294",7,0,4,3,1,3
"COG3296",0,0,0,0,0,0
"COG3297",0,2,0,0,0,2
"COG3299",9,14,7,6,13,31
"COG3301",0,21,1,1,2,2
"COG3302",2,2,1,0,1,3
"COG3303",10,16,15,7,9,11
"COG3304",9,14,8,2,3,1
"COG3306",1,15,1,0,0,4
"COG3307",5,11,0,10,2,9
"COG3309",0,0,3,1,2,0
"COG3311",0,0,0,0,0,0
"COG3312",0,0,0,0,0,2
"COG3313",0,1,0,0,0,0
"COG3314",29,20,20,1,8,9
"COG3315",9,14,9,2,15,10
"COG3316",3,8,1,1,1,10
"COG3317",0,9,2,1,2,2
"COG3318",0,5,0,0,0,0
"COG3319",2,4,1,4,1,10
"COG3320",8,1,8,9,3,11
"COG3321",1,3,0,3,0,0
"COG3323",3,16,11,22,9,7
"COG3324",0,0,4,3,4,6
"COG3325",12,4,34,32,31,2
"COG3326",17,2,4,2,6,11
"COG3327",0,0,0,0,0,0
"COG3328",46,64,20,107,106,71
"COG3330",0,0,0,0,1,5
"COG3331",5,11,1,4,5,15
"COG3333",14,19,19,16,22,11
"COG3335",31,31,16,5,10,16
"COG3338",0,0,0,0,0,0
"COG3339",0,5,1,0,0,2
"COG3340",67,20,19,29,18,25
"COG3341",32,39,17,31,28,4
"COG3343",0,12,0,0,0,0
"COG3344",425,156,176,305,231,227
"COG3345",169,86,109,71,116,88
"COG3347",0,0,0,0,0,1
"COG3350",1,1,0,0,0,0
"COG3359",20,9,20,5,7,7
"COG3366",0,0,0,0,0,0
"COG3369",0,1,1,2,4,2
"COG3376",0,0,0,0,0,0
"COG3378",21,8,42,31,42,48
"COG3379",0,0,0,0,3,0
"COG3381",0,15,1,0,0,5
"COG3382",5,1,6,22,10,6
"COG3383",3,7,11,5,5,15
"COG3384",0,4,0,1,0,0
"COG3385",365,16,35,9,26,125
"COG3386",6,1,11,12,8,8
"COG3387",10,4,8,8,14,17
"COG3391",17,2,19,10,20,27
"COG3392",8,11,21,3,1,8
"COG3393",0,0,5,1,1,2
"COG3394",3,1,2,6,5,5
"COG3395",29,11,7,7,4,12
"COG3396",0,0,0,0,0,0
"COG3397",0,0,0,0,0,0
"COG3401",2,0,2,0,3,12
"COG3402",1,0,0,7,0,0
"COG3404",17,18,18,36,20,8
"COG3405",20,9,9,16,9,4
"COG3407",0,15,0,0,0,0
"COG3408",70,22,41,68,44,44
"COG3409",38,18,15,12,12,48
"COG3410",12,15,2,0,17,6
"COG3411",0,1,1,3,2,5
"COG3412",0,11,0,4,0,2
"COG3414",1,19,2,2,1,2
"COG3415",1,2,0,0,0,0
"COG3416",0,0,0,0,0,0
"COG3417",0,1,1,0,0,2
"COG3418",0,1,0,0,0,0
"COG3420",0,5,0,0,3,0
"COG3421",2,72,2,0,0,1
"COG3422",0,0,0,0,0,0
"COG3423",0,0,0,0,0,1
"COG3425",0,4,0,0,0,4
"COG3426",15,1,27,15,10,9
"COG3428",0,0,0,7,2,1
"COG3429",0,0,0,0,0,0
"COG3433",1,1,2,0,0,3
"COG3434",0,0,2,1,2,1
"COG3435",0,0,0,0,0,0
"COG3436",170,96,262,193,159,114
"COG3437",66,14,52,79,90,66
"COG3439",1,0,7,3,1,1
"COG3440",4,5,3,1,0,1
"COG3442",4,12,8,1,1,7
"COG3443",0,1,0,0,0,4
"COG3444",14,69,15,4,7,16
"COG3445",0,1,2,0,0,0
"COG3447",0,0,2,0,0,4
"COG3448",0,0,0,0,0,0
"COG3449",9,3,14,21,8,16
"COG3450",0,1,0,0,0,0
"COG3451",260,107,323,299,295,422
"COG3452",24,25,13,1,15,4
"COG3454",0,1,1,3,1,2
"COG3455",1,0,0,0,1,4
"COG3456",0,0,0,0,0,3
"COG3457",0,1,3,0,2,7
"COG3458",16,1,31,31,27,14
"COG3459",151,35,50,18,82,131
"COG3460",0,0,0,0,0,0
"COG3463",7,0,2,4,2,0
"COG3464",221,52,211,401,165,66
"COG3467",48,17,22,25,33,15
"COG3468",14,84,32,73,22,77
"COG3469",0,0,7,0,0,0
"COG3470",0,3,0,0,0,0
"COG3471",0,0,0,0,0,0
"COG3472",21,0,1,1,13,6
"COG3473",0,0,0,0,0,0
"COG3475",44,211,41,41,28,32
"COG3476",12,1,10,8,6,3
"COG3477",0,0,0,0,0,0
"COG3478",0,0,0,0,0,0
"COG3479",0,0,0,0,0,0
"COG3480",0,23,0,0,0,3
"COG3481",24,38,21,19,25,36
"COG3484",0,0,0,0,0,0
"COG3485",0,0,0,0,0,0
"COG3486",0,1,1,0,0,2
"COG3487",3,0,16,2,11,5
"COG3488",16,3,8,11,24,7
"COG3491",0,0,0,0,0,0
"COG3493",7,1,13,14,1,4
"COG3494",3,2,2,1,2,0
"COG3496",0,0,0,0,0,0
"COG3497",4,1,2,6,7,22
"COG3498",0,0,0,1,3,11
"COG3499",0,1,0,1,0,1
"COG3500",2,1,1,5,2,23
"COG3501",3,4,44,23,23,15
"COG3503",3,0,3,2,4,9
"COG3504",0,1,0,0,0,0
"COG3505",233,76,251,197,281,346
"COG3506",3,1,5,1,3,1
"COG3507",195,95,227,321,215,53
"COG3509",6,0,0,0,2,2
"COG3512",16,9,1,2,7,2
"COG3513",67,91,81,9,40,30
"COG3514",0,1,0,0,0,0
"COG3515",0,1,0,0,0,5
"COG3516",0,0,0,0,1,0
"COG3517",0,0,0,1,0,4
"COG3518",0,1,0,0,0,1
"COG3519",0,1,0,0,1,3
"COG3520",1,0,0,0,0,1
"COG3521",0,0,0,0,0,2
"COG3522",1,0,1,0,0,1
"COG3523",0,1,0,0,0,9
"COG3524",0,1,0,0,1,5
"COG3525",191,44,293,362,313,237
"COG3526",0,0,0,0,0,0
"COG3527",0,0,0,0,0,0
"COG3528",0,1,0,0,0,0
"COG3529",1,0,0,0,0,2
"COG3530",0,0,0,0,0,1
"COG3533",115,39,210,214,169,71
"COG3534",79,19,94,108,106,57
"COG3535",1,13,0,2,1,9
"COG3536",0,7,0,0,3,0
"COG3537",206,43,317,334,382,189
"COG3538",18,8,38,29,27,16
"COG3539",4,9,0,0,2,20
"COG3541",2,4,0,2,2,12
"COG3542",0,0,1,0,2,3
"COG3543",1,1,3,1,4,6
"COG3544",0,0,0,0,0,0
"COG3545",0,0,0,0,0,1
"COG3546",7,16,7,4,30,18
"COG3547",155,81,99,48,102,161
"COG3548",1,0,0,1,0,1
"COG3549",0,2,1,0,0,2
"COG3550",99,115,129,56,52,46
"COG3552",0,0,0,0,0,8
"COG3555",0,0,0,0,0,0
"COG3557",1,7,0,0,0,2
"COG3558",0,0,0,0,0,0
"COG3560",8,8,9,18,10,10
"COG3561",3,4,3,2,3,12
"COG3562",1,1,1,0,1,2
"COG3563",0,1,0,0,0,4
"COG3566",0,0,0,50,1,0
"COG3567",1,0,1,48,0,0
"COG3568",35,37,50,80,58,30
"COG3570",0,0,0,1,0,0
"COG3572",0,4,1,0,0,1
"COG3575",0,10,0,0,0,0
"COG3576",1,0,0,2,0,0
"COG3579",35,47,36,62,38,22
"COG3580",93,136,80,37,77,77
"COG3581",77,148,61,32,59,87
"COG3583",8,7,11,3,16,19
"COG3584",10,26,13,6,16,22
"COG3585",0,3,0,0,2,0
"COG3586",0,7,2,2,2,12
"COG3587",24,107,94,13,22,15
"COG3588",1,0,0,0,0,4
"COG3589",1,0,2,0,1,1
"COG3590",39,29,35,45,38,18
"COG3591",6,0,0,0,0,3
"COG3592",0,1,0,0,0,3
"COG3593",22,14,14,59,5,20
"COG3594",18,6,37,15,31,25
"COG3595",0,0,0,1,1,4
"COG3596",1,1,0,2,7,1
"COG3597",0,0,0,0,4,0
"COG3598",3,35,1,1,4,1
"COG3599",3,20,4,4,4,20
"COG3600",12,0,4,5,4,3
"COG3601",12,6,3,5,12,18
"COG3602",0,0,1,2,0,0
"COG3603",0,0,1,1,2,2
"COG3604",12,1,25,47,21,21
"COG3605",0,0,0,1,0,3
"COG3608",4,32,9,21,8,11
"COG3609",0,0,0,0,0,1
"COG3610",17,9,17,10,14,12
"COG3611",1,24,1,0,1,6
"COG3613",0,17,0,2,0,2
"COG3615",0,0,0,0,0,1
"COG3616",0,3,1,0,2,3
"COG3617",4,17,7,60,22,44
"COG3618",3,1,1,0,0,0
"COG3619",18,10,21,6,12,11
"COG3621",0,0,4,0,0,0
"COG3622",4,0,4,2,1,14
"COG3623",1,2,1,1,0,3
"COG3624",0,0,0,3,0,5
"COG3625",0,0,0,3,1,3
"COG3626",0,0,0,1,0,8
"COG3627",0,0,1,1,0,4
"COG3628",1,0,0,0,0,2
"COG3629",2,1,4,5,1,1
"COG3630",0,0,0,0,0,0
"COG3633",6,36,9,9,17,8
"COG3634",9,4,27,39,33,11
"COG3635",17,7,27,21,26,22
"COG3636",0,4,0,0,0,0
"COG3637",0,2,0,1,0,8
"COG3638",2,15,5,1,0,9
"COG3639",1,32,5,2,6,13
"COG3640",8,29,7,3,4,11
"COG3641",12,34,13,4,13,17
"COG3643",6,1,13,28,10,7
"COG3645",10,18,4,9,27,34
"COG3646",0,2,3,0,3,2
"COG3647",0,0,0,0,0,0
"COG3649",7,6,14,6,12,13
"COG3650",1,0,0,0,0,0
"COG3653",3,1,0,11,5,19
"COG3654",8,6,3,7,4,10
"COG3655",15,10,10,12,11,17
"COG3657",0,1,0,0,0,0
"COG3659",0,0,0,0,0,0
"COG3660",0,0,0,0,0,1
"COG3661",18,0,24,30,17,4
"COG3662",0,0,0,0,0,0
"COG3663",18,10,14,22,34,14
"COG3664",29,11,14,1,9,17
"COG3665",0,0,2,0,0,0
"COG3666",76,31,85,153,95,130
"COG3667",0,0,0,0,0,0
"COG3668",1,0,0,0,1,1
"COG3669",141,52,187,205,233,149
"COG3671",0,6,0,0,1,0
"COG3672",1,0,0,0,0,0
"COG3675",0,0,0,0,0,0
"COG3676",7,3,22,7,18,4
"COG3677",8,1,8,5,4,42
"COG3678",0,0,0,0,0,3
"COG3679",1,8,0,0,0,2
"COG3680",0,0,0,0,1,0
"COG3681",47,32,49,68,39,37
"COG3682",31,20,12,11,14,22
"COG3683",0,2,0,0,0,0
"COG3684",0,16,0,0,0,4
"COG3685",0,0,0,0,0,3
"COG3688",33,54,28,11,49,41
"COG3689",3,7,4,9,5,10
"COG3691",0,1,0,0,0,2
"COG3692",0,0,0,0,0,0
"COG3693",16,0,9,14,37,10
"COG3694",0,0,0,0,0,10
"COG3695",3,6,11,22,12,8
"COG3696",36,12,65,92,91,73
"COG3697",4,5,4,4,0,2
"COG3698",0,0,2,0,1,0
"COG3700",0,0,0,0,0,1
"COG3701",0,0,0,0,0,0
"COG3703",0,0,0,0,0,0
"COG3704",0,2,0,0,0,0
"COG3705",12,48,14,9,24,14
"COG3706",230,64,274,300,240,117
"COG3707",3,7,7,3,3,3
"COG3708",21,25,5,0,3,14
"COG3709",0,1,0,0,0,0
"COG3710",2,3,0,1,0,2
"COG3711",73,40,57,30,24,30
"COG3712",209,43,343,374,279,287
"COG3713",1,5,0,0,0,1
"COG3714",2,0,0,0,0,1
"COG3715",10,57,27,13,9,13
"COG3716",7,68,31,8,6,14
"COG3717",23,14,31,41,41,14
"COG3718",2,15,3,3,2,2
"COG3719",1,0,0,1,0,2
"COG3720",0,1,0,1,0,3
"COG3721",0,5,0,3,0,1
"COG3722",2,2,0,1,0,0
"COG3723",3,2,1,0,1,0
"COG3724",1,0,0,0,0,1
"COG3725",1,0,0,0,0,1
"COG3726",0,2,0,0,0,0
"COG3727",11,14,7,31,9,9
"COG3728",5,14,2,2,3,3
"COG3729",0,0,0,0,0,0
"COG3730",0,0,0,1,0,0
"COG3731",0,2,0,0,0,1
"COG3732",0,0,1,2,0,3
"COG3733",0,0,0,0,0,0
"COG3734",0,1,1,1,0,6
"COG3735",2,2,3,3,8,3
"COG3736",0,1,0,0,0,0
"COG3738",9,4,7,0,2,3
"COG3740",2,8,1,3,6,15
"COG3741",0,0,0,0,0,0
"COG3744",2,1,0,0,0,1
"COG3745",0,0,1,0,0,0
"COG3746",9,1,17,20,5,6
"COG3747",13,1,1,1,1,0
"COG3753",0,0,0,0,0,0
"COG3754",6,1,9,29,32,12
"COG3755",1,0,1,0,0,0
"COG3756",0,0,0,0,0,0
"COG3757",120,67,42,22,68,58
"COG3758",1,1,0,0,1,3
"COG3759",0,0,0,0,0,0
"COG3760",14,26,18,3,8,22
"COG3762",0,0,1,0,1,0
"COG3763",0,2,1,0,0,1
"COG3764",20,44,33,5,13,77
"COG3765",0,0,1,1,0,10
"COG3766",0,0,0,0,0,1
"COG3767",0,0,0,0,0,0
"COG3768",0,0,0,0,0,0
"COG3769",0,0,0,1,0,1
"COG3770",0,0,0,0,0,1
"COG3771",1,1,0,0,0,2
"COG3772",2,2,1,3,3,10
"COG3773",3,10,6,9,26,51
"COG3774",35,27,27,41,23,28
"COG3775",26,24,27,43,12,4
"COG3776",0,0,0,1,0,0
"COG3778",0,6,0,0,2,0
"COG3779",0,0,0,0,0,1
"COG3781",0,0,0,1,0,3
"COG3783",0,0,0,0,0,1
"COG3784",0,0,0,0,0,2
"COG3785",2,0,0,0,0,0
"COG3786",0,2,5,6,3,5
"COG3787",0,0,0,0,1,2
"COG3788",0,1,0,0,0,1
"COG3789",0,1,0,0,0,1
"COG3790",1,0,0,0,0,0
"COG3791",0,0,0,0,0,0
"COG3793",0,0,0,0,0,0
"COG3794",0,0,0,0,0,0
"COG3797",0,0,1,0,0,6
"COG3799",0,2,0,1,1,7
"COG3804",0,2,4,4,3,22
"COG3808",28,36,34,73,39,45
"COG3811",0,0,0,0,0,0
"COG3815",0,1,0,1,1,1
"COG3817",1,13,2,11,3,2
"COG3819",2,14,1,4,0,1
"COG3822",1,1,6,2,3,11
"COG3823",2,0,0,0,2,1
"COG3824",0,0,0,0,0,0
"COG3825",0,0,1,0,0,1
"COG3828",0,2,0,0,0,0
"COG3829",32,14,28,40,17,38
"COG3830",26,13,28,33,32,23
"COG3831",4,2,4,2,3,5
"COG3832",0,0,0,0,0,0
"COG3833",55,43,10,4,18,12
"COG3835",1,37,3,5,3,12
"COG3836",0,0,3,2,9,2
"COG3837",0,0,0,0,0,1
"COG3839",56,74,45,23,49,74
"COG3840",0,0,0,0,0,4
"COG3842",44,88,62,66,50,57
"COG3843",142,37,115,57,93,154
"COG3845",14,43,34,26,42,79
"COG3846",0,0,0,0,0,1
"COG3848",6,28,11,3,9,9
"COG3850",1,12,2,1,4,4
"COG3851",9,0,1,2,0,7
"COG3852",0,2,1,2,1,2
"COG3853",8,7,19,8,13,21
"COG3854",20,23,19,13,16,24
"COG3855",71,34,74,57,52,50
"COG3856",0,1,0,0,0,8
"COG3857",95,149,61,34,67,99
"COG3858",50,39,33,11,27,34
"COG3859",6,20,10,2,6,18
"COG3860",1,0,0,1,0,0
"COG3862",13,4,6,7,9,7
"COG3863",0,0,0,0,0,0
"COG3864",1,13,2,2,1,4
"COG3866",13,25,4,4,6,1
"COG3867",126,6,18,24,24,6
"COG3868",0,0,0,0,1,0
"COG3869",4,28,4,9,7,13
"COG3870",1,8,3,5,6,6
"COG3871",6,3,15,12,7,10
"COG3872",13,32,21,10,22,25
"COG3874",5,3,1,2,4,13
"COG3875",12,25,10,17,17,26
"COG3876",9,1,18,34,20,19
"COG3877",3,0,0,1,3,0
"COG3878",0,0,0,0,0,2
"COG3879",0,0,1,2,3,29
"COG3880",2,13,2,0,3,10
"COG3881",0,0,0,0,0,0
"COG3882",5,0,7,18,13,2
"COG3883",1,17,2,0,3,30
"COG3884",32,41,33,29,33,21
"COG3885",0,1,0,0,0,0
"COG3886",43,19,20,12,18,24
"COG3887",71,76,51,31,53,76
"COG3892",0,0,0,0,0,7
"COG3893",4,1,8,1,8,10
"COG3894",17,11,11,6,14,15
"COG3895",0,0,0,0,0,1
"COG3896",0,0,0,0,0,0
"COG3899",1,7,0,1,0,0
"COG3901",1,1,0,0,0,6
"COG3903",0,0,0,0,0,0
"COG3906",0,6,0,0,0,0
"COG3907",0,0,1,1,0,0
"COG3910",29,2,9,2,7,22
"COG3911",0,0,0,0,0,1
"COG3915",0,0,0,0,0,0
"COG3919",0,0,11,3,3,8
"COG3920",3,11,0,5,0,3
"COG3921",0,0,0,0,0,0
"COG3923",0,0,0,0,0,1
"COG3924",1,0,0,0,0,1
"COG3925",0,1,0,1,1,1
"COG3926",4,0,2,47,3,4
"COG3933",7,55,6,17,1,3
"COG3934",0,0,0,0,3,2
"COG3935",23,44,19,10,17,33
"COG3936",0,0,0,1,0,10
"COG3937",3,2,2,1,0,6
"COG3938",0,1,2,0,2,5
"COG3940",4,12,49,19,20,15
"COG3941",1,1,0,0,0,0
"COG3942",0,2,1,0,1,0
"COG3943",59,34,83,49,50,50
"COG3944",39,49,28,11,21,23
"COG3945",0,0,1,0,0,0
"COG3947",1,0,3,1,2,2
"COG3948",11,0,1,3,4,12
"COG3949",0,3,2,5,8,14
"COG3950",29,30,36,42,22,4
"COG3951",2,2,0,1,3,0
"COG3952",3,1,0,6,6,0
"COG3953",0,0,0,0,0,0
"COG3954",0,0,0,0,0,4
"COG3955",1,0,2,0,3,3
"COG3956",13,3,13,9,12,10
"COG3957",4,8,3,7,23,18
"COG3958",13,8,21,19,49,58
"COG3959",36,20,47,25,45,39
"COG3960",0,1,1,0,0,1
"COG3961",0,0,0,0,0,0
"COG3962",1,0,1,0,3,8
"COG3963",0,0,0,0,0,0
"COG3964",0,0,4,8,4,0
"COG3965",2,9,4,1,2,3
"COG3966",2,15,1,0,0,1
"COG3967",0,0,0,0,0,0
"COG3968",106,58,133,142,130,89
"COG3969",18,7,38,47,22,40
"COG3971",0,0,4,0,0,1
"COG3972",12,0,1,1,0,2
"COG3973",23,94,22,15,31,31
"COG3975",0,15,1,1,2,0
"COG3976",2,39,3,7,3,5
"COG3977",0,0,0,0,1,2
"COG3978",0,0,0,0,0,0
"COG3979",0,1,0,6,1,0
"COG3980",2,2,9,5,6,6
"COG3981",2,0,3,6,5,26
"COG4001",101,52,80,43,55,63
"COG4012",0,0,0,0,0,3
"COG4021",0,0,0,0,1,7
"COG4032",5,1,3,0,2,3
"COG4034",0,0,0,0,0,0
"COG4043",0,2,0,0,1,8
"COG4085",0,0,1,0,0,0
"COG4086",5,4,7,2,5,7
"COG4087",0,1,0,0,0,1
"COG4091",1,1,1,0,0,0
"COG4095",0,0,0,0,0,0
"COG4096",86,14,68,45,71,42
"COG4097",0,12,0,0,5,1
"COG4098",0,19,0,1,0,1
"COG4099",11,4,3,10,13,3
"COG4100",31,38,16,11,20,50
"COG4104",0,0,0,0,0,0
"COG4105",0,4,1,1,6,2
"COG4106",0,0,0,1,0,1
"COG4107",0,0,1,2,0,8
"COG4108",46,87,63,56,63,42
"COG4109",0,0,0,0,3,1
"COG4110",0,0,0,0,0,0
"COG4112",0,0,0,0,0,0
"COG4114",0,0,2,0,0,1
"COG4115",23,0,25,7,10,8
"COG4116",0,0,1,1,0,1
"COG4117",0,1,0,1,0,2
"COG4120",46,27,34,16,31,25
"COG4121",9,3,12,23,17,15
"COG4122",31,19,25,22,35,27
"COG4123",31,42,29,10,13,16
"COG4124",13,0,11,4,20,6
"COG4125",0,5,0,0,0,0
"COG4126",0,0,0,1,0,2
"COG4127",3,16,0,0,0,1
"COG4128",0,0,0,0,0,0
"COG4129",2,1,6,0,7,1
"COG4130",0,0,0,0,0,0
"COG4132",0,3,0,2,2,0
"COG4133",1,5,0,2,2,1
"COG4134",1,1,1,1,1,2
"COG4135",0,1,0,0,0,2
"COG4136",1,0,0,0,0,0
"COG4137",0,8,1,0,0,3
"COG4138",0,0,0,0,0,0
"COG4139",1,0,0,0,0,0
"COG4143",0,0,0,3,0,0
"COG4145",1,1,10,5,7,6
"COG4146",62,6,43,42,39,13
"COG4147",1,1,0,0,0,3
"COG4148",0,11,0,0,5,1
"COG4149",4,5,6,11,11,10
"COG4150",0,0,0,0,0,3
"COG4152",5,11,3,4,17,15
"COG4154",5,1,1,2,2,8
"COG4158",4,0,3,1,3,1
"COG4160",0,1,0,0,0,4
"COG4161",0,0,0,0,0,0
"COG4166",40,214,77,3,15,22
"COG4167",0,0,0,1,0,4
"COG4168",0,1,0,1,0,3
"COG4170",0,0,0,0,1,2
"COG4171",0,0,0,1,0,0
"COG4172",7,8,1,0,1,6
"COG4174",0,0,0,1,0,2
"COG4175",9,3,23,36,22,10
"COG4176",8,1,12,27,11,8
"COG4177",19,18,11,27,26,34
"COG4178",0,1,2,2,0,2
"COG4181",1,0,2,0,1,3
"COG4185",32,4,15,9,8,7
"COG4186",3,14,9,7,11,8
"COG4187",0,21,2,4,1,0
"COG4188",1,0,0,0,0,2
"COG4189",12,0,5,1,3,3
"COG4191",3,0,8,17,1,10
"COG4192",0,0,0,0,0,0
"COG4193",11,0,6,3,10,28
"COG4194",0,0,0,0,0,0
"COG4197",0,0,1,0,0,0
"COG4198",34,20,30,44,27,27
"COG4199",0,12,0,0,0,0
"COG4200",5,0,1,0,2,1
"COG4206",88,29,182,216,166,81
"COG4208",8,6,6,0,6,9
"COG4209",72,80,38,28,39,125
"COG4211",38,15,17,8,16,20
"COG4213",7,2,4,5,3,3
"COG4214",2,0,0,4,1,3
"COG4215",1,1,0,0,0,8
"COG4219",80,44,21,20,44,59
"COG4220",0,0,0,0,0,2
"COG4221",11,9,18,16,23,6
"COG4222",2,0,0,0,0,1
"COG4224",20,11,7,0,7,4
"COG4225",79,45,135,171,82,57
"COG4226",3,1,1,1,0,3
"COG4227",13,0,56,19,17,9
"COG4228",0,15,1,3,0,0
"COG4229",0,0,0,0,0,0
"COG4230",0,1,1,0,0,2
"COG4231",20,39,49,31,53,49
"COG4232",18,17,13,24,41,21
"COG4233",0,9,0,1,1,0
"COG4235",0,21,0,1,3,3
"COG4237",0,1,2,0,3,0
"COG4238",0,0,0,0,0,1
"COG4239",0,0,0,0,0,1
"COG4241",1,0,1,1,1,1
"COG4242",0,0,0,0,0,1
"COG4243",0,0,0,0,0,0
"COG4245",2,1,0,0,1,3
"COG4248",2,1,0,0,5,8
"COG4249",1,0,1,6,2,3
"COG4251",0,0,0,0,0,0
"COG4252",0,0,0,0,0,0
"COG4253",0,0,0,0,0,0
"COG4256",0,0,0,0,0,1
"COG4258",1,16,0,1,9,3
"COG4260",31,34,22,14,24,32
"COG4261",4,6,10,10,12,3
"COG4262",0,0,0,2,0,0
"COG4263",0,0,0,0,0,0
"COG4264",0,0,0,3,0,11
"COG4267",2,12,7,5,6,1
"COG4268",58,1,3,3,6,2
"COG4269",1,1,0,1,0,4
"COG4271",2,0,0,1,1,4
"COG4275",0,0,0,0,0,0
"COG4277",35,38,31,26,44,27
"COG4279",0,17,1,0,4,2
"COG4282",0,0,0,9,1,0
"COG4283",14,21,13,0,0,8
"COG4284",24,20,15,0,12,36
"COG4286",22,3,8,1,8,1
"COG4287",0,0,0,0,0,0
"COG4288",0,1,0,0,0,0
"COG4289",16,6,44,41,39,35
"COG4290",0,0,0,0,0,0
"COG4292",2,0,0,1,0,0
"COG4294",0,0,1,0,0,1
"COG4295",13,23,1,3,6,0
"COG4296",3,1,4,2,2,1
"COG4299",20,3,50,52,38,32
"COG4300",0,1,0,0,0,0
"COG4302",0,0,0,2,0,5
"COG4303",1,2,2,2,1,4
"COG4310",0,0,0,0,1,1
"COG4314",0,3,0,0,0,0
"COG4316",0,0,0,0,0,0
"COG4319",0,0,0,0,0,0
"COG4320",0,0,0,0,0,0
"COG4325",0,0,0,0,0,0
"COG4330",0,6,0,0,0,0
"COG4332",4,1,2,0,1,0
"COG4333",1,0,5,0,5,2
"COG4335",0,0,5,2,2,0
"COG4336",1,0,2,0,2,2
"COG4354",15,0,20,7,11,3
"COG4357",1,0,0,0,0,0
"COG4359",0,0,0,0,0,0
"COG4372",1,3,0,1,0,0
"COG4373",0,0,0,1,0,0
"COG4377",7,16,5,2,7,1
"COG4379",0,10,1,1,1,2
"COG4380",0,0,0,0,0,0
"COG4381",0,1,0,0,1,0
"COG4382",0,0,0,0,0,0
"COG4383",17,1,3,1,4,2
"COG4384",0,10,0,1,2,1
"COG4385",0,1,2,1,1,3
"COG4386",0,21,0,1,5,1
"COG4387",0,0,0,0,0,0
"COG4388",0,0,0,0,1,0
"COG4389",0,2,0,0,0,0
"COG4390",0,1,0,0,0,0
"COG4392",0,0,0,0,0,0
"COG4393",0,2,0,1,0,0
"COG4394",0,7,0,3,2,0
"COG4395",0,10,1,4,0,1
"COG4396",0,0,0,0,1,1
"COG4397",0,0,0,0,2,0
"COG4399",1,0,0,0,1,0
"COG4401",0,0,0,0,0,0
"COG4403",46,0,4,0,0,1
"COG4405",0,0,0,0,0,3
"COG4408",0,0,0,0,0,0
"COG4409",27,14,25,32,42,39
"COG4412",10,0,4,4,4,7
"COG4413",4,1,8,16,5,0
"COG4420",0,0,0,0,0,7
"COG4421",0,0,0,0,0,1
"COG4422",17,13,69,68,55,33
"COG4430",2,6,5,8,5,4
"COG4443",6,15,5,4,8,0
"COG4445",0,0,0,0,0,0
"COG4448",0,0,1,0,2,2
"COG4452",3,2,0,0,6,7
"COG4453",0,0,0,0,0,0
"COG4456",2,0,0,1,2,2
"COG4457",3,1,0,1,1,2
"COG4458",1,4,1,0,0,0
"COG4460",0,0,0,0,0,0
"COG4463",1,12,4,1,4,11
"COG4464",21,42,22,18,24,25
"COG4465",21,24,12,6,6,13
"COG4466",1,2,0,0,0,2
"COG4467",0,7,0,0,0,0
"COG4468",26,59,36,17,25,32
"COG4469",0,11,0,0,0,1
"COG4470",1,11,0,0,0,1
"COG4471",0,8,0,0,0,0
"COG4472",11,19,8,8,6,11
"COG4473",0,6,0,0,0,0
"COG4474",1,4,0,6,17,7
"COG4475",5,14,5,9,2,9
"COG4476",0,16,0,1,0,0
"COG4477",1,31,1,0,0,5
"COG4478",0,9,2,2,0,1
"COG4479",0,3,0,0,0,0
"COG4481",3,11,4,5,4,6
"COG4483",0,7,0,0,0,0
"COG4485",46,248,57,3,15,10
"COG4487",0,0,0,0,1,0
"COG4492",18,13,9,4,7,9
"COG4495",18,3,1,0,3,5
"COG4496",12,8,10,5,9,14
"COG4499",1,1,0,0,0,0
"COG4502",0,0,0,0,1,3
"COG4506",22,17,15,7,14,10
"COG4508",1,0,1,0,0,0
"COG4509",36,50,39,22,24,73
"COG4512",4,0,0,0,2,12
"COG4521",0,0,0,4,1,4
"COG4525",1,0,0,0,0,0
"COG4529",0,1,0,0,0,4
"COG4531",0,0,0,1,0,0
"COG4533",1,0,0,0,0,1
"COG4535",0,9,3,0,4,4
"COG4536",18,3,13,17,9,4
"COG4537",0,0,0,0,0,0
"COG4540",0,0,0,0,0,3
"COG4541",0,2,0,0,0,0
"COG4542",1,3,0,0,0,0
"COG4545",0,0,0,0,0,0
"COG4547",0,0,0,0,0,0
"COG4548",7,13,10,4,6,17
"COG4550",0,0,0,0,0,0
"COG4552",18,38,21,20,12,26
"COG4555",0,0,1,0,1,4
"COG4558",0,0,0,0,0,1
"COG4559",0,0,0,0,0,2
"COG4564",8,0,3,0,4,0
"COG4565",0,1,0,1,0,6
"COG4566",1,66,3,9,14,1
"COG4568",1,0,0,0,1,0
"COG4569",0,0,1,0,0,2
"COG4570",4,3,2,14,5,7
"COG4571",0,1,0,3,0,1
"COG4572",0,0,0,0,0,0
"COG4573",2,1,6,0,0,11
"COG4574",0,2,0,1,0,0
"COG4575",0,3,0,0,0,3
"COG4576",0,0,0,0,1,4
"COG4577",12,3,7,9,4,7
"COG4578",0,0,0,0,0,3
"COG4579",0,0,0,1,0,2
"COG4580",2,0,2,1,0,6
"COG4581",0,0,0,0,0,0
"COG4582",0,2,0,0,0,2
"COG4584",34,26,122,32,62,55
"COG4585",27,34,19,20,12,3
"COG4586",1,2,0,0,1,14
"COG4587",0,0,0,0,0,17
"COG4589",2,8,3,2,7,0
"COG4590",0,0,0,0,0,0
"COG4591",29,20,40,28,11,10
"COG4592",0,0,0,0,0,1
"COG4594",0,0,0,0,0,0
"COG4597",1,9,0,1,2,3
"COG4598",0,1,0,0,0,2
"COG4603",19,31,18,19,26,55
"COG4604",1,16,3,0,0,0
"COG4605",2,17,2,0,0,0
"COG4606",3,13,1,0,1,1
"COG4607",3,6,1,3,0,0
"COG4608",11,31,6,28,35,78
"COG4615",1,0,1,0,0,3
"COG4618",0,0,0,1,1,0
"COG4619",0,23,1,0,0,2
"COG4623",9,1,21,42,17,9
"COG4624",113,99,115,103,100,129
"COG4625",2,3,0,0,2,3
"COG4626",29,46,17,18,24,58
"COG4627",0,0,0,0,0,0
"COG4628",0,0,0,0,0,0
"COG4631",0,0,0,0,0,0
"COG4632",19,26,34,13,33,29
"COG4633",1,0,2,4,0,0
"COG4635",0,3,0,1,3,2
"COG4636",14,19,5,3,1,1
"COG4637",13,0,20,12,16,6
"COG4638",1,1,0,1,0,0
"COG4639",0,0,2,0,0,8
"COG4640",0,0,0,0,0,0
"COG4641",25,107,22,2,22,3
"COG4642",14,2,8,22,17,2
"COG4643",0,16,0,0,3,3
"COG4644",1,4,0,5,0,29
"COG4646",200,44,253,338,245,328
"COG4648",0,3,0,1,0,0
"COG4650",1,0,1,1,0,6
"COG4651",2,12,1,0,2,3
"COG4652",0,0,11,0,0,3
"COG4653",2,0,5,7,8,15
"COG4656",33,35,63,21,27,20
"COG4657",22,17,31,23,27,30
"COG4658",35,19,35,54,57,33
"COG4659",33,16,29,32,30,22
"COG4660",42,16,36,32,47,34
"COG4662",0,0,0,1,0,1
"COG4663",0,0,0,0,2,0
"COG4664",0,0,2,0,2,1
"COG4665",0,0,1,1,1,1
"COG4666",5,3,11,3,14,23
"COG4667",37,53,36,33,32,23
"COG4668",1,5,4,2,0,14
"COG4669",1,0,0,0,0,0
"COG4670",4,7,5,10,5,14
"COG4672",1,0,0,2,0,4
"COG4674",0,0,0,0,0,0
"COG4675",0,0,0,0,0,6
"COG4676",1,0,0,0,0,2
"COG4677",51,36,53,95,34,8
"COG4678",0,0,0,0,0,0
"COG4679",0,0,3,0,0,1
"COG4680",9,4,1,7,0,3
"COG4681",0,1,0,0,0,1
"COG4682",0,0,0,0,0,3
"COG4683",0,0,0,1,0,0
"COG4684",17,22,9,3,2,3
"COG4685",1,0,2,1,0,2
"COG4687",0,14,0,0,0,0
"COG4688",0,0,0,0,0,0
"COG4690",39,66,34,52,51,21
"COG4692",23,4,33,34,41,1
"COG4693",1,0,0,1,0,1
"COG4694",6,0,4,0,1,8
"COG4695",5,11,2,12,7,18
"COG4696",0,0,2,0,0,1
"COG4698",0,11,0,0,0,0
"COG4699",0,0,0,0,0,0
"COG4700",0,0,0,0,0,0
"COG4701",0,1,0,0,0,0
"COG4702",3,4,1,3,1,1
"COG4703",0,2,0,0,0,0
"COG4704",0,0,0,0,0,0
"COG4706",0,6,0,0,1,0
"COG4708",13,20,12,9,10,14
"COG4709",0,5,7,0,3,2
"COG4710",0,0,0,0,0,0
"COG4712",0,1,2,32,0,3
"COG4713",12,46,4,8,4,6
"COG4715",0,0,0,0,0,2
"COG4716",19,54,29,13,31,23
"COG4717",31,20,16,11,15,20
"COG4718",0,1,0,0,0,5
"COG4720",17,47,6,5,14,7
"COG4721",1,3,0,1,0,1
"COG4722",2,49,5,0,1,4
"COG4723",0,0,0,3,0,6
"COG4724",12,2,4,0,6,3
"COG4725",21,1,12,2,6,25
"COG4728",20,5,22,8,9,6
"COG4729",0,0,0,0,0,0
"COG4731",0,0,0,0,0,0
"COG4732",21,2,7,5,8,3
"COG4733",1,5,3,3,0,19
"COG4734",22,10,7,12,9,2
"COG4735",1,1,1,1,0,2
"COG4737",0,0,0,0,0,0
"COG4739",2,3,15,13,9,0
"COG4744",10,2,8,7,6,3
"COG4747",14,4,15,19,14,21
"COG4748",1,1,13,0,1,3
"COG4750",44,110,41,18,29,8
"COG4752",0,2,0,2,0,0
"COG4753",330,178,375,340,322,262
"COG4757",0,0,0,0,0,0
"COG4758",0,0,0,0,0,0
"COG4760",0,0,0,0,0,0
"COG4763",0,0,1,2,1,3
"COG4766",0,0,0,1,1,2
"COG4767",32,42,15,9,18,27
"COG4768",0,10,0,0,0,0
"COG4769",10,14,10,4,9,11
"COG4770",0,0,1,1,1,1
"COG4771",45,37,132,153,102,70
"COG4772",0,0,0,3,0,0
"COG4773",0,1,0,0,0,3
"COG4774",0,1,0,0,0,3
"COG4775",36,15,36,65,38,31
"COG4776",0,2,0,0,0,2
"COG4778",0,0,0,3,1,4
"COG4779",1,0,0,0,0,1
"COG4781",0,0,0,0,0,0
"COG4783",3,10,2,5,1,4
"COG4784",9,0,2,4,7,3
"COG4785",0,0,0,0,0,0
"COG4786",35,58,8,7,14,11
"COG4787",0,0,1,2,0,2
"COG4789",0,2,0,1,0,0
"COG4790",0,1,0,0,0,1
"COG4791",0,0,0,2,0,0
"COG4792",0,0,0,0,1,0
"COG4794",0,0,0,0,0,0
"COG4795",0,1,0,0,0,4
"COG4796",1,6,2,3,3,1
"COG4797",0,6,0,0,0,0
"COG4799",72,36,107,36,33,23
"COG4803",0,0,0,0,0,0
"COG4804",143,55,85,68,76,54
"COG4805",10,15,5,17,23,24
"COG4806",23,27,30,51,24,21
"COG4807",0,0,0,0,0,0
"COG4808",0,0,0,0,1,1
"COG4809",0,0,0,0,0,0
"COG4810",9,5,6,0,0,2
"COG4811",0,0,1,0,0,0
"COG4812",1,0,1,0,0,0
"COG4813",0,1,0,0,1,5
"COG4814",0,29,0,0,0,0
"COG4816",1,1,1,5,2,7
"COG4819",3,1,2,3,1,8
"COG4820",2,3,2,2,0,4
"COG4821",0,2,2,1,2,3
"COG4822",31,36,43,47,19,29
"COG4823",56,92,42,17,32,19
"COG4824",4,10,2,8,5,20
"COG4825",0,0,0,0,0,0
"COG4826",3,5,9,2,12,18
"COG4828",2,0,8,7,4,4
"COG4829",0,0,0,0,0,0
"COG4832",10,17,3,0,0,8
"COG4833",31,5,54,39,43,17
"COG4834",0,0,0,3,0,0
"COG4835",0,0,0,0,0,0
"COG4839",0,0,0,0,0,0
"COG4842",0,2,6,0,3,3
"COG4843",0,0,0,0,0,3
"COG4845",20,9,21,36,18,19
"COG4849",0,0,0,0,0,0
"COG4850",0,0,0,0,0,1
"COG4851",0,15,2,1,0,0
"COG4853",0,8,0,0,0,0
"COG4856",23,58,38,13,29,36
"COG4857",0,0,5,1,3,2
"COG4858",0,6,0,0,0,0
"COG4859",1,0,0,0,3,0
"COG4861",0,0,0,0,0,0
"COG4862",29,36,14,2,8,13
"COG4864",7,21,24,37,23,23
"COG4865",0,0,0,1,0,3
"COG4866",19,9,26,46,36,28
"COG4868",21,37,29,20,34,40
"COG4869",6,3,6,3,6,11
"COG4870",23,36,25,12,25,18
"COG4871",0,0,0,0,0,0
"COG4874",1,3,8,8,7,0
"COG4877",1,8,2,0,1,1
"COG4878",1,12,10,8,2,0
"COG4880",19,6,14,0,6,24
"COG4884",1,0,0,0,0,0
"COG4886",34,28,59,66,71,78
"COG4887",7,4,6,12,5,1
"COG4889",4,0,38,0,3,3
"COG4890",0,0,0,0,0,0
"COG4892",0,4,0,0,0,0
"COG4894",2,2,7,3,5,9
"COG4895",0,0,0,0,0,0
"COG4898",2,0,1,0,0,0
"COG4903",0,0,0,0,0,2
"COG4905",49,71,35,16,34,68
"COG4907",0,93,2,2,0,9
"COG4908",0,0,0,0,0,1
"COG4909",2,8,1,1,0,0
"COG4910",0,2,1,0,0,0
"COG4912",36,17,27,25,29,19
"COG4913",16,0,33,1,16,9
"COG4916",0,0,0,0,0,1
"COG4917",3,3,4,2,0,2
"COG4922",0,10,1,0,0,0
"COG4924",0,0,5,0,0,1
"COG4925",1,7,1,4,4,1
"COG4926",1,6,2,2,5,29
"COG4927",13,0,1,0,1,0
"COG4928",19,2,1,3,1,21
"COG4929",0,0,0,0,1,3
"COG4930",14,0,12,13,12,11
"COG4932",132,61,92,41,77,115
"COG4933",1,0,1,0,3,2
"COG4936",5,6,3,1,6,7
"COG4937",5,0,4,9,12,7
"COG4938",15,0,12,0,3,0
"COG4939",0,0,1,0,0,0
"COG4940",0,0,1,2,1,4
"COG4942",6,19,7,7,7,11
"COG4943",2,2,1,0,1,3
"COG4946",46,13,94,117,93,43
"COG4947",2,0,9,0,5,1
"COG4948",23,25,30,67,53,39
"COG4950",0,0,0,0,0,0
"COG4951",23,35,6,21,26,14
"COG4952",0,0,3,1,1,0
"COG4953",4,0,9,3,13,18
"COG4955",0,10,0,0,0,0
"COG4956",3,33,1,2,1,7
"COG4957",0,0,0,0,0,1
"COG4959",0,0,0,0,0,0
"COG4962",62,36,42,30,40,33
"COG4963",0,0,2,0,2,0
"COG4964",0,0,0,0,0,0
"COG4965",8,25,3,6,7,9
"COG4967",0,0,0,0,0,1
"COG4969",0,0,0,1,0,1
"COG4972",13,16,3,5,11,6
"COG4973",17,6,22,21,18,7
"COG4974",328,151,172,240,206,124
"COG4975",0,11,0,0,0,0
"COG4977",42,14,52,57,73,59
"COG4978",9,16,14,10,8,15
"COG4981",0,0,0,4,0,0
"COG4982",0,0,0,0,0,0
"COG4983",1,1,2,1,3,14
"COG4984",1,1,3,0,3,3
"COG4985",3,13,2,0,4,7
"COG4986",0,0,0,0,0,0
"COG4987",1,40,1,0,1,3
"COG4988",14,6,12,10,11,20
"COG4989",9,14,7,1,1,14
"COG4990",6,46,5,2,8,2
"COG4992",76,71,78,70,77,54
"COG4993",2,0,1,0,0,4
"COG4995",2,0,31,5,7,2
"COG4997",0,0,1,0,0,5
"COG4999",272,74,268,138,316,197
"COG5000",37,31,79,69,86,44
"COG5001",176,73,91,44,97,51
"COG5002",246,80,488,436,405,193
"COG5004",0,1,0,0,0,0
"COG5005",0,0,0,1,1,0
"COG5006",1,0,0,0,0,2
"COG5007",0,1,0,0,0,1
"COG5009",53,26,55,61,61,50
"COG5011",18,6,8,1,5,8
"COG5012",5,4,17,3,4,10
"COG5013",3,6,0,4,1,7
"COG5015",8,13,7,1,9,17
"COG5016",85,27,104,112,79,45
"COG5017",6,1,2,0,1,3
"COG5018",5,6,7,14,8,5
"COG5026",2,1,7,5,1,7
"COG5029",0,0,0,0,0,0
"COG5039",1,3,2,1,4,5
"COG5042",0,0,0,0,0,0
"COG5048",0,0,1,1,0,0
"COG5108",0,0,0,0,0,0
"COG5146",9,1,8,19,16,4
"COG5184",20,3,4,6,2,31
"COG5206",3,0,0,38,4,1
"COG5255",0,0,0,0,0,0
"COG5263",30,23,23,104,17,14
"COG5265",0,0,0,0,0,0
"COG5266",1,0,0,3,0,0
"COG5268",0,0,0,0,0,0
"COG5271",0,0,2,0,0,0
"COG5272",0,0,2,0,0,0
"COG5276",3,0,5,2,0,0
"COG5279",80,32,22,11,50,53
"COG5280",34,2,3,4,10,9
"COG5281",9,6,2,9,1,29
"COG5282",0,0,0,1,0,0
"COG5283",27,61,4,7,39,87
"COG5285",0,0,0,0,0,0
"COG5293",4,1,2,0,0,2
"COG5294",0,0,0,0,0,0
"COG5295",1,72,9,19,2,13
"COG5298",0,0,1,1,0,0
"COG5301",0,12,1,2,1,14
"COG5302",0,0,0,0,0,1
"COG5305",0,1,5,0,3,12
"COG5309",0,0,1,0,0,1
"COG5314",0,0,0,0,0,1
"COG5319",0,3,0,0,2,0
"COG5322",0,0,2,0,0,0
"COG5324",1,0,0,0,4,0
"COG5337",2,0,8,3,3,1
"COG5339",0,3,1,0,1,9
"COG5340",0,0,0,0,1,0
"COG5341",1,0,3,6,4,3
"COG5345",0,0,0,1,0,0
"COG5353",0,6,0,0,0,0
"COG5360",9,0,0,1,0,0
"COG5361",3,0,10,0,3,5
"COG5362",0,1,0,0,2,4
"COG5368",9,3,22,40,28,3
"COG5373",1,1,4,3,1,1
"COG5377",5,0,10,6,10,13
"COG5383",0,0,0,0,0,0
"COG5393",0,0,0,0,0,0
"COG5398",0,0,0,0,0,0
"COG5401",0,0,0,0,3,10
"COG5404",0,1,0,0,0,3
"COG5405",0,13,0,0,5,4
"COG5410",15,2,10,3,30,60
"COG5412",38,117,12,11,20,40
"COG5413",0,0,0,0,0,0
"COG5418",0,2,2,0,0,3
"COG5421",4,75,9,27,18,6
"COG5423",0,0,2,0,1,1
"COG5424",0,0,0,0,0,0
"COG5426",0,1,1,0,2,2
"COG5427",6,7,4,1,0,2
"COG5433",38,7,53,16,32,5
"COG5434",139,98,189,184,174,39
"COG5437",0,0,0,0,0,0
"COG5438",15,37,14,10,7,16
"COG5441",0,1,2,7,1,2
"COG5444",0,7,4,0,2,1
"COG5445",0,0,1,2,0,2
"COG5449",0,2,0,0,0,0
"COG5455",0,0,0,0,0,0
"COG5457",0,0,0,0,0,0
"COG5459",0,0,0,0,0,1
"COG5463",1,0,0,3,0,3
"COG5464",4,1,3,1,2,32
"COG5470",0,0,0,0,0,0
"COG5471",0,0,0,0,0,0
"COG5474",0,0,0,0,0,1
"COG5475",0,0,1,0,0,2
"COG5476",3,0,4,1,1,9
"COG5482",0,0,0,2,0,0
"COG5483",0,3,11,0,0,0
"COG5484",1,2,2,4,1,9
"COG5485",0,0,0,0,0,2
"COG5492",16,53,50,22,43,95
"COG5493",0,0,0,0,0,1
"COG5495",17,2,13,6,7,7
"COG5496",14,2,11,12,13,9
"COG5498",11,1,39,16,14,13
"COG5499",0,3,0,0,0,1
"COG5503",0,4,0,0,0,0
"COG5504",0,2,0,1,0,1
"COG5505",3,15,6,2,6,7
"COG5506",1,10,0,0,0,0
"COG5507",0,0,0,0,0,2
"COG5510",1,0,0,0,0,0
"COG5511",10,15,7,10,8,18
"COG5512",2,1,1,0,2,0
"COG5514",0,0,0,0,0,0
"COG5517",0,0,0,0,0,0
"COG5518",0,0,0,0,0,4
"COG5519",1,0,0,100,7,14
"COG5520",25,14,50,42,61,26
"COG5521",0,27,0,0,0,0
"COG5522",1,1,0,0,5,2
"COG5523",25,19,13,8,16,16
"COG5525",19,8,4,6,4,21
"COG5527",3,2,7,2,1,9
"COG5529",0,2,0,0,0,10
"COG5532",0,8,0,0,0,8
"COG5542",0,0,3,1,11,17
"COG5544",0,0,0,0,0,0
"COG5545",117,50,166,114,133,95
"COG5546",0,0,0,0,0,0
"COG5549",0,0,0,0,0,0
"COG5551",0,4,1,1,3,4
"COG5553",0,0,0,0,0,0
"COG5557",0,2,1,0,2,2
"COG5561",0,1,4,2,0,1
"COG5562",0,0,0,0,0,0
"COG5564",0,0,1,1,0,0
"COG5565",0,0,0,0,0,0
"COG5566",0,0,0,0,0,0
"COG5567",0,0,0,0,0,1
"COG5569",0,0,0,0,0,0
"COG5571",0,0,0,0,0,3
"COG5577",12,20,4,0,13,2
"COG5578",0,0,0,0,0,0
"COG5579",8,0,0,3,1,0
"COG5581",2,2,0,0,0,5
"COG5585",8,16,2,12,4,38
"COG5586",0,0,0,0,0,1
"COG5587",14,2,19,21,9,15
"COG5595",0,0,0,0,0,0
"COG5598",1,0,0,0,0,1
"COG5606",0,0,0,0,0,0
"COG5610",13,0,11,32,26,20
"COG5614",0,1,0,0,0,1
"COG5617",1,19,2,0,11,0
"COG5618",0,0,0,0,0,0
"COG5619",0,0,0,0,0,0
"COG5620",3,0,7,9,0,1
"COG5632",25,13,13,11,10,14
"COG5633",0,0,0,0,0,1
"COG5635",4,1,3,7,7,1
"COG5640",0,0,0,1,0,5
"COG5642",0,0,0,0,0,0
"COG5645",0,1,2,0,0,1
"COG5646",0,0,0,0,0,0
"COG5651",1,0,0,0,0,0
"COG5652",7,16,8,8,7,1
"COG5654",0,0,0,0,0,0
"COG5655",1,0,2,2,0,23
"COG5658",4,14,6,1,6,20
"COG5659",0,0,0,0,0,1
"COG5663",2,1,1,2,3,6
