"","NOM005","NOF013","NLM029","DLM022","NLM004","DLM017"
"COG0001",1,1,2,0,0,3
"COG0002",6,4,2,1,8,2
"COG0003",0,3,1,1,0,0
"COG0004",7,7,4,3,10,5
"COG0005",0,0,6,1,1,4
"COG0006",7,12,6,10,19,14
"COG0007",2,0,2,2,1,0
"COG0008",16,8,14,18,13,18
"COG0009",4,7,3,5,5,8
"COG0010",1,0,4,2,0,1
"COG0011",0,0,0,0,0,0
"COG0012",5,2,5,8,12,5
"COG0013",8,2,13,21,17,16
"COG0014",5,7,9,1,9,3
"COG0015",4,3,7,9,7,3
"COG0016",5,3,5,9,4,6
"COG0017",5,5,2,8,5,6
"COG0018",5,10,10,13,11,9
"COG0019",18,10,13,7,6,6
"COG0020",4,2,2,4,3,8
"COG0021",6,1,7,3,4,9
"COG0022",0,2,1,3,0,0
"COG0023",1,1,0,0,0,0
"COG0024",8,6,8,6,5,5
"COG0025",5,0,1,1,0,2
"COG0026",1,0,0,1,0,0
"COG0027",1,4,1,1,4,3
"COG0028",21,13,9,10,12,12
"COG0029",4,4,6,4,11,5
"COG0030",6,5,8,14,8,3
"COG0031",4,5,6,3,4,8
"COG0033",0,0,0,1,0,0
"COG0034",5,7,9,8,10,8
"COG0035",0,4,3,2,2,6
"COG0036",8,4,6,4,5,9
"COG0037",4,7,10,6,5,8
"COG0038",6,8,6,5,2,5
"COG0039",2,7,6,4,7,7
"COG0040",3,1,3,1,2,1
"COG0041",2,0,2,1,4,2
"COG0042",11,4,6,7,7,8
"COG0043",3,0,0,4,0,1
"COG0044",4,3,3,6,7,11
"COG0045",1,0,0,2,0,1
"COG0046",5,13,10,7,9,12
"COG0047",10,6,16,9,13,19
"COG0048",2,0,5,4,4,2
"COG0049",2,2,5,4,4,4
"COG0050",4,3,9,5,8,11
"COG0051",2,1,1,1,2,0
"COG0052",5,1,2,6,7,1
"COG0053",5,4,12,10,6,1
"COG0054",1,1,0,3,4,3
"COG0055",6,10,8,7,6,7
"COG0056",7,4,11,5,10,14
"COG0057",3,4,3,9,5,5
"COG0058",13,10,19,18,18,11
"COG0059",4,7,3,4,3,2
"COG0060",11,8,19,17,9,23
"COG0061",3,7,7,2,6,5
"COG0062",1,0,3,1,5,7
"COG0063",1,3,4,6,11,5
"COG0064",2,2,2,3,0,3
"COG0065",8,6,4,3,3,7
"COG0066",1,5,0,1,1,3
"COG0067",6,11,15,5,14,11
"COG0068",6,0,4,0,1,1
"COG0069",10,10,8,2,12,12
"COG0070",10,11,9,10,9,14
"COG0071",2,3,2,6,5,3
"COG0072",3,7,8,11,4,10
"COG0073",16,9,11,19,5,18
"COG0074",4,0,0,2,0,0
"COG0075",2,0,1,1,4,1
"COG0076",6,1,1,1,1,1
"COG0077",6,2,3,3,3,4
"COG0078",5,2,2,5,7,8
"COG0079",8,6,8,4,5,6
"COG0080",6,3,4,3,2,4
"COG0081",6,4,2,1,2,5
"COG0082",4,1,7,2,3,8
"COG0083",1,0,0,0,0,0
"COG0084",8,3,1,6,5,5
"COG0085",15,13,12,27,19,19
"COG0086",18,17,19,19,23,21
"COG0087",1,2,1,9,3,5
"COG0088",0,4,5,5,3,3
"COG0089",1,0,2,1,1,3
"COG0090",1,3,2,6,7,2
"COG0091",3,1,3,1,1,5
"COG0092",0,4,3,5,1,4
"COG0093",0,0,3,6,6,4
"COG0094",2,3,5,5,3,4
"COG0095",0,0,0,1,0,0
"COG0096",3,5,3,6,3,1
"COG0097",2,0,5,1,4,4
"COG0098",1,0,2,3,3,3
"COG0099",5,3,3,3,2,3
"COG0100",3,2,3,1,2,4
"COG0101",4,4,5,3,4,5
"COG0102",2,2,2,2,2,4
"COG0103",2,1,5,6,1,1
"COG0104",6,9,9,3,12,4
"COG0105",0,0,2,0,0,0
"COG0106",1,5,3,1,3,5
"COG0107",4,1,7,1,3,2
"COG0108",2,4,4,1,6,6
"COG0109",1,0,0,0,0,0
"COG0110",6,21,13,14,5,16
"COG0111",6,7,5,4,6,8
"COG0112",4,9,2,6,8,6
"COG0113",2,0,2,1,0,2
"COG0114",1,0,0,1,0,1
"COG0115",3,4,12,4,11,10
"COG0116",5,7,4,3,5,4
"COG0117",1,2,3,3,4,2
"COG0118",2,1,3,2,4,0
"COG0119",7,8,14,9,9,16
"COG0120",0,3,0,1,1,1
"COG0121",1,0,0,0,0,0
"COG0122",2,1,2,5,0,1
"COG0123",0,0,0,0,0,0
"COG0124",2,4,5,6,7,7
"COG0125",2,0,1,3,1,3
"COG0126",4,2,10,7,5,7
"COG0127",2,4,2,6,5,3
"COG0128",3,3,5,3,8,1
"COG0129",13,11,8,8,6,12
"COG0130",3,2,6,4,3,6
"COG0131",1,1,0,3,1,1
"COG0132",1,1,1,0,0,3
"COG0133",4,4,7,6,4,7
"COG0134",5,1,0,2,6,1
"COG0135",3,0,4,3,3,2
"COG0136",5,3,5,3,3,4
"COG0137",7,9,7,3,11,7
"COG0138",7,8,4,4,11,8
"COG0139",5,3,3,4,2,0
"COG0140",3,0,4,1,2,0
"COG0141",1,3,6,5,4,6
"COG0142",6,4,6,3,11,7
"COG0143",2,4,10,10,9,13
"COG0144",7,5,9,7,9,6
"COG0145",0,1,0,0,3,0
"COG0146",1,0,0,0,0,0
"COG0147",6,2,2,3,10,7
"COG0148",1,3,8,6,5,10
"COG0149",2,2,2,2,2,2
"COG0150",5,4,9,5,8,3
"COG0151",9,0,5,2,6,2
"COG0152",3,3,1,3,1,7
"COG0153",7,8,3,7,8,7
"COG0154",5,3,4,5,5,1
"COG0155",3,0,0,0,1,1
"COG0156",5,7,6,7,1,16
"COG0157",4,4,3,4,3,6
"COG0158",0,0,1,0,0,0
"COG0159",1,1,1,2,6,2
"COG0160",2,0,3,1,2,1
"COG0161",0,4,1,2,0,4
"COG0162",2,4,6,10,9,3
"COG0163",0,0,0,0,0,2
"COG0164",0,2,6,3,2,2
"COG0165",7,4,1,7,6,11
"COG0166",4,4,10,9,4,9
"COG0167",3,6,3,6,4,4
"COG0168",15,21,20,11,6,14
"COG0169",5,3,4,2,9,4
"COG0170",0,0,0,1,0,0
"COG0171",3,7,6,4,8,5
"COG0172",4,4,6,7,7,4
"COG0173",7,12,13,12,11,11
"COG0174",4,3,0,5,2,3
"COG0175",3,2,1,5,1,3
"COG0176",6,4,2,3,1,2
"COG0177",4,1,5,5,2,3
"COG0178",9,14,13,27,30,29
"COG0179",3,3,1,3,1,3
"COG0180",4,5,4,8,7,8
"COG0181",5,0,0,2,1,1
"COG0182",0,0,1,4,0,0
"COG0183",6,1,3,7,1,1
"COG0184",0,0,1,3,3,2
"COG0185",0,1,2,2,2,2
"COG0186",1,0,3,3,3,3
"COG0187",17,19,24,17,21,16
"COG0188",16,14,21,21,26,24
"COG0189",1,0,1,1,0,0
"COG0190",6,4,3,6,4,6
"COG0191",7,2,6,9,3,7
"COG0192",6,8,6,6,9,8
"COG0193",2,1,2,6,5,4
"COG0194",5,5,3,7,3,5
"COG0195",2,4,4,7,6,6
"COG0196",6,4,6,3,8,5
"COG0197",3,3,2,4,1,5
"COG0198",2,0,1,4,0,1
"COG0199",1,0,2,3,0,4
"COG0200",6,0,5,4,3,1
"COG0201",5,3,8,10,8,11
"COG0202",3,3,2,6,6,4
"COG0203",1,0,2,3,1,0
"COG0204",6,5,3,6,9,4
"COG0205",11,11,16,15,21,19
"COG0206",8,4,3,7,6,8
"COG0207",2,3,3,3,1,2
"COG0208",5,1,2,1,0,3
"COG0209",5,3,6,7,1,9
"COG0210",20,21,18,15,19,15
"COG0211",0,2,0,2,1,3
"COG0212",1,3,0,1,6,3
"COG0213",4,0,3,3,2,0
"COG0214",1,1,3,0,5,1
"COG0215",11,3,5,10,7,3
"COG0216",6,6,8,4,11,2
"COG0217",2,1,4,5,1,3
"COG0218",3,1,3,3,5,0
"COG0219",2,1,2,1,1,1
"COG0220",2,0,6,4,5,4
"COG0221",1,0,1,2,0,0
"COG0222",0,3,2,2,1,2
"COG0223",2,3,7,4,0,4
"COG0224",5,4,11,4,4,4
"COG0225",3,2,1,2,0,4
"COG0226",5,10,6,4,10,4
"COG0227",0,0,1,1,0,1
"COG0228",3,0,2,3,3,0
"COG0229",2,2,0,1,0,0
"COG0230",1,1,2,1,0,0
"COG0231",2,5,7,5,3,3
"COG0232",5,1,4,5,3,2
"COG0233",4,1,3,4,4,1
"COG0234",2,0,4,2,0,2
"COG0235",5,6,3,1,9,10
"COG0236",3,6,1,2,1,0
"COG0237",1,4,5,2,2,4
"COG0238",0,0,3,4,2,2
"COG0239",2,1,1,2,0,1
"COG0240",3,2,2,6,7,4
"COG0241",3,2,1,1,5,3
"COG0242",5,2,6,4,2,5
"COG0243",17,1,1,7,1,0
"COG0244",4,1,3,7,2,1
"COG0245",4,4,6,1,2,6
"COG0246",11,7,8,2,8,17
"COG0247",5,0,2,4,4,2
"COG0248",3,2,4,1,3,1
"COG0249",14,12,25,12,17,6
"COG0250",4,2,2,8,4,2
"COG0251",5,5,2,4,4,9
"COG0252",5,9,5,3,4,3
"COG0253",1,3,5,1,5,2
"COG0254",0,1,2,0,1,3
"COG0255",2,0,1,3,0,0
"COG0256",2,2,2,1,3,1
"COG0257",2,0,0,0,1,1
"COG0258",7,11,8,15,8,13
"COG0259",0,2,1,0,1,1
"COG0260",2,0,0,2,0,0
"COG0261",3,1,1,0,0,0
"COG0262",1,4,0,0,4,4
"COG0263",2,8,6,0,0,4
"COG0264",4,4,8,6,4,6
"COG0265",13,12,7,17,6,12
"COG0266",1,0,1,2,1,0
"COG0267",0,0,0,0,0,0
"COG0268",0,2,1,2,0,0
"COG0269",1,0,0,2,0,0
"COG0270",8,5,6,9,19,10
"COG0271",0,0,0,0,0,0
"COG0272",4,3,15,10,4,10
"COG0274",2,2,4,8,4,3
"COG0275",4,5,8,6,1,2
"COG0276",0,0,0,0,0,0
"COG0277",5,2,5,6,0,2
"COG0278",0,0,0,0,0,0
"COG0279",1,3,0,1,2,2
"COG0280",11,8,11,8,7,12
"COG0281",7,5,5,7,3,5
"COG0282",4,5,5,9,4,8
"COG0283",2,0,2,5,2,4
"COG0284",2,4,4,3,2,4
"COG0285",3,4,14,9,1,5
"COG0286",6,7,21,15,21,18
"COG0287",4,4,5,5,1,3
"COG0288",2,0,2,0,6,1
"COG0289",1,5,7,3,2,3
"COG0290",0,3,4,2,3,3
"COG0291",1,0,0,0,2,1
"COG0292",1,1,0,4,1,2
"COG0293",0,0,0,0,0,0
"COG0294",2,2,3,4,5,4
"COG0295",1,1,4,5,5,1
"COG0296",11,8,12,9,12,12
"COG0297",7,5,11,9,2,6
"COG0298",5,0,0,0,0,1
"COG0299",4,4,0,0,1,3
"COG0300",2,4,2,6,4,3
"COG0301",7,2,2,0,3,0
"COG0302",0,5,1,3,4,4
"COG0303",4,2,0,1,1,2
"COG0304",3,11,3,8,3,5
"COG0305",3,10,14,17,4,12
"COG0306",3,1,0,0,0,1
"COG0307",2,0,2,1,6,4
"COG0308",4,4,0,1,1,0
"COG0309",2,3,0,3,0,1
"COG0310",1,0,0,1,0,0
"COG0311",0,0,5,1,4,0
"COG0312",3,4,2,6,2,1
"COG0313",5,4,4,3,4,1
"COG0314",0,0,0,0,0,0
"COG0315",1,0,0,0,0,0
"COG0316",2,0,0,0,1,0
"COG0317",8,11,13,23,22,19
"COG0318",14,12,11,6,3,4
"COG0319",0,1,2,0,3,2
"COG0320",1,3,1,0,1,1
"COG0321",0,3,1,2,0,2
"COG0322",1,12,13,11,19,8
"COG0323",5,6,3,5,5,5
"COG0324",6,7,7,3,2,5
"COG0325",2,2,7,1,3,3
"COG0326",6,8,7,7,7,10
"COG0327",1,2,4,3,2,3
"COG0328",0,0,1,3,0,1
"COG0329",5,11,8,2,7,8
"COG0330",9,2,16,6,5,4
"COG0331",2,4,1,3,2,6
"COG0332",6,8,6,6,3,4
"COG0333",1,0,1,0,0,2
"COG0334",10,12,4,5,12,10
"COG0335",1,1,0,0,2,2
"COG0336",7,4,5,8,3,3
"COG0337",2,2,4,2,1,8
"COG0338",2,6,5,4,1,0
"COG0339",8,10,7,5,10,13
"COG0340",5,2,3,5,3,4
"COG0341",3,5,4,3,1,2
"COG0342",6,7,6,3,11,24
"COG0343",1,4,3,6,6,7
"COG0344",3,0,3,2,5,1
"COG0345",3,1,4,3,2,5
"COG0346",9,6,5,6,3,2
"COG0347",6,5,4,1,5,3
"COG0348",3,3,1,6,2,5
"COG0349",1,0,0,0,0,1
"COG0350",2,0,4,6,1,3
"COG0351",2,3,3,2,15,2
"COG0352",3,3,6,0,8,4
"COG0353",7,2,4,3,5,1
"COG0354",1,0,0,0,0,0
"COG0355",1,0,2,0,2,1
"COG0356",4,3,4,1,11,8
"COG0357",4,0,3,4,2,1
"COG0358",10,6,11,18,20,12
"COG0359",3,1,2,4,2,2
"COG0360",3,1,3,4,1,1
"COG0361",0,2,0,1,1,0
"COG0362",4,2,1,2,0,3
"COG0363",5,5,7,10,10,11
"COG0364",2,1,2,3,1,0
"COG0365",3,6,2,7,4,6
"COG0366",26,23,24,24,44,51
"COG0367",5,8,3,8,6,2
"COG0368",2,2,1,3,0,0
"COG0369",2,0,0,0,0,0
"COG0370",9,15,17,16,8,15
"COG0371",4,3,1,3,3,0
"COG0372",11,2,7,3,8,8
"COG0373",1,0,0,0,2,1
"COG0374",0,0,0,5,0,2
"COG0375",2,0,2,1,0,1
"COG0376",1,0,0,0,0,0
"COG0377",0,2,2,1,0,0
"COG0378",2,1,2,2,2,3
"COG0379",1,4,2,1,7,3
"COG0380",0,0,2,0,0,2
"COG0381",2,7,5,4,6,6
"COG0382",1,0,1,1,7,2
"COG0383",4,6,3,8,4,4
"COG0384",0,0,0,0,0,2
"COG0385",2,0,1,0,4,4
"COG0386",0,0,1,0,0,0
"COG0387",0,0,0,0,0,0
"COG0388",7,11,15,16,12,27
"COG0389",12,8,8,6,12,9
"COG0390",0,2,0,0,0,0
"COG0391",0,0,1,2,1,1
"COG0392",4,2,2,3,2,0
"COG0393",2,1,3,2,2,0
"COG0394",4,3,4,1,4,9
"COG0395",27,9,13,29,16,15
"COG0396",3,4,4,2,3,5
"COG0397",1,0,0,1,0,0
"COG0398",2,0,1,1,0,2
"COG0399",11,15,11,10,3,2
"COG0400",0,0,0,0,0,0
"COG0401",0,0,0,0,0,0
"COG0402",4,3,4,8,1,3
"COG0403",9,3,0,1,0,2
"COG0404",1,10,4,3,0,2
"COG0405",1,1,1,3,1,1
"COG0406",5,7,8,6,6,7
"COG0407",3,0,0,1,0,0
"COG0408",1,0,0,0,0,0
"COG0409",2,0,1,0,0,1
"COG0410",0,3,3,2,4,1
"COG0411",1,2,2,1,1,4
"COG0412",4,0,0,1,0,0
"COG0413",2,3,1,1,1,2
"COG0414",5,3,7,3,0,7
"COG0415",1,0,0,0,0,0
"COG0416",2,3,4,5,3,2
"COG0417",1,0,0,0,0,0
"COG0418",1,1,0,0,0,0
"COG0419",10,11,6,12,11,7
"COG0420",6,4,7,7,8,5
"COG0421",2,4,1,0,1,2
"COG0422",3,8,5,1,7,5
"COG0423",2,3,6,4,6,7
"COG0424",3,2,4,1,4,2
"COG0425",3,3,1,3,0,5
"COG0426",7,7,9,9,5,8
"COG0427",2,5,4,2,2,3
"COG0428",4,1,2,4,2,0
"COG0429",1,0,0,0,0,0
"COG0430",0,0,0,0,0,0
"COG0431",0,0,0,0,0,1
"COG0432",2,0,2,0,1,0
"COG0433",2,9,2,1,8,0
"COG0434",0,0,0,0,0,0
"COG0435",2,0,0,1,0,0
"COG0436",15,18,29,16,17,26
"COG0437",4,0,1,1,2,2
"COG0438",21,53,36,42,49,72
"COG0439",4,4,2,6,5,2
"COG0440",3,2,2,1,1,3
"COG0441",8,9,21,12,12,23
"COG0442",3,4,8,10,2,6
"COG0443",7,5,6,13,9,9
"COG0444",6,4,1,6,5,3
"COG0445",7,5,16,9,10,7
"COG0446",10,8,10,7,8,6
"COG0447",1,1,0,0,2,1
"COG0448",8,8,10,7,4,5
"COG0449",10,8,9,11,8,12
"COG0450",0,2,0,3,2,0
"COG0451",13,30,23,15,26,34
"COG0452",4,3,6,4,5,5
"COG0454",17,9,11,7,4,16
"COG0455",0,0,3,0,1,0
"COG0456",3,1,3,4,2,0
"COG0457",13,28,31,18,14,29
"COG0458",7,21,14,7,19,26
"COG0459",9,8,5,9,13,6
"COG0460",6,5,5,8,9,8
"COG0461",5,4,4,6,4,4
"COG0462",1,1,4,9,10,4
"COG0463",45,85,64,55,84,57
"COG0464",3,4,3,4,1,1
"COG0465",16,7,13,10,15,10
"COG0466",12,12,15,15,10,10
"COG0468",2,3,6,10,11,7
"COG0469",7,7,7,7,8,6
"COG0470",1,0,0,2,0,1
"COG0471",13,10,12,8,10,9
"COG0472",12,8,18,18,5,8
"COG0473",2,5,5,3,1,7
"COG0474",12,20,21,20,8,12
"COG0475",4,10,7,7,9,18
"COG0476",3,2,4,0,2,1
"COG0477",91,38,14,32,38,36
"COG0479",3,0,1,2,2,3
"COG0480",26,33,31,34,40,33
"COG0481",5,8,10,5,12,8
"COG0482",5,9,6,7,4,10
"COG0483",0,2,0,4,1,0
"COG0484",2,3,6,8,8,9
"COG0486",5,4,8,8,7,8
"COG0488",23,39,36,17,30,27
"COG0489",14,10,10,10,8,14
"COG0490",0,0,0,0,0,0
"COG0491",4,4,10,9,3,5
"COG0492",7,6,8,2,6,10
"COG0493",24,18,19,11,18,18
"COG0494",8,6,11,17,14,6
"COG0495",9,11,12,17,18,6
"COG0496",1,3,1,0,1,1
"COG0497",5,2,3,3,5,7
"COG0498",7,6,6,3,5,7
"COG0499",0,1,1,1,0,2
"COG0500",20,14,15,15,11,18
"COG0501",5,3,2,4,3,1
"COG0502",4,6,4,8,3,8
"COG0503",5,4,2,2,5,5
"COG0504",2,9,6,8,12,9
"COG0505",2,3,6,3,10,6
"COG0506",0,5,2,0,1,1
"COG0507",33,20,28,28,35,33
"COG0508",3,2,1,3,0,2
"COG0509",1,0,0,2,0,1
"COG0510",1,0,0,0,1,1
"COG0511",3,2,1,1,1,4
"COG0512",4,3,3,1,1,1
"COG0513",13,11,11,9,16,9
"COG0514",8,24,13,8,7,15
"COG0515",5,12,38,12,19,25
"COG0516",12,6,11,8,1,4
"COG0517",7,6,4,10,11,8
"COG0518",8,7,5,8,7,10
"COG0519",9,9,14,9,5,2
"COG0520",9,5,6,8,2,6
"COG0521",4,0,0,1,1,0
"COG0522",0,2,1,1,8,8
"COG0523",9,4,7,1,4,2
"COG0524",19,15,14,24,23,22
"COG0525",11,4,8,12,8,11
"COG0526",10,11,11,19,29,29
"COG0527",11,17,13,9,13,16
"COG0528",1,4,2,5,2,5
"COG0529",0,0,0,1,0,3
"COG0530",4,7,4,2,5,3
"COG0531",25,3,5,12,2,8
"COG0532",6,3,6,10,10,7
"COG0533",1,1,5,4,5,2
"COG0534",73,63,87,49,79,68
"COG0535",7,11,3,3,5,8
"COG0536",5,3,6,7,3,8
"COG0537",3,0,6,8,3,2
"COG0538",5,9,10,3,8,5
"COG0539",0,6,4,8,5,8
"COG0540",6,7,8,8,7,7
"COG0541",3,1,3,9,7,12
"COG0542",29,18,38,23,32,28
"COG0543",7,9,7,9,7,9
"COG0544",11,13,9,7,11,10
"COG0545",3,6,1,3,10,9
"COG0546",9,6,2,8,6,12
"COG0547",6,4,3,5,4,1
"COG0548",3,6,6,3,7,5
"COG0549",3,1,2,2,3,1
"COG0550",25,19,30,35,37,25
"COG0551",7,1,4,3,0,3
"COG0552",1,3,5,5,3,3
"COG0553",9,14,16,9,9,10
"COG0554",7,5,4,5,6,0
"COG0555",1,0,1,1,0,2
"COG0556",7,10,10,7,8,6
"COG0557",6,11,12,10,8,9
"COG0558",5,2,5,4,1,0
"COG0559",1,1,4,4,1,3
"COG0560",5,1,3,2,3,1
"COG0561",29,12,16,7,10,13
"COG0562",5,5,7,2,8,3
"COG0563",2,0,2,2,2,1
"COG0564",9,10,21,16,20,17
"COG0565",1,0,0,0,0,0
"COG0566",8,9,9,13,8,7
"COG0567",1,0,0,2,0,0
"COG0568",6,4,9,11,6,8
"COG0569",8,10,16,4,5,7
"COG0571",5,1,7,8,7,4
"COG0572",3,5,5,9,7,16
"COG0573",3,2,4,1,2,2
"COG0574",14,13,16,20,13,19
"COG0575",1,3,3,2,4,0
"COG0576",4,3,4,2,6,3
"COG0577",32,35,28,38,28,26
"COG0578",2,0,0,1,1,0
"COG0579",4,1,1,2,1,1
"COG0580",2,0,0,1,0,1
"COG0581",5,3,5,5,4,3
"COG0582",45,57,56,86,53,49
"COG0583",51,14,26,14,16,16
"COG0584",4,11,8,2,14,3
"COG0585",0,0,0,0,0,0
"COG0586",4,3,0,4,2,1
"COG0587",8,17,20,25,16,14
"COG0588",2,2,0,0,0,3
"COG0589",9,3,3,4,8,8
"COG0590",4,2,8,3,0,3
"COG0591",8,10,9,13,12,6
"COG0592",5,4,4,2,3,6
"COG0593",1,2,3,3,5,5
"COG0594",4,0,2,2,2,3
"COG0595",2,4,11,10,2,6
"COG0596",10,4,8,9,8,4
"COG0597",2,2,3,2,2,2
"COG0598",4,8,4,2,5,7
"COG0599",2,3,5,2,1,5
"COG0600",4,1,3,5,5,1
"COG0601",9,3,1,14,4,1
"COG0602",3,5,5,5,6,3
"COG0603",2,0,2,1,0,2
"COG0604",0,0,0,0,1,0
"COG0605",4,0,4,1,1,0
"COG0606",7,4,6,7,5,5
"COG0607",6,6,4,3,1,2
"COG0608",6,5,12,7,4,8
"COG0609",13,5,12,11,2,7
"COG0610",7,14,14,18,24,11
"COG0611",2,2,2,3,0,1
"COG0612",18,14,14,18,16,14
"COG0613",2,3,3,3,2,1
"COG0614",5,10,8,7,8,7
"COG0615",1,3,1,1,2,2
"COG0616",7,4,3,3,7,3
"COG0617",7,2,5,4,4,1
"COG0618",3,4,6,5,5,3
"COG0619",2,8,3,10,3,4
"COG0620",2,0,1,2,2,4
"COG0621",15,12,13,11,18,10
"COG0622",4,8,1,4,5,4
"COG0623",0,3,0,0,0,0
"COG0624",8,9,8,11,5,6
"COG0625",2,0,0,2,1,0
"COG0626",2,1,1,2,2,0
"COG0627",2,4,0,1,2,4
"COG0628",17,13,13,13,6,8
"COG0629",9,4,4,11,4,7
"COG0630",2,1,0,0,0,0
"COG0631",5,2,11,4,4,6
"COG0632",0,3,3,2,2,3
"COG0633",2,0,0,0,0,0
"COG0634",2,3,2,1,3,4
"COG0635",11,5,12,9,7,5
"COG0636",0,3,3,0,0,1
"COG0637",7,6,6,8,15,4
"COG0639",5,2,0,3,0,1
"COG0640",3,1,4,4,3,2
"COG0641",17,13,8,7,21,11
"COG0642",96,216,106,146,154,142
"COG0643",2,1,2,0,0,0
"COG0644",2,0,0,2,0,0
"COG0645",0,0,0,0,1,0
"COG0646",7,12,8,5,2,11
"COG0647",0,1,0,0,3,1
"COG0648",1,3,2,4,2,4
"COG0649",3,1,1,2,2,2
"COG0650",2,0,0,0,0,0
"COG0651",3,2,2,1,0,2
"COG0652",3,2,3,5,6,5
"COG0653",13,11,15,7,10,11
"COG0654",3,3,0,0,0,0
"COG0655",6,8,3,8,2,3
"COG0656",7,5,1,1,3,3
"COG0657",6,15,10,16,3,7
"COG0658",3,4,6,1,4,3
"COG0659",1,7,5,4,11,5
"COG0661",5,0,0,1,1,0
"COG0662",0,1,0,2,0,2
"COG0663",5,0,1,3,1,4
"COG0664",9,8,11,15,8,9
"COG0665",6,1,1,4,0,0
"COG0666",4,1,2,1,0,1
"COG0667",7,9,8,10,8,5
"COG0668",11,9,10,10,5,17
"COG0669",3,2,2,4,3,1
"COG0670",5,1,1,3,5,6
"COG0671",4,2,6,2,5,4
"COG0672",2,0,0,0,0,0
"COG0673",16,18,20,33,11,23
"COG0674",14,14,17,15,14,28
"COG0675",15,3,10,0,6,5
"COG0676",0,0,0,0,0,2
"COG0677",1,4,2,5,1,2
"COG0678",0,0,0,0,0,0
"COG0679",6,3,4,8,2,3
"COG0680",0,0,0,2,0,1
"COG0681",4,11,7,9,5,8
"COG0682",4,0,6,6,2,1
"COG0683",4,0,1,7,2,5
"COG0684",1,0,0,0,0,0
"COG0685",5,5,7,1,8,11
"COG0686",1,3,2,2,4,4
"COG0687",5,5,1,7,5,2
"COG0688",6,2,3,0,1,3
"COG0689",1,0,0,1,0,1
"COG0690",0,0,0,0,0,0
"COG0691",1,0,1,2,1,2
"COG0692",3,1,5,1,5,3
"COG0693",4,4,5,7,3,2
"COG0694",0,0,0,0,0,0
"COG0695",0,0,0,0,0,0
"COG0696",2,4,9,7,12,10
"COG0697",15,12,9,13,16,14
"COG0698",2,3,6,3,5,5
"COG0699",1,0,0,1,4,1
"COG0700",2,5,3,1,7,4
"COG0701",3,2,0,0,0,2
"COG0702",4,0,0,3,0,0
"COG0703",8,3,4,3,6,2
"COG0704",2,1,2,4,2,4
"COG0705",6,4,3,1,4,0
"COG0706",10,4,8,9,6,12
"COG0707",6,3,8,12,10,5
"COG0708",3,2,2,3,8,7
"COG0709",1,1,2,2,2,1
"COG0710",1,2,1,2,4,2
"COG0711",0,2,4,0,2,5
"COG0712",4,3,0,2,2,1
"COG0713",0,1,0,1,0,2
"COG0714",10,9,12,7,7,19
"COG0715",4,3,5,8,1,8
"COG0716",9,6,7,8,3,5
"COG0717",1,0,0,1,0,0
"COG0718",0,0,1,1,4,0
"COG0719",10,14,10,5,7,10
"COG0720",3,1,1,1,0,5
"COG0721",1,1,3,3,4,0
"COG0722",8,2,2,2,2,1
"COG0723",0,0,0,0,1,1
"COG0724",1,2,0,3,0,0
"COG0725",1,0,1,0,0,0
"COG0726",17,8,8,11,12,9
"COG0727",0,0,1,0,1,0
"COG0728",1,0,0,1,1,0
"COG0729",1,0,0,0,0,0
"COG0730",2,0,1,1,2,0
"COG0731",3,2,1,2,2,2
"COG0732",5,12,5,10,14,6
"COG0733",9,13,10,13,17,26
"COG0735",2,2,4,5,5,2
"COG0736",0,0,1,0,0,1
"COG0737",9,14,11,3,10,8
"COG0738",6,9,9,6,22,18
"COG0739",10,17,30,21,17,24
"COG0740",8,7,2,7,6,12
"COG0741",9,3,1,9,7,7
"COG0742",4,4,2,4,1,0
"COG0743",1,3,5,6,1,7
"COG0744",7,6,9,13,6,7
"COG0745",57,101,70,67,91,50
"COG0746",0,0,0,0,1,0
"COG0747",9,1,1,18,7,6
"COG0749",9,9,17,9,13,15
"COG0750",5,5,10,7,10,6
"COG0751",1,0,0,0,1,0
"COG0752",0,1,0,0,1,0
"COG0753",2,0,1,1,1,4
"COG0754",4,0,0,1,0,0
"COG0755",3,6,3,1,2,8
"COG0756",2,3,6,4,7,6
"COG0757",1,1,1,3,2,1
"COG0758",7,4,7,7,10,4
"COG0759",0,0,1,0,1,0
"COG0760",6,2,5,3,5,4
"COG0761",3,2,7,2,9,6
"COG0762",0,0,0,0,0,0
"COG0763",3,0,1,1,3,5
"COG0764",4,2,2,6,5,2
"COG0765",12,7,8,7,7,6
"COG0766",8,6,12,15,10,6
"COG0767",2,1,0,3,2,4
"COG0768",29,24,34,33,18,19
"COG0769",8,7,17,13,14,12
"COG0770",4,7,13,11,21,15
"COG0771",3,6,8,7,5,4
"COG0772",11,8,20,11,18,9
"COG0773",7,8,8,8,10,6
"COG0774",0,2,2,0,1,4
"COG0775",6,4,7,3,6,3
"COG0776",2,4,4,2,2,5
"COG0777",3,0,8,1,2,3
"COG0778",6,12,12,5,10,14
"COG0779",3,1,2,3,1,0
"COG0780",1,2,0,1,2,4
"COG0781",4,2,1,2,1,0
"COG0782",6,2,4,7,7,6
"COG0783",0,1,1,0,0,1
"COG0784",29,47,31,26,17,14
"COG0785",0,0,0,0,0,0
"COG0786",5,3,5,1,3,2
"COG0787",4,10,7,10,13,17
"COG0788",2,1,0,1,0,0
"COG0789",5,1,7,6,7,4
"COG0790",6,1,6,2,1,3
"COG0791",15,11,12,10,14,2
"COG0792",2,6,4,3,3,6
"COG0793",13,28,16,10,19,18
"COG0794",3,3,1,0,2,4
"COG0795",5,3,1,5,7,8
"COG0796",3,4,6,3,7,5
"COG0797",0,0,0,0,1,4
"COG0798",0,1,0,0,0,3
"COG0799",3,2,1,4,1,2
"COG0800",3,3,5,3,3,3
"COG0801",1,2,2,0,1,2
"COG0802",0,1,4,4,2,3
"COG0803",3,4,7,7,3,1
"COG0804",0,0,0,0,0,0
"COG0805",3,1,1,0,0,7
"COG0806",2,1,5,1,5,1
"COG0807",2,3,2,2,8,5
"COG0809",3,6,9,1,6,14
"COG0810",1,0,0,0,0,0
"COG0811",3,5,1,0,1,4
"COG0812",4,5,7,5,3,7
"COG0813",1,1,1,4,1,0
"COG0814",13,0,0,3,1,1
"COG0815",0,0,0,0,1,2
"COG0816",0,2,0,0,2,2
"COG0817",2,1,3,2,0,2
"COG0818",1,0,3,3,0,0
"COG0819",0,0,0,0,0,1
"COG0820",6,5,9,5,8,7
"COG0821",4,4,7,5,8,11
"COG0822",3,5,5,1,5,3
"COG0823",0,9,3,6,2,0
"COG0824",3,2,0,1,0,2
"COG0825",5,2,5,0,4,1
"COG0826",17,14,14,16,16,17
"COG0827",13,18,20,18,19,12
"COG0828",1,2,0,0,0,0
"COG0829",0,0,0,0,0,0
"COG0830",0,0,0,0,0,0
"COG0831",0,0,0,0,0,0
"COG0832",0,0,0,1,0,0
"COG0833",1,0,1,0,1,1
"COG0834",18,7,14,14,11,5
"COG0835",4,0,4,0,1,2
"COG0836",3,6,8,4,8,5
"COG0837",2,0,0,0,0,0
"COG0838",1,1,0,1,1,3
"COG0839",1,2,1,0,3,1
"COG0840",22,17,33,8,17,11
"COG0841",41,67,57,37,17,38
"COG0842",15,14,11,10,8,17
"COG0843",1,0,0,0,0,0
"COG0845",32,57,22,27,25,42
"COG0846",4,1,3,7,8,7
"COG0847",1,4,2,2,7,6
"COG0848",0,1,0,0,0,1
"COG0849",2,4,4,5,6,9
"COG0850",5,0,1,1,0,0
"COG0851",0,0,0,1,1,0
"COG0852",1,0,2,0,2,2
"COG0853",1,1,1,1,1,4
"COG0854",0,3,1,0,0,6
"COG0855",8,4,8,4,7,3
"COG0857",5,0,0,1,0,0
"COG0858",3,4,0,2,1,5
"COG0859",4,7,2,4,3,2
"COG0860",12,3,4,5,10,6
"COG0861",5,0,0,3,2,2
"COG0863",3,3,10,6,3,10
"COG0864",0,0,0,0,0,0
"COG1001",3,3,2,2,3,0
"COG1002",4,7,3,7,2,2
"COG1003",2,5,1,3,0,4
"COG1004",3,9,8,9,4,8
"COG1005",1,3,1,0,3,3
"COG1006",0,0,0,0,0,0
"COG1007",5,2,0,1,0,3
"COG1008",3,6,1,1,2,7
"COG1009",2,2,2,2,2,4
"COG1010",3,4,1,1,0,3
"COG1011",5,10,3,3,2,6
"COG1012",22,14,6,12,2,7
"COG1013",10,13,16,14,6,19
"COG1014",12,19,23,19,15,31
"COG1015",3,2,3,4,2,2
"COG1017",1,0,0,1,0,0
"COG1018",1,0,0,1,0,0
"COG1020",11,6,6,11,3,9
"COG1021",1,0,0,1,0,0
"COG1022",6,10,15,14,8,22
"COG1023",0,0,0,0,0,0
"COG1024",8,2,1,3,1,0
"COG1025",4,0,0,0,0,0
"COG1026",5,6,6,3,6,7
"COG1027",1,1,0,0,7,0
"COG1028",25,29,28,19,10,26
"COG1030",0,0,0,0,0,0
"COG1032",4,11,18,9,11,9
"COG1033",8,7,7,6,3,8
"COG1034",6,3,3,4,0,1
"COG1035",2,6,5,0,4,1
"COG1038",0,0,1,1,2,1
"COG1039",0,0,0,1,2,0
"COG1040",1,7,4,7,3,5
"COG1041",1,1,0,0,1,0
"COG1042",2,5,3,2,0,1
"COG1043",2,5,1,1,2,2
"COG1044",0,0,5,0,5,3
"COG1045",4,2,1,5,7,10
"COG1047",2,2,2,0,3,1
"COG1048",11,5,11,7,10,14
"COG1049",4,0,0,0,0,0
"COG1051",1,3,2,3,3,3
"COG1052",3,13,6,4,8,8
"COG1053",7,9,8,8,12,18
"COG1054",0,0,0,1,0,0
"COG1055",3,2,8,3,8,1
"COG1056",1,0,0,0,0,0
"COG1057",0,1,1,1,1,5
"COG1058",2,1,1,0,1,1
"COG1059",0,0,0,0,0,0
"COG1060",5,10,6,4,3,7
"COG1061",4,6,17,4,28,8
"COG1062",2,0,0,0,0,0
"COG1063",17,6,6,8,10,8
"COG1064",3,2,0,1,0,0
"COG1066",2,2,11,4,3,5
"COG1067",2,2,1,3,0,0
"COG1069",2,0,1,0,0,2
"COG1070",14,11,10,12,9,18
"COG1071",0,1,1,5,1,0
"COG1072",1,0,0,0,0,0
"COG1073",9,6,13,7,9,11
"COG1074",6,12,14,5,16,9
"COG1075",0,0,1,1,0,0
"COG1076",1,1,2,1,2,4
"COG1077",12,2,7,8,7,6
"COG1078",1,4,0,1,0,0
"COG1079",0,1,3,4,1,2
"COG1080",13,2,8,3,5,3
"COG1082",6,7,2,11,1,6
"COG1083",0,0,1,3,4,2
"COG1085",0,0,0,1,0,0
"COG1086",6,9,8,10,3,3
"COG1087",7,2,6,6,1,1
"COG1088",5,9,5,5,2,4
"COG1089",4,8,2,2,6,6
"COG1090",2,1,2,0,1,0
"COG1091",5,7,6,6,7,6
"COG1092",5,1,5,9,3,5
"COG1098",0,0,0,0,0,0
"COG1099",0,0,0,1,0,1
"COG1101",5,1,5,2,6,3
"COG1102",0,0,0,0,0,0
"COG1104",9,3,14,10,3,6
"COG1105",3,3,2,0,1,2
"COG1106",2,2,4,4,5,7
"COG1108",0,5,6,5,6,3
"COG1109",9,16,17,15,15,17
"COG1112",7,15,9,7,13,16
"COG1113",8,0,0,2,0,0
"COG1114",1,0,0,2,4,0
"COG1115",6,7,8,12,15,5
"COG1116",6,3,5,4,1,3
"COG1117",2,3,2,2,3,0
"COG1118",7,2,1,2,1,2
"COG1119",1,2,1,1,2,2
"COG1120",6,7,2,3,8,7
"COG1121",4,0,2,5,3,6
"COG1122",10,9,9,14,13,8
"COG1123",0,0,0,1,1,1
"COG1124",0,0,0,0,0,0
"COG1125",0,0,1,1,0,0
"COG1126",6,11,7,7,8,7
"COG1127",0,1,2,1,3,3
"COG1129",24,6,5,11,3,3
"COG1131",20,18,34,37,22,22
"COG1132",58,53,81,80,47,52
"COG1133",1,0,0,0,0,0
"COG1134",3,0,2,4,2,0
"COG1135",3,1,1,1,3,2
"COG1136",20,20,31,29,33,20
"COG1137",4,3,2,3,2,4
"COG1138",2,0,0,1,1,0
"COG1139",2,0,0,1,2,1
"COG1140",4,0,0,0,0,0
"COG1141",0,1,0,0,0,1
"COG1142",5,0,0,2,0,2
"COG1143",2,1,1,0,0,1
"COG1144",0,0,0,0,0,0
"COG1145",10,13,6,13,6,4
"COG1146",1,0,1,4,2,2
"COG1148",1,1,1,1,0,2
"COG1149",0,0,0,0,0,0
"COG1150",0,1,0,0,0,0
"COG1151",3,0,1,4,7,2
"COG1152",0,0,0,0,1,0
"COG1154",7,10,9,5,12,17
"COG1155",3,6,4,8,0,5
"COG1156",4,2,5,5,0,10
"COG1157",6,1,3,1,1,1
"COG1158",6,3,3,4,3,3
"COG1159",2,5,5,5,6,6
"COG1160",6,5,8,7,3,5
"COG1161",1,1,4,4,4,2
"COG1162",4,5,4,9,6,5
"COG1164",4,5,7,5,2,2
"COG1165",3,0,3,0,2,1
"COG1166",2,2,4,1,7,4
"COG1167",8,2,9,9,4,4
"COG1168",4,7,8,8,7,7
"COG1169",1,0,0,0,4,4
"COG1171",10,1,9,7,6,2
"COG1172",12,5,4,10,6,0
"COG1173",15,7,4,12,7,3
"COG1174",2,0,1,0,0,1
"COG1175",26,16,17,13,16,8
"COG1176",4,1,3,3,3,5
"COG1177",6,2,2,5,4,6
"COG1178",3,2,2,3,4,2
"COG1179",3,4,3,5,4,3
"COG1180",8,2,6,8,6,1
"COG1181",7,3,6,4,6,1
"COG1182",1,0,0,0,0,0
"COG1183",3,3,3,1,2,0
"COG1184",0,0,0,0,0,0
"COG1185",8,9,6,7,11,3
"COG1186",4,3,2,5,1,5
"COG1187",7,3,3,8,7,3
"COG1188",0,1,1,1,2,1
"COG1189",1,4,4,3,3,3
"COG1190",5,8,4,10,7,6
"COG1191",10,6,13,8,3,9
"COG1192",17,12,12,18,21,18
"COG1193",7,8,11,12,9,10
"COG1194",3,2,2,2,3,2
"COG1195",8,2,8,4,6,0
"COG1196",9,5,16,20,8,8
"COG1197",11,10,11,18,10,12
"COG1198",10,7,9,8,9,5
"COG1199",3,3,2,3,5,1
"COG1200",9,5,6,11,14,9
"COG1201",1,0,0,1,0,0
"COG1203",3,2,4,6,4,5
"COG1204",4,0,3,1,0,3
"COG1205",0,3,0,7,13,0
"COG1206",1,2,2,4,1,1
"COG1207",3,0,3,2,0,0
"COG1208",2,10,6,2,3,4
"COG1209",8,6,4,3,2,8
"COG1210",2,1,1,2,4,2
"COG1211",4,6,4,7,6,15
"COG1212",4,2,2,1,3,3
"COG1213",0,0,1,1,0,0
"COG1214",2,3,2,4,3,3
"COG1215",8,4,4,6,2,10
"COG1216",7,21,14,4,8,8
"COG1217",8,2,12,9,13,7
"COG1218",3,2,3,0,0,0
"COG1219",6,5,8,10,7,8
"COG1220",4,0,0,1,0,0
"COG1221",3,0,0,1,4,0
"COG1225",1,1,2,0,1,1
"COG1226",4,3,0,3,2,1
"COG1227",7,5,4,4,0,3
"COG1228",4,7,3,1,2,0
"COG1230",0,0,1,1,0,0
"COG1232",1,3,2,0,0,0
"COG1233",0,2,1,0,0,0
"COG1234",6,3,5,0,3,1
"COG1235",7,2,10,4,1,9
"COG1236",4,2,3,8,2,2
"COG1237",0,1,0,0,0,0
"COG1238",0,1,1,0,1,3
"COG1239",0,0,4,0,0,0
"COG1240",0,0,3,2,1,1
"COG1242",3,2,6,4,2,1
"COG1243",0,0,1,2,0,1
"COG1246",1,0,0,0,0,0
"COG1247",2,1,3,1,1,2
"COG1249",12,4,3,8,1,3
"COG1250",4,0,3,3,1,0
"COG1251",2,0,0,2,0,0
"COG1252",3,2,3,2,1,2
"COG1253",5,7,11,5,13,10
"COG1254",3,1,2,2,0,0
"COG1256",2,2,4,2,3,0
"COG1257",0,0,0,0,0,0
"COG1259",0,2,1,1,0,0
"COG1260",1,0,5,2,2,1
"COG1261",0,0,0,0,0,0
"COG1262",0,9,3,4,8,12
"COG1263",20,5,10,7,12,16
"COG1264",12,4,8,10,7,7
"COG1266",4,5,3,3,12,5
"COG1267",1,0,0,1,0,1
"COG1268",1,2,3,2,1,1
"COG1269",4,6,6,6,4,4
"COG1270",4,4,1,2,1,2
"COG1271",4,1,2,1,2,5
"COG1272",1,5,4,0,5,1
"COG1273",0,0,0,0,0,0
"COG1274",0,0,1,1,0,2
"COG1275",1,0,0,1,0,0
"COG1276",1,0,0,0,0,0
"COG1277",1,3,2,3,3,1
"COG1278",4,2,0,1,2,1
"COG1279",1,0,0,0,0,0
"COG1280",2,1,0,1,0,0
"COG1281",3,4,1,0,2,1
"COG1282",1,0,0,0,0,0
"COG1283",8,17,19,18,15,15
"COG1284",8,7,8,10,13,7
"COG1285",3,1,0,1,0,2
"COG1286",1,0,0,0,0,0
"COG1287",0,0,0,0,0,0
"COG1288",8,0,1,7,1,2
"COG1289",10,0,1,4,1,0
"COG1290",0,0,0,0,0,0
"COG1291",2,0,1,0,0,0
"COG1292",4,0,1,0,1,2
"COG1293",4,4,3,4,1,0
"COG1294",1,2,2,1,5,1
"COG1295",2,6,6,1,2,2
"COG1296",1,1,1,1,3,2
"COG1297",1,5,4,0,1,5
"COG1298",4,1,7,2,0,1
"COG1299",12,3,2,4,4,3
"COG1300",0,0,0,1,2,0
"COG1301",12,8,11,12,11,6
"COG1302",0,0,2,3,1,0
"COG1304",1,0,0,0,2,1
"COG1305",2,3,6,3,4,3
"COG1306",0,0,0,0,0,0
"COG1307",9,4,9,12,7,6
"COG1309",14,6,11,19,4,10
"COG1310",0,0,1,0,0,0
"COG1312",6,8,3,2,6,4
"COG1313",1,1,0,2,1,1
"COG1314",1,0,0,0,0,0
"COG1315",1,2,0,0,2,2
"COG1316",6,3,10,6,4,2
"COG1317",0,1,1,1,0,0
"COG1319",3,0,5,0,1,1
"COG1320",0,0,0,0,0,0
"COG1321",4,0,3,5,2,1
"COG1322",4,4,1,6,4,6
"COG1323",1,3,3,1,2,5
"COG1324",0,0,0,1,0,0
"COG1327",2,2,2,2,1,0
"COG1328",12,9,26,15,15,11
"COG1329",0,0,1,2,0,0
"COG1330",3,0,0,0,0,0
"COG1331",0,0,0,1,0,0
"COG1332",0,0,0,0,0,0
"COG1333",0,1,0,1,0,0
"COG1335",5,2,0,5,1,1
"COG1336",0,0,0,0,0,0
"COG1337",0,0,0,0,0,0
"COG1338",2,2,3,0,1,0
"COG1342",1,0,0,2,1,1
"COG1343",0,0,1,0,1,2
"COG1344",6,3,8,2,12,0
"COG1345",5,1,3,2,0,0
"COG1346",2,1,1,0,2,1
"COG1347",1,1,0,1,1,2
"COG1348",2,0,0,1,0,0
"COG1349",16,3,6,9,5,1
"COG1350",4,4,0,2,1,4
"COG1351",1,0,8,3,3,1
"COG1352",1,1,0,1,0,0
"COG1353",0,0,1,1,1,0
"COG1354",1,0,4,3,3,2
"COG1355",0,0,0,0,0,0
"COG1357",2,1,1,2,2,2
"COG1358",0,0,1,1,0,0
"COG1359",0,0,2,2,0,0
"COG1360",7,1,1,0,7,4
"COG1361",0,0,0,0,0,0
"COG1362",2,3,8,6,9,3
"COG1363",1,0,1,6,3,1
"COG1364",1,0,5,4,4,3
"COG1366",1,1,2,1,1,0
"COG1368",10,12,13,13,14,10
"COG1372",0,0,1,0,0,0
"COG1373",9,27,24,30,97,33
"COG1376",5,4,0,3,4,1
"COG1377",4,0,2,2,1,0
"COG1378",0,0,0,0,0,0
"COG1379",0,0,2,7,0,0
"COG1380",1,2,2,1,1,5
"COG1381",2,1,0,2,1,1
"COG1384",0,0,0,1,0,0
"COG1385",1,1,3,4,4,3
"COG1386",2,1,2,2,1,1
"COG1387",4,6,5,4,8,6
"COG1388",3,8,4,2,1,2
"COG1390",0,1,0,1,0,0
"COG1391",6,0,0,0,0,0
"COG1392",1,1,0,1,0,1
"COG1393",0,0,0,0,0,0
"COG1394",2,2,0,2,0,1
"COG1396",16,8,10,13,8,3
"COG1397",1,1,2,5,7,1
"COG1399",2,0,0,2,0,2
"COG1401",3,2,0,4,3,3
"COG1402",1,1,0,2,0,3
"COG1403",0,0,0,0,1,1
"COG1404",5,18,15,16,14,10
"COG1406",0,0,0,0,0,0
"COG1408",8,7,2,5,9,10
"COG1409",5,6,5,8,1,15
"COG1410",12,4,18,5,7,12
"COG1413",0,3,0,0,0,0
"COG1414",11,1,0,1,0,1
"COG1415",0,0,0,0,0,0
"COG1416",0,0,0,0,0,0
"COG1418",1,9,8,7,8,11
"COG1419",1,0,1,0,0,1
"COG1420",2,4,6,5,2,4
"COG1424",0,0,1,0,0,0
"COG1426",0,1,1,0,0,0
"COG1427",0,0,0,0,0,0
"COG1428",2,0,1,0,7,1
"COG1429",2,4,5,5,5,6
"COG1430",0,0,0,1,0,0
"COG1431",0,0,0,0,0,0
"COG1432",1,1,3,0,2,0
"COG1433",0,0,3,0,0,0
"COG1434",2,1,2,1,0,0
"COG1435",0,5,0,5,0,1
"COG1436",0,0,0,1,0,2
"COG1437",0,0,0,0,0,0
"COG1438",1,0,2,2,3,6
"COG1440",1,0,0,1,2,1
"COG1441",0,0,0,0,0,0
"COG1442",8,5,6,4,8,9
"COG1443",0,0,0,0,0,3
"COG1444",0,0,0,0,0,0
"COG1445",10,2,4,5,3,2
"COG1446",0,1,0,0,0,1
"COG1447",1,2,0,0,0,0
"COG1448",2,0,0,0,2,1
"COG1449",1,4,3,0,2,1
"COG1450",3,0,0,0,0,0
"COG1451",4,1,4,2,1,5
"COG1452",2,0,0,0,0,0
"COG1453",3,1,6,3,1,1
"COG1454",17,12,17,13,16,9
"COG1455",2,2,4,1,5,1
"COG1456",0,0,0,1,1,0
"COG1457",5,2,1,1,5,1
"COG1459",3,2,2,11,3,0
"COG1461",3,5,2,2,4,4
"COG1462",2,0,0,0,0,0
"COG1463",2,0,0,0,0,0
"COG1464",3,2,2,0,1,1
"COG1465",0,0,0,0,0,0
"COG1466",1,3,5,7,3,7
"COG1468",0,2,0,3,3,0
"COG1469",1,0,1,0,0,0
"COG1470",0,1,0,0,0,0
"COG1472",24,54,33,31,58,68
"COG1473",8,4,9,3,4,2
"COG1475",15,13,20,33,8,14
"COG1476",1,0,0,3,1,1
"COG1477",4,3,2,7,4,6
"COG1479",4,1,9,7,12,8
"COG1480",2,2,5,1,9,4
"COG1481",4,1,1,3,1,0
"COG1482",1,2,5,4,2,8
"COG1483",0,0,0,0,0,1
"COG1484",8,11,11,8,11,7
"COG1485",0,0,0,0,0,0
"COG1486",5,0,0,5,0,2
"COG1487",0,0,2,2,1,0
"COG1488",6,2,5,7,4,5
"COG1489",5,0,2,1,1,0
"COG1490",3,0,2,5,3,4
"COG1492",1,6,2,2,1,2
"COG1493",3,4,3,4,3,3
"COG1494",0,0,0,0,1,0
"COG1495",1,0,0,1,0,0
"COG1496",1,2,2,4,4,4
"COG1501",11,12,14,11,34,30
"COG1502",15,10,18,11,12,12
"COG1505",0,2,2,0,0,0
"COG1506",5,16,6,16,23,22
"COG1507",0,0,0,0,0,0
"COG1508",1,2,1,1,5,11
"COG1509",1,4,3,2,1,2
"COG1511",6,3,14,3,7,3
"COG1512",3,3,0,0,1,6
"COG1513",1,0,0,0,0,0
"COG1514",0,0,0,0,0,0
"COG1515",1,0,0,0,0,0
"COG1516",0,0,2,1,0,0
"COG1518",0,2,1,4,9,4
"COG1519",4,6,5,1,2,2
"COG1520",3,9,4,5,0,4
"COG1521",3,1,5,3,2,0
"COG1522",2,6,6,4,6,5
"COG1523",2,7,5,5,13,5
"COG1524",4,4,4,5,6,7
"COG1525",0,0,0,2,1,2
"COG1526",0,1,0,2,0,0
"COG1527",2,0,0,2,3,0
"COG1528",3,3,1,0,0,3
"COG1529",11,1,11,6,4,0
"COG1530",3,2,3,4,3,1
"COG1533",2,6,10,3,1,7
"COG1534",2,1,2,3,2,0
"COG1535",1,0,0,0,0,0
"COG1536",2,0,1,0,3,0
"COG1538",22,43,17,15,19,25
"COG1539",1,1,0,2,0,5
"COG1540",0,0,0,0,2,0
"COG1541",4,3,3,6,3,6
"COG1543",0,0,0,0,0,0
"COG1544",3,2,5,2,3,2
"COG1545",0,0,0,0,0,0
"COG1546",4,6,2,1,1,1
"COG1550",0,0,0,0,0,0
"COG1551",0,1,0,0,0,0
"COG1553",1,0,0,1,0,0
"COG1554",2,3,0,3,1,2
"COG1555",2,3,2,2,1,1
"COG1556",0,1,0,1,0,0
"COG1558",2,0,2,1,2,0
"COG1559",2,3,5,5,4,3
"COG1560",6,2,1,2,2,6
"COG1561",3,9,4,5,3,4
"COG1562",0,0,0,0,0,0
"COG1564",0,5,2,5,1,1
"COG1565",0,0,0,0,0,0
"COG1566",5,2,1,2,2,2
"COG1567",0,0,0,0,1,0
"COG1568",0,1,0,2,0,0
"COG1569",0,0,0,0,0,0
"COG1570",9,7,7,8,7,2
"COG1573",1,4,6,2,2,2
"COG1574",0,1,1,4,0,0
"COG1575",1,3,1,1,0,2
"COG1576",0,2,3,3,2,2
"COG1577",0,0,0,1,0,0
"COG1578",1,0,0,0,0,0
"COG1579",2,0,0,1,1,3
"COG1580",0,0,0,0,0,0
"COG1582",0,0,0,0,0,0
"COG1583",0,0,0,0,0,0
"COG1584",0,0,0,0,0,0
"COG1585",2,0,1,0,0,4
"COG1586",1,0,0,0,1,0
"COG1587",3,0,0,1,1,1
"COG1589",1,0,1,1,2,0
"COG1592",2,5,8,3,7,6
"COG1593",5,5,3,3,2,3
"COG1595",27,40,28,38,32,30
"COG1596",7,6,8,5,6,9
"COG1597",3,4,10,5,6,5
"COG1598",2,0,1,0,0,0
"COG1600",1,0,0,1,0,1
"COG1604",0,0,0,0,0,0
"COG1605",1,0,1,1,2,2
"COG1606",1,0,0,2,0,0
"COG1607",1,0,2,0,0,0
"COG1609",26,15,25,24,28,17
"COG1610",2,3,5,4,1,2
"COG1611",1,1,1,3,0,6
"COG1613",3,1,2,0,2,0
"COG1614",1,0,0,1,2,0
"COG1615",0,0,0,2,0,0
"COG1618",0,0,0,0,0,0
"COG1619",3,0,8,3,2,0
"COG1620",3,4,2,1,1,0
"COG1621",3,9,7,7,11,13
"COG1622",1,0,0,0,0,0
"COG1623",0,0,1,2,1,0
"COG1624",0,4,4,6,2,4
"COG1625",2,1,1,3,0,0
"COG1626",1,3,4,2,0,1
"COG1629",12,22,9,6,36,15
"COG1633",0,0,0,0,0,0
"COG1635",0,0,0,0,1,0
"COG1636",1,2,1,4,0,2
"COG1637",0,0,0,1,0,0
"COG1638",1,6,3,1,3,2
"COG1640",7,9,10,9,10,8
"COG1641",0,2,1,0,2,2
"COG1643",7,0,0,1,3,7
"COG1647",0,1,0,0,1,0
"COG1648",1,1,0,1,1,0
"COG1649",3,12,6,4,7,9
"COG1651",2,0,0,0,0,0
"COG1652",1,1,1,1,0,1
"COG1653",25,17,20,46,19,11
"COG1654",1,1,3,1,2,1
"COG1655",0,0,1,0,1,1
"COG1657",0,0,0,0,0,0
"COG1658",1,0,0,0,0,0
"COG1659",0,0,0,0,0,0
"COG1660",3,0,10,4,9,4
"COG1661",0,0,0,0,0,0
"COG1662",12,0,0,4,0,0
"COG1663",2,2,1,3,2,1
"COG1664",0,0,1,1,0,1
"COG1666",0,0,0,0,0,0
"COG1668",3,3,3,2,0,2
"COG1669",1,1,0,1,5,1
"COG1670",11,9,6,7,7,7
"COG1671",3,1,0,1,2,0
"COG1672",4,13,5,3,41,13
"COG1674",8,11,14,22,10,14
"COG1677",0,1,0,1,0,0
"COG1678",2,0,0,1,0,2
"COG1679",1,0,1,0,0,0
"COG1680",11,12,11,8,7,6
"COG1682",6,5,1,7,2,2
"COG1683",1,0,1,1,1,1
"COG1684",2,0,0,0,3,1
"COG1686",10,12,14,8,9,11
"COG1687",0,0,0,0,0,0
"COG1688",0,0,0,0,0,0
"COG1690",0,1,1,2,0,1
"COG1691",3,0,1,1,1,0
"COG1692",0,0,2,0,0,1
"COG1694",3,0,1,1,2,5
"COG1695",1,2,4,2,1,3
"COG1696",9,10,5,16,14,10
"COG1699",0,0,2,1,2,0
"COG1700",0,0,1,1,1,2
"COG1702",3,4,4,5,1,4
"COG1703",4,3,5,2,0,2
"COG1704",0,2,3,4,2,1
"COG1705",0,3,6,2,8,6
"COG1706",2,0,0,0,0,0
"COG1708",2,3,0,0,0,0
"COG1712",0,0,1,1,0,0
"COG1713",1,1,2,0,1,2
"COG1714",0,0,0,0,3,1
"COG1715",0,0,1,3,0,2
"COG1716",0,0,4,3,2,0
"COG1719",0,0,0,0,0,0
"COG1720",2,1,1,1,1,3
"COG1721",1,1,1,0,6,5
"COG1722",0,0,0,1,1,0
"COG1724",0,0,0,0,0,0
"COG1725",6,6,11,5,1,2
"COG1726",1,2,2,1,5,2
"COG1728",0,1,4,0,0,0
"COG1729",0,0,0,0,0,0
"COG1732",0,1,0,2,0,0
"COG1733",1,3,4,2,2,2
"COG1734",0,0,0,2,1,0
"COG1735",2,1,0,0,0,0
"COG1737",7,2,1,6,2,3
"COG1738",0,0,2,2,5,3
"COG1739",5,0,2,2,3,7
"COG1740",2,0,1,1,0,1
"COG1741",5,3,1,4,0,0
"COG1742",0,0,0,0,0,0
"COG1743",0,0,0,0,0,1
"COG1744",6,4,6,10,8,3
"COG1747",0,0,0,1,0,0
"COG1748",1,5,1,1,2,5
"COG1749",1,2,4,0,0,0
"COG1751",0,0,0,0,0,0
"COG1752",0,12,5,8,3,10
"COG1754",5,5,0,3,11,8
"COG1755",0,0,0,0,0,0
"COG1757",7,7,9,8,11,5
"COG1758",1,0,0,0,0,0
"COG1760",5,2,6,8,6,4
"COG1762",10,7,3,9,8,4
"COG1763",2,1,0,0,0,0
"COG1764",1,0,0,0,0,0
"COG1765",1,0,0,1,0,0
"COG1766",6,1,1,0,2,0
"COG1767",2,0,1,2,0,0
"COG1768",1,1,1,0,0,2
"COG1770",0,0,0,0,1,0
"COG1773",1,1,0,1,2,0
"COG1774",5,1,5,4,8,5
"COG1775",3,0,1,4,1,1
"COG1776",2,1,2,0,1,1
"COG1778",2,1,2,1,0,1
"COG1780",0,0,0,0,0,0
"COG1781",4,1,1,0,3,2
"COG1782",0,0,0,0,0,0
"COG1783",2,3,2,1,1,5
"COG1785",2,2,3,2,0,2
"COG1786",0,0,0,0,0,0
"COG1787",0,0,0,1,0,0
"COG1788",1,0,1,0,0,1
"COG1791",0,0,0,0,0,0
"COG1792",4,6,5,6,4,10
"COG1793",0,0,0,3,0,0
"COG1794",0,1,0,0,0,0
"COG1797",1,0,6,2,1,0
"COG1799",1,1,3,1,1,1
"COG1801",0,0,0,1,0,0
"COG1802",5,5,6,3,3,2
"COG1803",1,3,5,3,2,0
"COG1804",3,2,3,2,2,1
"COG1805",0,2,1,1,1,4
"COG1806",2,0,0,0,0,0
"COG1807",3,2,1,1,16,4
"COG1808",0,2,0,3,0,1
"COG1811",0,1,1,0,0,0
"COG1814",0,0,0,0,0,0
"COG1815",0,1,2,0,1,0
"COG1816",2,0,3,1,1,1
"COG1817",0,0,0,0,0,0
"COG1819",2,0,3,1,1,4
"COG1820",7,6,6,5,4,4
"COG1823",1,0,0,0,0,0
"COG1825",2,3,1,0,5,1
"COG1826",3,0,0,0,0,0
"COG1827",0,1,0,3,1,0
"COG1830",1,2,0,2,0,0
"COG1832",0,0,0,0,1,0
"COG1834",0,2,0,0,0,0
"COG1835",0,3,3,1,2,6
"COG1837",0,0,1,1,0,0
"COG1838",5,5,2,3,4,7
"COG1840",0,3,0,2,0,1
"COG1841",0,0,0,2,1,0
"COG1842",4,1,0,0,0,0
"COG1843",2,1,2,1,0,0
"COG1845",0,0,0,0,0,0
"COG1846",10,8,8,7,10,6
"COG1847",1,2,5,4,2,1
"COG1850",0,0,0,0,0,0
"COG1852",0,0,0,0,0,0
"COG1853",4,5,5,6,3,6
"COG1854",3,4,2,0,1,5
"COG1857",1,0,0,0,0,0
"COG1858",2,0,0,0,1,1
"COG1859",0,0,0,0,0,0
"COG1861",0,0,0,0,0,1
"COG1862",1,1,0,0,0,0
"COG1863",0,0,0,0,0,0
"COG1864",0,4,1,0,4,0
"COG1865",0,0,0,0,0,0
"COG1866",7,5,8,8,10,5
"COG1868",1,1,0,0,2,0
"COG1869",1,0,0,1,0,0
"COG1871",0,0,0,0,0,0
"COG1872",0,0,0,0,0,0
"COG1873",0,1,0,1,1,1
"COG1874",3,13,10,11,16,10
"COG1875",0,0,2,2,0,1
"COG1876",1,3,4,1,2,2
"COG1877",3,1,0,2,0,1
"COG1878",1,0,1,0,1,0
"COG1879",27,11,18,15,17,9
"COG1881",0,0,0,0,0,0
"COG1882",17,13,19,13,6,7
"COG1883",3,9,11,3,5,9
"COG1884",2,11,1,0,1,4
"COG1886",1,0,2,0,2,0
"COG1887",3,8,13,5,7,5
"COG1892",0,0,0,0,0,0
"COG1893",2,3,7,2,0,3
"COG1894",4,5,0,3,0,2
"COG1895",1,1,0,1,2,2
"COG1896",2,2,5,3,1,4
"COG1897",3,0,1,3,3,2
"COG1898",6,3,4,1,6,6
"COG1899",0,0,0,0,0,0
"COG1900",0,0,0,0,0,0
"COG1902",7,5,4,11,3,2
"COG1903",0,4,1,3,2,2
"COG1904",2,6,4,3,3,3
"COG1905",1,1,1,2,0,1
"COG1906",0,0,0,0,0,0
"COG1908",0,0,0,0,0,0
"COG1910",1,0,0,0,0,0
"COG1912",0,0,0,0,0,0
"COG1913",0,0,0,0,2,1
"COG1914",1,2,0,2,1,1
"COG1915",0,0,0,2,0,0
"COG1917",2,4,4,6,2,4
"COG1918",7,8,4,5,2,5
"COG1921",3,0,0,1,0,1
"COG1922",3,2,2,3,3,2
"COG1923",0,0,1,0,0,0
"COG1924",8,10,12,15,10,11
"COG1925",14,1,0,8,3,1
"COG1928",0,0,0,2,1,1
"COG1929",6,4,3,3,2,5
"COG1930",0,0,0,0,0,0
"COG1932",9,8,8,5,3,3
"COG1934",2,0,0,0,0,0
"COG1937",2,3,1,0,3,1
"COG1939",4,0,1,1,0,1
"COG1940",17,15,11,20,27,8
"COG1941",0,0,0,0,0,0
"COG1942",1,0,0,0,0,0
"COG1943",2,1,1,9,1,6
"COG1944",2,0,0,0,1,0
"COG1945",0,0,0,0,0,0
"COG1946",4,0,0,0,0,0
"COG1947",7,3,6,7,2,6
"COG1949",0,0,0,0,0,0
"COG1950",0,0,0,0,0,0
"COG1951",7,2,3,3,2,4
"COG1952",2,0,0,0,1,0
"COG1953",0,0,0,0,0,0
"COG1954",0,0,1,0,1,0
"COG1956",1,0,0,3,2,1
"COG1957",3,0,1,3,0,0
"COG1959",4,0,2,3,2,0
"COG1960",11,10,2,8,3,1
"COG1961",40,59,38,61,28,27
"COG1963",1,1,2,0,1,0
"COG1964",0,0,0,1,0,0
"COG1965",2,0,0,0,0,0
"COG1966",8,3,15,6,11,12
"COG1968",5,4,5,4,4,7
"COG1969",3,0,0,1,0,0
"COG1970",2,2,3,5,3,2
"COG1971",2,2,2,2,0,3
"COG1972",1,0,0,0,0,0
"COG1974",10,2,2,6,3,0
"COG1975",3,3,0,3,0,5
"COG1977",0,0,0,0,0,0
"COG1979",3,4,4,3,3,3
"COG1982",13,3,12,6,4,5
"COG1983",0,1,1,1,0,0
"COG1984",1,0,0,1,0,0
"COG1985",6,4,3,1,6,5
"COG1986",0,0,0,0,0,0
"COG1987",0,1,0,0,0,0
"COG1988",1,0,1,0,0,0
"COG1989",3,0,1,0,1,1
"COG1990",0,0,0,0,1,0
"COG1992",0,0,0,0,0,0
"COG1993",0,0,0,0,0,0
"COG1994",1,0,0,4,2,0
"COG1995",4,3,3,2,1,2
"COG2000",2,1,0,2,0,0
"COG2001",2,2,3,5,1,2
"COG2002",6,2,2,4,1,4
"COG2003",6,1,2,7,5,5
"COG2005",0,1,1,1,0,0
"COG2006",2,1,0,0,0,0
"COG2008",2,6,0,1,2,4
"COG2009",1,0,0,0,0,0
"COG2010",0,0,0,0,0,0
"COG2011",1,0,1,3,3,2
"COG2013",1,0,3,1,1,0
"COG2014",0,0,0,0,0,0
"COG2015",2,3,0,1,2,2
"COG2017",7,19,6,5,10,10
"COG2020",1,0,0,0,0,0
"COG2021",0,0,0,1,0,0
"COG2022",2,5,2,1,3,2
"COG2025",3,6,2,2,1,4
"COG2026",0,0,0,0,0,0
"COG2027",2,3,2,2,0,3
"COG2030",1,0,1,2,3,6
"COG2031",1,1,3,2,0,0
"COG2032",0,0,0,0,1,1
"COG2033",1,1,0,0,2,2
"COG2035",3,4,3,5,0,0
"COG2038",3,0,2,1,1,3
"COG2039",1,0,0,0,1,0
"COG2040",0,0,0,0,0,0
"COG2041",0,0,0,0,0,0
"COG2043",0,0,0,0,0,0
"COG2045",0,0,0,0,0,0
"COG2046",0,0,0,0,0,0
"COG2048",0,0,0,0,0,0
"COG2049",0,0,0,0,0,1
"COG2050",3,3,0,1,1,3
"COG2052",0,0,1,2,0,0
"COG2055",2,0,0,6,0,0
"COG2056",0,1,0,0,0,0
"COG2057",1,1,1,0,0,0
"COG2059",5,9,4,4,8,3
"COG2060",5,4,1,2,0,7
"COG2062",0,0,0,0,0,0
"COG2063",1,0,0,0,0,0
"COG2064",0,0,0,0,0,0
"COG2065",0,2,0,2,0,1
"COG2066",4,4,1,4,0,2
"COG2067",0,1,1,1,2,3
"COG2068",1,0,1,1,1,0
"COG2069",1,0,0,0,0,0
"COG2070",2,1,2,4,4,4
"COG2071",2,3,2,1,10,4
"COG2072",1,0,0,0,0,0
"COG2073",2,0,1,3,1,2
"COG2076",2,0,0,1,1,0
"COG2077",0,1,0,1,1,1
"COG2078",1,0,0,0,0,0
"COG2079",0,0,2,0,0,0
"COG2080",6,3,1,2,4,0
"COG2081",5,3,5,5,5,5
"COG2082",1,2,2,1,2,1
"COG2084",2,1,1,0,0,0
"COG2085",1,0,0,0,0,0
"COG2086",3,4,4,1,6,3
"COG2087",1,4,1,0,0,1
"COG2088",0,2,2,1,0,2
"COG2089",0,2,1,2,2,2
"COG2091",5,2,1,2,1,0
"COG2094",0,0,0,0,1,0
"COG2095",2,7,1,3,0,1
"COG2096",0,3,2,1,1,1
"COG2099",2,1,4,0,2,1
"COG2102",0,0,0,0,0,0
"COG2103",3,1,1,3,1,0
"COG2104",0,0,0,0,0,0
"COG2105",0,0,0,0,0,0
"COG2107",0,0,1,0,0,0
"COG2108",0,0,0,0,0,0
"COG2109",2,2,3,2,2,2
"COG2110",2,1,2,4,1,2
"COG2111",0,0,1,0,0,0
"COG2113",0,0,0,1,0,0
"COG2114",0,0,0,0,0,0
"COG2115",1,0,0,1,0,2
"COG2116",5,1,1,4,2,0
"COG2119",0,0,1,0,0,0
"COG2120",4,0,2,1,0,1
"COG2121",0,0,0,1,0,1
"COG2122",0,0,0,0,0,0
"COG2127",0,1,0,0,2,1
"COG2128",1,0,0,2,0,0
"COG2129",0,1,0,1,0,1
"COG2130",0,0,0,0,0,1
"COG2131",5,2,0,3,5,8
"COG2132",1,0,0,1,0,0
"COG2133",1,0,0,1,0,0
"COG2134",0,0,0,0,0,0
"COG2135",0,0,0,0,1,1
"COG2137",1,2,6,3,0,1
"COG2140",0,0,0,1,0,0
"COG2141",5,0,0,1,0,0
"COG2142",0,0,0,1,0,0
"COG2143",0,0,0,0,0,0
"COG2144",0,0,0,0,0,0
"COG2145",4,1,1,2,1,1
"COG2146",4,0,0,0,0,0
"COG2148",6,13,12,10,7,10
"COG2149",0,0,0,0,0,0
"COG2151",1,3,0,0,0,0
"COG2152",3,10,1,4,3,5
"COG2153",0,0,0,0,0,1
"COG2155",0,0,1,0,0,0
"COG2156",1,0,0,2,1,1
"COG2158",1,0,0,0,0,0
"COG2159",1,1,2,4,2,2
"COG2160",2,8,2,1,4,4
"COG2161",2,0,0,0,0,0
"COG2162",0,0,0,0,0,0
"COG2163",0,0,0,0,0,0
"COG2165",1,0,0,0,0,0
"COG2166",1,2,0,0,0,2
"COG2168",0,0,0,0,0,0
"COG2169",1,2,0,1,0,1
"COG2170",0,0,0,0,0,0
"COG2171",0,0,0,0,0,1
"COG2172",1,0,2,1,0,3
"COG2173",0,0,1,0,0,1
"COG2175",1,0,0,0,0,0
"COG2176",7,3,13,15,9,5
"COG2177",4,1,3,9,7,7
"COG2179",0,0,1,1,1,0
"COG2180",0,0,0,1,0,0
"COG2181",1,0,1,1,0,0
"COG2182",4,2,5,1,3,5
"COG2183",4,2,6,11,12,7
"COG2184",1,2,1,5,2,1
"COG2185",2,5,5,5,1,10
"COG2186",7,3,2,5,2,2
"COG2188",8,3,1,3,3,1
"COG2189",1,1,5,1,5,6
"COG2190",1,2,2,4,6,2
"COG2191",0,0,0,0,0,0
"COG2192",0,0,0,1,0,0
"COG2193",1,0,1,0,0,0
"COG2194",6,3,3,3,5,4
"COG2195",10,15,11,5,8,15
"COG2197",11,34,6,6,2,15
"COG2198",11,0,0,5,0,0
"COG2199",21,12,16,11,18,4
"COG2200",34,5,21,9,7,5
"COG2201",2,0,2,0,0,0
"COG2202",6,6,2,4,0,0
"COG2203",0,3,1,0,0,0
"COG2204",11,17,11,15,17,27
"COG2205",4,2,4,8,7,9
"COG2206",9,7,7,9,9,2
"COG2207",78,132,86,61,69,83
"COG2208",3,0,5,4,4,1
"COG2209",0,1,0,0,2,1
"COG2210",1,4,3,2,0,5
"COG2211",19,10,11,5,21,18
"COG2212",0,0,0,0,0,0
"COG2213",3,0,0,1,1,1
"COG2214",2,1,2,5,4,2
"COG2215",0,0,0,0,2,0
"COG2216",1,5,4,2,0,9
"COG2217",24,22,20,23,15,23
"COG2220",2,4,4,9,1,5
"COG2221",2,0,2,1,0,0
"COG2222",5,1,5,1,1,0
"COG2223",1,0,0,1,0,0
"COG2224",1,0,0,0,0,0
"COG2225",1,0,0,0,0,0
"COG2226",2,0,2,0,5,2
"COG2227",0,1,2,0,2,0
"COG2230",3,2,1,0,2,1
"COG2231",0,0,0,0,0,0
"COG2233",14,6,8,10,10,9
"COG2234",4,2,2,8,0,4
"COG2235",0,0,0,2,0,0
"COG2236",0,0,0,0,0,0
"COG2239",5,5,8,5,4,4
"COG2240",3,3,2,2,3,2
"COG2241",1,4,1,3,1,2
"COG2242",1,0,7,2,1,1
"COG2243",0,2,2,1,1,0
"COG2244",20,23,22,20,14,26
"COG2246",1,1,1,1,0,2
"COG2247",0,0,0,0,0,0
"COG2249",1,1,0,1,1,0
"COG2250",0,0,0,0,0,0
"COG2252",12,3,8,1,6,7
"COG2253",0,0,0,0,0,2
"COG2255",7,4,3,2,2,3
"COG2256",6,6,7,4,10,10
"COG2257",0,1,0,0,0,0
"COG2258",0,2,0,1,2,0
"COG2259",1,0,0,1,0,0
"COG2261",1,0,0,0,0,0
"COG2262",6,4,5,6,8,5
"COG2264",4,7,2,4,1,2
"COG2265",4,10,6,4,7,10
"COG2267",4,1,5,2,2,1
"COG2268",2,2,4,1,1,2
"COG2269",1,0,0,0,0,0
"COG2270",2,0,1,1,2,1
"COG2271",6,2,1,4,0,3
"COG2272",1,3,0,0,6,4
"COG2273",5,10,5,1,3,1
"COG2274",5,11,5,8,14,7
"COG2301",1,1,0,0,1,1
"COG2302",0,1,6,3,0,0
"COG2303",2,0,0,1,0,0
"COG2304",5,6,3,4,3,11
"COG2306",0,0,0,0,0,0
"COG2307",0,0,0,0,0,0
"COG2308",0,0,0,0,0,0
"COG2309",4,2,5,6,3,1
"COG2310",0,0,0,0,1,0
"COG2311",4,4,1,5,0,2
"COG2312",0,0,1,0,1,0
"COG2313",0,0,0,3,0,0
"COG2314",0,0,1,0,0,0
"COG2315",4,3,2,0,3,5
"COG2316",2,0,0,1,0,0
"COG2317",0,1,1,1,2,0
"COG2318",0,0,0,0,0,0
"COG2319",0,1,1,0,0,0
"COG2320",0,0,0,0,0,0
"COG2321",1,0,0,1,1,0
"COG2323",1,2,0,4,0,2
"COG2326",1,0,4,2,0,3
"COG2327",0,0,0,3,0,0
"COG2329",0,0,0,0,0,0
"COG2331",0,0,0,0,0,0
"COG2332",0,0,0,0,0,0
"COG2333",7,5,2,6,1,3
"COG2334",2,0,0,3,0,0
"COG2335",0,0,0,0,2,0
"COG2336",2,0,0,1,0,0
"COG2337",6,6,2,5,2,2
"COG2339",0,1,0,0,0,1
"COG2340",0,0,2,1,0,1
"COG2342",0,0,0,0,0,0
"COG2344",4,7,2,1,0,1
"COG2346",0,0,0,0,0,0
"COG2348",0,0,2,3,0,0
"COG2350",0,0,0,0,0,0
"COG2351",1,0,0,0,0,1
"COG2352",1,0,0,1,0,0
"COG2353",1,0,0,0,0,0
"COG2354",2,0,0,0,0,0
"COG2355",3,4,5,3,8,4
"COG2356",2,0,1,0,0,1
"COG2357",3,1,1,5,3,3
"COG2358",2,2,2,5,3,2
"COG2359",0,0,1,1,0,0
"COG2360",0,0,0,0,2,2
"COG2361",0,0,1,2,3,1
"COG2362",0,0,0,1,0,0
"COG2363",1,0,0,0,0,0
"COG2364",1,1,0,2,4,1
"COG2365",2,2,3,1,1,0
"COG2366",1,0,0,0,0,0
"COG2367",1,5,2,1,0,3
"COG2368",0,0,1,0,0,0
"COG2369",0,0,1,0,1,0
"COG2371",0,0,0,0,0,0
"COG2372",0,0,0,0,0,0
"COG2373",9,23,3,9,7,11
"COG2374",1,0,0,1,0,0
"COG2375",0,0,0,0,0,0
"COG2376",5,3,1,1,0,2
"COG2377",0,0,2,2,0,1
"COG2378",1,1,2,1,0,2
"COG2379",0,3,0,0,0,1
"COG2382",4,4,3,2,1,7
"COG2384",1,3,2,2,1,1
"COG2385",1,4,9,6,3,3
"COG2386",0,0,0,0,0,0
"COG2388",3,1,1,1,0,1
"COG2390",0,1,1,0,0,0
"COG2391",3,0,0,0,2,0
"COG2404",2,0,0,0,0,0
"COG2405",0,0,0,0,0,0
"COG2406",0,0,0,0,0,0
"COG2407",9,13,10,2,8,7
"COG2409",0,0,0,1,0,0
"COG2414",1,0,2,0,1,1
"COG2421",0,0,0,0,0,0
"COG2423",0,2,1,2,0,0
"COG2425",5,2,1,1,5,2
"COG2426",0,0,0,0,2,0
"COG2431",4,1,0,1,0,5
"COG2440",0,0,0,0,0,0
"COG2452",0,1,3,0,0,0
"COG2453",0,0,0,0,0,0
"COG2454",0,0,0,0,0,0
"COG2461",0,1,4,1,0,0
"COG2501",2,0,0,1,0,1
"COG2502",3,2,2,3,5,2
"COG2503",0,0,0,0,0,0
"COG2508",9,5,6,6,3,1
"COG2509",6,6,9,7,6,9
"COG2510",0,1,3,0,2,1
"COG2513",1,0,1,1,0,2
"COG2514",0,0,0,0,0,0
"COG2515",0,0,0,2,0,1
"COG2516",0,0,0,0,0,0
"COG2518",0,0,0,0,0,0
"COG2519",0,0,0,0,0,0
"COG2602",1,0,1,1,0,0
"COG2603",2,0,0,0,0,0
"COG2604",0,1,0,0,1,0
"COG2605",1,2,2,3,0,1
"COG2606",9,1,2,2,1,1
"COG2607",1,2,3,0,3,2
"COG2608",3,1,3,0,1,0
"COG2609",2,0,0,0,0,0
"COG2610",3,2,2,4,2,1
"COG2703",1,2,2,0,1,0
"COG2704",4,1,3,3,0,1
"COG2706",4,2,0,2,3,0
"COG2707",0,0,0,0,0,0
"COG2710",3,1,0,1,1,0
"COG2715",2,2,2,2,3,6
"COG2716",1,0,0,0,0,0
"COG2717",1,0,1,0,0,0
"COG2718",0,0,0,0,0,0
"COG2719",0,0,0,0,0,0
"COG2720",0,1,3,9,1,2
"COG2721",8,3,8,4,6,5
"COG2723",13,4,8,1,11,9
"COG2730",1,8,17,1,12,9
"COG2731",5,0,1,3,2,0
"COG2732",1,0,0,0,0,0
"COG2733",0,0,0,0,0,0
"COG2738",3,2,1,3,1,3
"COG2739",1,2,2,1,0,1
"COG2740",2,0,0,0,1,1
"COG2746",0,0,1,1,1,0
"COG2747",0,0,0,0,0,0
"COG2755",10,13,18,7,26,18
"COG2759",6,6,7,9,12,9
"COG2761",0,0,0,0,1,0
"COG2764",2,0,0,0,0,0
"COG2766",2,0,0,1,0,0
"COG2768",6,1,0,2,4,4
"COG2770",0,0,0,0,0,0
"COG2771",6,0,0,1,0,1
"COG2801",22,17,18,31,14,11
"COG2804",0,0,2,5,5,1
"COG2805",3,1,3,2,1,2
"COG2807",1,0,0,0,0,0
"COG2812",8,11,9,2,11,13
"COG2813",5,0,0,1,0,0
"COG2814",3,5,1,1,0,1
"COG2815",3,1,3,4,2,0
"COG2816",3,2,2,2,3,3
"COG2818",3,3,0,1,1,1
"COG2819",2,1,1,1,4,3
"COG2820",2,3,2,2,3,1
"COG2821",0,0,0,0,0,0
"COG2822",0,0,0,2,0,0
"COG2823",1,0,0,1,0,0
"COG2824",1,0,0,0,0,0
"COG2825",0,1,0,0,0,0
"COG2826",8,4,5,6,14,9
"COG2827",2,0,0,1,0,0
"COG2828",0,0,1,0,0,0
"COG2829",1,0,0,0,0,0
"COG2830",0,0,0,1,0,2
"COG2831",0,0,0,1,0,0
"COG2832",2,2,0,0,0,0
"COG2834",0,0,0,0,0,0
"COG2835",1,0,0,0,0,0
"COG2836",0,0,0,1,0,0
"COG2837",1,1,0,0,0,0
"COG2839",1,0,0,0,0,0
"COG2840",0,0,0,1,0,0
"COG2841",0,0,0,0,0,0
"COG2842",0,0,0,0,0,3
"COG2843",2,6,4,1,2,6
"COG2844",3,0,0,0,0,0
"COG2845",0,0,0,0,0,0
"COG2846",0,1,0,0,0,1
"COG2848",4,2,7,4,3,4
"COG2849",0,3,0,1,0,2
"COG2850",0,0,0,0,0,0
"COG2851",1,0,0,0,0,0
"COG2852",0,0,0,2,1,2
"COG2853",0,0,0,0,0,0
"COG2854",2,0,0,0,0,0
"COG2855",1,4,1,2,1,3
"COG2856",2,3,2,3,7,2
"COG2859",0,0,0,1,2,2
"COG2860",2,1,2,1,1,1
"COG2861",1,0,1,0,0,0
"COG2862",0,0,0,0,0,0
"COG2863",0,0,0,0,0,0
"COG2864",0,0,0,0,0,0
"COG2865",8,12,12,9,19,12
"COG2866",0,0,5,1,0,0
"COG2867",0,0,0,0,0,0
"COG2868",2,2,2,2,1,0
"COG2869",0,3,1,1,0,0
"COG2870",2,0,0,1,1,0
"COG2871",0,2,2,0,4,4
"COG2872",3,1,0,2,0,0
"COG2873",4,7,11,11,10,13
"COG2875",1,4,2,4,2,1
"COG2876",1,5,4,5,5,7
"COG2877",1,1,1,2,4,2
"COG2878",3,2,8,1,8,2
"COG2879",1,0,0,0,0,0
"COG2882",0,0,0,0,0,0
"COG2884",3,2,3,3,6,4
"COG2885",4,1,1,2,5,11
"COG2887",0,0,0,2,0,0
"COG2890",3,3,8,4,2,6
"COG2891",0,0,0,0,0,0
"COG2893",5,0,0,4,1,1
"COG2894",0,2,2,5,2,1
"COG2895",2,5,0,0,5,2
"COG2896",4,3,0,2,0,0
"COG2897",3,0,0,0,0,0
"COG2898",0,0,0,0,1,0
"COG2900",1,0,0,0,0,0
"COG2901",0,1,0,0,0,0
"COG2904",0,0,0,0,0,0
"COG2906",0,0,0,0,0,0
"COG2907",0,0,0,0,0,0
"COG2908",1,1,2,0,0,3
"COG2909",5,0,0,3,0,0
"COG2910",0,0,0,0,1,2
"COG2911",0,2,0,1,0,0
"COG2912",0,0,0,0,0,1
"COG2913",1,0,0,0,0,0
"COG2914",0,0,0,0,0,0
"COG2915",0,0,0,0,0,0
"COG2916",2,0,0,0,0,0
"COG2917",0,0,0,0,0,1
"COG2918",3,0,0,0,0,0
"COG2919",1,0,0,0,1,0
"COG2920",1,0,0,0,0,0
"COG2921",0,0,0,0,0,0
"COG2922",0,0,0,0,0,0
"COG2923",1,0,0,0,0,0
"COG2924",1,0,0,0,0,0
"COG2925",2,0,0,0,0,0
"COG2926",0,0,0,0,0,0
"COG2927",0,0,0,0,0,0
"COG2928",0,0,0,0,0,0
"COG2929",0,0,0,0,0,0
"COG2931",0,0,1,0,0,0
"COG2932",4,0,0,4,0,0
"COG2933",0,0,0,1,0,0
"COG2935",0,0,0,0,0,0
"COG2936",0,4,0,0,1,0
"COG2937",0,0,0,1,0,0
"COG2938",1,0,0,0,0,0
"COG2939",0,0,0,0,0,0
"COG2942",1,6,3,1,4,5
"COG2943",2,0,0,0,0,0
"COG2944",1,0,0,0,0,0
"COG2945",0,0,0,0,0,0
"COG2946",0,2,0,3,3,1
"COG2947",0,0,0,0,0,0
"COG2948",0,0,0,0,0,0
"COG2949",1,2,3,3,0,1
"COG2951",0,0,0,0,0,0
"COG2954",2,2,1,1,6,5
"COG2956",0,0,0,0,0,0
"COG2957",2,9,4,0,3,3
"COG2958",0,0,0,0,0,0
"COG2959",1,0,0,0,0,0
"COG2960",0,0,0,0,0,0
"COG2961",1,1,0,0,0,1
"COG2962",0,0,1,3,0,0
"COG2963",7,3,3,3,2,2
"COG2964",0,1,0,1,0,0
"COG2965",1,0,0,0,0,0
"COG2966",3,5,2,2,10,8
"COG2967",2,0,0,0,0,0
"COG2968",0,0,0,3,0,0
"COG2969",1,0,0,0,0,0
"COG2971",0,0,0,0,1,1
"COG2972",18,29,34,27,40,18
"COG2973",0,0,0,0,0,0
"COG2974",1,0,0,0,0,0
"COG2975",1,0,0,0,0,0
"COG2976",0,0,0,0,0,0
"COG2977",0,0,0,1,0,0
"COG2978",1,1,3,0,2,0
"COG2979",0,0,0,0,0,0
"COG2980",0,0,0,0,0,0
"COG2981",0,1,0,0,0,0
"COG2982",4,0,0,0,0,0
"COG2983",1,0,0,1,0,0
"COG2984",3,1,7,1,3,1
"COG2985",8,13,9,7,9,20
"COG2986",1,3,4,1,0,0
"COG2987",0,4,4,4,0,2
"COG2988",2,0,0,0,0,0
"COG2989",0,1,0,1,2,3
"COG2990",1,0,0,1,0,0
"COG2991",0,0,0,0,0,0
"COG2992",1,0,0,0,0,0
"COG2994",0,0,0,0,0,0
"COG2995",5,0,0,0,0,0
"COG2996",3,2,4,1,1,2
"COG2998",0,0,0,0,0,0
"COG2999",1,0,0,1,0,0
"COG3001",1,0,0,0,0,0
"COG3004",1,2,2,1,0,2
"COG3005",3,1,0,0,0,0
"COG3006",2,1,0,1,0,1
"COG3007",0,1,0,0,0,0
"COG3008",2,0,0,0,0,0
"COG3009",1,0,0,0,0,0
"COG3010",1,1,1,0,2,1
"COG3012",0,0,0,0,0,0
"COG3013",1,0,0,0,0,0
"COG3014",0,0,0,0,0,0
"COG3015",2,0,0,0,0,2
"COG3016",0,0,0,0,0,0
"COG3017",1,0,0,0,0,0
"COG3019",0,0,0,0,0,0
"COG3021",2,6,0,0,1,2
"COG3022",0,1,2,2,0,2
"COG3023",5,12,2,5,4,5
"COG3024",0,0,0,0,0,0
"COG3025",1,0,1,0,0,1
"COG3026",0,0,0,0,0,0
"COG3027",2,0,1,0,0,0
"COG3028",1,0,0,1,0,0
"COG3029",1,0,0,0,0,0
"COG3030",0,0,0,0,0,0
"COG3031",1,0,0,0,0,0
"COG3033",2,1,3,1,1,2
"COG3034",0,0,0,0,0,0
"COG3036",0,0,0,0,0,0
"COG3037",3,0,0,1,0,0
"COG3038",3,0,0,0,0,0
"COG3039",2,5,0,4,1,1
"COG3040",4,0,0,0,0,0
"COG3041",0,3,0,0,3,0
"COG3042",2,0,0,0,0,0
"COG3043",0,0,0,0,0,0
"COG3044",3,0,1,1,3,1
"COG3045",2,0,0,0,0,0
"COG3047",2,0,0,0,0,0
"COG3048",2,0,1,2,0,0
"COG3049",3,3,5,3,2,3
"COG3050",0,0,0,0,0,0
"COG3051",4,1,2,2,0,0
"COG3052",0,0,0,0,0,0
"COG3053",1,0,1,0,0,0
"COG3054",1,0,0,0,0,0
"COG3055",3,2,2,1,1,5
"COG3056",0,0,0,0,0,0
"COG3057",0,0,0,0,0,0
"COG3058",0,0,0,0,0,0
"COG3059",1,2,1,1,0,1
"COG3060",0,0,0,0,0,0
"COG3061",0,0,0,0,0,0
"COG3062",0,0,0,0,0,0
"COG3063",0,0,0,0,0,0
"COG3064",0,0,0,1,0,0
"COG3065",1,0,0,1,0,0
"COG3066",1,0,0,0,0,0
"COG3067",2,0,0,0,0,0
"COG3068",0,0,0,1,0,0
"COG3069",2,0,0,1,0,0
"COG3070",2,0,0,1,0,0
"COG3071",0,0,0,0,0,0
"COG3072",2,0,0,0,0,0
"COG3073",1,0,0,0,0,0
"COG3074",1,0,0,0,0,0
"COG3075",0,0,1,0,0,0
"COG3076",2,0,0,0,0,0
"COG3077",1,1,1,1,0,3
"COG3078",0,0,0,0,0,0
"COG3079",0,0,0,0,0,0
"COG3080",1,0,0,0,0,0
"COG3081",0,0,0,0,0,0
"COG3082",0,0,0,0,0,0
"COG3083",2,1,1,0,1,2
"COG3084",2,0,0,0,0,0
"COG3085",1,0,0,0,0,0
"COG3086",0,0,0,1,0,0
"COG3087",1,0,0,1,0,0
"COG3088",0,0,0,0,0,0
"COG3089",1,0,0,0,0,0
"COG3090",2,0,2,1,0,0
"COG3091",0,0,0,0,0,0
"COG3092",0,0,0,0,0,0
"COG3093",2,1,0,0,2,0
"COG3094",1,0,0,0,0,0
"COG3095",1,0,0,1,0,0
"COG3096",5,0,0,0,0,1
"COG3097",0,0,0,1,0,0
"COG3098",2,0,0,0,0,0
"COG3099",0,0,0,0,0,0
"COG3100",3,0,0,0,0,0
"COG3101",0,0,0,0,0,0
"COG3102",0,0,0,0,0,0
"COG3103",3,4,1,4,0,0
"COG3104",4,4,2,3,3,1
"COG3105",1,0,0,0,0,0
"COG3106",5,0,0,0,0,0
"COG3107",1,0,0,0,0,0
"COG3108",2,0,0,0,0,0
"COG3109",0,0,0,1,2,0
"COG3110",0,0,0,0,0,0
"COG3111",0,0,0,1,0,0
"COG3112",0,0,0,0,0,0
"COG3113",0,0,0,1,0,0
"COG3114",0,0,0,0,0,0
"COG3115",0,0,0,0,0,0
"COG3116",1,0,0,0,0,0
"COG3117",2,0,0,0,0,0
"COG3118",0,0,0,1,0,0
"COG3119",17,43,23,26,22,28
"COG3120",2,0,0,0,0,0
"COG3121",8,0,0,1,0,1
"COG3122",1,0,0,0,0,0
"COG3123",1,0,0,1,0,0
"COG3124",0,0,0,0,0,0
"COG3125",0,0,0,0,0,0
"COG3126",0,0,0,0,0,0
"COG3127",3,0,0,0,0,0
"COG3128",0,0,0,0,0,0
"COG3129",3,1,0,0,0,0
"COG3130",0,0,0,0,0,0
"COG3131",2,0,0,0,0,0
"COG3132",0,0,0,0,0,0
"COG3133",0,0,0,0,0,0
"COG3134",1,0,0,0,0,0
"COG3135",0,0,0,0,0,0
"COG3136",0,0,0,0,0,0
"COG3137",1,0,0,0,0,0
"COG3138",0,0,0,1,0,0
"COG3139",1,0,0,1,0,0
"COG3140",0,0,0,0,0,0
"COG3141",0,0,0,0,0,0
"COG3142",1,0,0,0,3,1
"COG3143",0,1,0,0,0,0
"COG3144",0,0,0,0,1,1
"COG3145",2,0,0,0,0,0
"COG3147",0,0,0,0,0,0
"COG3148",0,0,0,0,0,0
"COG3149",1,0,0,1,0,0
"COG3150",2,0,0,0,0,0
"COG3151",1,0,0,0,0,0
"COG3152",4,0,0,1,0,0
"COG3153",3,0,0,0,0,0
"COG3154",1,0,0,0,0,0
"COG3155",0,0,0,0,0,0
"COG3156",1,0,0,0,0,0
"COG3157",1,0,0,1,0,0
"COG3158",3,0,0,3,4,2
"COG3159",0,0,0,0,0,0
"COG3160",0,0,0,0,0,0
"COG3161",0,0,0,0,0,0
"COG3162",0,0,0,2,0,0
"COG3164",4,0,0,1,0,0
"COG3165",2,0,0,0,0,0
"COG3166",1,0,0,0,0,0
"COG3169",1,1,0,0,0,0
"COG3171",1,0,0,0,0,0
"COG3172",1,0,0,0,0,0
"COG3173",1,0,0,0,0,0
"COG3174",1,4,0,0,0,2
"COG3176",3,1,0,4,4,2
"COG3177",1,6,6,13,6,5
"COG3178",2,3,1,2,5,5
"COG3179",0,0,0,0,0,0
"COG3180",1,1,0,0,1,0
"COG3181",0,2,1,2,0,2
"COG3182",1,2,0,1,1,1
"COG3183",1,0,0,0,0,0
"COG3185",0,0,0,0,0,0
"COG3187",2,0,1,0,0,0
"COG3188",20,0,0,5,0,0
"COG3189",0,1,1,0,0,0
"COG3190",1,0,0,0,0,0
"COG3191",0,0,0,1,1,2
"COG3192",0,0,0,0,1,0
"COG3193",0,0,0,0,1,0
"COG3194",2,0,0,0,0,0
"COG3195",0,0,0,0,0,0
"COG3196",2,0,0,0,1,0
"COG3199",0,0,0,0,0,0
"COG3201",2,1,0,1,5,3
"COG3203",3,1,0,5,0,1
"COG3204",1,0,0,0,0,0
"COG3206",1,2,3,0,3,5
"COG3208",1,0,0,0,0,0
"COG3209",20,8,9,5,13,14
"COG3210",0,4,2,3,1,0
"COG3211",0,0,0,0,0,0
"COG3212",0,0,0,0,1,0
"COG3213",0,0,0,0,1,0
"COG3214",2,0,0,0,0,0
"COG3216",0,0,0,0,0,0
"COG3217",1,0,0,0,0,0
"COG3219",0,0,0,0,0,0
"COG3220",0,0,0,0,0,0
"COG3221",1,0,0,1,0,0
"COG3222",1,0,0,0,0,0
"COG3223",0,0,0,0,0,0
"COG3224",0,0,0,0,0,0
"COG3225",6,2,2,3,1,3
"COG3226",2,0,0,0,0,0
"COG3227",0,0,0,0,0,0
"COG3228",0,0,0,0,0,0
"COG3231",1,0,0,0,0,1
"COG3232",0,0,0,0,0,0
"COG3234",2,0,0,0,0,0
"COG3236",1,0,0,0,1,1
"COG3237",1,0,0,0,0,0
"COG3238",0,1,1,1,0,1
"COG3239",0,0,0,0,0,0
"COG3242",1,0,0,0,0,0
"COG3246",0,0,0,0,0,1
"COG3247",2,0,0,0,0,0
"COG3248",0,0,0,0,0,0
"COG3250",61,123,73,63,123,102
"COG3251",1,0,0,0,0,0
"COG3252",0,0,0,0,0,0
"COG3253",0,0,0,0,0,0
"COG3254",1,0,0,1,1,1
"COG3256",0,0,0,0,1,0
"COG3257",0,0,0,0,0,0
"COG3259",0,0,0,1,0,0
"COG3260",1,0,0,0,0,0
"COG3261",2,1,0,2,1,0
"COG3262",3,0,0,0,0,0
"COG3263",3,3,2,5,0,9
"COG3264",7,1,0,0,0,0
"COG3265",0,0,0,0,0,0
"COG3266",2,0,0,0,0,0
"COG3267",0,0,0,0,0,0
"COG3268",0,1,0,0,0,0
"COG3270",2,0,1,1,2,0
"COG3271",0,0,0,0,0,0
"COG3272",2,0,0,0,0,0
"COG3274",1,7,4,2,1,4
"COG3275",3,10,1,8,7,3
"COG3276",1,0,0,1,0,1
"COG3279",19,23,22,22,20,19
"COG3283",0,0,0,0,0,0
"COG3284",0,0,1,2,0,1
"COG3287",0,0,3,0,1,0
"COG3288",2,0,0,1,0,0
"COG3290",5,2,4,2,1,1
"COG3291",0,3,2,3,1,4
"COG3292",35,176,57,44,124,79
"COG3293",1,0,1,0,0,0
"COG3294",1,0,1,0,0,0
"COG3296",0,0,0,0,0,0
"COG3297",0,0,0,0,0,0
"COG3299",1,0,1,2,0,1
"COG3301",0,0,0,1,0,0
"COG3302",2,0,0,0,0,0
"COG3303",5,2,1,4,0,1
"COG3304",0,2,1,0,1,1
"COG3306",0,0,0,0,0,1
"COG3307",2,0,0,2,1,0
"COG3309",0,0,0,0,0,0
"COG3311",2,0,0,0,0,0
"COG3312",1,0,0,0,0,0
"COG3313",1,0,0,0,0,0
"COG3314",2,0,4,2,3,1
"COG3315",1,1,4,1,1,0
"COG3316",5,0,0,2,0,0
"COG3317",0,0,0,0,0,0
"COG3318",0,0,0,0,0,0
"COG3319",3,0,0,0,0,0
"COG3320",1,2,1,1,1,2
"COG3321",3,0,1,0,0,0
"COG3323",1,2,1,1,0,1
"COG3324",0,1,0,0,0,0
"COG3325",1,5,2,0,0,1
"COG3326",0,0,0,1,0,2
"COG3327",1,0,0,0,0,0
"COG3328",4,3,6,8,9,21
"COG3330",0,0,0,1,0,0
"COG3331",1,0,1,0,0,0
"COG3333",1,1,0,0,1,0
"COG3335",4,0,0,0,2,2
"COG3338",0,0,0,0,0,0
"COG3339",0,0,0,0,0,1
"COG3340",2,1,3,2,3,0
"COG3341",6,2,4,1,3,4
"COG3342",0,0,0,0,0,0
"COG3343",0,0,0,0,0,0
"COG3344",11,20,17,27,25,52
"COG3345",4,13,9,12,16,8
"COG3347",0,0,0,0,0,0
"COG3350",0,0,0,0,0,0
"COG3359",1,0,1,0,1,0
"COG3366",0,0,0,0,0,0
"COG3369",0,1,0,0,0,3
"COG3376",0,0,0,0,0,0
"COG3378",4,4,4,11,2,5
"COG3379",0,2,0,0,0,0
"COG3381",1,0,0,0,0,0
"COG3382",2,0,0,3,1,2
"COG3383",2,0,0,2,0,0
"COG3384",2,0,0,0,0,0
"COG3385",9,12,10,8,22,64
"COG3386",0,1,1,1,0,1
"COG3387",0,0,0,4,1,0
"COG3391",1,2,0,4,1,2
"COG3392",0,0,1,1,1,1
"COG3393",0,0,0,1,0,1
"COG3394",0,1,0,0,1,1
"COG3395",4,1,0,0,1,1
"COG3396",1,0,0,0,0,0
"COG3397",0,1,0,0,0,0
"COG3401",0,0,1,1,0,0
"COG3402",0,0,0,0,0,0
"COG3404",1,1,2,1,0,3
"COG3405",1,3,0,0,3,1
"COG3407",0,0,0,0,0,0
"COG3408",1,11,3,7,9,7
"COG3409",0,2,2,3,0,5
"COG3410",0,1,0,2,1,0
"COG3411",0,0,0,0,0,0
"COG3412",1,0,0,0,0,0
"COG3414",1,0,0,0,0,0
"COG3415",0,0,0,0,0,0
"COG3416",1,0,0,0,0,0
"COG3417",1,0,0,0,0,0
"COG3418",0,0,0,0,0,0
"COG3420",0,0,0,0,0,0
"COG3421",0,0,1,1,0,1
"COG3422",1,0,0,0,0,0
"COG3423",0,0,0,0,0,0
"COG3425",0,0,0,0,0,0
"COG3426",2,1,3,3,0,1
"COG3428",0,0,0,0,0,0
"COG3429",0,0,0,0,0,0
"COG3433",0,0,0,0,0,0
"COG3434",0,0,0,1,0,0
"COG3436",10,16,14,10,36,34
"COG3437",7,20,3,4,9,3
"COG3439",0,0,0,0,0,0
"COG3440",0,0,0,0,1,0
"COG3442",0,0,0,1,0,0
"COG3443",0,1,0,0,0,0
"COG3444",4,4,0,3,2,0
"COG3445",1,0,0,0,0,0
"COG3447",3,0,0,1,0,0
"COG3448",0,0,0,0,0,0
"COG3449",2,0,2,1,0,2
"COG3450",0,0,0,0,0,0
"COG3451",17,30,33,40,19,26
"COG3452",1,0,3,0,1,0
"COG3454",0,0,0,0,0,0
"COG3455",1,0,0,0,0,0
"COG3456",0,0,0,0,0,0
"COG3457",4,0,0,2,0,0
"COG3458",0,5,2,1,2,6
"COG3459",7,7,18,15,7,6
"COG3460",0,0,0,0,0,0
"COG3463",0,0,0,0,0,1
"COG3464",9,6,3,9,5,6
"COG3467",0,2,3,1,2,3
"COG3468",15,0,6,7,1,3
"COG3469",0,0,0,0,0,0
"COG3470",0,0,0,0,0,0
"COG3471",0,0,0,0,0,0
"COG3472",1,2,1,1,0,1
"COG3473",0,0,0,0,0,0
"COG3475",4,9,7,1,8,9
"COG3476",1,0,0,1,0,0
"COG3477",0,0,0,0,0,0
"COG3478",0,0,0,0,0,0
"COG3479",0,0,0,0,0,0
"COG3480",0,0,0,0,0,0
"COG3481",2,4,3,1,0,3
"COG3484",0,0,0,0,0,0
"COG3485",0,0,0,0,0,0
"COG3486",0,0,0,0,0,0
"COG3487",1,1,2,0,0,0
"COG3488",0,2,1,1,1,1
"COG3491",0,0,0,0,0,0
"COG3493",1,0,1,0,0,0
"COG3494",0,0,0,0,0,0
"COG3496",0,0,0,0,0,0
"COG3497",0,0,1,7,0,1
"COG3498",0,0,0,0,0,0
"COG3499",0,0,0,1,0,0
"COG3500",2,1,0,1,1,0
"COG3501",3,0,0,2,0,1
"COG3503",1,0,0,0,0,1
"COG3504",2,0,0,0,0,0
"COG3505",17,21,22,37,11,15
"COG3506",1,2,0,0,2,1
"COG3507",10,22,18,9,22,23
"COG3509",0,0,0,0,0,4
"COG3512",1,2,0,0,0,0
"COG3513",2,5,6,1,4,7
"COG3514",0,0,0,0,0,0
"COG3515",1,0,0,1,0,0
"COG3516",1,0,0,0,0,0
"COG3517",1,0,1,1,0,0
"COG3518",0,0,0,0,0,0
"COG3519",1,0,0,1,0,0
"COG3520",0,0,0,0,0,0
"COG3521",1,0,0,0,0,0
"COG3522",0,0,0,0,0,0
"COG3523",0,0,0,1,0,0
"COG3524",0,0,0,0,0,0
"COG3525",13,34,14,22,30,29
"COG3526",0,0,0,0,0,0
"COG3527",0,0,0,0,0,0
"COG3528",0,0,0,0,0,1
"COG3529",0,0,0,0,0,0
"COG3530",0,0,0,1,0,0
"COG3533",8,32,10,4,10,15
"COG3534",0,18,5,9,30,16
"COG3535",0,0,0,1,0,0
"COG3536",0,0,0,0,0,0
"COG3537",9,59,13,25,12,26
"COG3538",2,4,2,0,4,6
"COG3539",6,0,0,3,0,1
"COG3541",0,0,1,0,2,1
"COG3542",0,0,0,0,0,0
"COG3543",0,0,0,2,1,1
"COG3544",0,0,0,0,0,0
"COG3545",0,0,0,0,0,0
"COG3546",0,1,3,2,1,1
"COG3547",8,10,6,14,17,7
"COG3548",0,0,0,1,0,0
"COG3549",0,1,0,0,0,0
"COG3550",3,9,8,7,9,4
"COG3552",0,0,0,1,0,0
"COG3555",0,0,0,0,0,0
"COG3557",0,0,0,1,0,0
"COG3558",0,0,0,0,0,0
"COG3560",1,1,1,0,0,1
"COG3561",2,0,1,1,0,0
"COG3562",0,0,0,0,0,0
"COG3563",3,0,0,0,0,0
"COG3566",0,0,0,0,0,0
"COG3567",0,0,0,0,0,1
"COG3568",2,7,5,3,1,9
"COG3570",1,0,0,0,0,0
"COG3572",0,0,0,0,1,0
"COG3575",0,0,0,0,0,0
"COG3576",0,0,0,0,0,0
"COG3579",1,4,7,1,3,8
"COG3580",9,8,15,12,11,13
"COG3581",6,6,8,5,13,7
"COG3583",3,2,4,3,1,0
"COG3584",3,1,5,2,0,0
"COG3585",0,0,0,0,0,0
"COG3586",0,0,0,0,0,0
"COG3587",1,2,9,2,3,4
"COG3588",0,0,0,2,0,0
"COG3589",2,0,0,0,1,1
"COG3590",1,4,2,3,6,10
"COG3591",0,0,0,1,0,0
"COG3592",0,0,0,0,0,0
"COG3593",5,1,1,0,2,2
"COG3594",2,2,1,3,4,3
"COG3595",0,0,1,0,0,0
"COG3596",0,0,0,1,0,0
"COG3597",0,0,0,0,2,0
"COG3598",1,1,0,0,0,1
"COG3599",0,1,1,3,0,0
"COG3600",0,0,1,0,1,1
"COG3601",1,2,1,5,1,0
"COG3602",0,1,0,0,0,0
"COG3603",0,0,0,0,1,0
"COG3604",6,0,0,3,4,2
"COG3605",1,0,0,0,0,0
"COG3608",2,0,1,3,0,0
"COG3609",0,0,0,0,0,0
"COG3610",3,4,0,0,0,1
"COG3611",0,0,0,1,0,0
"COG3613",0,0,0,0,0,0
"COG3615",0,0,0,1,0,0
"COG3616",0,0,0,0,0,0
"COG3617",0,2,1,9,1,2
"COG3618",1,0,0,0,0,0
"COG3619",2,2,5,2,3,2
"COG3621",0,0,0,0,0,0
"COG3622",2,0,0,1,0,0
"COG3623",1,0,0,0,0,0
"COG3624",1,0,0,0,0,0
"COG3625",0,0,0,0,0,0
"COG3626",0,0,1,0,0,0
"COG3627",0,0,0,1,0,0
"COG3628",1,1,1,1,0,0
"COG3629",0,0,0,0,0,0
"COG3630",0,0,0,0,0,0
"COG3633",1,4,2,0,1,1
"COG3634",0,3,4,1,1,0
"COG3635",0,1,3,1,2,3
"COG3636",0,0,0,0,0,0
"COG3637",2,0,0,0,0,0
"COG3638",0,0,0,0,0,0
"COG3639",1,0,0,1,0,0
"COG3640",4,0,1,0,1,2
"COG3641",2,4,4,2,2,1
"COG3643",1,0,0,1,0,3
"COG3645",0,1,3,4,3,2
"COG3646",0,1,0,0,1,1
"COG3647",0,0,0,1,0,0
"COG3649",2,0,0,0,3,3
"COG3650",0,0,0,0,0,0
"COG3653",0,1,0,3,0,1
"COG3654",0,0,0,1,1,0
"COG3655",2,0,0,5,0,2
"COG3657",0,0,0,0,0,0
"COG3659",0,0,0,0,0,0
"COG3660",0,0,0,0,0,0
"COG3661",0,6,0,0,7,6
"COG3662",0,0,0,0,0,0
"COG3663",4,2,3,2,0,2
"COG3664",1,2,2,1,0,2
"COG3665",0,0,1,0,0,0
"COG3666",2,5,17,10,17,19
"COG3667",0,0,0,0,0,0
"COG3668",0,0,0,0,1,0
"COG3669",8,8,6,19,4,12
"COG3671",0,0,0,0,0,0
"COG3672",0,0,0,0,0,0
"COG3675",0,0,0,0,0,0
"COG3676",1,3,0,1,0,0
"COG3677",7,0,4,5,1,1
"COG3678",0,0,0,0,0,0
"COG3679",0,0,0,0,0,0
"COG3680",0,0,0,0,0,0
"COG3681",2,1,1,3,4,4
"COG3682",2,1,3,1,1,3
"COG3683",0,0,0,0,0,0
"COG3684",1,0,0,0,0,0
"COG3685",1,0,0,0,0,0
"COG3688",12,4,5,5,2,6
"COG3689",1,0,0,2,1,0
"COG3691",0,0,0,0,0,0
"COG3692",1,0,0,0,0,0
"COG3693",1,3,2,1,3,3
"COG3694",0,0,0,2,0,0
"COG3695",0,0,1,0,0,2
"COG3696",2,17,2,9,9,9
"COG3697",0,0,2,0,0,0
"COG3698",0,0,0,0,0,0
"COG3700",2,0,0,0,1,0
"COG3701",0,0,0,0,0,0
"COG3703",1,0,0,0,0,0
"COG3704",0,0,0,0,0,0
"COG3705",2,2,5,1,2,1
"COG3706",21,67,24,9,27,22
"COG3707",0,0,0,2,2,1
"COG3708",0,0,2,3,0,0
"COG3709",2,0,0,0,0,0
"COG3710",1,0,0,1,0,0
"COG3711",9,6,3,6,6,2
"COG3712",7,44,8,28,18,25
"COG3713",2,0,0,0,0,0
"COG3714",0,0,0,0,0,0
"COG3715",4,1,0,1,3,1
"COG3716",3,0,0,1,6,0
"COG3717",1,6,2,1,2,3
"COG3718",0,0,1,3,1,0
"COG3719",0,0,0,0,0,0
"COG3720",0,0,0,0,0,0
"COG3721",0,0,0,0,0,0
"COG3722",1,0,0,0,0,0
"COG3723",0,0,2,0,0,0
"COG3724",0,0,0,0,0,0
"COG3725",0,0,0,0,0,0
"COG3726",0,0,0,0,0,0
"COG3727",2,1,0,0,5,3
"COG3728",1,0,1,0,1,0
"COG3729",0,0,0,0,0,0
"COG3730",1,0,0,0,0,0
"COG3731",1,0,0,0,0,1
"COG3732",0,0,0,0,0,1
"COG3733",2,0,0,0,0,0
"COG3734",2,0,0,0,1,0
"COG3735",1,0,1,0,2,1
"COG3736",0,0,0,0,0,0
"COG3738",2,1,0,0,0,1
"COG3740",1,1,0,0,0,2
"COG3741",0,0,0,0,0,0
"COG3744",0,0,0,0,0,0
"COG3745",0,0,0,0,0,0
"COG3746",1,1,1,2,0,0
"COG3747",1,0,0,0,0,0
"COG3753",2,0,0,0,0,0
"COG3754",3,6,3,2,0,0
"COG3755",2,0,0,0,0,0
"COG3756",0,0,0,0,0,0
"COG3757",4,6,9,9,14,7
"COG3758",0,0,0,0,0,0
"COG3759",0,0,0,0,0,0
"COG3760",2,0,1,0,1,0
"COG3762",0,0,0,0,0,0
"COG3763",0,0,0,0,0,0
"COG3764",3,1,1,9,1,5
"COG3765",1,0,0,1,0,0
"COG3766",1,0,0,1,0,0
"COG3767",0,0,0,0,0,0
"COG3768",0,0,0,0,0,1
"COG3769",0,0,0,0,0,0
"COG3770",2,0,0,0,0,0
"COG3771",0,0,0,0,0,0
"COG3772",1,0,0,0,0,0
"COG3773",4,1,4,5,3,2
"COG3774",1,5,3,3,11,3
"COG3775",1,3,0,0,2,9
"COG3776",0,0,0,0,0,0
"COG3778",0,0,0,0,0,0
"COG3779",0,0,0,0,0,0
"COG3781",1,0,0,0,0,0
"COG3783",0,0,0,0,0,0
"COG3784",0,0,0,0,0,0
"COG3785",0,0,0,0,0,0
"COG3786",1,0,1,0,0,1
"COG3787",0,0,0,0,0,0
"COG3788",1,0,0,1,0,0
"COG3789",1,0,0,0,0,0
"COG3790",0,0,0,0,1,0
"COG3791",0,0,0,0,0,0
"COG3793",0,0,0,0,0,0
"COG3794",0,0,0,0,1,0
"COG3797",0,0,0,0,0,0
"COG3799",0,0,0,0,0,0
"COG3804",0,0,0,3,0,0
"COG3808",4,9,7,3,3,1
"COG3811",0,0,0,0,0,0
"COG3815",0,0,0,0,0,1
"COG3817",0,0,0,0,1,0
"COG3819",1,0,0,0,1,0
"COG3822",0,1,0,2,2,0
"COG3823",0,0,0,1,0,0
"COG3824",0,0,0,0,0,0
"COG3825",0,0,0,0,0,0
"COG3828",0,0,0,1,0,0
"COG3829",5,3,2,3,1,1
"COG3830",1,2,0,0,3,2
"COG3831",2,0,0,1,0,0
"COG3832",0,0,0,0,0,0
"COG3833",5,0,3,2,4,3
"COG3835",2,0,1,2,1,0
"COG3836",4,0,1,0,0,0
"COG3837",0,0,0,0,0,0
"COG3839",8,3,4,11,10,2
"COG3840",1,0,0,0,0,0
"COG3842",9,6,7,7,6,7
"COG3843",5,7,13,14,3,3
"COG3845",5,2,3,7,1,4
"COG3846",0,0,0,0,0,2
"COG3848",2,2,2,0,0,1
"COG3850",4,0,0,0,0,0
"COG3851",2,1,0,0,0,0
"COG3852",4,0,0,0,0,0
"COG3853",1,0,1,2,1,3
"COG3854",2,2,2,3,3,0
"COG3855",5,7,3,6,7,6
"COG3856",0,0,0,1,0,0
"COG3857",5,3,7,9,2,5
"COG3858",2,7,4,5,3,1
"COG3859",0,0,1,0,0,1
"COG3860",0,0,0,0,0,0
"COG3862",1,0,0,1,0,1
"COG3863",0,0,0,0,0,0
"COG3864",0,0,0,0,0,0
"COG3866",1,1,0,0,6,0
"COG3867",1,1,2,0,3,2
"COG3868",0,0,1,0,0,0
"COG3869",1,1,1,0,0,1
"COG3870",1,0,0,0,0,0
"COG3871",1,3,1,1,0,0
"COG3872",1,1,5,3,1,4
"COG3874",0,0,1,1,1,0
"COG3875",0,2,1,2,0,1
"COG3876",2,3,2,2,0,0
"COG3877",0,1,0,0,0,0
"COG3878",0,0,0,0,0,0
"COG3879",0,0,1,1,0,1
"COG3880",0,0,0,1,0,0
"COG3881",0,0,0,0,0,0
"COG3882",0,2,0,2,0,1
"COG3883",0,0,0,3,0,0
"COG3884",1,4,4,1,2,2
"COG3885",0,0,0,0,0,0
"COG3886",1,1,5,0,6,3
"COG3887",2,3,8,6,4,6
"COG3892",0,0,0,0,0,0
"COG3893",0,0,0,1,0,2
"COG3894",0,1,2,3,0,0
"COG3895",1,0,0,0,0,0
"COG3896",0,0,0,0,0,0
"COG3899",0,0,1,0,0,0
"COG3901",0,0,0,0,0,0
"COG3903",0,0,0,0,0,0
"COG3906",0,0,0,0,0,0
"COG3907",0,0,0,0,0,0
"COG3910",2,2,1,1,0,0
"COG3911",0,0,0,0,0,0
"COG3915",0,0,0,0,0,0
"COG3919",0,2,0,1,2,2
"COG3920",0,0,2,0,0,0
"COG3921",0,0,0,0,0,0
"COG3923",0,0,0,0,0,0
"COG3924",0,0,0,0,0,0
"COG3925",0,0,0,0,0,0
"COG3926",0,0,0,0,0,1
"COG3933",3,0,1,0,0,2
"COG3934",0,0,0,0,0,0
"COG3935",2,2,1,1,6,0
"COG3936",0,1,0,0,0,0
"COG3937",0,0,0,0,0,0
"COG3938",0,1,0,2,0,0
"COG3940",2,3,3,1,1,2
"COG3941",0,0,1,0,1,0
"COG3942",1,0,0,1,0,0
"COG3943",5,10,5,7,9,7
"COG3944",5,2,5,2,1,1
"COG3945",0,0,0,0,0,0
"COG3947",0,1,0,1,0,0
"COG3948",0,0,2,1,0,0
"COG3949",0,0,2,5,0,0
"COG3950",1,2,0,1,7,3
"COG3951",1,0,0,0,0,0
"COG3952",0,0,0,0,0,0
"COG3953",0,0,0,0,0,0
"COG3954",1,0,0,2,0,0
"COG3955",0,0,0,0,0,0
"COG3956",0,1,2,0,0,1
"COG3957",1,1,7,3,2,1
"COG3958",2,2,5,4,2,2
"COG3959",3,3,6,3,2,2
"COG3960",0,0,0,0,0,0
"COG3961",0,0,0,0,0,0
"COG3962",0,0,0,1,2,1
"COG3963",0,0,0,0,0,0
"COG3964",0,1,2,0,0,0
"COG3965",0,0,0,0,1,0
"COG3966",0,0,0,0,0,0
"COG3967",0,0,0,0,0,0
"COG3968",3,14,7,10,11,14
"COG3969",2,3,1,6,0,4
"COG3971",2,0,0,0,0,0
"COG3972",3,0,0,0,0,0
"COG3973",2,2,1,2,2,0
"COG3975",0,0,0,0,0,0
"COG3976",0,0,0,1,0,1
"COG3977",2,0,0,0,0,0
"COG3978",1,0,0,0,0,0
"COG3979",0,0,0,0,3,0
"COG3980",0,0,3,1,0,1
"COG3981",0,0,1,0,0,0
"COG4001",2,8,5,8,1,9
"COG4012",0,0,0,0,0,0
"COG4021",0,0,0,0,0,0
"COG4032",0,0,0,1,0,0
"COG4034",0,0,0,0,0,0
"COG4043",0,0,0,3,0,0
"COG4085",0,0,0,0,0,0
"COG4086",1,0,0,1,2,0
"COG4087",0,0,0,0,0,0
"COG4091",0,0,0,0,0,1
"COG4095",0,0,0,0,1,0
"COG4096",4,5,14,4,9,4
"COG4097",0,0,0,0,0,0
"COG4098",0,0,0,0,0,1
"COG4099",1,2,2,2,4,0
"COG4100",2,1,6,4,1,1
"COG4104",0,1,0,0,0,0
"COG4105",1,0,0,0,0,0
"COG4106",1,0,0,0,0,0
"COG4107",2,0,0,1,0,0
"COG4108",6,7,6,3,5,8
"COG4109",0,0,0,0,0,0
"COG4110",0,0,0,0,0,0
"COG4112",0,0,0,0,0,0
"COG4114",0,0,0,0,0,0
"COG4115",0,0,0,4,0,0
"COG4116",0,0,0,0,1,0
"COG4117",0,0,0,0,0,0
"COG4120",3,6,2,5,2,4
"COG4121",1,3,0,0,0,1
"COG4122",1,2,1,4,2,2
"COG4123",5,2,9,4,4,1
"COG4124",1,1,1,1,9,1
"COG4125",0,0,0,0,0,0
"COG4126",0,0,0,0,0,1
"COG4127",0,0,0,0,0,0
"COG4128",0,0,0,0,0,0
"COG4129",0,0,0,0,0,0
"COG4130",1,0,0,0,0,0
"COG4132",1,0,0,0,0,0
"COG4133",0,0,0,0,0,0
"COG4134",2,0,0,1,0,0
"COG4135",3,0,0,0,0,0
"COG4136",0,0,0,1,0,0
"COG4137",1,1,0,0,0,0
"COG4138",0,0,0,1,0,0
"COG4139",0,0,0,1,0,0
"COG4143",2,0,0,0,0,0
"COG4145",0,2,0,2,1,0
"COG4146",2,2,2,2,5,7
"COG4147",0,0,0,0,0,0
"COG4148",0,0,0,0,1,0
"COG4149",4,1,0,1,0,1
"COG4150",0,0,0,0,0,0
"COG4152",0,2,2,4,4,0
"COG4154",0,0,1,0,0,0
"COG4158",2,0,2,0,1,0
"COG4160",1,0,0,0,0,0
"COG4161",0,0,0,1,0,0
"COG4166",8,4,7,1,7,4
"COG4167",0,0,0,0,0,0
"COG4168",1,0,0,0,0,0
"COG4170",0,0,0,0,0,0
"COG4171",2,0,0,0,0,0
"COG4172",3,0,0,0,0,0
"COG4174",1,0,0,0,0,0
"COG4175",5,0,1,3,0,0
"COG4176",0,1,0,0,0,1
"COG4177",4,1,7,7,1,4
"COG4178",1,0,0,0,0,0
"COG4181",1,0,0,0,0,0
"COG4185",0,3,0,1,1,3
"COG4186",0,0,0,2,1,0
"COG4187",0,0,0,0,0,0
"COG4188",0,0,0,0,0,0
"COG4189",0,0,0,0,0,3
"COG4191",0,3,0,0,2,1
"COG4192",0,0,0,0,0,0
"COG4193",0,1,5,3,1,0
"COG4194",0,0,0,0,0,0
"COG4197",0,0,0,0,0,0
"COG4198",0,5,7,1,3,3
"COG4199",0,0,0,0,1,0
"COG4200",0,0,1,0,1,0
"COG4206",7,21,15,5,13,15
"COG4208",0,0,2,0,0,0
"COG4209",2,5,4,7,3,4
"COG4211",3,3,2,2,2,2
"COG4213",3,0,0,1,0,0
"COG4214",1,0,0,0,0,0
"COG4215",0,0,0,0,0,0
"COG4219",3,6,4,3,1,1
"COG4220",1,0,0,0,0,0
"COG4221",1,3,0,1,3,0
"COG4222",0,0,0,0,1,0
"COG4224",1,1,0,0,0,1
"COG4225",5,18,11,6,10,8
"COG4226",0,0,2,1,0,0
"COG4227",0,5,0,2,4,2
"COG4228",0,0,0,0,0,0
"COG4229",0,0,0,0,0,0
"COG4230",1,0,0,2,0,0
"COG4231",2,4,6,4,1,3
"COG4232",1,7,4,2,3,4
"COG4233",0,0,0,0,0,0
"COG4235",1,0,0,0,0,0
"COG4237",0,0,0,0,0,0
"COG4238",2,0,0,0,0,0
"COG4239",0,0,0,0,0,1
"COG4241",0,0,0,0,0,0
"COG4242",0,0,0,0,0,0
"COG4243",0,0,0,0,0,0
"COG4245",2,0,0,1,1,0
"COG4248",2,0,0,0,0,0
"COG4249",0,1,2,0,2,2
"COG4251",0,0,0,0,0,0
"COG4252",0,0,0,0,0,0
"COG4253",0,0,0,0,0,0
"COG4256",0,0,0,0,0,0
"COG4258",0,0,0,0,0,0
"COG4260",3,1,3,1,0,1
"COG4261",1,1,0,0,0,0
"COG4262",0,0,0,0,0,0
"COG4263",0,0,0,0,0,0
"COG4264",2,0,0,0,0,0
"COG4267",0,0,0,0,0,0
"COG4268",0,3,0,1,1,2
"COG4269",2,0,0,0,0,0
"COG4271",1,0,2,1,0,0
"COG4277",3,4,3,0,0,1
"COG4279",1,0,0,1,0,1
"COG4282",0,0,0,0,0,0
"COG4283",2,1,0,1,1,0
"COG4284",2,1,4,2,0,1
"COG4286",0,3,1,0,2,0
"COG4288",0,0,0,0,0,0
"COG4289",2,10,2,5,5,1
"COG4292",0,0,0,0,1,0
"COG4294",0,0,0,0,0,0
"COG4295",0,0,0,0,0,0
"COG4296",0,0,0,0,1,0
"COG4299",1,5,3,1,1,2
"COG4300",0,0,0,0,0,0
"COG4302",2,0,0,0,0,0
"COG4303",0,0,0,0,0,1
"COG4310",0,0,0,0,0,0
"COG4314",0,0,0,0,0,0
"COG4316",0,0,0,0,0,0
"COG4319",0,0,0,0,0,0
"COG4320",0,0,0,0,0,0
"COG4325",0,0,0,0,0,0
"COG4330",0,0,0,0,0,0
"COG4332",1,1,0,0,0,0
"COG4333",1,0,0,0,0,2
"COG4335",1,0,0,0,0,0
"COG4336",0,1,0,0,0,0
"COG4354",2,1,2,2,0,5
"COG4357",0,0,0,0,0,0
"COG4359",0,0,0,0,0,0
"COG4372",0,0,1,0,0,0
"COG4373",0,0,0,0,0,0
"COG4377",0,0,3,0,0,2
"COG4379",0,0,0,0,0,0
"COG4380",0,0,0,0,0,0
"COG4381",1,0,0,0,0,0
"COG4382",0,0,0,0,0,0
"COG4383",0,2,0,1,0,6
"COG4384",0,0,0,0,0,0
"COG4385",0,0,0,0,0,0
"COG4386",0,0,0,0,0,0
"COG4387",0,0,0,0,0,0
"COG4388",0,0,0,0,0,0
"COG4389",0,0,0,0,0,0
"COG4390",0,0,0,0,0,0
"COG4392",0,0,0,0,0,0
"COG4393",0,0,0,0,0,0
"COG4394",0,0,0,0,0,0
"COG4395",0,0,0,0,0,0
"COG4396",0,0,0,0,0,0
"COG4397",0,0,0,0,0,0
"COG4399",0,0,0,0,3,0
"COG4401",0,0,0,0,0,0
"COG4403",2,0,0,0,0,0
"COG4405",0,1,0,0,0,0
"COG4408",0,0,0,0,0,0
"COG4409",2,1,0,2,3,8
"COG4412",0,0,5,0,9,1
"COG4413",0,0,0,0,0,1
"COG4420",0,1,1,0,0,0
"COG4421",0,0,0,0,0,0
"COG4422",2,7,7,1,1,4
"COG4430",0,0,1,1,0,1
"COG4443",0,1,0,1,1,0
"COG4445",0,0,0,0,0,0
"COG4448",0,0,0,0,0,0
"COG4452",0,0,0,1,0,0
"COG4453",0,0,0,0,0,0
"COG4456",0,0,0,0,0,0
"COG4457",0,0,0,0,2,0
"COG4458",0,0,0,0,1,0
"COG4460",0,0,0,0,0,0
"COG4463",0,0,0,2,0,0
"COG4464",2,1,3,2,1,1
"COG4465",3,2,0,0,0,1
"COG4466",0,0,0,0,0,0
"COG4467",0,0,0,0,0,0
"COG4468",6,4,5,0,5,2
"COG4469",0,0,0,0,0,0
"COG4470",0,0,0,0,0,0
"COG4471",0,0,0,0,0,0
"COG4472",0,1,2,0,0,2
"COG4473",0,0,0,0,0,0
"COG4474",0,1,0,1,0,2
"COG4475",0,0,3,0,0,0
"COG4476",0,0,0,0,0,0
"COG4477",0,0,0,0,2,0
"COG4478",0,1,0,0,0,0
"COG4479",0,0,0,0,0,0
"COG4481",0,0,0,0,0,1
"COG4483",0,0,0,0,0,0
"COG4485",4,2,7,4,2,6
"COG4487",0,0,0,0,2,0
"COG4492",2,0,1,0,0,0
"COG4495",0,0,0,0,0,0
"COG4496",0,1,2,0,0,0
"COG4499",0,0,0,0,0,0
"COG4502",0,0,0,0,0,0
"COG4506",2,2,0,3,0,0
"COG4508",0,0,0,0,0,0
"COG4509",3,1,10,8,0,1
"COG4512",0,0,0,1,0,0
"COG4521",1,0,0,0,0,0
"COG4525",0,0,0,0,0,0
"COG4529",0,0,0,1,0,0
"COG4531",0,0,0,1,0,0
"COG4533",0,0,0,0,0,0
"COG4535",3,0,0,0,0,0
"COG4536",1,1,1,0,2,3
"COG4537",0,0,0,0,1,0
"COG4540",0,0,0,0,0,0
"COG4541",0,0,0,0,0,0
"COG4542",0,0,0,0,0,0
"COG4545",0,0,0,0,0,0
"COG4547",0,0,0,0,0,0
"COG4548",0,0,1,1,0,0
"COG4550",0,0,0,0,0,0
"COG4552",0,1,3,4,3,1
"COG4555",0,0,2,0,0,0
"COG4558",0,0,0,2,0,0
"COG4559",0,0,0,1,0,0
"COG4564",0,1,0,0,0,1
"COG4565",3,0,2,1,0,0
"COG4566",0,0,1,1,0,0
"COG4568",1,0,0,0,0,0
"COG4569",0,0,0,1,0,0
"COG4570",2,0,2,0,0,0
"COG4571",1,0,0,0,0,0
"COG4572",0,0,0,0,0,0
"COG4573",3,0,1,1,0,0
"COG4574",0,0,0,0,0,0
"COG4575",0,0,0,0,0,0
"COG4576",0,0,0,0,0,1
"COG4577",1,1,1,2,1,0
"COG4578",0,0,0,0,0,0
"COG4579",0,0,0,0,0,0
"COG4580",4,0,0,0,0,0
"COG4581",0,0,0,0,0,0
"COG4582",2,0,0,0,0,0
"COG4584",3,4,8,4,7,14
"COG4585",1,2,1,0,0,1
"COG4586",0,0,0,0,0,0
"COG4587",0,0,1,2,0,0
"COG4589",0,2,0,0,0,0
"COG4590",0,0,0,0,0,0
"COG4591",2,6,2,4,6,3
"COG4592",1,0,0,0,0,0
"COG4594",0,0,0,0,0,0
"COG4597",1,0,0,0,0,0
"COG4598",1,0,0,0,0,0
"COG4603",1,1,1,4,0,1
"COG4604",0,0,1,0,0,0
"COG4605",0,0,0,0,0,2
"COG4606",1,0,0,0,0,1
"COG4607",0,0,1,0,1,0
"COG4608",2,4,1,6,3,3
"COG4615",0,0,0,0,0,0
"COG4618",0,0,0,0,0,0
"COG4619",0,0,0,0,0,0
"COG4623",2,1,0,2,0,1
"COG4624",13,3,14,6,6,4
"COG4625",2,0,0,1,0,0
"COG4626",1,1,6,4,1,3
"COG4627",0,0,0,0,0,0
"COG4628",0,0,0,0,0,0
"COG4631",0,0,0,0,0,0
"COG4632",0,3,3,3,1,4
"COG4633",0,0,0,0,0,0
"COG4635",1,0,0,0,0,0
"COG4636",0,0,2,0,0,0
"COG4637",0,2,0,0,0,2
"COG4638",3,0,0,0,0,0
"COG4639",0,0,0,0,0,0
"COG4640",0,1,0,0,0,0
"COG4641",3,2,4,0,1,1
"COG4642",1,3,2,0,2,1
"COG4643",2,0,0,0,0,1
"COG4644",0,0,0,1,1,0
"COG4646",12,11,16,21,19,28
"COG4648",0,0,0,0,0,0
"COG4650",1,0,0,0,0,0
"COG4651",6,0,0,1,0,1
"COG4652",0,0,0,0,1,0
"COG4653",0,0,2,1,1,0
"COG4656",6,2,4,6,5,3
"COG4657",3,1,1,1,1,1
"COG4658",2,5,4,4,2,9
"COG4659",2,3,3,0,2,2
"COG4660",4,3,4,4,6,8
"COG4662",0,0,0,0,0,0
"COG4663",0,0,0,0,0,0
"COG4664",0,0,0,1,0,0
"COG4665",0,0,0,0,0,0
"COG4666",0,6,2,0,0,0
"COG4667",4,3,3,1,3,3
"COG4668",4,1,0,0,0,0
"COG4669",0,0,0,0,0,0
"COG4670",3,2,0,1,0,0
"COG4672",0,0,0,0,0,0
"COG4674",0,0,0,0,0,0
"COG4675",0,0,0,1,0,0
"COG4676",1,0,0,0,0,0
"COG4677",6,12,3,3,9,17
"COG4678",0,0,0,0,0,0
"COG4679",1,0,0,0,1,0
"COG4680",0,0,0,0,1,2
"COG4681",1,0,0,0,0,0
"COG4682",0,0,0,1,0,0
"COG4683",0,0,0,0,0,0
"COG4684",0,0,0,1,1,1
"COG4685",1,0,0,0,0,0
"COG4687",0,0,0,0,0,0
"COG4688",0,0,0,0,0,0
"COG4690",1,2,1,1,4,4
"COG4692",1,7,3,0,6,3
"COG4693",1,0,0,0,0,0
"COG4694",1,0,0,0,0,1
"COG4695",1,0,0,2,1,0
"COG4696",0,0,0,0,0,0
"COG4698",0,0,0,0,0,0
"COG4699",0,0,0,0,0,0
"COG4700",0,0,0,0,0,0
"COG4702",0,1,1,0,1,0
"COG4703",0,0,0,0,0,0
"COG4704",0,0,0,0,0,0
"COG4706",0,0,0,0,0,0
"COG4708",0,1,1,0,0,1
"COG4709",0,0,0,0,0,0
"COG4710",0,0,0,0,0,0
"COG4712",0,0,0,0,0,0
"COG4713",1,0,0,1,1,1
"COG4715",0,0,0,0,0,0
"COG4716",4,2,4,2,6,1
"COG4717",3,3,5,2,1,1
"COG4718",0,0,0,1,0,0
"COG4720",0,0,1,0,2,0
"COG4721",0,0,0,0,0,0
"COG4722",0,0,0,1,0,0
"COG4723",0,0,0,0,0,1
"COG4724",0,0,2,2,3,0
"COG4725",1,2,1,1,0,0
"COG4728",0,0,1,0,0,2
"COG4729",0,0,0,0,0,0
"COG4731",0,0,0,0,0,0
"COG4732",3,0,1,0,0,1
"COG4733",4,0,0,3,0,0
"COG4734",0,1,4,3,0,2
"COG4735",1,0,0,0,0,0
"COG4737",0,0,0,0,0,0
"COG4739",0,0,0,0,0,1
"COG4744",0,0,1,0,0,1
"COG4747",0,5,0,0,0,6
"COG4748",1,0,0,0,0,0
"COG4750",1,3,2,1,0,0
"COG4752",0,0,0,0,1,0
"COG4753",24,44,31,22,22,13
"COG4757",1,0,0,0,0,0
"COG4758",0,0,0,0,0,0
"COG4760",0,0,0,0,0,0
"COG4763",1,0,0,0,0,0
"COG4766",0,0,0,0,0,0
"COG4767",3,1,2,4,1,1
"COG4768",0,0,0,0,0,0
"COG4769",0,1,0,0,0,0
"COG4770",0,0,0,0,0,0
"COG4771",9,19,11,7,14,6
"COG4772",0,0,0,0,0,0
"COG4773",4,0,0,1,0,0
"COG4774",1,0,0,1,0,0
"COG4775",4,4,1,5,8,10
"COG4776",0,0,0,0,0,0
"COG4778",1,0,0,0,0,0
"COG4779",1,0,0,0,0,0
"COG4781",0,0,0,0,0,0
"COG4783",1,0,0,1,0,1
"COG4784",0,1,0,0,0,1
"COG4785",0,0,0,0,0,0
"COG4786",2,1,3,1,2,2
"COG4787",0,0,0,0,0,0
"COG4789",0,0,0,0,0,0
"COG4790",1,0,0,0,0,0
"COG4791",1,0,0,0,0,0
"COG4792",0,0,0,0,0,0
"COG4794",0,0,0,0,0,0
"COG4795",1,0,0,0,0,0
"COG4796",3,0,2,0,0,1
"COG4797",0,0,0,0,0,0
"COG4799",1,8,8,6,6,13
"COG4803",0,0,0,0,0,0
"COG4804",2,8,4,3,3,10
"COG4805",2,1,2,2,2,0
"COG4806",6,4,2,3,1,1
"COG4807",0,0,0,1,0,0
"COG4808",0,0,0,0,0,0
"COG4809",0,0,0,0,0,0
"COG4810",0,0,0,0,0,0
"COG4811",0,0,0,0,0,0
"COG4812",0,0,0,0,0,0
"COG4813",0,0,0,0,0,0
"COG4814",0,0,0,0,0,0
"COG4816",1,0,0,1,0,0
"COG4819",0,1,0,1,0,0
"COG4820",0,0,0,0,1,0
"COG4821",0,0,0,1,0,0
"COG4822",2,4,5,1,3,1
"COG4823",1,1,4,2,5,1
"COG4824",1,0,1,0,0,1
"COG4825",0,0,0,0,0,0
"COG4826",1,1,1,3,4,0
"COG4828",0,0,0,0,0,0
"COG4829",0,0,0,0,0,0
"COG4832",0,0,0,1,0,1
"COG4833",1,6,1,0,0,2
"COG4834",0,0,1,0,0,1
"COG4835",0,0,0,0,0,0
"COG4839",0,0,0,0,0,0
"COG4842",0,0,0,0,0,0
"COG4843",0,0,0,1,0,0
"COG4845",2,2,1,2,2,4
"COG4849",0,0,0,1,0,0
"COG4850",0,0,0,0,0,0
"COG4851",0,0,0,0,0,0
"COG4853",0,0,0,0,0,0
"COG4856",0,0,3,3,6,2
"COG4857",0,0,0,0,0,0
"COG4858",0,0,0,0,0,0
"COG4859",0,0,1,0,0,0
"COG4861",0,0,0,0,0,0
"COG4862",0,0,1,3,0,0
"COG4864",0,1,2,1,0,1
"COG4865",0,0,0,0,0,0
"COG4866",1,5,3,2,1,5
"COG4868",0,2,5,3,5,4
"COG4869",1,2,3,2,1,0
"COG4870",1,2,5,2,4,0
"COG4871",1,0,0,0,0,0
"COG4874",0,3,0,0,0,0
"COG4877",0,0,0,0,0,0
"COG4878",1,0,0,0,0,0
"COG4880",0,1,1,3,0,0
"COG4884",0,0,0,0,0,0
"COG4886",2,7,6,9,9,7
"COG4887",1,0,1,0,0,0
"COG4889",1,1,0,0,15,0
"COG4890",0,0,0,0,0,0
"COG4892",0,0,0,0,0,0
"COG4894",1,0,0,0,0,0
"COG4895",0,0,0,0,0,0
"COG4898",0,0,0,0,0,0
"COG4903",0,0,0,0,0,0
"COG4905",4,4,4,7,1,8
"COG4907",0,0,0,1,0,0
"COG4908",0,0,0,0,0,0
"COG4909",0,0,0,0,0,0
"COG4910",0,0,0,0,1,0
"COG4912",2,4,0,3,6,3
"COG4913",0,2,0,0,3,0
"COG4916",0,0,0,0,0,0
"COG4917",4,0,0,4,0,0
"COG4922",0,0,0,0,0,0
"COG4924",0,0,1,1,0,0
"COG4925",1,0,0,1,0,0
"COG4926",0,0,0,1,0,0
"COG4927",0,1,0,0,0,0
"COG4928",0,1,5,2,0,0
"COG4929",0,0,0,0,0,0
"COG4930",0,0,1,3,0,0
"COG4932",4,5,12,12,7,5
"COG4933",0,0,0,0,1,1
"COG4936",5,0,1,3,0,0
"COG4937",2,2,0,0,3,2
"COG4938",0,0,2,1,9,0
"COG4939",0,0,0,0,0,0
"COG4940",0,0,0,2,0,0
"COG4942",0,1,0,0,0,0
"COG4943",4,0,0,1,0,0
"COG4946",9,6,2,4,5,9
"COG4947",1,0,1,0,0,0
"COG4948",5,5,2,9,3,3
"COG4950",0,0,0,0,0,0
"COG4951",0,1,0,1,1,0
"COG4952",0,2,0,0,0,0
"COG4953",1,3,0,2,0,0
"COG4955",0,0,0,0,0,0
"COG4956",0,0,0,0,0,0
"COG4957",0,0,0,0,0,0
"COG4959",0,0,0,0,0,0
"COG4962",6,5,4,4,3,1
"COG4963",0,0,0,0,0,0
"COG4964",0,0,0,0,0,1
"COG4965",2,1,4,2,1,0
"COG4967",0,0,0,1,0,0
"COG4969",1,0,0,0,1,0
"COG4972",0,1,0,0,2,4
"COG4973",4,4,1,1,0,3
"COG4974",11,18,27,16,49,21
"COG4975",0,0,0,0,0,0
"COG4977",3,20,3,9,11,2
"COG4978",1,1,2,5,0,0
"COG4981",0,0,0,0,0,0
"COG4982",0,0,0,0,0,0
"COG4983",1,0,0,0,0,0
"COG4984",0,0,0,0,0,0
"COG4985",0,0,0,0,1,0
"COG4986",0,0,0,0,0,0
"COG4987",2,0,0,0,0,0
"COG4988",1,1,1,0,3,2
"COG4989",1,0,0,0,0,0
"COG4990",0,1,0,0,0,0
"COG4992",10,4,4,5,3,4
"COG4993",2,0,0,0,0,0
"COG4995",0,1,6,0,0,0
"COG4997",0,0,1,0,0,0
"COG4999",18,29,25,26,18,13
"COG5000",3,12,1,2,3,7
"COG5001",8,15,24,5,9,5
"COG5002",20,79,32,19,21,35
"COG5004",0,0,0,0,0,0
"COG5005",0,0,0,0,0,0
"COG5006",0,0,0,0,0,0
"COG5007",1,0,0,0,0,0
"COG5009",2,5,6,7,8,10
"COG5011",3,2,1,0,1,1
"COG5012",1,2,2,4,1,1
"COG5013",0,0,0,1,0,0
"COG5015",0,0,2,2,1,1
"COG5016",5,8,5,10,6,4
"COG5017",0,0,1,1,0,1
"COG5018",1,2,5,0,2,0
"COG5026",0,0,0,1,0,0
"COG5029",0,0,0,0,0,0
"COG5039",0,1,0,0,1,0
"COG5048",0,0,0,0,0,0
"COG5108",3,0,0,0,0,0
"COG5146",1,2,2,0,0,2
"COG5184",1,1,8,6,1,1
"COG5206",0,1,0,0,0,0
"COG5263",4,1,3,3,13,0
"COG5265",0,0,0,0,1,0
"COG5266",0,0,0,0,0,0
"COG5268",0,0,0,0,0,0
"COG5271",0,0,0,0,0,0
"COG5272",0,0,0,0,0,0
"COG5276",0,0,0,0,0,0
"COG5279",3,1,6,4,1,0
"COG5280",1,0,0,0,1,0
"COG5281",1,0,1,2,0,1
"COG5282",0,0,0,0,0,0
"COG5283",3,1,1,8,2,1
"COG5285",0,0,0,0,0,0
"COG5293",0,0,0,0,0,0
"COG5294",0,0,0,0,0,0
"COG5295",4,0,3,1,0,0
"COG5298",0,0,0,0,0,0
"COG5301",2,0,0,0,0,0
"COG5302",0,0,0,0,0,0
"COG5305",0,0,1,0,0,1
"COG5309",0,0,0,0,1,0
"COG5314",0,0,0,0,0,0
"COG5319",0,0,0,0,0,0
"COG5322",0,0,0,0,0,0
"COG5324",0,0,0,0,1,0
"COG5337",1,2,0,0,0,0
"COG5339",2,0,0,1,0,0
"COG5340",1,0,0,0,0,0
"COG5341",0,0,0,0,0,0
"COG5345",0,0,0,0,0,0
"COG5346",0,0,0,0,1,0
"COG5353",0,0,0,0,0,0
"COG5360",0,0,0,0,0,0
"COG5361",0,3,1,0,0,2
"COG5362",0,0,0,2,0,0
"COG5368",0,5,3,1,1,3
"COG5373",1,0,0,0,0,1
"COG5377",1,1,5,2,2,1
"COG5383",0,0,0,0,0,0
"COG5393",0,0,0,0,0,0
"COG5398",0,0,0,0,0,0
"COG5401",0,0,0,3,0,0
"COG5404",1,0,0,0,0,0
"COG5405",0,0,0,0,0,0
"COG5410",2,0,0,5,0,1
"COG5412",1,0,3,3,0,1
"COG5413",0,0,0,0,0,0
"COG5418",0,0,0,0,0,0
"COG5421",0,1,2,1,1,0
"COG5423",0,0,0,0,0,0
"COG5424",1,0,0,0,0,0
"COG5426",3,0,0,0,0,0
"COG5427",3,0,0,0,0,0
"COG5433",5,1,1,2,0,0
"COG5434",5,28,7,1,31,13
"COG5437",0,0,0,0,0,0
"COG5438",2,1,0,1,0,1
"COG5441",0,0,0,0,0,0
"COG5444",0,0,0,0,0,0
"COG5445",0,0,0,0,0,0
"COG5449",0,0,0,0,0,0
"COG5455",0,0,0,0,0,0
"COG5457",0,0,0,0,0,0
"COG5459",0,0,1,0,0,0
"COG5463",1,0,0,0,0,0
"COG5464",5,0,0,3,6,1
"COG5471",0,0,0,0,0,0
"COG5474",0,0,0,0,0,0
"COG5475",0,0,0,0,0,0
"COG5476",0,1,0,2,1,0
"COG5482",0,0,0,0,0,0
"COG5483",0,0,0,0,0,0
"COG5484",0,0,1,2,0,0
"COG5485",0,0,0,1,0,0
"COG5492",3,8,28,7,6,0
"COG5493",0,0,0,0,0,0
"COG5495",0,0,1,1,1,0
"COG5496",0,4,0,0,0,1
"COG5498",1,7,3,1,0,4
"COG5499",1,0,0,1,0,0
"COG5503",0,0,0,0,0,0
"COG5504",0,0,0,0,0,0
"COG5505",0,0,1,1,0,0
"COG5506",0,0,0,0,0,0
"COG5507",0,0,0,0,0,0
"COG5510",0,0,0,0,0,0
"COG5511",1,1,1,2,1,0
"COG5512",0,1,0,0,0,1
"COG5514",0,0,0,0,0,0
"COG5517",0,0,0,0,0,0
"COG5518",0,0,0,1,0,0
"COG5519",2,0,0,0,1,1
"COG5520",2,10,3,2,2,4
"COG5521",0,0,0,0,0,0
"COG5522",0,1,0,0,0,0
"COG5523",3,3,0,3,1,1
"COG5525",2,1,0,2,2,0
"COG5527",1,0,3,0,0,0
"COG5529",1,1,0,0,0,0
"COG5532",0,0,0,0,0,0
"COG5542",0,1,2,0,0,2
"COG5544",1,0,0,0,0,0
"COG5545",15,18,10,10,16,36
"COG5546",0,0,0,0,0,0
"COG5549",0,0,0,0,0,0
"COG5551",0,0,0,0,0,0
"COG5553",0,0,0,0,0,0
"COG5557",3,0,0,2,0,0
"COG5561",0,0,0,0,0,1
"COG5562",1,0,0,0,0,0
"COG5564",0,0,0,0,0,0
"COG5565",1,0,0,0,0,0
"COG5566",1,0,0,1,0,0
"COG5567",0,0,0,0,0,0
"COG5569",0,0,0,0,0,0
"COG5571",0,0,0,0,0,0
"COG5577",0,0,3,0,0,0
"COG5578",0,0,0,0,0,0
"COG5579",0,0,0,1,0,0
"COG5581",2,0,0,0,0,0
"COG5585",0,0,0,3,2,0
"COG5586",0,0,0,0,0,0
"COG5587",0,0,0,5,0,0
"COG5595",0,0,0,0,0,0
"COG5598",0,1,0,0,0,0
"COG5606",0,0,0,0,0,0
"COG5610",4,3,0,0,2,0
"COG5614",0,0,0,1,0,0
"COG5617",0,1,1,0,0,0
"COG5618",0,0,0,0,0,0
"COG5619",0,0,0,0,0,0
"COG5620",0,0,0,0,0,0
"COG5632",0,2,0,1,2,0
"COG5633",0,0,0,0,0,0
"COG5635",0,2,0,0,2,0
"COG5640",0,0,0,0,0,0
"COG5642",0,0,0,0,0,0
"COG5645",1,0,0,0,0,0
"COG5646",0,0,0,0,0,0
"COG5651",0,0,0,0,0,0
"COG5652",1,0,1,1,2,2
"COG5654",0,0,0,0,0,0
"COG5655",3,0,0,3,0,0
"COG5658",1,2,0,2,1,1
"COG5663",0,0,2,0,1,1
