"","NOM013","DLM012","DOF006","NLM027","DOM024","DOM005"
"COG0001",2,0,0,4,0,3
"COG0002",3,3,4,3,2,1
"COG0003",0,0,2,1,3,0
"COG0004",3,5,4,4,4,3
"COG0005",2,3,3,3,0,0
"COG0006",11,11,17,9,14,9
"COG0007",5,0,2,3,1,1
"COG0008",13,13,13,12,8,13
"COG0009",1,1,2,4,7,5
"COG0010",4,3,3,2,3,2
"COG0011",0,1,0,0,0,0
"COG0012",4,6,2,7,6,3
"COG0013",9,7,13,13,10,8
"COG0014",5,3,4,7,5,4
"COG0015",12,8,10,5,10,5
"COG0016",5,3,5,2,4,3
"COG0017",5,3,3,4,5,6
"COG0018",9,7,9,9,13,5
"COG0019",13,9,4,9,14,7
"COG0020",2,6,4,1,0,0
"COG0021",7,12,2,6,3,4
"COG0022",1,1,2,2,2,6
"COG0023",1,0,1,0,0,1
"COG0024",11,3,6,5,1,5
"COG0025",1,9,1,3,1,0
"COG0026",0,1,0,2,0,0
"COG0027",0,3,3,1,0,1
"COG0028",10,23,5,19,16,10
"COG0029",3,4,9,1,4,11
"COG0030",10,8,4,4,5,4
"COG0031",5,7,4,6,2,8
"COG0033",1,4,0,3,0,0
"COG0034",13,9,6,9,10,7
"COG0035",6,4,5,2,5,1
"COG0036",3,8,0,7,4,2
"COG0037",11,5,3,11,12,5
"COG0038",4,13,7,10,11,7
"COG0039",8,9,8,7,11,2
"COG0040",1,4,3,2,4,3
"COG0041",2,2,2,1,5,1
"COG0042",6,6,5,6,9,6
"COG0043",1,1,0,1,0,0
"COG0044",9,8,7,7,10,9
"COG0045",0,1,3,0,0,3
"COG0046",3,6,7,9,15,8
"COG0047",11,9,6,10,16,4
"COG0048",1,3,1,4,1,2
"COG0049",3,4,4,5,0,2
"COG0050",10,5,9,4,7,7
"COG0051",4,4,2,2,1,2
"COG0052",4,3,1,4,0,3
"COG0053",13,4,4,3,3,6
"COG0054",2,0,2,0,0,1
"COG0055",5,8,4,8,8,2
"COG0056",8,7,8,6,4,3
"COG0057",8,6,2,6,2,7
"COG0058",11,19,12,17,18,4
"COG0059",1,7,2,3,0,1
"COG0060",16,6,7,21,11,14
"COG0061",1,5,5,3,3,4
"COG0062",2,3,2,2,6,5
"COG0063",7,5,3,7,3,4
"COG0064",5,6,0,3,4,0
"COG0065",7,6,7,5,4,3
"COG0066",0,6,3,1,2,5
"COG0067",7,13,8,8,7,16
"COG0068",0,0,0,3,0,2
"COG0069",9,10,7,7,9,3
"COG0070",14,9,8,12,8,8
"COG0071",4,1,4,0,1,1
"COG0072",8,10,5,6,4,9
"COG0073",11,15,12,20,13,13
"COG0074",0,3,1,0,0,2
"COG0075",4,1,6,0,7,0
"COG0076",1,1,4,2,3,4
"COG0077",2,3,2,2,4,3
"COG0078",2,8,1,4,4,3
"COG0079",12,7,6,2,5,2
"COG0080",2,2,3,0,4,1
"COG0081",4,1,3,3,5,1
"COG0082",6,3,5,5,6,2
"COG0083",0,4,0,1,1,0
"COG0084",8,10,4,3,4,6
"COG0085",16,22,18,22,21,16
"COG0086",17,20,15,20,11,13
"COG0087",4,6,4,7,2,2
"COG0088",1,5,3,4,5,1
"COG0089",2,3,0,1,2,2
"COG0090",4,4,3,6,2,3
"COG0091",3,4,1,2,3,0
"COG0092",6,4,4,3,8,0
"COG0093",1,4,1,4,3,3
"COG0094",5,1,2,2,5,2
"COG0095",1,2,2,3,1,2
"COG0096",2,1,2,1,1,0
"COG0097",8,3,0,6,3,5
"COG0098",2,3,0,3,5,1
"COG0099",1,0,1,4,3,0
"COG0100",3,2,1,6,2,2
"COG0101",3,7,5,9,5,5
"COG0102",3,9,2,0,2,1
"COG0103",3,2,2,3,1,1
"COG0104",5,15,3,8,5,5
"COG0105",0,0,3,0,0,0
"COG0106",1,3,1,3,2,1
"COG0107",0,0,1,7,3,2
"COG0108",6,1,1,0,2,2
"COG0109",0,0,0,0,0,0
"COG0110",21,18,26,9,16,19
"COG0111",9,14,6,8,3,5
"COG0112",7,9,4,4,4,2
"COG0113",4,2,1,1,0,1
"COG0114",0,2,0,3,0,2
"COG0115",10,3,5,6,6,4
"COG0116",2,2,2,7,3,2
"COG0117",1,1,3,1,4,4
"COG0118",1,4,2,0,3,0
"COG0119",16,9,11,6,15,11
"COG0120",0,4,2,5,0,1
"COG0121",0,0,0,0,0,0
"COG0122",2,1,0,0,1,0
"COG0123",1,0,0,1,1,0
"COG0124",3,8,2,4,7,6
"COG0125",2,2,0,2,2,1
"COG0126",7,9,4,12,3,3
"COG0127",4,4,0,7,1,3
"COG0128",4,6,6,10,6,1
"COG0129",9,7,9,13,10,6
"COG0130",5,7,1,6,6,3
"COG0131",2,4,3,1,5,1
"COG0132",0,0,1,0,1,1
"COG0133",4,5,0,6,3,3
"COG0134",3,4,0,5,2,0
"COG0135",1,10,2,1,0,2
"COG0136",0,7,3,2,3,4
"COG0137",6,2,9,4,5,5
"COG0138",9,6,4,4,10,5
"COG0139",2,3,1,2,3,2
"COG0140",3,0,2,2,0,7
"COG0141",5,3,3,3,8,4
"COG0142",9,6,7,3,8,8
"COG0143",14,8,7,10,8,14
"COG0144",7,6,5,10,9,1
"COG0145",1,5,0,2,0,0
"COG0146",0,0,0,0,0,0
"COG0147",7,8,8,7,14,7
"COG0148",5,6,2,5,6,7
"COG0149",5,8,1,3,5,3
"COG0150",3,3,2,6,7,3
"COG0151",1,11,1,4,6,2
"COG0152",1,3,2,3,2,1
"COG0153",6,9,3,4,9,3
"COG0154",2,3,0,7,2,0
"COG0155",1,1,0,2,0,1
"COG0156",11,4,10,0,15,5
"COG0157",3,3,4,2,2,4
"COG0158",0,0,1,1,1,1
"COG0159",2,1,2,2,2,3
"COG0160",1,4,0,0,0,1
"COG0161",5,1,8,2,1,5
"COG0162",11,9,2,9,11,0
"COG0163",2,2,0,2,1,1
"COG0164",5,1,1,3,5,4
"COG0165",9,5,4,3,10,8
"COG0166",7,7,4,6,4,5
"COG0167",10,19,10,7,8,7
"COG0168",8,9,10,10,11,9
"COG0169",7,9,1,2,3,3
"COG0170",0,0,0,0,0,0
"COG0171",4,1,3,10,10,3
"COG0172",9,7,7,4,4,2
"COG0173",11,10,3,10,15,5
"COG0174",5,11,6,11,3,1
"COG0175",4,1,4,0,5,3
"COG0176",3,6,3,5,0,1
"COG0177",4,7,3,4,4,0
"COG0178",20,25,20,16,18,6
"COG0179",1,4,0,1,5,0
"COG0180",4,7,6,14,1,2
"COG0181",2,2,0,2,1,1
"COG0182",1,0,0,0,1,1
"COG0183",4,1,0,3,1,2
"COG0184",3,1,0,1,6,2
"COG0185",6,1,4,0,0,1
"COG0186",1,2,1,0,2,1
"COG0187",17,11,17,20,13,10
"COG0188",17,27,13,16,14,13
"COG0189",1,0,0,0,0,0
"COG0190",1,9,6,1,5,3
"COG0191",7,3,8,13,4,8
"COG0192",6,6,6,8,6,6
"COG0193",0,1,0,6,3,3
"COG0194",4,6,3,7,2,4
"COG0195",7,3,6,4,8,2
"COG0196",1,3,5,2,4,1
"COG0197",3,7,1,1,4,3
"COG0198",4,1,2,0,3,0
"COG0199",0,1,1,1,1,1
"COG0200",7,5,5,1,3,3
"COG0201",4,4,3,5,6,6
"COG0202",0,2,1,4,1,3
"COG0203",0,1,3,2,1,0
"COG0204",5,8,10,9,13,11
"COG0205",17,4,15,2,10,9
"COG0206",4,11,6,8,10,3
"COG0207",6,6,2,3,1,3
"COG0208",2,4,1,5,1,2
"COG0209",6,5,14,6,6,11
"COG0210",19,37,14,20,14,19
"COG0211",2,4,3,2,3,2
"COG0212",1,2,3,1,4,1
"COG0213",0,0,0,3,3,1
"COG0214",1,2,0,2,0,2
"COG0215",5,7,7,9,7,5
"COG0216",6,4,2,4,6,2
"COG0217",3,3,3,5,4,1
"COG0218",4,1,0,3,3,2
"COG0219",2,3,1,2,1,0
"COG0220",7,1,3,1,4,5
"COG0221",1,5,0,0,1,1
"COG0222",3,3,0,0,1,2
"COG0223",7,7,6,9,8,3
"COG0224",4,7,3,8,3,2
"COG0225",2,0,6,2,6,0
"COG0226",3,9,5,3,5,4
"COG0227",0,0,0,0,2,4
"COG0228",5,2,0,3,1,0
"COG0229",0,2,0,2,2,4
"COG0230",0,0,0,0,0,0
"COG0231",4,3,2,5,4,4
"COG0232",3,0,0,3,4,3
"COG0233",1,4,5,3,1,1
"COG0234",0,1,3,3,1,1
"COG0235",8,3,6,6,7,5
"COG0236",3,2,2,5,2,0
"COG0237",2,4,3,0,2,3
"COG0238",0,0,0,0,1,0
"COG0239",0,0,0,3,1,1
"COG0240",8,5,5,7,2,4
"COG0241",2,1,5,0,1,3
"COG0242",3,9,1,5,2,4
"COG0243",3,4,7,4,3,5
"COG0244",1,4,1,6,3,0
"COG0245",3,2,8,3,2,1
"COG0246",6,5,2,4,6,4
"COG0247",0,3,1,7,4,7
"COG0248",9,5,0,3,2,2
"COG0249",20,13,15,12,18,26
"COG0250",6,5,3,2,7,2
"COG0251",1,4,6,1,2,4
"COG0252",5,4,9,8,8,5
"COG0253",5,7,2,6,4,2
"COG0254",0,0,0,0,0,0
"COG0255",2,2,0,0,0,1
"COG0256",5,3,2,1,5,0
"COG0257",0,0,0,0,0,0
"COG0258",10,15,16,13,9,7
"COG0259",0,0,1,0,1,2
"COG0260",2,0,0,0,0,0
"COG0261",8,2,3,2,3,0
"COG0262",2,5,5,1,2,4
"COG0263",1,2,2,4,4,2
"COG0264",8,7,7,5,8,7
"COG0265",5,5,4,8,12,5
"COG0266",1,1,0,1,0,0
"COG0267",0,1,0,0,0,1
"COG0268",1,0,0,4,0,0
"COG0269",0,1,1,0,0,0
"COG0270",38,17,6,10,14,11
"COG0271",0,1,0,0,0,0
"COG0272",13,6,4,8,3,6
"COG0274",0,4,4,2,4,5
"COG0275",5,4,7,8,6,3
"COG0276",0,1,0,5,0,0
"COG0277",2,3,4,2,5,4
"COG0278",0,1,0,0,0,0
"COG0279",0,0,1,1,0,1
"COG0280",4,7,18,7,9,10
"COG0281",5,2,11,4,5,5
"COG0282",5,10,2,6,5,8
"COG0283",3,4,0,5,2,1
"COG0284",7,5,3,5,6,3
"COG0285",9,7,2,11,2,1
"COG0286",21,6,8,15,9,5
"COG0287",0,8,2,6,2,1
"COG0288",4,2,5,3,1,4
"COG0289",5,5,7,1,3,2
"COG0290",4,3,2,5,3,2
"COG0291",1,0,2,1,2,0
"COG0292",3,2,3,2,1,1
"COG0293",0,0,0,0,0,0
"COG0294",1,0,2,6,1,2
"COG0295",1,3,2,5,1,2
"COG0296",8,9,9,8,10,2
"COG0297",4,0,3,11,6,3
"COG0298",0,1,0,0,0,0
"COG0299",2,3,5,1,9,3
"COG0300",1,6,3,6,3,4
"COG0301",1,2,0,5,3,0
"COG0302",4,3,3,1,1,2
"COG0303",2,3,2,2,2,2
"COG0304",4,30,10,8,9,6
"COG0305",9,9,11,9,12,5
"COG0306",1,0,3,1,0,3
"COG0307",3,1,2,1,3,2
"COG0308",2,11,1,3,1,5
"COG0309",2,1,1,6,2,0
"COG0310",1,1,0,0,0,0
"COG0311",0,1,0,1,0,0
"COG0312",1,1,2,1,2,2
"COG0313",6,5,6,8,8,6
"COG0314",0,0,0,0,0,0
"COG0315",0,0,0,2,0,0
"COG0316",0,1,1,0,0,1
"COG0317",11,14,2,4,5,5
"COG0318",8,7,10,1,5,8
"COG0319",4,3,2,3,1,2
"COG0320",0,0,3,0,4,2
"COG0321",1,0,2,0,0,2
"COG0322",9,8,7,8,9,11
"COG0323",9,2,5,10,6,8
"COG0324",6,2,9,2,6,4
"COG0325",2,9,2,6,3,3
"COG0326",8,1,7,5,11,15
"COG0327",0,2,1,2,2,2
"COG0328",4,1,2,2,2,0
"COG0329",14,9,11,6,5,6
"COG0330",4,6,3,6,5,2
"COG0331",0,10,0,7,5,3
"COG0332",7,2,8,6,3,12
"COG0333",1,0,0,1,0,0
"COG0334",8,5,13,6,11,8
"COG0335",2,2,2,2,0,2
"COG0336",3,7,4,6,4,2
"COG0337",4,10,5,2,7,4
"COG0338",3,1,2,0,1,0
"COG0339",15,0,5,0,8,8
"COG0340",2,2,4,3,4,3
"COG0341",0,0,7,6,2,5
"COG0342",11,3,8,2,3,5
"COG0343",7,8,3,2,3,4
"COG0344",1,2,0,4,1,1
"COG0345",1,3,6,5,4,2
"COG0346",3,0,5,2,2,6
"COG0347",5,2,1,0,6,1
"COG0348",3,6,5,4,7,5
"COG0349",0,2,0,1,0,0
"COG0350",1,5,2,2,4,7
"COG0351",7,9,4,3,6,2
"COG0352",1,13,3,2,2,3
"COG0353",5,1,0,2,5,1
"COG0354",0,0,0,0,0,0
"COG0355",0,0,1,2,2,3
"COG0356",2,10,3,5,5,5
"COG0357",4,6,4,6,4,0
"COG0358",16,5,16,9,12,8
"COG0359",2,3,5,3,0,0
"COG0360",4,0,2,2,2,0
"COG0361",1,1,1,2,3,1
"COG0362",3,6,4,3,2,4
"COG0363",5,14,7,6,10,15
"COG0364",0,3,2,4,3,2
"COG0365",4,1,4,0,2,7
"COG0366",23,68,10,28,28,19
"COG0367",9,6,3,5,2,3
"COG0368",1,3,1,1,1,0
"COG0369",0,0,0,0,0,0
"COG0370",16,6,10,9,15,11
"COG0371",2,2,1,5,2,3
"COG0372",10,5,6,3,8,4
"COG0373",0,0,1,3,2,3
"COG0374",3,1,2,0,0,1
"COG0375",0,0,2,1,0,0
"COG0376",0,0,0,0,0,1
"COG0377",0,0,0,0,0,0
"COG0378",2,1,0,1,0,0
"COG0379",2,3,7,3,4,2
"COG0380",0,0,3,0,0,2
"COG0381",8,3,3,4,6,11
"COG0382",0,0,0,1,0,0
"COG0383",2,3,3,5,6,18
"COG0384",0,0,0,1,0,0
"COG0385",3,6,0,2,2,2
"COG0386",0,0,2,1,0,0
"COG0387",0,0,1,0,0,1
"COG0388",18,6,10,4,11,13
"COG0389",6,6,1,18,4,1
"COG0390",1,2,2,1,1,2
"COG0391",2,0,0,1,0,0
"COG0392",2,7,0,13,1,0
"COG0393",5,1,2,1,4,4
"COG0394",5,15,3,4,3,1
"COG0395",17,60,2,28,14,5
"COG0396",0,8,3,2,2,3
"COG0397",0,0,0,0,0,0
"COG0398",1,0,0,2,2,0
"COG0399",10,3,10,9,10,22
"COG0400",1,2,0,0,0,0
"COG0401",0,1,0,0,0,0
"COG0402",6,14,4,5,1,3
"COG0403",4,1,7,0,4,6
"COG0404",2,0,2,1,4,1
"COG0405",0,0,1,0,0,0
"COG0406",4,23,3,16,3,1
"COG0407",0,0,0,2,6,4
"COG0408",0,1,0,0,0,0
"COG0409",3,1,1,0,0,1
"COG0410",2,1,2,5,2,0
"COG0411",1,3,2,3,1,2
"COG0412",0,0,0,0,0,1
"COG0413",4,0,4,0,4,3
"COG0414",3,2,4,0,3,4
"COG0415",0,1,0,0,0,0
"COG0416",7,0,2,7,0,0
"COG0417",0,0,0,0,0,1
"COG0418",0,0,0,0,0,1
"COG0419",12,5,7,14,7,4
"COG0420",6,4,7,5,4,3
"COG0421",0,0,1,5,1,1
"COG0422",4,8,7,1,3,4
"COG0423",9,11,7,4,4,6
"COG0424",2,7,3,1,2,0
"COG0425",6,0,6,1,3,3
"COG0426",8,5,8,6,7,8
"COG0427",7,1,10,0,7,3
"COG0428",5,1,0,0,0,1
"COG0429",0,0,0,0,0,0
"COG0430",0,0,0,0,0,0
"COG0431",0,1,0,7,0,1
"COG0432",2,1,0,0,2,1
"COG0433",1,1,0,7,1,3
"COG0434",0,0,0,0,0,0
"COG0435",0,0,0,0,0,0
"COG0436",20,31,14,24,29,21
"COG0437",2,0,2,0,1,1
"COG0438",72,41,90,35,83,89
"COG0439",5,6,14,4,8,12
"COG0440",3,5,1,2,3,2
"COG0441",5,5,8,10,12,7
"COG0442",4,2,2,5,8,5
"COG0443",1,3,1,18,7,4
"COG0444",6,7,7,6,1,1
"COG0445",10,1,10,15,7,9
"COG0446",14,15,8,10,14,9
"COG0447",3,0,3,0,1,1
"COG0448",5,13,3,19,3,1
"COG0449",10,9,11,3,2,0
"COG0450",2,3,2,0,2,7
"COG0451",19,13,41,7,25,44
"COG0452",6,6,5,3,8,2
"COG0454",21,10,16,16,12,10
"COG0455",1,0,0,0,0,1
"COG0456",7,4,1,9,1,0
"COG0457",32,10,45,5,15,10
"COG0458",15,20,20,17,26,16
"COG0459",7,7,0,8,6,5
"COG0460",5,6,8,7,6,1
"COG0461",3,3,6,2,1,2
"COG0462",3,11,2,15,5,3
"COG0463",88,52,82,59,78,83
"COG0464",8,9,0,6,2,5
"COG0465",10,11,3,15,10,4
"COG0466",7,5,6,8,14,11
"COG0468",6,9,4,8,6,3
"COG0469",4,7,5,6,3,4
"COG0470",1,4,2,0,0,0
"COG0471",15,11,6,3,12,11
"COG0472",11,9,9,6,9,18
"COG0473",10,5,3,3,5,2
"COG0474",23,32,10,29,14,15
"COG0475",16,12,20,2,17,14
"COG0476",6,5,3,1,5,2
"COG0477",38,119,52,45,45,62
"COG0479",2,5,5,0,1,0
"COG0480",33,23,17,16,31,12
"COG0481",6,10,11,9,5,6
"COG0482",10,3,8,2,7,11
"COG0483",0,1,3,2,2,2
"COG0484",1,1,1,8,3,2
"COG0486",3,4,5,4,2,7
"COG0488",31,38,29,37,32,25
"COG0489",11,12,20,6,19,20
"COG0490",1,0,1,0,1,0
"COG0491",0,0,1,8,4,9
"COG0492",13,9,5,9,6,7
"COG0493",15,11,20,7,5,6
"COG0494",9,29,1,18,10,7
"COG0495",9,16,16,14,11,10
"COG0496",3,0,4,1,3,2
"COG0497",8,6,1,0,2,3
"COG0498",5,9,6,10,3,7
"COG0499",0,3,6,1,0,4
"COG0500",16,8,21,27,10,24
"COG0501",7,4,4,6,4,7
"COG0502",1,3,9,3,7,9
"COG0503",9,7,8,9,4,2
"COG0504",6,10,3,6,8,5
"COG0505",1,10,1,3,2,1
"COG0506",3,1,3,0,3,6
"COG0507",8,8,5,23,17,10
"COG0508",0,1,2,5,0,4
"COG0509",1,3,2,0,1,1
"COG0510",2,2,0,4,0,0
"COG0511",2,3,5,1,1,0
"COG0512",2,3,1,3,2,1
"COG0513",11,11,20,15,14,18
"COG0514",24,4,27,1,22,15
"COG0515",18,42,2,19,11,7
"COG0516",6,14,8,7,11,6
"COG0517",12,17,5,19,9,13
"COG0518",9,9,8,8,4,8
"COG0519",6,5,5,4,8,6
"COG0520",11,7,3,5,6,9
"COG0521",0,1,1,0,0,0
"COG0522",7,5,2,3,2,1
"COG0523",5,2,1,7,9,1
"COG0524",26,22,16,18,20,23
"COG0525",6,9,6,12,5,9
"COG0526",25,18,24,9,18,27
"COG0527",5,11,14,9,11,9
"COG0528",7,4,0,1,0,4
"COG0529",0,0,4,0,2,5
"COG0530",6,1,4,2,7,2
"COG0531",10,19,9,22,5,13
"COG0532",5,4,13,11,9,6
"COG0533",5,4,2,6,5,3
"COG0534",62,40,52,56,83,66
"COG0535",10,2,9,5,6,6
"COG0536",6,7,3,3,6,4
"COG0537",3,0,5,2,5,2
"COG0538",6,2,8,5,4,6
"COG0539",7,9,10,6,11,11
"COG0540",2,4,2,5,3,1
"COG0541",8,13,5,5,4,2
"COG0542",5,8,9,38,28,24
"COG0543",6,7,8,7,13,8
"COG0544",6,8,5,0,2,2
"COG0545",4,8,5,1,5,5
"COG0546",11,9,6,13,4,5
"COG0547",2,1,3,6,3,4
"COG0548",4,5,3,6,5,2
"COG0549",1,4,3,3,2,1
"COG0550",28,19,29,7,9,6
"COG0551",4,9,2,10,4,4
"COG0552",7,5,5,2,5,3
"COG0553",19,9,17,8,7,20
"COG0554",1,4,2,3,2,1
"COG0555",1,0,0,1,0,0
"COG0556",6,8,5,5,5,5
"COG0557",9,4,10,5,2,1
"COG0558",2,10,3,6,3,0
"COG0559",2,6,1,1,0,0
"COG0560",0,1,1,3,4,3
"COG0561",15,16,7,38,18,9
"COG0562",1,3,3,4,4,2
"COG0563",6,7,4,4,7,3
"COG0564",18,10,11,17,12,13
"COG0565",0,0,0,1,0,0
"COG0566",15,16,13,4,3,2
"COG0567",1,0,0,1,1,0
"COG0568",5,1,3,9,7,7
"COG0569",11,8,8,16,11,10
"COG0571",4,2,7,6,6,2
"COG0572",10,3,5,10,3,8
"COG0573",2,8,4,3,5,3
"COG0574",10,3,13,7,10,13
"COG0575",4,8,0,4,7,6
"COG0576",6,0,4,2,0,1
"COG0577",27,69,29,53,35,24
"COG0578",0,0,1,2,4,0
"COG0579",0,1,1,3,1,2
"COG0580",0,8,2,5,1,1
"COG0581",0,6,3,1,4,3
"COG0582",71,45,42,45,51,24
"COG0583",25,27,17,46,20,35
"COG0584",8,9,12,7,9,13
"COG0585",0,0,0,0,0,0
"COG0586",2,7,4,5,2,4
"COG0587",14,21,15,25,17,19
"COG0588",1,5,1,4,3,2
"COG0589",6,9,14,5,10,10
"COG0590",4,2,1,1,1,2
"COG0591",13,4,9,2,3,5
"COG0592",5,13,5,7,4,5
"COG0593",1,7,1,1,0,1
"COG0594",2,3,1,2,0,0
"COG0595",3,7,1,9,3,2
"COG0596",5,11,2,7,3,5
"COG0597",2,3,0,2,0,1
"COG0598",9,7,6,11,4,7
"COG0599",6,3,2,4,1,0
"COG0600",2,5,1,2,3,5
"COG0601",6,20,3,11,5,2
"COG0602",9,2,5,6,5,9
"COG0603",4,1,1,0,4,4
"COG0604",0,4,1,6,0,1
"COG0605",1,1,2,1,2,0
"COG0606",6,1,9,3,8,4
"COG0607",10,8,11,2,10,7
"COG0608",14,3,5,9,8,2
"COG0609",9,1,6,12,4,8
"COG0610",16,2,1,16,14,5
"COG0611",2,0,1,0,0,5
"COG0612",20,2,13,5,30,15
"COG0613",5,5,4,2,2,2
"COG0614",12,2,3,4,10,6
"COG0615",1,0,8,1,3,4
"COG0616",1,0,0,1,3,8
"COG0617",6,8,4,6,8,4
"COG0618",13,5,2,0,2,1
"COG0619",3,20,2,12,2,1
"COG0620",3,14,0,11,3,1
"COG0621",4,0,1,6,14,23
"COG0622",2,3,7,6,5,3
"COG0623",3,1,4,1,2,4
"COG0624",9,12,10,20,11,11
"COG0625",0,2,2,1,0,3
"COG0626",0,9,1,9,0,1
"COG0627",0,1,5,5,0,4
"COG0628",8,8,8,9,15,6
"COG0629",4,5,2,4,3,2
"COG0630",0,1,0,1,0,0
"COG0631",3,7,1,3,3,3
"COG0632",4,4,1,1,4,2
"COG0633",0,1,0,0,0,0
"COG0634",0,4,4,4,4,4
"COG0635",11,7,6,10,12,10
"COG0636",2,0,3,1,1,1
"COG0637",8,15,9,3,9,5
"COG0639",0,2,3,4,0,0
"COG0640",3,2,0,3,1,1
"COG0641",17,9,6,13,12,19
"COG0642",137,87,217,113,168,264
"COG0643",1,0,0,1,0,2
"COG0644",0,1,1,0,0,0
"COG0645",0,0,0,0,0,0
"COG0646",8,6,5,2,9,7
"COG0647",0,5,1,2,3,0
"COG0648",2,2,2,0,4,3
"COG0649",6,0,3,0,8,5
"COG0650",0,0,0,1,0,0
"COG0651",2,0,2,0,0,1
"COG0652",6,7,4,6,5,1
"COG0653",9,24,14,16,14,9
"COG0654",1,3,1,0,0,1
"COG0655",9,0,4,4,6,4
"COG0656",1,4,3,8,7,4
"COG0657",3,12,6,8,13,14
"COG0658",6,9,2,13,6,7
"COG0659",7,1,6,6,6,5
"COG0661",0,15,0,3,0,1
"COG0662",0,1,1,1,4,1
"COG0663",2,0,1,1,0,1
"COG0664",6,2,13,9,20,10
"COG0665",1,1,0,7,0,2
"COG0666",5,2,3,1,1,0
"COG0667",6,15,8,7,8,10
"COG0668",11,7,6,11,8,21
"COG0669",5,6,3,2,6,1
"COG0670",0,3,2,0,0,1
"COG0671",3,5,4,9,7,3
"COG0672",0,2,1,0,0,0
"COG0673",9,14,16,19,18,28
"COG0674",22,3,24,5,20,9
"COG0675",15,7,1,18,2,0
"COG0676",0,6,0,0,0,1
"COG0677",5,3,8,0,3,5
"COG0678",0,0,0,0,0,0
"COG0679",2,11,0,3,5,3
"COG0680",0,1,0,1,0,2
"COG0681",9,6,5,7,7,11
"COG0682",8,3,6,5,8,5
"COG0683",4,1,2,6,0,1
"COG0684",1,0,1,1,0,0
"COG0685",1,3,6,2,6,6
"COG0686",0,0,5,2,6,2
"COG0687",1,1,1,7,9,5
"COG0688",1,2,2,1,9,3
"COG0689",0,0,0,0,0,1
"COG0690",0,0,0,1,0,0
"COG0691",0,5,1,3,2,2
"COG0692",3,1,2,1,3,3
"COG0693",7,1,6,6,6,5
"COG0694",1,1,0,0,0,1
"COG0695",0,5,0,1,0,0
"COG0696",13,2,9,3,3,5
"COG0697",19,15,12,16,10,21
"COG0698",3,1,0,1,5,2
"COG0699",1,1,0,0,1,2
"COG0700",4,1,5,0,3,1
"COG0701",1,0,0,0,1,2
"COG0702",0,2,0,3,0,0
"COG0703",2,3,3,3,0,3
"COG0704",5,2,4,4,2,4
"COG0705",6,9,2,7,1,7
"COG0706",9,16,4,8,9,4
"COG0707",12,5,4,6,7,6
"COG0708",1,10,1,5,7,2
"COG0709",0,0,1,2,3,1
"COG0710",1,0,0,5,0,2
"COG0711",1,5,0,2,3,5
"COG0712",4,3,1,3,4,2
"COG0713",0,0,0,0,1,0
"COG0714",9,6,8,9,12,11
"COG0715",3,1,2,1,3,3
"COG0716",1,0,1,8,10,3
"COG0717",0,8,0,0,0,0
"COG0718",1,4,0,1,0,0
"COG0719",8,15,13,3,5,9
"COG0720",2,1,1,2,3,5
"COG0721",1,3,0,0,2,1
"COG0722",1,12,0,6,1,3
"COG0723",0,0,0,0,0,0
"COG0724",1,0,3,0,1,3
"COG0725",1,1,1,2,0,1
"COG0726",13,2,9,15,10,9
"COG0727",0,0,0,0,1,0
"COG0728",0,13,0,0,0,1
"COG0729",0,0,1,0,0,5
"COG0730",0,1,1,4,0,0
"COG0731",1,0,7,1,2,3
"COG0732",11,5,4,5,5,2
"COG0733",13,6,5,11,12,4
"COG0735",5,3,5,5,3,10
"COG0736",1,2,1,1,0,0
"COG0737",7,3,12,6,14,13
"COG0738",6,1,21,0,13,11
"COG0739",24,4,24,4,23,16
"COG0740",6,5,5,6,7,4
"COG0741",5,4,5,6,3,8
"COG0742",1,5,4,0,3,3
"COG0743",8,5,6,4,5,2
"COG0744",9,13,6,16,6,11
"COG0745",64,42,77,68,67,84
"COG0746",0,1,0,3,0,0
"COG0747",4,29,10,27,4,8
"COG0749",20,15,9,8,10,8
"COG0750",3,1,0,7,9,4
"COG0751",2,0,1,7,0,1
"COG0752",0,0,1,1,0,0
"COG0753",0,1,1,1,4,2
"COG0754",0,0,2,0,0,0
"COG0755",5,1,1,1,4,7
"COG0756",2,9,1,0,5,1
"COG0757",0,4,2,1,4,4
"COG0758",2,2,2,2,3,3
"COG0759",1,1,1,0,2,1
"COG0760",5,5,6,4,8,4
"COG0761",5,4,1,1,2,5
"COG0762",0,1,0,1,0,1
"COG0763",2,0,1,4,4,4
"COG0764",3,4,6,4,5,6
"COG0765",13,29,2,26,4,6
"COG0766",8,6,7,15,6,5
"COG0767",1,0,3,0,4,0
"COG0768",25,20,18,38,17,14
"COG0769",10,10,3,10,2,4
"COG0770",9,6,11,4,12,12
"COG0771",4,8,4,7,6,7
"COG0772",9,8,12,23,8,9
"COG0773",5,3,8,8,9,10
"COG0774",5,1,5,0,2,4
"COG0775",7,6,2,7,1,2
"COG0776",5,4,1,2,6,8
"COG0777",1,0,0,6,0,1
"COG0778",11,8,18,4,10,12
"COG0779",1,2,0,5,1,0
"COG0780",3,2,1,1,2,1
"COG0781",1,2,3,3,2,3
"COG0782",5,5,2,4,2,4
"COG0783",0,0,2,3,2,0
"COG0784",36,13,34,44,27,38
"COG0785",0,1,2,0,0,1
"COG0786",3,1,2,2,2,1
"COG0787",12,8,4,3,11,10
"COG0788",0,0,2,0,1,1
"COG0789",9,17,2,12,4,5
"COG0790",7,0,5,3,6,3
"COG0791",12,6,5,13,8,0
"COG0792",2,2,3,2,2,1
"COG0793",18,7,42,4,34,31
"COG0794",2,0,4,2,2,4
"COG0795",6,1,6,0,9,7
"COG0796",6,2,7,6,6,2
"COG0797",0,0,0,0,0,0
"COG0798",1,1,1,0,0,0
"COG0799",4,5,0,4,6,2
"COG0800",2,3,3,2,3,3
"COG0801",2,3,2,1,0,0
"COG0802",3,5,2,4,1,2
"COG0803",12,10,2,8,3,0
"COG0804",2,0,0,5,0,0
"COG0805",0,4,1,2,4,1
"COG0806",0,2,1,1,0,2
"COG0807",7,1,6,1,1,7
"COG0809",15,3,15,1,2,4
"COG0810",0,0,0,0,0,0
"COG0811",7,1,5,0,5,3
"COG0812",3,10,2,10,2,4
"COG0813",2,0,0,1,0,1
"COG0814",0,0,0,2,1,1
"COG0815",1,0,0,1,0,0
"COG0816",2,7,3,4,4,1
"COG0817",1,2,1,0,3,2
"COG0818",0,0,1,1,3,1
"COG0819",2,5,0,0,0,0
"COG0820",14,7,2,2,9,2
"COG0821",2,3,2,4,7,6
"COG0822",3,4,6,3,2,5
"COG0823",0,3,9,3,4,6
"COG0824",3,1,4,3,5,3
"COG0825",3,2,1,4,1,3
"COG0826",22,8,15,5,2,3
"COG0827",17,17,7,3,5,0
"COG0828",0,1,0,2,1,0
"COG0829",1,0,0,3,0,0
"COG0830",0,0,0,0,0,0
"COG0831",0,0,0,0,0,0
"COG0832",1,0,0,1,0,0
"COG0833",0,5,0,4,0,0
"COG0834",17,23,9,14,3,1
"COG0835",0,0,0,0,0,1
"COG0836",12,3,13,1,3,4
"COG0837",0,0,0,0,0,1
"COG0838",0,0,1,0,0,1
"COG0839",0,0,3,0,2,3
"COG0840",19,2,5,0,9,5
"COG0841",45,13,78,11,57,72
"COG0842",14,4,12,15,16,20
"COG0843",0,0,0,0,0,1
"COG0845",30,11,75,10,34,68
"COG0846",9,4,1,7,5,2
"COG0847",6,1,4,6,3,5
"COG0848",0,0,0,2,0,1
"COG0849",6,2,2,4,2,4
"COG0850",2,1,0,2,0,2
"COG0851",0,0,0,0,0,0
"COG0852",1,0,3,0,2,4
"COG0853",1,1,0,2,3,1
"COG0854",1,0,3,0,2,1
"COG0855",5,8,6,4,12,4
"COG0857",0,3,0,1,0,1
"COG0858",0,4,1,2,3,1
"COG0859",3,0,5,2,4,4
"COG0860",8,7,3,14,12,3
"COG0861",0,5,1,1,1,1
"COG0863",3,1,0,1,8,12
"COG0864",1,0,0,0,0,0
"COG1001",0,2,2,4,1,5
"COG1002",7,7,4,4,2,6
"COG1003",1,0,4,0,4,9
"COG1004",3,3,8,6,7,10
"COG1005",3,1,7,0,1,1
"COG1006",1,0,0,0,0,0
"COG1007",6,0,4,0,2,0
"COG1008",1,1,10,0,3,5
"COG1009",2,0,4,0,2,8
"COG1010",0,3,3,2,2,2
"COG1011",9,14,5,19,14,4
"COG1012",5,17,11,21,7,17
"COG1013",13,6,14,4,21,15
"COG1014",17,2,14,6,17,19
"COG1015",1,4,3,4,0,0
"COG1017",0,0,0,0,0,0
"COG1018",0,0,0,1,0,1
"COG1020",5,10,2,27,1,6
"COG1021",0,1,0,1,1,0
"COG1022",9,16,22,1,16,21
"COG1023",0,0,0,0,0,0
"COG1024",2,0,0,5,1,1
"COG1025",0,1,1,0,0,0
"COG1026",4,2,5,3,4,0
"COG1027",1,2,0,0,2,4
"COG1028",20,18,30,22,28,41
"COG1030",0,0,0,0,1,1
"COG1032",12,6,9,15,16,10
"COG1033",3,1,1,1,4,0
"COG1034",0,2,2,3,1,2
"COG1035",3,3,5,1,5,3
"COG1038",2,0,4,3,3,2
"COG1039",1,0,0,6,0,0
"COG1040",4,5,0,4,5,2
"COG1041",0,0,0,0,2,0
"COG1042",0,2,4,0,3,4
"COG1043",0,0,1,0,12,3
"COG1044",4,1,4,1,2,4
"COG1045",12,3,4,2,1,2
"COG1047",1,0,3,0,2,3
"COG1048",9,11,5,10,6,6
"COG1049",0,1,1,0,0,0
"COG1051",3,2,4,3,5,5
"COG1052",4,3,9,6,7,8
"COG1053",8,9,18,12,18,4
"COG1054",0,0,0,1,0,2
"COG1055",7,0,0,5,1,2
"COG1056",0,0,0,1,0,0
"COG1057",2,2,1,4,2,3
"COG1058",2,1,4,7,0,2
"COG1059",0,0,0,0,0,2
"COG1060",2,1,3,6,4,2
"COG1061",15,10,11,13,12,8
"COG1062",0,0,0,0,0,0
"COG1063",5,16,9,11,3,10
"COG1064",0,0,1,1,0,4
"COG1066",5,5,1,10,5,3
"COG1067",1,1,0,0,0,1
"COG1069",2,0,0,1,1,3
"COG1070",9,24,17,12,13,15
"COG1071",1,0,1,0,2,5
"COG1072",0,0,0,2,0,0
"COG1073",9,7,12,7,11,9
"COG1074",9,7,1,9,6,8
"COG1075",1,1,0,0,1,0
"COG1076",0,1,1,0,0,1
"COG1077",14,4,6,7,2,5
"COG1078",0,2,5,2,2,3
"COG1079",3,0,1,3,0,0
"COG1080",6,14,5,7,6,3
"COG1082",9,5,8,0,1,1
"COG1083",3,0,1,0,2,1
"COG1085",2,6,0,1,0,1
"COG1086",6,4,13,5,9,30
"COG1087",6,8,1,8,4,2
"COG1088",2,6,4,0,4,1
"COG1089",4,1,5,0,3,1
"COG1090",0,0,1,0,0,4
"COG1091",5,1,10,4,8,8
"COG1092",2,1,2,5,8,4
"COG1098",1,0,0,1,0,0
"COG1099",0,0,0,0,0,0
"COG1101",1,1,1,3,0,1
"COG1102",0,0,0,0,0,0
"COG1104",8,6,1,7,6,3
"COG1105",1,3,3,7,2,2
"COG1106",7,4,12,6,6,12
"COG1108",4,6,2,9,3,5
"COG1109",24,14,12,22,7,8
"COG1112",15,15,21,3,15,27
"COG1113",1,13,1,3,0,1
"COG1114",1,1,3,1,1,0
"COG1115",16,3,9,14,11,8
"COG1116",5,1,1,4,3,1
"COG1117",3,6,7,4,3,3
"COG1118",2,0,1,4,0,0
"COG1119",1,3,2,4,1,2
"COG1120",10,4,7,0,2,2
"COG1121",3,2,2,3,5,5
"COG1122",7,18,2,18,5,1
"COG1123",0,20,0,2,0,0
"COG1124",2,0,1,0,0,1
"COG1125",1,1,0,7,0,0
"COG1126",6,11,2,17,3,2
"COG1127",2,0,3,0,1,3
"COG1129",5,15,2,21,2,9
"COG1131",27,18,15,46,21,16
"COG1132",35,82,31,88,48,27
"COG1133",0,0,0,0,0,0
"COG1134",5,12,4,9,3,1
"COG1135",4,8,2,5,2,1
"COG1136",28,49,12,33,25,21
"COG1137",2,2,2,0,2,3
"COG1138",0,0,0,1,0,0
"COG1139",3,1,5,1,3,3
"COG1140",0,1,0,0,0,1
"COG1141",0,0,0,0,0,0
"COG1142",0,1,0,0,1,0
"COG1143",1,0,1,0,0,4
"COG1144",1,1,1,0,0,0
"COG1145",6,1,2,11,10,12
"COG1146",0,0,0,0,4,1
"COG1148",1,0,0,0,0,0
"COG1149",0,0,0,0,0,2
"COG1150",0,0,0,0,0,0
"COG1151",9,5,5,10,5,3
"COG1152",0,0,0,1,0,0
"COG1154",6,9,9,9,7,6
"COG1155",6,8,4,11,8,2
"COG1156",1,0,9,2,5,4
"COG1157",1,1,0,0,0,0
"COG1158",3,9,5,3,3,0
"COG1159",2,2,2,5,6,2
"COG1160",8,9,7,10,10,6
"COG1161",2,0,0,4,3,0
"COG1162",1,2,6,9,6,3
"COG1164",7,2,1,9,6,2
"COG1165",12,4,5,0,2,11
"COG1166",0,0,2,0,4,11
"COG1167",10,8,3,11,10,6
"COG1168",2,4,13,8,10,11
"COG1169",2,0,5,1,0,6
"COG1171",6,5,7,7,4,0
"COG1172",4,9,3,16,0,7
"COG1173",6,19,5,10,6,5
"COG1174",3,1,1,7,1,0
"COG1175",5,14,3,25,10,5
"COG1176",1,2,6,7,5,2
"COG1177",2,2,2,3,2,7
"COG1178",3,1,2,2,3,2
"COG1179",7,0,1,5,1,2
"COG1180",2,7,4,10,3,8
"COG1181",7,14,3,5,8,4
"COG1182",0,1,0,0,0,0
"COG1183",3,0,4,3,2,1
"COG1184",0,0,0,0,0,0
"COG1185",6,13,11,10,13,4
"COG1186",10,5,12,2,8,5
"COG1187",2,9,3,6,7,3
"COG1188",1,1,0,3,2,1
"COG1189",2,7,1,2,1,2
"COG1190",11,10,6,11,6,8
"COG1191",9,4,3,5,6,0
"COG1192",20,14,3,19,10,8
"COG1193",14,6,6,12,9,3
"COG1194",6,4,1,6,3,0
"COG1195",4,8,3,5,8,4
"COG1196",5,6,3,16,2,3
"COG1197",17,14,8,15,11,10
"COG1198",13,11,9,11,10,8
"COG1199",4,4,4,18,1,1
"COG1200",8,12,9,12,4,8
"COG1201",0,5,0,0,0,2
"COG1203",4,14,1,7,8,0
"COG1204",5,0,0,2,3,1
"COG1205",1,1,0,0,1,2
"COG1206",2,2,1,2,1,0
"COG1207",5,9,0,2,3,2
"COG1208",4,1,5,0,8,3
"COG1209",2,2,5,6,1,6
"COG1210",1,3,0,4,0,1
"COG1211",1,6,6,3,3,7
"COG1212",3,0,3,0,1,0
"COG1213",1,0,0,1,0,5
"COG1214",4,1,3,5,6,1
"COG1215",2,12,7,9,8,5
"COG1216",11,14,15,5,9,7
"COG1217",8,6,5,13,13,9
"COG1218",0,1,5,0,0,1
"COG1219",4,10,5,9,7,5
"COG1220",0,0,0,1,0,1
"COG1221",2,5,1,1,4,0
"COG1225",2,3,2,2,3,5
"COG1226",3,0,2,2,2,1
"COG1227",5,2,2,2,4,2
"COG1228",1,1,7,1,4,4
"COG1230",0,3,3,0,1,4
"COG1232",0,7,1,0,0,0
"COG1233",1,1,6,0,2,0
"COG1234",3,2,2,7,3,4
"COG1235",6,3,7,5,7,3
"COG1236",2,1,1,2,0,0
"COG1237",0,0,0,0,1,3
"COG1238",0,0,0,0,2,1
"COG1239",2,0,0,0,0,0
"COG1240",0,0,0,0,0,0
"COG1242",3,3,5,5,3,2
"COG1243",0,0,0,0,0,0
"COG1246",0,1,1,0,0,0
"COG1247",4,3,1,3,4,0
"COG1249",5,6,10,6,2,4
"COG1250",1,13,2,6,1,2
"COG1251",1,3,2,2,0,2
"COG1252",1,1,0,1,3,2
"COG1253",8,24,10,10,16,6
"COG1254",0,0,0,1,0,0
"COG1256",2,0,0,0,3,0
"COG1257",0,1,0,3,0,0
"COG1259",1,0,3,0,2,3
"COG1260",4,2,0,0,2,3
"COG1261",0,1,1,1,0,1
"COG1262",2,1,6,0,3,4
"COG1263",10,22,10,29,10,5
"COG1264",9,21,3,22,4,3
"COG1266",3,3,4,8,3,4
"COG1267",2,0,0,0,0,0
"COG1268",2,4,2,3,2,0
"COG1269",6,2,1,10,6,4
"COG1270",1,0,3,2,4,0
"COG1271",1,1,2,1,6,2
"COG1272",1,7,0,1,0,2
"COG1273",0,0,0,0,0,0
"COG1274",0,0,0,0,0,0
"COG1275",0,0,0,1,0,0
"COG1276",0,1,0,0,0,0
"COG1277",1,1,0,1,1,0
"COG1278",2,3,0,2,0,0
"COG1279",0,0,0,2,0,0
"COG1280",2,0,1,0,0,5
"COG1281",2,1,2,5,2,0
"COG1282",0,4,0,0,0,1
"COG1283",5,3,7,5,8,5
"COG1284",14,7,10,12,9,5
"COG1285",3,1,2,0,1,2
"COG1286",0,1,0,1,1,0
"COG1287",0,0,0,0,0,0
"COG1288",3,1,1,3,0,4
"COG1289",0,2,1,2,0,3
"COG1290",0,0,0,0,0,0
"COG1291",1,0,1,1,0,1
"COG1292",2,1,0,3,0,1
"COG1293",7,0,2,4,3,1
"COG1294",7,0,2,3,4,3
"COG1295",4,3,2,3,1,1
"COG1296",1,5,2,12,2,0
"COG1297",1,1,2,4,0,4
"COG1298",3,0,1,0,1,1
"COG1299",6,1,1,6,4,2
"COG1300",0,0,1,0,0,2
"COG1301",9,2,7,6,2,10
"COG1302",3,2,0,6,1,0
"COG1304",0,5,0,4,1,0
"COG1305",2,15,1,2,5,7
"COG1306",0,0,0,0,0,0
"COG1307",7,5,5,12,7,1
"COG1309",11,19,8,23,1,12
"COG1310",0,0,0,0,0,0
"COG1312",6,0,6,3,7,5
"COG1313",1,0,0,1,2,0
"COG1314",0,0,1,1,0,0
"COG1315",1,0,0,0,1,0
"COG1316",4,9,0,18,6,1
"COG1317",0,1,0,0,0,0
"COG1319",2,1,0,1,2,1
"COG1320",1,0,0,0,0,0
"COG1321",3,1,0,8,4,1
"COG1322",1,3,4,1,4,7
"COG1323",5,3,0,3,2,0
"COG1324",0,0,0,0,0,0
"COG1327",2,4,1,1,1,0
"COG1328",19,14,11,15,13,6
"COG1329",0,2,0,0,0,0
"COG1330",0,1,0,1,0,1
"COG1331",0,0,0,0,0,0
"COG1332",1,1,0,1,0,0
"COG1333",1,0,1,0,0,0
"COG1335",0,4,0,4,0,3
"COG1336",0,0,0,0,0,0
"COG1337",1,0,0,0,0,0
"COG1338",1,0,0,0,1,0
"COG1342",1,0,1,0,1,1
"COG1343",0,0,1,0,0,0
"COG1344",2,0,0,1,3,2
"COG1345",0,0,0,0,1,0
"COG1346",1,1,3,2,3,5
"COG1347",2,0,1,0,0,1
"COG1348",0,0,0,0,0,0
"COG1349",3,10,5,14,8,4
"COG1350",3,1,6,0,6,3
"COG1351",0,0,0,0,2,0
"COG1352",1,0,0,1,1,2
"COG1353",0,0,0,3,2,0
"COG1354",2,3,1,7,0,1
"COG1355",0,0,0,0,0,0
"COG1357",1,0,0,1,1,1
"COG1358",0,1,0,1,0,0
"COG1359",2,1,1,0,0,1
"COG1360",0,1,2,0,0,1
"COG1361",0,0,0,0,0,0
"COG1362",3,5,1,4,8,3
"COG1363",1,3,3,2,0,0
"COG1364",3,0,1,3,1,0
"COG1366",0,0,0,1,3,0
"COG1368",13,8,7,21,6,10
"COG1372",1,0,0,0,2,0
"COG1373",27,31,30,11,15,21
"COG1376",4,8,1,8,2,0
"COG1377",1,1,0,1,0,0
"COG1378",0,0,0,0,0,0
"COG1379",0,1,2,5,0,0
"COG1380",2,1,2,1,1,2
"COG1381",3,3,0,3,0,0
"COG1384",0,0,0,0,1,0
"COG1385",4,2,2,4,2,3
"COG1386",4,3,0,2,0,1
"COG1387",5,2,4,6,7,8
"COG1388",8,0,5,5,7,0
"COG1390",0,0,0,1,0,0
"COG1391",0,4,1,1,0,0
"COG1392",1,0,2,0,1,1
"COG1393",1,1,1,3,2,2
"COG1394",3,2,0,3,3,2
"COG1396",8,9,5,16,8,6
"COG1397",4,1,3,3,4,0
"COG1399",0,2,0,8,2,0
"COG1401",2,1,0,4,5,0
"COG1402",1,9,3,0,0,1
"COG1403",3,2,0,0,0,0
"COG1404",7,4,22,18,13,9
"COG1406",0,0,0,0,0,1
"COG1408",2,0,6,7,10,9
"COG1409",15,10,12,3,11,8
"COG1410",9,2,5,3,7,4
"COG1413",0,0,0,0,0,0
"COG1414",3,6,3,4,1,4
"COG1415",0,0,0,0,0,0
"COG1416",0,0,0,0,0,0
"COG1418",13,8,8,8,7,5
"COG1419",0,0,0,0,0,0
"COG1420",4,4,3,4,1,1
"COG1424",1,0,0,0,0,0
"COG1426",0,0,0,1,0,1
"COG1427",0,0,0,0,0,0
"COG1428",0,1,0,3,0,0
"COG1429",10,1,11,5,4,4
"COG1430",0,0,0,0,0,0
"COG1431",0,0,0,0,0,0
"COG1432",3,1,1,2,1,0
"COG1433",0,0,0,0,1,1
"COG1434",3,2,0,1,1,1
"COG1435",2,0,2,3,0,1
"COG1436",0,0,0,0,0,0
"COG1437",0,0,0,0,0,0
"COG1438",3,4,0,5,3,1
"COG1440",1,0,0,0,0,0
"COG1441",0,1,0,1,0,0
"COG1442",2,4,3,15,5,7
"COG1443",1,0,3,0,1,1
"COG1444",0,0,0,0,0,0
"COG1445",2,7,2,4,1,2
"COG1446",1,1,0,0,1,0
"COG1447",0,2,1,2,0,0
"COG1448",2,0,1,0,1,0
"COG1449",2,1,0,0,2,5
"COG1450",0,1,0,0,0,3
"COG1451",5,5,4,0,3,3
"COG1452",0,1,1,1,0,0
"COG1453",3,2,0,1,5,1
"COG1454",18,28,12,19,5,2
"COG1455",1,6,0,9,0,0
"COG1456",0,0,0,1,0,0
"COG1457",1,7,0,4,1,1
"COG1459",0,0,0,3,1,2
"COG1461",2,1,7,8,1,1
"COG1462",0,0,0,0,0,1
"COG1463",0,0,0,1,0,0
"COG1464",5,10,2,7,1,0
"COG1465",0,0,0,0,0,0
"COG1466",5,8,7,4,3,2
"COG1468",0,0,0,2,2,0
"COG1469",1,0,0,0,0,0
"COG1470",0,0,0,0,0,0
"COG1472",36,38,60,20,38,72
"COG1473",8,10,4,10,6,10
"COG1475",21,16,7,12,19,9
"COG1476",1,2,2,1,1,1
"COG1477",10,3,2,4,5,3
"COG1479",8,17,2,5,26,5
"COG1480",5,0,12,0,6,6
"COG1481",5,5,0,4,1,1
"COG1482",5,4,3,7,4,6
"COG1483",0,0,0,0,0,0
"COG1484",9,8,17,10,7,1
"COG1485",0,0,0,0,0,0
"COG1486",1,3,3,0,1,0
"COG1487",0,0,0,0,1,0
"COG1488",4,4,2,17,4,5
"COG1489",0,0,1,0,0,1
"COG1490",3,1,2,3,0,3
"COG1492",5,1,7,1,4,2
"COG1493",4,1,0,1,1,1
"COG1494",0,2,2,0,0,2
"COG1495",0,0,0,0,0,0
"COG1496",4,6,3,0,3,3
"COG1501",8,16,26,9,15,26
"COG1502",11,4,13,13,16,14
"COG1505",0,0,5,0,0,3
"COG1506",17,11,35,0,24,31
"COG1507",0,3,0,0,0,0
"COG1508",7,1,10,1,3,2
"COG1509",3,0,2,0,2,6
"COG1511",6,33,0,16,5,2
"COG1512",2,1,5,2,5,2
"COG1513",0,0,0,0,0,0
"COG1514",0,0,0,0,0,0
"COG1515",0,0,0,0,0,1
"COG1516",0,0,0,0,0,0
"COG1518",8,5,1,3,6,0
"COG1519",3,0,4,0,4,1
"COG1520",2,2,11,1,7,7
"COG1521",2,4,0,1,3,2
"COG1522",6,5,3,4,6,1
"COG1523",0,5,4,12,6,9
"COG1524",2,5,6,0,6,7
"COG1525",0,0,0,1,0,1
"COG1526",1,1,0,2,0,2
"COG1527",1,2,0,5,2,1
"COG1528",2,2,1,0,3,4
"COG1529",5,7,6,7,4,7
"COG1530",3,5,4,5,5,5
"COG1533",5,4,17,3,8,2
"COG1534",1,1,0,1,0,2
"COG1535",0,0,0,0,0,0
"COG1536",0,0,0,0,1,0
"COG1538",25,3,37,4,11,19
"COG1539",5,3,3,2,2,1
"COG1540",1,0,0,2,0,0
"COG1541",3,0,8,2,12,9
"COG1543",0,0,0,0,0,0
"COG1544",4,2,0,2,1,2
"COG1545",0,0,0,0,0,0
"COG1546",2,0,1,2,6,1
"COG1550",0,0,0,0,0,0
"COG1551",0,0,0,0,0,0
"COG1553",0,0,0,0,0,0
"COG1554",0,1,1,2,1,2
"COG1555",5,3,3,0,0,3
"COG1556",0,0,2,0,3,0
"COG1558",2,0,0,0,0,0
"COG1559",1,6,1,5,1,3
"COG1560",4,1,2,1,0,4
"COG1561",4,2,2,4,1,3
"COG1562",0,0,0,0,0,0
"COG1564",3,2,5,2,2,1
"COG1565",0,0,0,0,0,0
"COG1566",2,1,4,0,1,5
"COG1567",1,0,0,0,0,0
"COG1568",0,0,0,0,2,0
"COG1569",0,0,0,0,0,0
"COG1570",7,5,6,5,3,1
"COG1573",1,1,1,4,4,2
"COG1574",3,2,5,1,1,0
"COG1575",0,4,2,1,0,3
"COG1576",3,7,2,3,3,2
"COG1577",0,1,0,4,0,0
"COG1578",1,0,0,0,0,0
"COG1579",2,0,4,0,2,3
"COG1580",0,0,0,0,0,0
"COG1582",0,0,0,0,0,0
"COG1583",0,0,0,0,0,0
"COG1584",0,0,0,0,0,0
"COG1585",2,0,1,3,0,0
"COG1586",0,0,1,0,0,0
"COG1587",0,2,1,4,1,0
"COG1589",0,0,2,1,0,0
"COG1592",6,0,5,3,5,5
"COG1593",4,3,5,4,4,7
"COG1595",33,15,40,7,44,60
"COG1596",3,0,12,2,8,21
"COG1597",4,15,4,4,2,0
"COG1598",2,2,0,1,0,0
"COG1600",2,0,1,1,0,2
"COG1604",0,0,0,0,0,0
"COG1605",1,3,0,1,0,3
"COG1606",0,0,0,0,2,0
"COG1607",1,0,0,3,2,0
"COG1609",14,135,15,46,19,25
"COG1610",0,1,0,2,6,1
"COG1611",5,1,4,4,1,5
"COG1613",0,0,0,1,1,1
"COG1614",1,0,0,1,0,0
"COG1615",0,5,0,1,0,0
"COG1618",0,0,0,0,0,0
"COG1619",1,1,4,4,3,2
"COG1620",0,3,0,1,1,3
"COG1621",2,10,11,15,8,7
"COG1622",0,0,1,0,0,0
"COG1623",1,0,0,0,0,0
"COG1624",3,1,4,1,2,1
"COG1625",3,1,0,0,1,0
"COG1626",1,0,3,0,1,0
"COG1629",16,4,24,4,12,34
"COG1633",0,0,0,0,0,0
"COG1635",0,0,0,0,0,0
"COG1636",2,0,1,0,6,2
"COG1637",0,2,0,0,0,0
"COG1638",1,1,6,3,3,8
"COG1640",10,19,9,10,10,7
"COG1641",0,1,1,3,1,1
"COG1643",1,15,0,1,2,2
"COG1647",0,0,0,0,0,1
"COG1648",1,1,1,0,0,1
"COG1649",11,1,15,1,7,13
"COG1651",0,12,1,0,0,1
"COG1652",0,0,0,0,0,2
"COG1653",27,81,16,49,27,10
"COG1654",2,0,1,3,1,2
"COG1655",2,0,0,0,1,0
"COG1657",0,0,0,0,0,0
"COG1658",1,2,0,0,1,0
"COG1659",1,0,1,0,0,0
"COG1660",5,4,2,5,4,3
"COG1661",1,0,0,0,1,1
"COG1662",0,2,2,0,0,0
"COG1663",4,0,4,0,0,3
"COG1664",1,0,0,0,0,1
"COG1666",0,0,0,0,0,0
"COG1668",2,0,0,3,4,0
"COG1669",4,0,3,0,2,3
"COG1670",9,12,6,3,12,9
"COG1671",0,2,0,0,3,0
"COG1672",9,1,7,1,5,10
"COG1674",10,13,8,12,8,13
"COG1677",0,0,0,0,1,0
"COG1678",1,0,0,0,1,0
"COG1679",0,0,0,0,1,0
"COG1680",7,5,11,2,8,14
"COG1682",0,4,3,2,5,0
"COG1683",3,0,2,1,0,2
"COG1684",2,0,1,0,0,0
"COG1686",8,7,3,16,8,2
"COG1687",0,4,0,1,0,1
"COG1688",0,0,0,0,0,0
"COG1690",0,1,4,0,3,1
"COG1691",1,0,1,0,0,1
"COG1692",0,1,0,1,0,0
"COG1694",3,5,6,1,1,2
"COG1695",9,0,2,5,2,1
"COG1696",1,2,5,8,11,10
"COG1699",1,0,0,0,0,0
"COG1700",5,0,1,0,0,0
"COG1702",8,8,2,4,4,4
"COG1703",4,1,1,0,1,1
"COG1704",1,3,4,4,2,5
"COG1705",8,3,2,2,5,1
"COG1706",0,0,0,0,0,0
"COG1708",1,0,0,0,1,2
"COG1712",1,0,1,1,0,0
"COG1713",0,3,0,5,1,1
"COG1714",1,0,2,0,0,0
"COG1715",0,0,0,0,1,1
"COG1716",1,2,0,2,0,0
"COG1719",0,0,0,0,0,0
"COG1720",1,0,0,0,1,0
"COG1721",2,1,9,0,2,7
"COG1722",0,0,0,0,0,0
"COG1724",0,0,0,0,0,0
"COG1725",7,8,5,4,2,2
"COG1726",1,0,2,0,2,3
"COG1728",0,0,0,0,0,0
"COG1729",1,0,0,0,0,0
"COG1732",0,2,0,5,0,0
"COG1733",7,1,2,7,7,2
"COG1734",0,0,0,0,0,0
"COG1735",0,1,0,0,0,0
"COG1737",7,6,5,9,3,4
"COG1738",2,0,1,0,1,0
"COG1739",3,1,0,4,3,7
"COG1740",1,0,0,0,0,0
"COG1741",3,0,1,1,3,6
"COG1742",0,0,0,0,0,0
"COG1743",0,0,0,0,0,0
"COG1744",0,5,1,6,4,0
"COG1747",0,0,0,0,0,0
"COG1748",6,2,2,3,3,2
"COG1749",1,0,0,0,1,0
"COG1751",0,0,0,0,0,0
"COG1752",8,0,16,1,9,10
"COG1754",5,15,4,0,3,5
"COG1755",0,0,0,0,0,0
"COG1757",12,11,19,1,4,2
"COG1758",0,1,0,0,0,0
"COG1760",4,4,7,8,2,5
"COG1762",6,2,5,16,1,7
"COG1763",0,0,1,1,0,2
"COG1764",0,0,0,0,0,0
"COG1765",0,0,0,0,0,0
"COG1766",1,0,1,0,1,0
"COG1767",0,0,0,0,0,3
"COG1768",0,0,0,1,1,0
"COG1770",0,3,0,0,0,0
"COG1773",3,0,1,0,1,1
"COG1774",5,3,3,2,2,5
"COG1775",0,0,1,6,2,0
"COG1776",4,0,0,0,1,0
"COG1778",2,1,0,1,3,1
"COG1780",0,4,0,4,0,0
"COG1781",3,2,0,1,0,0
"COG1782",0,0,0,0,0,0
"COG1783",1,0,0,0,1,0
"COG1785",1,0,8,2,2,3
"COG1786",0,0,0,0,0,0
"COG1787",0,0,0,0,1,0
"COG1788",1,0,0,0,0,0
"COG1791",0,0,0,0,0,0
"COG1792",4,2,5,3,2,1
"COG1793",1,0,1,0,0,0
"COG1794",0,0,0,2,0,0
"COG1797",2,2,2,2,2,1
"COG1799",0,2,0,0,1,1
"COG1801",0,0,0,1,0,0
"COG1802",7,3,4,8,2,5
"COG1803",1,6,5,0,3,2
"COG1804",1,8,0,1,3,1
"COG1805",2,0,4,0,1,3
"COG1806",0,0,0,1,0,1
"COG1807",3,1,5,4,4,8
"COG1808",1,1,1,0,1,6
"COG1811",3,0,0,3,0,1
"COG1814",0,0,0,1,0,3
"COG1815",0,0,0,0,0,0
"COG1816",1,2,1,2,1,0
"COG1817",0,0,0,0,2,0
"COG1819",3,0,0,2,1,2
"COG1820",3,4,7,9,6,12
"COG1823",0,0,0,0,0,0
"COG1825",1,1,0,0,1,4
"COG1826",0,0,0,1,0,1
"COG1827",0,0,0,2,0,0
"COG1830",6,0,1,0,3,4
"COG1832",1,0,0,1,0,0
"COG1834",0,0,0,0,0,0
"COG1835",4,13,2,9,3,5
"COG1837",1,0,0,0,2,0
"COG1838",11,3,1,3,3,3
"COG1840",1,2,3,2,1,2
"COG1841",0,0,1,0,0,0
"COG1842",0,1,0,0,0,0
"COG1843",0,0,0,0,1,0
"COG1845",0,0,0,0,0,0
"COG1846",7,6,6,16,8,8
"COG1847",2,5,2,4,3,1
"COG1850",0,0,0,0,0,0
"COG1852",0,0,0,1,0,0
"COG1853",12,2,6,2,3,7
"COG1854",2,2,0,3,0,0
"COG1857",0,0,0,0,1,0
"COG1858",0,0,2,0,0,2
"COG1859",0,0,0,0,0,0
"COG1861",0,1,0,0,0,0
"COG1862",3,1,1,3,2,1
"COG1863",0,0,0,0,0,0
"COG1864",3,0,1,0,4,1
"COG1865",0,0,0,1,0,0
"COG1866",7,7,6,2,3,3
"COG1868",0,0,0,0,0,0
"COG1869",0,1,0,1,0,1
"COG1871",1,0,0,0,1,0
"COG1872",0,0,0,0,0,0
"COG1873",1,0,0,0,0,0
"COG1874",8,16,24,9,13,18
"COG1875",0,1,2,1,1,5
"COG1876",2,1,0,2,7,0
"COG1877",1,0,3,0,1,1
"COG1878",0,0,0,2,0,1
"COG1879",12,8,15,18,14,14
"COG1881",0,1,0,0,0,1
"COG1882",15,18,19,18,10,17
"COG1883",10,1,8,2,7,10
"COG1884",0,0,4,1,3,2
"COG1886",0,0,1,0,0,0
"COG1887",7,1,1,4,6,1
"COG1892",0,0,0,0,0,0
"COG1893",3,4,6,3,5,0
"COG1894",8,0,1,3,3,5
"COG1895",1,1,0,1,0,1
"COG1896",1,2,2,4,1,0
"COG1897",0,1,4,5,5,2
"COG1898",2,8,6,1,8,8
"COG1899",0,0,0,0,0,0
"COG1900",0,0,0,0,0,0
"COG1902",2,12,5,6,8,7
"COG1903",2,0,2,2,2,1
"COG1904",4,3,8,2,2,5
"COG1905",3,0,1,0,2,3
"COG1906",0,0,0,0,1,0
"COG1908",1,0,1,0,0,0
"COG1910",1,0,0,0,0,0
"COG1912",0,0,0,1,0,0
"COG1913",0,0,0,0,0,0
"COG1914",2,7,6,5,1,4
"COG1915",1,0,0,0,0,0
"COG1917",6,2,3,5,3,7
"COG1918",3,1,1,7,6,1
"COG1921",0,1,2,5,1,1
"COG1922",3,1,3,1,2,1
"COG1923",0,0,0,0,0,0
"COG1924",15,10,2,11,7,5
"COG1925",3,1,1,2,0,1
"COG1928",0,0,0,0,0,0
"COG1929",0,6,2,3,2,7
"COG1930",0,0,0,0,1,0
"COG1932",4,6,6,2,7,2
"COG1934",0,0,0,0,0,0
"COG1937",0,1,0,0,0,0
"COG1939",3,0,0,4,1,0
"COG1940",11,44,8,8,9,13
"COG1941",0,0,0,0,0,0
"COG1942",0,0,0,0,0,0
"COG1943",2,3,0,9,0,3
"COG1944",0,1,0,0,0,1
"COG1945",0,0,0,0,0,0
"COG1946",0,3,0,0,0,0
"COG1947",4,6,5,6,2,2
"COG1949",0,0,0,0,0,0
"COG1950",0,0,0,1,0,0
"COG1951",6,1,3,3,5,9
"COG1952",0,0,0,0,0,0
"COG1953",0,0,0,0,0,0
"COG1954",0,1,0,0,0,0
"COG1956",1,1,0,1,0,2
"COG1957",0,11,1,2,1,1
"COG1959",3,5,0,5,6,1
"COG1960",10,0,6,6,10,5
"COG1961",61,20,15,27,36,17
"COG1963",1,0,0,0,0,0
"COG1964",0,1,0,0,0,0
"COG1965",0,0,0,0,0,0
"COG1966",8,8,3,2,5,5
"COG1968",2,5,1,0,2,3
"COG1969",1,0,0,1,0,0
"COG1970",1,7,1,2,2,1
"COG1971",5,3,3,3,5,4
"COG1972",1,1,2,1,0,1
"COG1974",4,8,3,3,3,0
"COG1975",4,1,3,3,0,0
"COG1977",0,0,0,0,0,0
"COG1979",3,6,12,6,3,6
"COG1982",3,5,3,8,4,5
"COG1983",0,0,1,0,2,1
"COG1984",0,2,0,4,1,0
"COG1985",5,0,0,2,3,5
"COG1986",0,0,0,0,0,1
"COG1987",0,0,0,0,0,0
"COG1988",0,0,0,1,0,1
"COG1989",1,0,0,1,1,1
"COG1990",0,0,0,0,0,0
"COG1992",0,0,0,0,0,0
"COG1993",0,0,0,0,0,0
"COG1994",3,0,0,0,0,0
"COG1995",2,3,3,1,1,2
"COG2000",0,0,2,1,0,1
"COG2001",3,3,3,0,3,1
"COG2002",1,1,0,0,1,0
"COG2003",9,2,3,4,5,4
"COG2005",0,0,1,2,0,1
"COG2006",1,0,0,0,0,2
"COG2008",2,4,7,2,1,5
"COG2009",0,0,0,0,0,0
"COG2010",0,0,1,0,0,1
"COG2011",2,9,0,9,3,2
"COG2013",2,2,0,5,1,1
"COG2014",0,0,0,0,0,0
"COG2015",0,2,1,0,0,0
"COG2017",12,9,12,6,14,17
"COG2020",0,0,0,0,0,0
"COG2021",0,0,0,0,0,0
"COG2022",4,4,5,1,2,1
"COG2025",4,1,2,1,3,5
"COG2026",0,1,0,0,0,0
"COG2027",0,1,6,0,1,3
"COG2030",1,14,0,0,0,3
"COG2031",0,1,0,0,0,1
"COG2032",0,0,0,1,0,0
"COG2033",1,0,0,1,1,0
"COG2035",1,0,0,0,0,0
"COG2038",5,2,2,4,4,0
"COG2039",0,1,0,0,0,1
"COG2040",0,1,1,2,0,2
"COG2041",0,1,0,0,0,0
"COG2043",0,0,0,0,0,0
"COG2045",0,0,0,0,0,1
"COG2046",0,0,0,0,0,0
"COG2048",0,0,0,2,0,0
"COG2049",0,3,0,0,0,0
"COG2050",3,1,2,1,3,5
"COG2052",0,0,0,0,0,0
"COG2055",0,1,0,4,0,0
"COG2056",0,0,0,0,0,2
"COG2057",0,0,2,1,0,0
"COG2059",8,0,1,2,7,5
"COG2060",5,0,4,3,3,10
"COG2062",0,3,0,0,0,0
"COG2063",0,0,0,0,0,0
"COG2064",0,0,0,0,0,0
"COG2065",0,0,0,1,0,0
"COG2066",2,2,5,0,3,2
"COG2067",4,0,1,0,1,2
"COG2068",0,0,3,3,1,1
"COG2069",0,0,0,0,0,0
"COG2070",6,2,7,4,6,7
"COG2071",4,3,1,4,2,2
"COG2072",0,0,0,0,0,0
"COG2073",4,1,0,2,1,1
"COG2076",0,0,2,0,0,1
"COG2077",4,2,2,0,0,4
"COG2078",0,1,0,0,0,0
"COG2079",0,2,0,0,0,0
"COG2080",3,4,2,9,1,7
"COG2081",7,3,0,5,2,2
"COG2082",1,2,3,1,2,1
"COG2084",4,0,0,0,1,2
"COG2085",0,0,0,0,0,0
"COG2086",6,0,5,1,4,2
"COG2087",1,1,0,1,2,1
"COG2088",4,1,0,0,1,1
"COG2089",1,3,1,0,5,2
"COG2091",1,1,0,0,1,0
"COG2094",0,1,0,0,0,0
"COG2095",5,0,4,3,5,2
"COG2096",1,1,1,4,2,2
"COG2099",4,0,3,2,5,1
"COG2102",1,0,0,0,0,0
"COG2103",0,0,2,0,1,0
"COG2104",0,2,0,0,0,1
"COG2105",0,0,0,0,0,1
"COG2107",0,0,0,0,0,0
"COG2108",0,0,0,0,0,0
"COG2109",1,0,1,2,0,1
"COG2110",4,3,4,5,0,3
"COG2111",0,0,0,0,0,0
"COG2113",1,0,1,0,0,1
"COG2114",0,0,0,0,0,0
"COG2115",1,2,2,0,3,3
"COG2116",2,2,0,2,1,0
"COG2119",0,0,0,0,0,0
"COG2120",1,0,1,0,2,5
"COG2121",0,0,2,0,0,0
"COG2122",0,0,1,0,0,0
"COG2127",0,1,0,0,0,0
"COG2128",0,2,0,1,0,0
"COG2129",0,0,0,0,2,1
"COG2130",0,0,0,0,0,0
"COG2131",1,2,3,4,5,2
"COG2132",0,0,0,1,0,2
"COG2133",0,0,0,0,0,0
"COG2134",0,0,0,0,0,0
"COG2135",1,1,0,1,0,1
"COG2137",0,0,0,2,1,1
"COG2140",0,1,0,0,1,0
"COG2141",0,1,0,2,0,2
"COG2142",0,0,0,0,0,0
"COG2143",0,0,0,0,0,0
"COG2145",0,6,1,1,2,0
"COG2146",0,0,0,0,0,0
"COG2148",6,8,22,9,8,15
"COG2149",0,0,0,0,0,0
"COG2151",0,4,0,2,1,1
"COG2152",3,0,16,2,3,7
"COG2153",3,1,0,0,0,2
"COG2155",3,1,0,1,0,1
"COG2156",0,0,1,1,2,3
"COG2158",0,0,0,0,0,0
"COG2159",2,1,1,0,0,1
"COG2160",2,12,6,4,4,6
"COG2161",0,3,0,2,0,0
"COG2162",0,1,0,0,0,0
"COG2163",0,0,0,0,0,0
"COG2165",0,0,1,2,0,0
"COG2166",1,0,0,0,0,4
"COG2168",0,0,0,0,0,1
"COG2169",0,0,2,0,0,2
"COG2170",0,0,0,0,0,0
"COG2171",1,4,0,4,0,1
"COG2172",1,1,2,3,1,0
"COG2173",1,0,1,0,3,2
"COG2175",0,0,0,0,0,0
"COG2176",8,4,5,14,9,0
"COG2177",6,5,4,1,5,3
"COG2179",2,3,2,5,0,0
"COG2180",0,1,0,2,0,0
"COG2181",0,0,2,0,0,0
"COG2182",0,2,0,3,2,2
"COG2183",11,4,7,18,5,4
"COG2184",6,3,0,1,0,1
"COG2185",3,0,11,2,2,5
"COG2186",7,3,5,2,1,0
"COG2188",5,9,3,9,0,5
"COG2189",0,1,3,3,1,0
"COG2190",0,18,3,21,3,1
"COG2191",0,0,0,0,0,0
"COG2192",0,0,0,0,0,0
"COG2193",1,0,1,0,1,0
"COG2194",5,2,10,1,5,3
"COG2195",14,6,12,9,16,14
"COG2197",7,30,22,10,18,45
"COG2198",0,2,1,0,1,2
"COG2199",16,17,11,6,10,12
"COG2200",4,7,3,5,6,11
"COG2201",1,0,0,0,0,1
"COG2202",2,5,5,1,1,8
"COG2203",0,0,0,0,0,1
"COG2204",13,4,33,1,28,32
"COG2205",9,2,5,7,6,7
"COG2206",5,1,1,2,2,1
"COG2207",74,35,135,43,110,136
"COG2208",2,0,1,3,1,0
"COG2209",0,0,1,0,0,1
"COG2210",5,1,6,0,5,5
"COG2211",17,29,12,25,5,9
"COG2212",0,0,0,0,0,0
"COG2213",0,0,0,4,0,0
"COG2214",1,3,2,5,2,3
"COG2215",0,0,0,0,0,0
"COG2216",3,1,8,0,3,12
"COG2217",14,16,8,26,18,14
"COG2220",2,2,4,2,13,7
"COG2221",0,1,1,3,2,2
"COG2222",0,2,0,2,1,4
"COG2223",0,0,0,1,1,0
"COG2224",0,0,0,0,0,1
"COG2225",0,1,0,0,0,0
"COG2226",0,0,3,2,4,3
"COG2227",0,0,0,1,1,1
"COG2230",1,3,0,3,0,1
"COG2231",0,0,0,0,0,0
"COG2233",8,19,9,4,0,1
"COG2234",9,2,9,3,4,4
"COG2235",0,0,0,0,0,0
"COG2236",0,0,0,0,0,0
"COG2239",3,2,3,1,0,3
"COG2240",4,4,9,6,4,4
"COG2241",1,2,2,0,2,1
"COG2242",2,0,4,0,3,2
"COG2243",0,1,4,1,3,1
"COG2244",22,18,25,22,32,22
"COG2246",0,3,0,2,1,1
"COG2247",0,0,0,0,0,0
"COG2249",0,2,0,3,1,2
"COG2250",0,0,0,0,0,0
"COG2252",4,7,2,12,2,4
"COG2253",0,0,0,0,0,0
"COG2255",7,6,3,3,1,6
"COG2256",6,7,2,3,2,0
"COG2257",0,0,0,0,0,0
"COG2258",0,1,0,1,0,0
"COG2259",0,0,3,0,4,1
"COG2261",0,0,0,0,0,0
"COG2262",5,8,6,7,2,2
"COG2264",6,2,6,3,3,2
"COG2265",9,10,9,13,7,5
"COG2267",0,2,1,4,2,5
"COG2268",1,2,1,1,0,3
"COG2269",0,0,0,0,0,1
"COG2270",1,4,0,0,0,0
"COG2271",3,2,1,4,7,3
"COG2272",4,6,0,3,1,4
"COG2273",4,1,4,0,2,3
"COG2274",7,10,10,8,5,17
"COG2301",1,2,1,1,1,1
"COG2302",5,1,1,0,1,0
"COG2303",0,1,0,3,0,1
"COG2304",4,5,10,1,5,10
"COG2306",0,0,0,0,0,0
"COG2307",0,4,0,0,0,0
"COG2308",0,4,0,0,0,0
"COG2309",2,6,1,8,0,0
"COG2310",0,0,0,2,6,0
"COG2311",0,2,1,0,3,6
"COG2312",0,0,0,0,1,0
"COG2313",0,0,0,0,1,0
"COG2314",0,0,0,2,0,0
"COG2315",0,1,4,4,4,2
"COG2316",1,1,1,2,0,1
"COG2317",0,0,0,0,1,1
"COG2318",0,0,0,0,0,0
"COG2319",0,0,0,0,2,2
"COG2320",1,0,0,0,0,0
"COG2321",0,0,0,0,0,0
"COG2323",2,2,0,3,3,0
"COG2326",2,3,1,2,6,2
"COG2327",0,0,0,1,2,0
"COG2329",0,0,0,1,0,0
"COG2331",0,0,0,0,0,0
"COG2332",0,0,0,0,0,0
"COG2333",7,4,2,9,4,1
"COG2334",0,2,1,0,0,0
"COG2335",0,0,0,0,0,0
"COG2336",0,0,0,0,0,0
"COG2337",6,0,2,4,10,0
"COG2339",0,0,0,0,0,0
"COG2340",2,0,0,0,0,0
"COG2342",0,0,0,0,0,0
"COG2344",5,0,5,2,7,0
"COG2346",0,0,0,0,0,0
"COG2348",0,10,0,6,1,0
"COG2350",0,0,0,0,0,0
"COG2351",0,1,0,0,0,0
"COG2352",0,11,0,4,0,2
"COG2353",1,0,0,0,0,0
"COG2354",0,1,0,0,0,1
"COG2355",3,2,4,3,12,3
"COG2356",0,0,0,0,0,0
"COG2357",2,6,2,10,2,5
"COG2358",0,0,0,1,1,0
"COG2359",1,0,0,0,1,0
"COG2360",0,0,0,0,2,0
"COG2361",0,0,0,0,0,0
"COG2362",0,0,0,0,0,0
"COG2363",0,0,0,1,0,0
"COG2364",3,0,0,2,1,2
"COG2365",0,0,0,3,3,4
"COG2366",0,0,0,0,0,0
"COG2367",0,2,6,10,3,2
"COG2368",0,0,0,0,0,0
"COG2369",1,0,0,0,1,0
"COG2371",0,0,0,0,0,0
"COG2372",0,0,0,0,0,0
"COG2373",5,2,16,0,14,18
"COG2374",1,0,1,0,0,0
"COG2375",0,0,1,0,0,1
"COG2376",3,2,1,2,1,5
"COG2377",0,0,0,0,0,0
"COG2378",4,3,1,1,1,3
"COG2379",0,0,0,0,1,0
"COG2382",2,0,7,1,4,0
"COG2384",5,1,1,5,1,0
"COG2385",9,0,6,6,9,2
"COG2386",0,0,0,0,0,0
"COG2388",1,1,0,1,2,3
"COG2390",1,3,0,1,1,0
"COG2391",0,0,0,1,0,0
"COG2404",0,0,0,3,0,0
"COG2405",0,0,0,0,0,0
"COG2406",1,0,2,0,0,2
"COG2407",9,3,13,1,4,6
"COG2409",0,2,0,0,0,0
"COG2414",0,0,0,0,3,0
"COG2421",0,1,0,0,0,0
"COG2423",0,0,1,1,1,2
"COG2425",1,0,3,1,3,2
"COG2426",1,0,0,0,0,0
"COG2431",2,1,4,0,7,8
"COG2440",0,0,0,0,0,1
"COG2452",0,0,0,5,1,0
"COG2453",0,0,0,0,0,0
"COG2454",0,0,0,0,0,0
"COG2461",1,4,0,6,0,0
"COG2501",0,0,0,3,0,0
"COG2502",5,2,1,7,2,2
"COG2503",0,0,0,1,0,0
"COG2508",4,6,4,14,4,0
"COG2509",10,2,8,2,7,7
"COG2510",0,0,0,1,1,0
"COG2513",0,0,1,0,4,2
"COG2514",0,1,0,0,0,0
"COG2515",0,0,0,0,0,0
"COG2516",0,0,0,0,0,0
"COG2518",0,0,0,0,0,0
"COG2519",0,0,0,0,0,0
"COG2602",2,0,1,0,0,0
"COG2603",0,0,0,0,0,0
"COG2604",0,0,0,0,0,0
"COG2605",5,0,12,1,5,5
"COG2606",4,3,3,2,2,0
"COG2607",0,2,1,1,3,0
"COG2608",1,3,0,3,2,0
"COG2609",0,0,0,0,0,1
"COG2610",3,5,2,5,3,2
"COG2703",1,0,0,0,1,0
"COG2704",4,4,6,0,3,2
"COG2706",2,3,6,4,2,7
"COG2707",0,0,1,1,0,0
"COG2710",2,1,1,0,1,0
"COG2715",3,1,3,1,6,5
"COG2716",0,0,0,0,0,0
"COG2717",0,0,0,0,0,0
"COG2718",0,0,0,0,0,1
"COG2719",0,1,0,0,0,0
"COG2720",0,1,0,0,3,0
"COG2721",4,2,4,1,4,8
"COG2723",5,6,3,16,4,3
"COG2730",6,11,4,3,5,3
"COG2731",4,0,2,4,2,1
"COG2732",0,0,0,0,0,0
"COG2733",0,1,0,0,0,0
"COG2738",3,2,3,1,0,2
"COG2739",3,0,0,2,0,0
"COG2740",2,0,0,1,1,0
"COG2746",0,0,0,0,0,0
"COG2747",0,0,0,0,0,0
"COG2755",17,2,21,5,20,10
"COG2759",6,11,8,9,9,5
"COG2761",0,0,0,0,0,0
"COG2764",0,1,0,0,1,1
"COG2766",0,1,0,0,0,1
"COG2768",0,4,0,1,7,2
"COG2770",0,0,0,0,0,2
"COG2771",0,2,1,0,0,0
"COG2801",33,31,7,16,18,9
"COG2804",1,1,0,5,2,2
"COG2805",2,2,1,1,3,1
"COG2807",0,1,0,2,0,0
"COG2812",11,12,10,13,11,12
"COG2813",1,3,0,1,0,0
"COG2814",4,7,1,2,2,4
"COG2815",0,7,0,4,0,1
"COG2816",3,7,6,1,3,1
"COG2818",1,1,2,2,0,4
"COG2819",1,0,0,4,4,0
"COG2820",1,1,6,3,4,3
"COG2821",0,1,1,0,0,1
"COG2822",0,0,0,5,0,0
"COG2823",1,0,0,0,0,0
"COG2824",0,0,0,1,0,0
"COG2825",0,0,0,0,0,2
"COG2826",8,9,4,15,2,4
"COG2827",0,3,0,1,0,0
"COG2828",0,0,0,0,0,0
"COG2829",0,0,0,1,0,0
"COG2830",0,0,5,0,0,5
"COG2831",0,0,1,0,0,0
"COG2832",0,0,0,1,0,0
"COG2834",0,0,1,0,0,0
"COG2835",0,0,0,0,0,0
"COG2836",0,0,0,0,0,0
"COG2837",0,0,0,3,0,1
"COG2839",0,0,1,0,0,0
"COG2840",0,0,0,1,0,0
"COG2841",0,0,1,0,0,0
"COG2842",0,0,0,0,3,0
"COG2843",6,10,2,3,1,1
"COG2844",0,3,0,1,0,0
"COG2845",0,0,1,0,0,0
"COG2846",0,1,3,0,2,0
"COG2848",4,5,0,10,3,0
"COG2849",0,0,1,1,1,5
"COG2850",0,0,0,0,0,0
"COG2851",1,0,0,0,0,0
"COG2852",1,0,0,0,0,0
"COG2853",0,0,0,0,0,0
"COG2854",0,0,0,0,0,0
"COG2855",4,8,3,5,4,3
"COG2856",4,2,1,6,2,0
"COG2859",2,0,2,0,0,0
"COG2860",0,4,2,1,0,1
"COG2861",1,1,1,1,0,0
"COG2862",0,0,0,0,0,0
"COG2863",0,0,0,0,0,0
"COG2864",0,0,0,0,0,0
"COG2865",11,13,5,2,5,4
"COG2866",1,0,0,3,0,0
"COG2867",0,0,0,0,0,0
"COG2868",4,0,1,0,0,1
"COG2869",2,0,0,0,1,5
"COG2870",2,0,3,1,2,2
"COG2871",4,1,2,1,2,5
"COG2872",0,2,0,4,3,0
"COG2873",9,14,7,4,9,5
"COG2875",1,1,7,0,7,2
"COG2876",5,2,8,0,4,3
"COG2877",1,2,2,3,0,3
"COG2878",1,0,3,0,4,3
"COG2879",0,0,0,0,0,0
"COG2882",0,0,0,1,0,0
"COG2884",8,4,2,4,2,3
"COG2885",10,1,4,1,4,14
"COG2887",0,19,0,0,0,0
"COG2890",6,6,1,8,2,6
"COG2891",0,0,0,1,0,0
"COG2893",1,3,0,10,2,1
"COG2894",2,0,1,2,2,0
"COG2895",1,2,3,3,3,3
"COG2896",0,0,1,3,1,2
"COG2897",0,0,0,0,0,0
"COG2898",0,7,1,9,0,0
"COG2900",0,0,0,0,0,0
"COG2901",0,0,0,0,0,0
"COG2904",1,0,0,0,0,0
"COG2906",0,0,0,0,0,0
"COG2907",0,0,0,0,0,0
"COG2908",0,0,2,0,1,2
"COG2909",0,2,2,1,1,1
"COG2910",0,0,1,0,0,3
"COG2911",2,0,0,1,0,1
"COG2912",0,1,0,0,0,0
"COG2913",0,0,0,0,0,0
"COG2914",0,0,0,0,0,0
"COG2915",0,0,0,2,0,0
"COG2916",0,0,0,0,0,0
"COG2917",0,0,0,0,0,1
"COG2918",2,1,0,3,0,0
"COG2919",0,0,0,0,0,0
"COG2920",0,0,0,1,0,0
"COG2921",0,0,0,0,0,0
"COG2922",0,0,0,0,0,0
"COG2923",0,1,0,0,0,2
"COG2924",0,1,0,0,0,0
"COG2925",0,1,0,0,1,1
"COG2926",0,0,0,0,0,0
"COG2927",0,0,0,0,1,0
"COG2928",0,0,0,0,0,0
"COG2929",0,0,0,0,1,0
"COG2931",0,0,1,0,0,2
"COG2932",1,0,0,3,5,0
"COG2933",0,1,1,1,0,1
"COG2935",0,0,0,0,0,0
"COG2936",0,1,2,0,2,0
"COG2937",0,1,0,0,0,1
"COG2938",0,0,0,0,0,0
"COG2939",0,0,0,0,0,0
"COG2942",2,12,5,1,1,6
"COG2943",0,0,0,0,0,0
"COG2944",0,1,0,0,0,1
"COG2945",0,0,0,0,0,0
"COG2946",2,1,2,6,0,1
"COG2947",0,0,0,0,0,0
"COG2948",1,2,0,0,0,0
"COG2949",0,1,1,0,0,0
"COG2951",0,0,0,0,0,0
"COG2954",2,0,0,3,1,1
"COG2956",0,0,0,0,0,0
"COG2957",4,0,4,1,6,3
"COG2958",0,0,0,0,0,0
"COG2959",0,0,0,0,0,1
"COG2960",0,0,0,1,0,0
"COG2961",0,0,1,0,0,1
"COG2962",0,0,1,0,0,0
"COG2963",5,8,0,3,1,3
"COG2964",0,5,0,2,0,0
"COG2965",0,0,0,0,0,0
"COG2966",4,3,4,11,9,5
"COG2967",0,0,0,0,0,0
"COG2968",1,0,0,0,0,1
"COG2969",0,1,0,0,0,0
"COG2971",0,1,0,0,0,0
"COG2972",19,34,9,61,18,13
"COG2973",0,0,0,0,0,0
"COG2974",0,2,1,0,0,0
"COG2975",0,0,0,0,0,0
"COG2976",0,0,0,0,0,1
"COG2977",0,0,0,0,0,0
"COG2978",1,0,5,0,3,9
"COG2979",0,0,0,0,0,0
"COG2980",0,0,0,0,0,0
"COG2981",0,0,0,0,0,0
"COG2982",0,0,1,1,0,2
"COG2983",0,0,0,0,0,0
"COG2984",5,2,0,9,1,0
"COG2985",12,2,15,0,22,18
"COG2986",4,3,3,2,2,5
"COG2987",3,2,9,2,4,2
"COG2988",0,0,0,0,0,0
"COG2989",0,0,0,1,0,2
"COG2990",0,0,1,0,0,2
"COG2991",0,0,0,0,0,1
"COG2992",0,0,0,0,0,0
"COG2994",0,0,0,0,0,0
"COG2995",0,2,1,0,0,0
"COG2996",3,2,5,4,3,5
"COG2998",0,0,1,0,0,0
"COG2999",0,1,0,0,0,0
"COG3001",0,3,0,0,0,0
"COG3004",1,3,4,2,2,3
"COG3005",2,0,1,1,0,5
"COG3006",0,1,0,0,0,0
"COG3007",1,0,0,0,0,0
"COG3008",0,0,2,0,0,0
"COG3009",0,0,0,0,0,0
"COG3010",0,4,1,2,0,2
"COG3012",0,0,0,0,0,1
"COG3013",0,0,0,0,0,1
"COG3014",0,0,0,0,0,0
"COG3015",2,0,3,0,1,0
"COG3016",0,0,0,0,1,1
"COG3017",0,0,0,0,0,0
"COG3019",0,0,0,0,0,0
"COG3021",1,2,6,0,4,0
"COG3022",3,3,4,8,4,5
"COG3023",3,1,4,0,4,7
"COG3024",0,0,0,0,0,0
"COG3025",0,1,0,0,0,0
"COG3026",0,0,0,0,0,0
"COG3027",0,1,0,0,0,0
"COG3028",0,0,0,0,0,0
"COG3029",0,0,0,0,0,0
"COG3030",0,0,0,0,0,0
"COG3031",0,0,0,0,0,0
"COG3033",3,0,1,0,1,1
"COG3034",0,0,0,1,0,0
"COG3036",0,0,0,0,0,0
"COG3037",0,0,0,4,0,0
"COG3038",0,0,0,0,0,0
"COG3039",1,2,14,0,27,0
"COG3040",0,0,0,0,0,3
"COG3041",2,0,0,1,3,0
"COG3042",0,1,0,0,0,0
"COG3043",0,0,0,0,0,0
"COG3044",0,1,1,1,0,0
"COG3045",0,0,0,1,0,0
"COG3047",0,0,0,0,0,0
"COG3048",0,1,1,1,0,0
"COG3049",1,2,8,4,8,3
"COG3050",0,0,0,0,0,0
"COG3051",0,1,2,1,1,1
"COG3052",0,0,0,0,1,0
"COG3053",0,1,1,0,1,2
"COG3054",0,0,0,0,0,0
"COG3055",3,0,2,0,5,1
"COG3056",0,0,0,0,0,1
"COG3057",0,0,0,0,0,0
"COG3058",0,0,0,0,0,0
"COG3059",1,1,1,0,1,1
"COG3060",0,0,0,0,0,0
"COG3061",0,0,0,0,0,1
"COG3062",0,0,0,0,0,0
"COG3063",0,0,0,0,0,0
"COG3064",0,0,0,1,0,0
"COG3065",0,0,0,0,0,1
"COG3066",0,0,0,0,0,0
"COG3067",0,0,0,1,0,0
"COG3068",0,0,0,0,0,2
"COG3069",0,0,2,0,0,1
"COG3070",0,1,0,0,0,1
"COG3071",0,0,0,0,0,0
"COG3072",0,0,0,1,0,1
"COG3073",0,0,0,0,0,0
"COG3074",0,0,0,0,0,0
"COG3075",0,0,0,0,0,0
"COG3076",0,0,0,1,0,0
"COG3077",0,0,0,0,2,0
"COG3078",0,0,0,0,0,1
"COG3079",0,0,0,0,0,0
"COG3080",0,0,0,0,0,0
"COG3081",0,2,0,0,0,0
"COG3082",0,0,0,0,0,1
"COG3083",1,1,1,0,0,0
"COG3084",0,0,0,0,0,0
"COG3085",0,0,0,0,0,0
"COG3086",0,1,0,0,0,0
"COG3087",0,0,0,0,0,0
"COG3088",0,0,0,0,0,0
"COG3089",0,0,0,0,0,0
"COG3090",3,2,3,0,1,4
"COG3091",0,0,0,0,0,0
"COG3092",0,0,0,0,0,0
"COG3093",0,1,0,0,1,0
"COG3094",0,0,0,0,0,0
"COG3095",0,0,0,0,0,1
"COG3096",0,1,0,3,0,1
"COG3097",0,1,0,0,0,0
"COG3098",0,1,0,0,0,0
"COG3099",0,0,0,0,0,0
"COG3100",0,0,0,0,0,1
"COG3101",0,0,0,0,0,0
"COG3102",0,0,0,0,0,0
"COG3103",4,1,2,0,1,0
"COG3104",4,4,9,3,7,2
"COG3105",0,0,0,0,0,0
"COG3106",0,0,0,0,0,0
"COG3107",0,0,0,0,0,0
"COG3108",0,0,0,0,0,0
"COG3109",0,0,0,0,0,0
"COG3110",0,0,0,0,0,0
"COG3111",0,0,0,0,0,0
"COG3112",0,0,0,0,0,0
"COG3113",0,0,0,0,0,0
"COG3114",0,0,0,0,0,0
"COG3115",0,0,0,0,0,0
"COG3116",0,0,0,0,0,0
"COG3117",1,0,0,0,0,0
"COG3118",0,1,0,1,0,1
"COG3119",18,12,70,4,54,78
"COG3120",0,0,0,0,0,0
"COG3121",0,1,1,0,0,3
"COG3122",0,0,0,0,0,0
"COG3123",0,0,0,0,0,0
"COG3124",0,0,1,0,0,0
"COG3125",0,0,0,0,0,0
"COG3126",0,1,0,0,0,0
"COG3127",0,0,1,0,0,0
"COG3128",0,0,0,0,0,0
"COG3129",0,1,3,0,0,0
"COG3130",0,0,0,0,0,0
"COG3131",0,0,0,0,0,1
"COG3132",0,0,0,0,0,1
"COG3133",0,0,0,0,0,0
"COG3134",0,0,0,0,0,0
"COG3135",0,0,0,0,0,0
"COG3136",0,0,0,0,0,1
"COG3137",0,0,0,0,0,0
"COG3138",0,0,0,0,0,0
"COG3139",0,0,0,0,0,0
"COG3140",0,0,0,0,0,0
"COG3141",0,0,0,0,0,0
"COG3142",1,1,3,2,0,1
"COG3143",0,0,1,0,0,0
"COG3144",0,0,0,0,0,0
"COG3145",0,0,0,0,0,0
"COG3147",0,1,0,0,0,0
"COG3148",0,0,0,0,0,0
"COG3149",0,0,0,0,0,1
"COG3150",0,0,0,0,0,3
"COG3151",0,0,0,0,0,0
"COG3152",1,0,4,6,0,2
"COG3153",0,0,4,3,1,5
"COG3154",0,0,0,0,0,0
"COG3155",0,0,0,1,0,0
"COG3156",0,0,0,0,0,0
"COG3157",0,0,0,0,0,0
"COG3158",2,8,0,2,0,1
"COG3159",0,0,0,0,0,0
"COG3160",0,0,0,0,0,0
"COG3161",0,0,0,0,0,0
"COG3162",0,1,1,0,0,0
"COG3164",0,1,0,0,0,1
"COG3165",0,2,0,0,0,0
"COG3166",0,0,0,0,0,0
"COG3169",2,0,0,0,5,1
"COG3171",0,0,0,0,0,0
"COG3172",0,1,0,0,0,1
"COG3173",0,0,0,3,0,0
"COG3174",1,0,5,0,0,5
"COG3176",6,0,6,0,13,4
"COG3177",16,19,11,5,6,3
"COG3178",1,0,3,0,4,2
"COG3179",1,0,0,0,0,0
"COG3180",0,0,1,0,0,0
"COG3181",1,0,0,0,1,0
"COG3182",0,1,2,0,4,1
"COG3183",3,0,0,0,0,0
"COG3185",0,0,0,0,0,0
"COG3187",1,1,3,0,4,1
"COG3188",0,5,2,5,0,4
"COG3189",0,0,1,0,0,2
"COG3190",0,0,0,0,0,0
"COG3191",1,0,2,0,0,0
"COG3192",0,0,0,0,0,0
"COG3193",0,0,0,2,0,0
"COG3194",0,0,0,0,0,0
"COG3195",0,0,0,0,0,0
"COG3196",0,0,0,1,0,0
"COG3199",0,0,0,0,1,0
"COG3201",1,1,3,0,1,5
"COG3203",1,1,0,3,0,1
"COG3204",0,0,1,0,0,0
"COG3206",3,0,8,0,1,5
"COG3208",0,0,0,0,1,0
"COG3209",3,4,4,6,6,15
"COG3210",0,0,0,2,1,0
"COG3211",0,0,0,1,0,1
"COG3212",1,1,0,1,0,0
"COG3213",0,0,0,1,0,0
"COG3214",0,1,0,0,0,1
"COG3216",0,0,0,0,0,0
"COG3217",0,1,0,0,0,1
"COG3218",0,0,0,0,0,0
"COG3219",0,0,0,0,0,0
"COG3220",0,0,0,0,0,0
"COG3221",0,0,0,0,0,2
"COG3222",1,0,0,0,0,0
"COG3223",0,0,0,0,0,0
"COG3224",0,0,0,0,0,0
"COG3225",4,1,4,3,2,0
"COG3226",0,0,0,0,0,1
"COG3227",1,0,0,0,0,0
"COG3228",0,0,0,0,0,0
"COG3231",0,0,0,0,0,0
"COG3232",0,1,0,1,0,0
"COG3234",0,0,0,0,0,0
"COG3236",0,1,0,1,0,0
"COG3237",0,0,0,1,0,0
"COG3238",0,1,0,3,1,0
"COG3239",0,0,0,0,0,0
"COG3242",0,0,0,0,0,0
"COG3246",0,0,2,0,0,1
"COG3247",0,0,0,0,1,0
"COG3248",0,2,1,0,0,0
"COG3250",72,32,149,27,109,171
"COG3251",0,0,0,0,0,0
"COG3252",0,0,0,0,0,0
"COG3253",0,0,0,0,0,0
"COG3254",4,0,0,0,1,0
"COG3256",0,0,0,1,0,0
"COG3257",1,0,0,0,0,0
"COG3259",0,1,0,0,0,0
"COG3260",0,0,0,0,0,0
"COG3261",0,1,0,0,0,0
"COG3262",0,0,0,0,0,0
"COG3263",0,0,1,0,2,5
"COG3264",0,1,1,0,0,3
"COG3265",0,0,1,0,0,0
"COG3266",0,0,0,1,0,0
"COG3267",0,1,1,0,0,0
"COG3268",0,0,0,0,0,0
"COG3270",1,1,0,1,2,1
"COG3271",0,0,0,0,0,0
"COG3272",0,0,0,0,0,0
"COG3274",3,0,13,1,4,4
"COG3275",2,2,9,0,4,7
"COG3276",0,0,2,0,0,0
"COG3279",15,11,11,24,16,18
"COG3283",2,0,0,0,0,0
"COG3284",0,0,2,1,0,0
"COG3287",0,0,0,0,0,0
"COG3288",0,8,0,1,0,0
"COG3290",1,1,1,4,0,3
"COG3291",1,0,1,1,1,2
"COG3292",39,8,160,2,100,190
"COG3293",2,1,1,0,2,4
"COG3294",1,1,0,0,1,0
"COG3296",0,0,0,0,0,0
"COG3297",0,0,0,0,0,0
"COG3299",0,0,0,0,0,1
"COG3301",1,0,1,0,0,0
"COG3302",0,0,1,0,0,0
"COG3303",1,3,5,0,1,1
"COG3304",0,1,1,0,1,1
"COG3306",0,0,0,0,1,0
"COG3307",1,1,0,3,1,2
"COG3309",0,0,0,0,0,2
"COG3311",0,0,0,0,0,0
"COG3312",0,0,0,0,0,0
"COG3313",0,0,0,0,0,0
"COG3314",3,1,0,0,1,3
"COG3315",0,0,1,0,2,1
"COG3316",0,4,0,0,0,0
"COG3317",0,0,0,1,0,0
"COG3318",0,0,0,0,0,0
"COG3319",0,5,0,0,0,0
"COG3320",0,2,1,6,0,0
"COG3321",0,3,2,3,0,0
"COG3323",0,0,1,0,1,3
"COG3324",0,0,0,0,0,1
"COG3325",1,0,0,1,3,2
"COG3326",0,0,0,0,0,0
"COG3327",0,1,0,0,0,0
"COG3328",5,20,4,6,16,1
"COG3330",0,0,0,0,0,0
"COG3331",1,1,0,3,0,0
"COG3333",2,0,3,0,0,2
"COG3335",1,2,2,4,0,0
"COG3338",0,0,0,1,0,0
"COG3339",0,0,0,0,0,0
"COG3340",3,3,0,2,1,3
"COG3341",1,1,1,0,1,2
"COG3343",1,1,0,1,0,0
"COG3344",33,7,16,18,14,17
"COG3345",10,26,8,11,4,8
"COG3347",0,0,0,1,0,0
"COG3350",0,0,0,0,0,0
"COG3359",1,0,0,1,2,0
"COG3366",0,0,0,0,0,0
"COG3369",0,0,0,0,0,0
"COG3376",0,0,0,0,0,2
"COG3378",8,0,2,3,2,1
"COG3379",0,0,0,0,0,0
"COG3381",0,0,0,0,0,1
"COG3382",4,0,3,0,0,3
"COG3383",1,1,0,3,1,0
"COG3384",0,1,0,1,0,1
"COG3385",17,5,7,5,6,7
"COG3386",0,1,1,0,0,1
"COG3387",1,0,0,0,0,0
"COG3391",3,0,1,0,0,2
"COG3392",1,0,1,0,0,0
"COG3393",0,0,0,0,0,0
"COG3394",1,1,0,0,1,0
"COG3395",1,0,1,0,1,0
"COG3396",0,0,0,0,0,0
"COG3397",0,0,0,0,0,0
"COG3401",2,0,0,0,0,0
"COG3402",0,0,0,0,0,0
"COG3404",0,0,6,0,1,3
"COG3405",3,1,0,0,3,0
"COG3407",0,0,0,2,0,0
"COG3408",6,1,6,0,6,8
"COG3409",1,1,2,0,1,1
"COG3410",3,1,0,1,0,6
"COG3411",0,0,0,0,0,2
"COG3412",0,0,1,2,0,1
"COG3414",0,0,0,2,0,1
"COG3415",0,0,0,0,0,0
"COG3416",0,0,0,1,0,0
"COG3417",0,0,0,0,0,0
"COG3418",0,0,0,0,0,0
"COG3420",1,0,0,0,0,0
"COG3421",0,0,0,0,0,0
"COG3422",0,0,0,0,0,0
"COG3423",0,0,0,1,0,0
"COG3425",0,2,0,1,0,0
"COG3426",0,0,5,0,0,2
"COG3428",0,0,0,0,0,0
"COG3429",0,2,0,0,0,0
"COG3433",0,1,1,0,0,0
"COG3434",0,0,0,0,0,0
"COG3436",4,3,18,5,16,49
"COG3437",2,1,8,0,10,5
"COG3439",0,0,4,0,0,0
"COG3440",0,1,0,0,1,0
"COG3442",0,5,0,2,0,0
"COG3443",0,0,0,5,1,0
"COG3444",0,1,0,4,0,2
"COG3445",0,0,0,0,0,0
"COG3447",0,0,0,0,0,0
"COG3448",0,0,0,0,0,0
"COG3449",0,2,4,0,1,11
"COG3450",0,0,0,0,0,0
"COG3451",29,7,19,12,39,13
"COG3452",4,1,0,1,2,0
"COG3454",0,0,0,0,0,1
"COG3455",0,0,0,0,0,1
"COG3456",0,0,0,0,0,0
"COG3457",0,1,0,0,0,0
"COG3458",2,0,9,1,3,3
"COG3459",9,1,0,8,3,0
"COG3460",0,0,0,0,0,0
"COG3463",0,0,0,0,0,0
"COG3464",23,5,14,14,8,13
"COG3467",5,2,0,0,1,3
"COG3468",8,3,6,2,3,1
"COG3469",0,0,0,0,0,0
"COG3470",0,1,0,0,0,0
"COG3471",0,0,0,0,1,0
"COG3472",1,0,0,0,3,0
"COG3473",0,0,0,0,0,0
"COG3475",6,1,3,5,9,5
"COG3476",1,0,0,1,1,1
"COG3477",0,0,0,1,0,0
"COG3478",0,0,0,0,0,0
"COG3479",0,0,0,0,0,0
"COG3480",0,5,0,4,0,0
"COG3481",2,1,4,1,1,1
"COG3484",0,0,0,0,0,0
"COG3485",0,0,0,0,0,0
"COG3486",0,0,0,0,0,0
"COG3487",1,0,1,0,1,4
"COG3488",3,0,0,0,4,1
"COG3491",0,0,0,0,0,0
"COG3493",1,0,1,0,1,3
"COG3494",0,0,2,0,0,1
"COG3496",0,0,0,0,0,0
"COG3497",0,1,0,0,0,2
"COG3498",0,0,0,1,0,0
"COG3499",0,1,0,0,0,0
"COG3500",0,0,1,0,0,2
"COG3501",1,1,2,0,1,1
"COG3503",0,0,0,0,0,0
"COG3504",1,2,1,0,0,0
"COG3505",35,12,27,14,24,6
"COG3506",1,0,0,1,0,0
"COG3507",16,36,34,7,31,33
"COG3509",1,0,0,0,0,0
"COG3512",0,0,0,0,0,0
"COG3513",4,1,4,3,7,1
"COG3514",0,0,0,0,0,0
"COG3515",0,0,0,0,0,3
"COG3516",0,0,0,1,0,1
"COG3517",0,0,1,0,0,1
"COG3518",0,0,0,0,0,0
"COG3519",0,0,0,0,0,0
"COG3520",0,0,0,1,0,0
"COG3521",0,0,0,0,0,0
"COG3522",0,0,0,0,0,0
"COG3523",0,0,0,0,0,0
"COG3524",0,0,0,0,0,0
"COG3525",23,11,52,2,36,44
"COG3526",0,0,0,0,0,0
"COG3527",0,0,0,2,0,1
"COG3528",0,0,0,0,0,0
"COG3529",0,0,0,0,0,0
"COG3530",0,0,0,0,0,0
"COG3533",14,19,48,3,22,29
"COG3534",11,19,17,5,16,12
"COG3535",0,8,0,0,0,0
"COG3536",0,0,0,0,0,0
"COG3537",29,8,78,5,33,90
"COG3538",1,6,10,1,3,4
"COG3539",0,0,1,1,0,2
"COG3541",0,0,1,0,0,0
"COG3542",0,1,0,0,0,0
"COG3543",0,1,0,0,1,0
"COG3544",0,0,0,0,0,0
"COG3545",0,0,0,0,0,0
"COG3546",1,0,0,1,1,5
"COG3547",18,10,3,9,14,5
"COG3548",0,0,0,1,0,0
"COG3549",0,0,0,0,0,0
"COG3550",9,0,7,3,9,7
"COG3552",0,0,0,0,0,0
"COG3555",0,0,0,0,0,0
"COG3557",0,0,0,4,0,0
"COG3558",0,0,0,0,0,0
"COG3560",2,1,3,1,4,1
"COG3561",0,0,0,3,1,0
"COG3562",0,0,0,0,0,0
"COG3563",0,0,0,0,1,0
"COG3566",0,0,0,0,0,0
"COG3567",0,0,0,0,0,0
"COG3568",0,0,8,7,3,9
"COG3570",0,0,0,0,0,0
"COG3572",0,3,0,4,0,0
"COG3575",0,0,0,1,0,0
"COG3576",0,0,0,0,0,0
"COG3579",3,12,3,9,5,1
"COG3580",7,9,2,11,4,5
"COG3581",8,10,2,5,4,6
"COG3583",0,1,0,0,1,0
"COG3584",4,1,1,1,2,0
"COG3585",0,0,0,1,0,0
"COG3586",0,0,3,0,0,1
"COG3587",1,1,2,0,4,5
"COG3588",0,0,0,0,0,0
"COG3589",0,2,0,0,0,0
"COG3590",6,10,5,9,6,3
"COG3591",0,0,0,0,0,0
"COG3592",0,0,0,0,0,0
"COG3593",3,1,0,3,2,5
"COG3594",1,1,0,6,1,12
"COG3595",0,0,0,0,0,0
"COG3596",0,0,0,0,0,0
"COG3597",0,0,0,0,0,0
"COG3598",0,1,0,3,0,0
"COG3599",0,1,0,3,2,0
"COG3600",2,0,0,1,0,0
"COG3601",1,2,1,6,5,0
"COG3602",0,0,1,0,0,0
"COG3603",0,0,0,0,0,0
"COG3604",3,0,0,3,3,3
"COG3605",0,0,0,0,0,1
"COG3608",4,0,1,1,0,1
"COG3609",0,0,0,0,0,0
"COG3610",2,3,1,0,0,2
"COG3611",0,0,0,4,0,0
"COG3613",0,0,0,1,0,0
"COG3615",0,0,0,2,0,0
"COG3616",0,0,2,0,0,0
"COG3617",1,1,1,1,2,2
"COG3618",0,0,1,0,0,0
"COG3619",2,7,0,3,0,1
"COG3621",0,0,0,0,0,0
"COG3622",1,0,0,1,0,0
"COG3623",0,1,0,0,1,0
"COG3624",0,0,0,0,0,0
"COG3625",1,0,0,0,0,1
"COG3626",0,0,0,0,0,0
"COG3627",0,0,1,0,0,0
"COG3628",0,0,0,0,0,0
"COG3629",1,0,0,1,1,0
"COG3630",0,0,0,0,0,0
"COG3633",2,6,0,2,0,0
"COG3634",4,0,6,3,1,3
"COG3635",0,0,4,0,6,1
"COG3636",0,1,0,1,0,0
"COG3637",0,1,0,0,0,2
"COG3638",1,0,1,0,0,1
"COG3639",1,3,0,0,0,0
"COG3640",2,1,0,1,1,0
"COG3641",0,0,1,5,1,0
"COG3643",0,0,1,0,3,1
"COG3645",3,0,3,1,0,1
"COG3646",0,0,0,0,0,0
"COG3647",0,0,0,0,0,0
"COG3649",1,1,0,1,0,0
"COG3650",0,0,0,0,0,0
"COG3653",1,0,1,1,1,1
"COG3654",0,0,0,0,0,1
"COG3655",0,2,3,3,0,0
"COG3657",0,1,0,0,0,0
"COG3659",0,0,0,0,0,0
"COG3660",0,0,0,0,0,0
"COG3661",0,0,6,0,4,2
"COG3662",0,0,0,0,0,0
"COG3663",3,0,3,1,2,3
"COG3664",0,1,0,9,0,0
"COG3665",0,0,0,0,0,0
"COG3666",12,4,29,13,8,5
"COG3667",0,0,0,0,0,0
"COG3668",0,0,0,0,0,0
"COG3669",13,9,30,6,15,28
"COG3671",0,0,0,0,0,0
"COG3672",0,0,0,0,0,0
"COG3675",0,0,0,0,0,0
"COG3676",1,0,0,0,3,4
"COG3677",1,0,0,0,4,0
"COG3678",0,0,0,0,0,0
"COG3679",0,0,0,1,0,0
"COG3680",0,0,1,0,1,0
"COG3681",2,0,7,3,3,3
"COG3682",2,0,0,8,2,2
"COG3683",0,0,0,0,0,1
"COG3684",0,0,0,1,0,0
"COG3685",0,0,0,0,0,0
"COG3688",3,2,1,3,3,0
"COG3689",2,0,0,3,0,0
"COG3691",0,1,0,0,0,0
"COG3692",0,1,0,0,0,0
"COG3693",3,0,1,0,9,0
"COG3694",1,0,0,1,0,1
"COG3695",0,1,3,0,2,2
"COG3696",2,2,16,2,8,20
"COG3697",0,0,1,2,1,0
"COG3698",0,0,0,0,0,0
"COG3700",0,0,0,0,0,0
"COG3701",0,0,0,0,0,0
"COG3703",0,0,0,0,0,0
"COG3704",0,0,0,0,0,0
"COG3705",1,0,0,2,2,0
"COG3706",25,3,46,1,39,41
"COG3707",0,4,0,0,0,2
"COG3708",1,0,1,0,1,0
"COG3709",0,0,0,0,0,0
"COG3710",0,2,2,1,0,1
"COG3711",3,8,0,23,3,1
"COG3712",24,2,63,1,42,72
"COG3713",0,0,0,0,0,0
"COG3714",0,0,0,0,0,0
"COG3715",1,2,0,7,0,1
"COG3716",2,7,0,14,1,1
"COG3717",2,0,4,1,3,5
"COG3718",1,0,0,1,1,0
"COG3719",0,1,0,0,0,0
"COG3720",0,0,0,0,0,0
"COG3721",0,0,1,0,0,1
"COG3722",0,1,0,0,0,0
"COG3723",0,0,0,0,2,0
"COG3724",0,0,0,0,0,0
"COG3725",0,0,0,1,0,0
"COG3726",0,0,0,0,0,0
"COG3727",3,0,0,0,1,0
"COG3728",0,0,0,0,0,0
"COG3729",0,0,0,1,0,0
"COG3730",1,0,0,1,0,0
"COG3731",0,1,0,5,0,0
"COG3732",2,0,0,1,0,0
"COG3733",0,0,1,1,0,0
"COG3734",0,0,0,0,0,0
"COG3735",0,0,0,0,1,3
"COG3736",0,1,0,0,0,0
"COG3738",0,0,0,0,0,0
"COG3740",0,0,0,0,0,4
"COG3741",0,0,0,0,0,0
"COG3744",0,0,0,0,0,0
"COG3745",0,0,0,0,0,0
"COG3746",1,1,4,0,5,1
"COG3747",0,2,0,0,0,0
"COG3753",0,0,0,0,0,0
"COG3754",0,0,5,2,3,4
"COG3755",0,0,0,1,0,0
"COG3756",0,0,0,0,0,0
"COG3757",4,8,1,9,7,5
"COG3758",0,0,0,2,0,0
"COG3759",0,0,0,3,0,0
"COG3760",1,0,1,3,1,1
"COG3762",0,0,0,0,0,0
"COG3763",0,0,0,1,0,0
"COG3764",1,5,0,2,2,0
"COG3765",0,1,0,1,0,1
"COG3766",0,0,0,0,0,0
"COG3767",0,0,0,0,0,0
"COG3768",0,0,0,0,0,1
"COG3769",0,0,0,0,0,0
"COG3770",0,0,0,1,0,0
"COG3771",0,0,0,0,0,0
"COG3772",0,0,1,0,0,1
"COG3773",0,0,0,2,1,0
"COG3774",3,1,4,2,4,5
"COG3775",2,1,3,9,3,1
"COG3776",0,0,0,0,0,0
"COG3778",0,0,0,0,0,0
"COG3779",0,0,0,0,0,0
"COG3781",0,1,0,0,0,0
"COG3783",0,0,0,0,0,0
"COG3784",0,1,0,0,0,0
"COG3785",0,0,0,0,0,1
"COG3786",0,0,0,0,0,0
"COG3787",0,0,0,1,0,0
"COG3788",0,0,0,0,0,0
"COG3789",0,0,0,0,0,0
"COG3790",0,0,0,0,0,1
"COG3791",0,0,0,0,0,0
"COG3793",0,0,0,0,0,0
"COG3794",0,0,0,0,0,0
"COG3797",0,1,0,2,0,0
"COG3799",0,1,1,0,0,0
"COG3804",0,1,0,0,0,0
"COG3808",4,2,3,1,8,3
"COG3811",0,0,0,0,0,0
"COG3815",0,0,0,1,0,0
"COG3817",0,0,0,0,0,1
"COG3819",0,0,0,0,0,0
"COG3822",0,0,0,0,0,0
"COG3823",1,0,0,0,0,0
"COG3824",0,1,0,0,0,0
"COG3825",0,0,0,0,0,0
"COG3828",0,0,0,0,0,0
"COG3829",3,3,7,1,2,3
"COG3830",3,2,3,1,3,3
"COG3831",0,2,0,0,0,1
"COG3832",0,0,0,0,0,0
"COG3833",3,5,0,4,0,1
"COG3835",0,3,1,2,0,1
"COG3836",2,0,1,0,0,1
"COG3837",0,0,0,0,0,0
"COG3839",2,8,1,5,5,3
"COG3840",0,0,0,2,0,0
"COG3842",3,6,6,3,3,4
"COG3843",12,4,1,6,11,1
"COG3845",3,7,1,8,2,2
"COG3846",0,0,0,0,0,0
"COG3848",1,1,0,5,1,0
"COG3850",0,0,0,0,0,1
"COG3851",1,0,1,0,0,0
"COG3852",0,0,2,0,0,4
"COG3853",1,3,0,3,2,0
"COG3854",0,1,0,1,2,0
"COG3855",8,1,4,5,3,4
"COG3856",0,1,0,0,0,0
"COG3857",4,3,0,11,8,0
"COG3858",2,3,1,6,3,0
"COG3859",2,0,0,3,1,0
"COG3860",0,0,0,0,0,0
"COG3862",0,0,0,0,0,0
"COG3863",0,0,0,0,0,0
"COG3864",0,0,0,1,0,0
"COG3866",0,0,0,0,2,0
"COG3867",2,0,1,1,3,3
"COG3868",0,0,0,0,0,0
"COG3869",2,0,0,0,0,1
"COG3870",0,0,0,0,0,0
"COG3871",1,0,4,0,0,4
"COG3872",4,0,2,7,1,2
"COG3874",0,0,0,0,0,0
"COG3875",3,0,2,0,2,0
"COG3876",3,0,2,0,5,5
"COG3877",0,0,0,0,0,1
"COG3878",2,0,0,0,0,0
"COG3879",0,5,0,0,0,0
"COG3880",1,0,1,1,0,0
"COG3881",0,0,0,0,0,0
"COG3882",0,0,1,0,2,0
"COG3883",0,0,0,2,1,0
"COG3884",2,3,1,4,3,4
"COG3885",0,0,0,0,0,0
"COG3886",3,10,0,2,0,1
"COG3887",6,4,3,7,6,0
"COG3892",0,0,0,0,0,0
"COG3893",0,0,0,0,0,0
"COG3894",0,0,1,6,0,0
"COG3895",0,0,0,0,0,0
"COG3896",0,0,0,0,0,0
"COG3899",0,0,0,3,0,0
"COG3901",0,0,0,0,0,0
"COG3903",0,0,0,0,0,0
"COG3906",0,0,0,0,0,0
"COG3907",0,0,0,0,0,0
"COG3910",0,1,0,0,0,0
"COG3911",0,0,0,0,0,0
"COG3915",0,0,0,0,0,0
"COG3919",3,1,1,1,0,8
"COG3920",0,2,0,0,1,2
"COG3921",0,0,0,0,0,0
"COG3923",0,0,0,0,0,0
"COG3924",0,0,0,0,0,0
"COG3925",0,0,0,0,0,0
"COG3926",1,1,0,0,2,1
"COG3933",3,2,2,5,1,0
"COG3934",0,0,0,0,2,0
"COG3935",1,2,0,4,1,2
"COG3936",0,0,0,0,1,1
"COG3937",0,1,0,0,0,0
"COG3938",0,0,0,0,0,0
"COG3940",1,8,8,2,0,10
"COG3941",1,0,0,0,0,0
"COG3942",0,8,0,14,0,0
"COG3943",4,0,1,0,7,0
"COG3944",2,7,0,5,2,1
"COG3945",0,0,0,0,0,0
"COG3947",0,1,0,0,0,1
"COG3948",0,0,3,0,0,0
"COG3949",0,0,0,1,1,0
"COG3950",1,0,3,2,3,2
"COG3951",0,0,0,0,0,0
"COG3952",0,0,0,0,0,0
"COG3953",0,0,0,6,0,0
"COG3954",0,0,0,0,0,0
"COG3955",0,0,0,0,0,0
"COG3956",3,0,2,1,1,3
"COG3957",0,9,0,5,1,0
"COG3958",2,3,1,1,0,0
"COG3959",4,1,4,1,2,2
"COG3960",1,0,0,0,0,0
"COG3961",0,1,0,0,0,0
"COG3962",0,0,0,2,0,0
"COG3963",0,0,0,0,0,0
"COG3964",0,0,0,0,1,0
"COG3965",0,0,0,0,0,0
"COG3966",0,1,0,4,0,0
"COG3967",0,0,0,0,0,0
"COG3968",13,3,12,0,10,15
"COG3969",1,2,6,1,9,2
"COG3971",0,0,0,0,0,0
"COG3972",0,0,0,0,0,0
"COG3973",1,15,1,6,3,1
"COG3975",0,0,0,0,0,0
"COG3976",0,0,0,1,0,0
"COG3977",0,1,0,0,0,2
"COG3978",0,0,1,0,0,0
"COG3979",1,0,0,2,0,1
"COG3980",0,0,2,0,0,3
"COG3981",0,0,1,1,0,1
"COG4001",6,2,14,4,5,0
"COG4012",0,0,0,0,0,0
"COG4021",0,0,0,0,0,0
"COG4032",0,1,0,0,1,3
"COG4034",0,0,0,0,0,0
"COG4043",0,0,0,0,0,0
"COG4085",0,0,0,0,0,0
"COG4086",0,0,0,0,1,0
"COG4087",0,0,0,1,0,0
"COG4091",0,0,0,0,0,0
"COG4095",0,0,0,0,0,0
"COG4096",9,2,11,1,6,2
"COG4097",0,0,0,0,0,0
"COG4098",0,0,0,2,0,0
"COG4099",0,0,1,0,2,0
"COG4100",4,2,1,2,3,0
"COG4104",0,0,0,0,1,0
"COG4105",0,0,0,0,0,0
"COG4106",0,2,0,0,0,0
"COG4107",0,0,0,0,0,0
"COG4108",6,1,6,10,5,3
"COG4109",0,0,0,1,0,0
"COG4110",0,0,0,0,0,0
"COG4112",0,0,0,0,0,0
"COG4114",0,0,0,0,0,0
"COG4115",0,0,0,0,12,0
"COG4116",0,0,0,1,0,0
"COG4117",0,0,1,0,0,0
"COG4120",2,3,0,9,4,0
"COG4121",0,0,1,0,1,0
"COG4122",1,2,4,2,2,0
"COG4123",5,1,2,5,6,4
"COG4124",1,0,2,1,1,0
"COG4125",0,0,0,3,0,0
"COG4126",0,0,0,0,0,0
"COG4127",0,1,0,0,0,0
"COG4128",0,0,0,0,0,0
"COG4129",0,1,0,3,0,0
"COG4130",0,0,0,0,0,0
"COG4132",0,0,0,0,0,1
"COG4133",0,0,0,0,0,0
"COG4134",0,0,0,0,0,0
"COG4135",0,0,0,0,0,0
"COG4136",0,0,0,0,0,0
"COG4137",0,0,0,0,0,0
"COG4138",0,0,0,0,0,0
"COG4139",0,0,0,1,0,1
"COG4143",0,1,0,0,0,0
"COG4145",0,0,0,2,0,1
"COG4146",4,2,6,0,3,6
"COG4147",0,0,0,0,0,0
"COG4148",0,0,0,0,0,0
"COG4149",3,0,1,1,0,0
"COG4150",0,0,0,0,0,0
"COG4152",3,0,0,0,0,0
"COG4154",0,1,0,0,1,0
"COG4158",0,1,0,2,0,1
"COG4160",0,0,0,0,0,0
"COG4161",0,0,0,0,0,0
"COG4166",3,25,2,25,5,0
"COG4167",0,0,0,0,0,0
"COG4168",0,0,0,0,0,0
"COG4170",0,0,1,0,0,0
"COG4171",0,0,1,0,0,1
"COG4172",2,1,0,0,1,1
"COG4174",0,1,0,0,0,1
"COG4175",0,0,3,0,2,8
"COG4176",0,2,1,0,2,6
"COG4177",4,3,1,4,4,3
"COG4178",2,0,1,0,0,1
"COG4181",0,1,0,1,0,1
"COG4185",2,0,1,1,0,1
"COG4186",0,4,1,4,2,0
"COG4187",3,0,0,0,0,0
"COG4188",0,0,0,0,0,0
"COG4189",2,0,0,2,0,0
"COG4191",1,0,0,1,0,0
"COG4192",0,0,0,0,0,0
"COG4193",2,0,0,0,1,0
"COG4194",0,0,0,0,0,0
"COG4197",0,0,0,0,0,0
"COG4198",2,0,1,1,4,4
"COG4199",0,0,3,0,0,0
"COG4200",0,0,0,2,0,0
"COG4206",17,0,21,1,27,19
"COG4208",0,0,0,0,0,0
"COG4209",3,1,0,4,2,1
"COG4211",3,1,1,0,0,1
"COG4213",0,4,1,3,0,0
"COG4214",0,3,0,1,0,0
"COG4215",0,0,0,1,0,0
"COG4219",5,4,0,8,2,1
"COG4220",0,0,0,0,0,0
"COG4221",0,1,0,2,2,2
"COG4222",0,0,0,0,0,0
"COG4224",1,1,0,1,1,0
"COG4225",2,2,29,1,16,12
"COG4226",0,0,0,0,0,0
"COG4227",7,0,1,2,3,1
"COG4228",0,0,0,0,0,0
"COG4229",0,0,0,0,0,1
"COG4230",0,0,0,0,0,1
"COG4231",1,2,4,1,1,3
"COG4232",4,0,4,1,2,7
"COG4233",0,0,0,1,0,0
"COG4235",0,0,0,0,0,0
"COG4237",0,0,0,0,0,0
"COG4238",0,0,0,0,0,0
"COG4239",0,0,0,0,0,0
"COG4241",2,0,0,0,0,0
"COG4242",0,0,0,0,0,0
"COG4243",0,1,0,0,0,0
"COG4245",0,0,1,0,3,0
"COG4248",0,0,1,0,0,0
"COG4249",1,0,0,0,0,2
"COG4251",1,0,0,0,0,0
"COG4252",0,0,0,0,0,0
"COG4253",0,0,0,1,0,0
"COG4256",0,0,0,0,0,0
"COG4258",0,0,0,0,0,0
"COG4260",4,7,1,4,3,4
"COG4261",2,1,1,0,0,0
"COG4262",0,0,1,0,0,0
"COG4263",0,0,0,0,0,0
"COG4264",0,0,0,0,0,0
"COG4267",1,4,1,4,0,0
"COG4268",0,0,0,0,0,0
"COG4269",0,0,0,0,0,0
"COG4271",0,0,0,0,0,3
"COG4277",2,1,3,0,3,3
"COG4279",0,0,0,0,0,0
"COG4282",0,0,0,0,0,0
"COG4283",0,0,0,0,0,0
"COG4284",0,7,0,0,0,0
"COG4286",0,0,0,0,0,0
"COG4288",0,0,0,0,0,0
"COG4289",2,0,3,0,8,7
"COG4290",0,0,0,0,0,0
"COG4292",0,1,0,4,0,0
"COG4294",1,0,0,0,0,0
"COG4295",0,0,0,2,0,1
"COG4296",0,0,0,0,1,0
"COG4299",3,1,5,0,5,6
"COG4300",0,1,0,0,0,0
"COG4302",0,0,0,0,0,0
"COG4303",0,0,0,0,0,0
"COG4310",0,1,0,0,0,0
"COG4314",0,0,0,0,1,0
"COG4316",0,0,0,0,0,0
"COG4319",0,0,0,0,0,0
"COG4320",0,1,0,0,0,0
"COG4325",0,0,0,0,0,0
"COG4330",0,0,0,0,0,0
"COG4332",0,0,0,0,0,0
"COG4333",0,0,0,0,0,0
"COG4335",0,0,0,0,0,1
"COG4336",0,3,0,0,0,0
"COG4354",0,0,0,0,1,1
"COG4357",0,0,0,0,0,0
"COG4359",0,0,0,0,0,0
"COG4372",0,0,0,0,0,0
"COG4373",0,0,0,0,0,0
"COG4377",0,0,0,0,1,0
"COG4379",0,0,0,0,0,0
"COG4380",0,0,0,0,0,0
"COG4381",0,0,0,0,0,0
"COG4382",0,0,0,0,0,0
"COG4383",2,0,0,0,0,0
"COG4384",0,0,0,0,0,0
"COG4385",0,0,0,0,0,0
"COG4386",0,0,0,0,0,0
"COG4387",1,0,0,0,0,0
"COG4388",0,0,0,0,0,0
"COG4389",0,0,0,0,0,0
"COG4390",0,0,0,0,0,0
"COG4392",0,0,0,0,0,0
"COG4393",0,6,0,0,0,0
"COG4394",0,0,0,0,0,1
"COG4395",1,0,0,0,0,0
"COG4396",0,0,0,0,0,0
"COG4397",0,1,1,0,0,0
"COG4399",0,0,0,0,0,0
"COG4401",0,0,0,0,0,0
"COG4403",0,1,0,2,1,0
"COG4405",0,0,0,2,0,0
"COG4408",0,0,0,0,0,0
"COG4409",4,0,4,0,3,9
"COG4412",2,0,0,0,0,0
"COG4413",1,0,2,0,0,0
"COG4420",0,0,0,1,1,0
"COG4421",0,0,0,0,0,0
"COG4422",5,0,8,0,2,0
"COG4430",0,0,2,0,0,2
"COG4443",0,0,0,1,0,2
"COG4445",0,0,0,0,0,0
"COG4448",0,0,0,0,0,0
"COG4452",0,1,0,0,0,3
"COG4453",0,0,0,0,0,0
"COG4456",0,0,0,0,0,0
"COG4457",0,0,0,1,0,0
"COG4458",0,0,1,0,0,0
"COG4460",0,0,0,0,0,1
"COG4463",0,0,0,2,0,0
"COG4464",6,0,3,2,6,2
"COG4465",0,2,1,5,1,0
"COG4466",0,0,0,1,0,0
"COG4467",0,0,0,0,0,0
"COG4468",1,5,1,6,2,0
"COG4469",0,0,0,6,0,0
"COG4470",1,1,0,0,0,0
"COG4471",0,0,0,1,0,0
"COG4472",0,0,0,1,2,0
"COG4473",0,0,0,3,0,0
"COG4474",1,1,0,1,0,1
"COG4475",1,0,1,4,0,0
"COG4476",0,0,0,1,0,0
"COG4477",1,0,0,5,0,0
"COG4478",0,0,0,1,0,0
"COG4479",0,0,0,1,0,0
"COG4481",1,1,0,0,0,0
"COG4483",0,0,0,3,0,0
"COG4485",4,2,1,14,3,2
"COG4487",0,0,0,3,0,0
"COG4492",2,0,1,1,0,1
"COG4495",0,0,0,0,0,0
"COG4496",2,0,1,1,0,0
"COG4499",0,0,0,0,0,0
"COG4502",0,0,0,0,0,0
"COG4506",3,1,0,2,0,0
"COG4508",0,0,0,0,0,0
"COG4509",8,2,1,12,2,1
"COG4512",0,0,0,0,0,0
"COG4521",0,0,0,1,0,0
"COG4525",0,0,0,1,0,0
"COG4529",0,0,0,0,0,1
"COG4531",0,0,0,0,0,0
"COG4533",0,0,0,0,0,0
"COG4535",0,0,0,0,0,0
"COG4536",2,0,2,0,1,0
"COG4537",0,0,0,0,0,0
"COG4540",0,1,0,0,0,0
"COG4541",0,0,0,0,0,0
"COG4542",0,0,0,1,0,0
"COG4545",0,0,0,0,0,0
"COG4547",0,0,0,0,0,0
"COG4548",0,4,1,6,1,0
"COG4550",0,0,0,0,0,0
"COG4552",1,1,2,1,4,3
"COG4555",0,0,0,1,0,0
"COG4558",0,0,0,0,0,0
"COG4559",0,0,0,0,0,1
"COG4564",1,0,0,0,0,0
"COG4565",0,0,0,1,0,2
"COG4566",2,0,1,0,0,0
"COG4568",0,0,0,0,0,0
"COG4569",0,0,0,0,0,0
"COG4570",0,0,1,1,0,0
"COG4571",0,0,0,0,0,0
"COG4572",0,0,0,0,0,0
"COG4573",0,1,0,0,0,0
"COG4574",0,1,1,1,0,0
"COG4575",0,1,0,0,0,0
"COG4576",2,0,0,0,0,0
"COG4577",0,1,1,7,0,0
"COG4578",1,0,0,0,0,1
"COG4579",0,1,0,0,0,0
"COG4580",0,0,0,2,0,1
"COG4581",0,13,0,2,0,0
"COG4582",0,0,0,2,0,1
"COG4584",5,7,27,4,13,5
"COG4585",5,11,1,7,2,0
"COG4586",0,0,0,4,0,0
"COG4587",0,0,2,0,0,0
"COG4589",0,0,0,0,0,1
"COG4590",0,0,0,0,0,0
"COG4591",3,2,6,1,3,5
"COG4592",0,0,0,1,0,0
"COG4594",0,0,0,0,0,0
"COG4597",0,0,0,0,0,0
"COG4598",0,0,0,0,0,0
"COG4603",3,3,0,3,3,0
"COG4604",0,1,0,0,0,0
"COG4605",0,1,1,1,0,0
"COG4606",0,0,0,1,0,0
"COG4607",0,0,0,0,0,0
"COG4608",5,8,1,10,1,6
"COG4615",0,0,0,0,0,1
"COG4618",0,0,0,0,0,0
"COG4619",0,3,0,1,0,0
"COG4623",0,1,5,2,3,7
"COG4624",10,6,13,11,8,8
"COG4625",0,1,0,0,0,3
"COG4626",3,2,1,0,4,1
"COG4627",0,0,0,0,0,0
"COG4628",0,0,0,0,0,0
"COG4631",0,0,0,0,0,0
"COG4632",4,1,8,3,2,5
"COG4633",0,3,0,3,0,0
"COG4635",0,0,0,0,0,0
"COG4636",0,0,0,2,1,0
"COG4637",0,0,1,0,0,0
"COG4638",0,0,0,0,0,1
"COG4639",0,1,0,0,0,0
"COG4640",0,0,0,1,0,0
"COG4641",5,0,2,0,2,1
"COG4642",0,0,3,1,3,1
"COG4643",0,0,2,0,0,0
"COG4644",0,1,0,1,0,0
"COG4646",10,15,13,13,17,3
"COG4648",0,0,0,0,0,0
"COG4650",0,0,0,0,0,0
"COG4651",0,0,0,0,1,2
"COG4652",0,1,0,4,0,0
"COG4653",0,0,0,0,1,0
"COG4656",4,2,2,4,5,4
"COG4657",0,1,2,3,4,4
"COG4658",2,0,6,0,3,5
"COG4659",4,0,3,4,5,1
"COG4660",1,1,4,1,4,0
"COG4662",0,0,0,0,0,0
"COG4663",0,0,0,0,0,0
"COG4664",0,0,0,0,0,0
"COG4665",0,0,0,0,0,0
"COG4666",3,0,0,0,2,1
"COG4667",2,7,1,2,4,3
"COG4668",0,2,0,3,0,0
"COG4669",0,0,0,0,0,0
"COG4670",0,0,0,2,0,1
"COG4672",0,0,0,0,0,0
"COG4674",0,0,0,0,0,0
"COG4675",0,0,0,0,0,0
"COG4676",0,0,0,0,0,0
"COG4677",11,0,11,0,15,6
"COG4678",0,0,0,1,0,0
"COG4679",0,1,0,0,0,0
"COG4680",0,0,0,0,0,1
"COG4681",0,0,0,0,0,0
"COG4682",0,0,0,0,0,0
"COG4683",0,0,0,0,0,0
"COG4684",0,0,0,2,0,0
"COG4685",0,0,1,0,0,0
"COG4687",0,0,0,2,0,0
"COG4688",0,0,0,0,0,0
"COG4690",4,14,2,2,1,5
"COG4692",3,0,6,0,2,2
"COG4693",0,0,0,0,0,0
"COG4694",0,0,0,0,2,0
"COG4695",1,1,0,1,2,0
"COG4696",0,0,0,2,0,0
"COG4698",0,0,0,1,0,0
"COG4699",0,0,0,1,0,0
"COG4700",0,0,0,0,0,0
"COG4702",0,0,0,0,0,0
"COG4703",0,0,0,0,0,0
"COG4704",0,0,0,0,0,0
"COG4706",0,0,0,0,0,0
"COG4708",0,1,1,2,1,0
"COG4709",0,0,0,5,0,0
"COG4710",0,0,0,0,0,0
"COG4712",0,0,0,0,0,2
"COG4713",0,0,1,1,1,0
"COG4715",0,0,0,0,0,0
"COG4716",4,13,2,7,3,0
"COG4717",2,1,1,0,0,0
"COG4718",0,0,0,0,0,0
"COG4720",1,1,1,5,1,0
"COG4721",0,8,1,2,0,0
"COG4722",1,1,0,0,0,0
"COG4723",0,0,0,0,0,0
"COG4724",0,2,0,0,0,1
"COG4725",1,1,0,0,2,0
"COG4728",1,0,1,0,1,0
"COG4729",0,0,0,0,0,0
"COG4731",0,0,0,0,0,2
"COG4732",0,0,0,4,1,0
"COG4733",1,0,0,0,0,0
"COG4734",2,0,0,0,0,2
"COG4735",0,0,1,0,0,0
"COG4737",0,0,0,0,0,0
"COG4739",1,0,2,0,1,0
"COG4744",1,0,2,0,0,0
"COG4747",2,1,2,2,3,1
"COG4748",0,0,0,1,1,0
"COG4750",1,0,2,2,1,3
"COG4752",0,0,0,0,0,1
"COG4753",5,10,18,43,35,58
"COG4757",0,0,0,0,0,0
"COG4758",0,0,0,1,0,0
"COG4760",1,0,0,0,0,0
"COG4763",0,0,1,0,0,0
"COG4766",0,0,0,0,0,0
"COG4767",3,3,0,9,2,0
"COG4768",0,0,0,1,0,0
"COG4769",4,0,0,0,2,0
"COG4770",0,0,0,0,0,0
"COG4771",7,3,25,2,16,22
"COG4772",0,0,2,0,0,1
"COG4773",0,0,0,0,0,0
"COG4774",0,0,0,0,0,1
"COG4775",3,0,5,2,3,8
"COG4776",0,0,0,0,0,1
"COG4778",0,0,0,0,0,0
"COG4779",0,0,0,0,0,0
"COG4781",0,0,0,4,0,0
"COG4783",0,1,0,1,1,1
"COG4784",0,0,1,0,0,0
"COG4785",0,0,0,0,0,1
"COG4786",1,1,1,0,1,1
"COG4787",0,0,0,0,0,0
"COG4789",0,2,0,0,0,0
"COG4790",0,0,0,0,0,0
"COG4791",0,0,0,0,0,0
"COG4792",0,0,0,0,0,0
"COG4794",0,0,0,0,0,0
"COG4795",0,0,0,1,1,0
"COG4796",1,0,0,1,0,0
"COG4797",0,0,0,2,0,0
"COG4799",3,3,2,0,11,5
"COG4803",0,0,0,0,0,0
"COG4804",15,5,6,2,6,4
"COG4805",2,0,1,3,0,1
"COG4806",0,0,8,0,2,0
"COG4807",0,0,0,0,0,0
"COG4808",0,0,0,0,0,0
"COG4809",0,0,0,0,0,0
"COG4810",0,0,1,0,0,0
"COG4811",0,0,0,1,0,0
"COG4812",0,0,0,0,0,0
"COG4813",0,0,0,1,0,0
"COG4814",0,2,0,2,0,0
"COG4816",0,0,0,0,0,0
"COG4819",0,0,0,0,0,0
"COG4820",0,0,0,0,0,0
"COG4821",0,0,1,0,0,0
"COG4822",0,0,1,6,10,0
"COG4823",4,0,3,1,1,4
"COG4824",0,0,1,0,0,0
"COG4825",0,0,0,0,0,0
"COG4826",1,1,0,0,0,0
"COG4828",0,1,0,0,0,2
"COG4829",0,0,0,0,0,0
"COG4832",1,0,0,1,1,0
"COG4833",0,0,0,0,2,12
"COG4834",0,0,0,0,0,0
"COG4835",0,0,0,0,0,0
"COG4839",0,0,0,1,0,0
"COG4842",0,0,0,0,0,0
"COG4843",0,0,0,0,0,0
"COG4845",1,0,5,1,3,2
"COG4849",0,0,0,0,0,0
"COG4850",0,5,0,0,0,0
"COG4851",0,0,0,0,0,0
"COG4853",0,0,0,0,0,0
"COG4856",5,0,0,6,0,1
"COG4857",0,0,1,0,1,1
"COG4858",0,1,0,5,0,0
"COG4859",0,0,0,0,0,1
"COG4861",0,0,0,0,0,0
"COG4862",0,2,0,8,0,0
"COG4864",0,1,1,0,2,2
"COG4865",0,0,0,0,0,0
"COG4866",1,4,4,1,4,6
"COG4868",3,2,1,4,0,0
"COG4869",1,2,0,1,0,0
"COG4870",1,1,0,0,4,0
"COG4871",0,0,0,0,0,0
"COG4874",2,0,2,0,1,1
"COG4877",0,0,0,0,0,0
"COG4878",0,5,0,0,0,0
"COG4880",0,0,0,0,0,0
"COG4884",0,0,0,0,0,0
"COG4886",4,2,5,4,6,3
"COG4887",0,1,0,0,2,0
"COG4889",1,0,1,0,1,0
"COG4890",0,0,0,0,0,0
"COG4892",0,0,0,0,0,0
"COG4894",0,0,0,1,1,0
"COG4895",0,0,0,0,0,0
"COG4898",0,0,0,0,0,0
"COG4903",0,0,0,0,0,0
"COG4905",4,8,2,5,2,1
"COG4907",0,0,1,1,0,3
"COG4908",0,0,0,0,0,0
"COG4909",0,0,0,2,0,0
"COG4910",0,0,0,0,0,0
"COG4912",3,1,0,0,1,1
"COG4913",0,7,5,0,4,0
"COG4916",0,0,1,0,0,0
"COG4917",0,0,1,0,0,1
"COG4922",0,0,0,0,0,0
"COG4924",0,4,0,0,0,0
"COG4925",0,0,0,0,0,0
"COG4926",0,0,0,0,0,0
"COG4927",0,0,0,0,0,0
"COG4928",1,0,0,3,0,0
"COG4929",0,0,0,0,0,1
"COG4930",6,0,0,0,0,3
"COG4932",10,18,3,21,7,0
"COG4933",0,0,0,0,1,0
"COG4936",2,1,0,1,0,1
"COG4937",2,0,2,0,0,1
"COG4938",2,1,1,1,1,1
"COG4939",0,0,0,0,0,0
"COG4940",0,0,0,0,0,0
"COG4942",0,0,3,0,2,3
"COG4943",0,1,0,0,0,1
"COG4946",3,2,20,0,7,8
"COG4947",2,0,0,0,1,0
"COG4948",3,2,9,4,7,6
"COG4950",0,0,0,0,0,0
"COG4951",0,1,1,3,2,3
"COG4952",0,0,0,0,0,0
"COG4953",0,1,2,0,0,3
"COG4955",0,0,0,0,0,0
"COG4956",0,0,1,0,0,0
"COG4957",0,0,0,0,0,0
"COG4959",0,0,0,0,0,0
"COG4962",8,4,4,4,1,0
"COG4963",1,0,0,0,0,0
"COG4964",0,0,0,0,0,0
"COG4965",0,0,0,0,1,0
"COG4967",0,0,0,0,0,0
"COG4969",0,0,0,0,1,0
"COG4972",0,0,1,1,0,0
"COG4973",3,0,5,0,3,5
"COG4974",24,11,19,11,22,21
"COG4975",0,1,0,0,0,0
"COG4977",3,1,8,2,9,16
"COG4978",0,0,1,0,0,2
"COG4981",0,20,0,4,0,0
"COG4982",0,21,0,0,0,0
"COG4983",0,0,0,0,0,0
"COG4984",0,0,0,0,0,1
"COG4985",2,0,0,0,1,1
"COG4986",0,0,0,0,0,0
"COG4987",0,2,0,1,0,0
"COG4988",2,15,0,7,0,1
"COG4989",0,2,1,3,0,1
"COG4990",3,1,0,1,1,0
"COG4992",7,8,6,3,8,3
"COG4993",0,1,0,0,0,2
"COG4995",0,1,0,0,5,2
"COG4997",0,0,0,0,0,0
"COG4999",27,5,14,5,10,12
"COG5000",8,1,11,0,8,11
"COG5001",9,6,8,13,4,1
"COG5002",22,7,56,7,44,61
"COG5004",0,0,1,0,0,0
"COG5005",0,0,0,0,0,0
"COG5006",0,1,0,0,0,0
"COG5007",0,0,0,0,0,2
"COG5009",1,2,3,6,6,3
"COG5011",1,1,2,2,0,2
"COG5012",0,0,3,1,4,3
"COG5013",0,3,0,3,1,2
"COG5015",2,0,0,0,0,0
"COG5016",5,0,15,0,11,14
"COG5017",0,1,0,1,1,0
"COG5018",4,0,1,2,1,0
"COG5026",2,0,0,0,0,0
"COG5029",0,0,0,0,0,0
"COG5039",0,0,3,1,0,0
"COG5048",0,0,0,0,0,0
"COG5108",0,0,0,0,0,0
"COG5146",2,0,0,0,1,0
"COG5184",8,0,0,1,1,0
"COG5206",0,0,0,0,0,0
"COG5263",4,2,7,42,4,1
"COG5265",0,1,0,0,0,0
"COG5266",0,0,0,0,0,0
"COG5268",0,0,0,0,0,0
"COG5271",0,0,0,0,0,0
"COG5272",0,0,0,0,0,0
"COG5276",0,0,0,0,0,0
"COG5279",3,0,1,2,3,0
"COG5280",3,0,0,1,7,0
"COG5281",0,0,0,0,0,1
"COG5282",0,1,0,0,0,0
"COG5283",1,3,3,1,13,3
"COG5285",0,0,0,0,0,0
"COG5293",0,0,0,0,0,0
"COG5294",0,0,0,0,0,0
"COG5295",1,1,0,3,1,0
"COG5298",0,0,0,2,0,0
"COG5301",0,0,1,0,0,1
"COG5302",0,0,0,0,0,0
"COG5305",0,0,0,0,0,0
"COG5309",0,0,0,0,0,0
"COG5314",0,0,0,0,0,0
"COG5319",0,0,0,0,0,0
"COG5322",1,0,0,0,0,0
"COG5324",0,1,0,0,0,0
"COG5337",0,4,0,1,0,0
"COG5339",0,3,0,0,0,0
"COG5340",0,0,0,0,0,0
"COG5341",0,0,0,0,0,0
"COG5345",0,0,0,0,0,0
"COG5353",0,0,0,1,0,0
"COG5360",1,0,1,0,0,0
"COG5361",1,1,0,0,0,0
"COG5362",0,0,3,0,0,0
"COG5368",1,1,1,0,7,5
"COG5373",0,0,1,0,0,0
"COG5377",1,0,1,0,2,1
"COG5383",0,0,0,0,0,0
"COG5393",0,0,0,0,0,0
"COG5398",0,0,0,0,0,0
"COG5401",0,0,0,0,0,0
"COG5404",0,0,0,1,0,0
"COG5405",0,0,0,1,0,3
"COG5410",1,0,1,1,1,1
"COG5412",0,0,0,1,0,0
"COG5413",0,0,0,0,0,0
"COG5418",0,0,0,0,0,0
"COG5421",3,0,0,1,6,0
"COG5423",0,0,0,0,0,0
"COG5424",0,0,0,0,0,0
"COG5426",0,0,0,0,0,0
"COG5427",0,1,0,4,1,1
"COG5433",3,1,4,0,3,3
"COG5434",16,3,27,2,20,16
"COG5437",0,0,0,0,0,0
"COG5438",1,1,1,1,1,0
"COG5441",0,0,1,0,0,2
"COG5444",0,0,0,0,0,0
"COG5445",0,2,1,0,0,0
"COG5449",0,0,0,0,0,0
"COG5455",0,0,0,0,0,0
"COG5457",0,0,0,0,0,0
"COG5459",0,0,0,0,0,0
"COG5463",0,1,0,0,0,0
"COG5464",1,0,0,2,0,1
"COG5471",0,0,0,0,0,0
"COG5474",0,0,0,0,0,0
"COG5475",0,0,0,0,0,0
"COG5476",0,0,1,0,2,1
"COG5482",0,0,0,0,0,0
"COG5483",0,0,0,0,2,0
"COG5484",0,1,0,1,0,1
"COG5485",0,0,0,0,0,0
"COG5492",5,1,3,1,2,2
"COG5493",0,2,0,0,0,0
"COG5495",1,0,0,1,1,0
"COG5496",0,0,1,0,0,1
"COG5498",4,0,3,0,4,2
"COG5499",0,0,0,0,0,0
"COG5503",0,0,0,1,0,0
"COG5504",0,0,0,0,0,0
"COG5505",0,0,0,0,0,1
"COG5506",0,0,0,0,0,0
"COG5507",0,0,0,0,0,0
"COG5510",0,0,0,0,0,1
"COG5511",2,1,0,0,1,0
"COG5512",1,3,0,0,1,0
"COG5514",0,0,0,0,0,0
"COG5517",0,1,0,0,0,0
"COG5518",0,0,0,0,1,1
"COG5519",0,0,1,0,0,0
"COG5520",7,3,8,1,4,8
"COG5521",0,0,0,0,0,0
"COG5522",0,0,0,0,0,0
"COG5523",3,5,2,3,1,0
"COG5525",2,2,1,0,0,0
"COG5527",0,1,0,1,1,0
"COG5529",0,0,0,0,0,1
"COG5532",0,0,0,0,0,0
"COG5542",0,0,0,0,0,0
"COG5544",0,0,0,0,1,0
"COG5545",12,6,14,4,12,21
"COG5546",0,0,0,0,0,0
"COG5549",0,1,0,2,0,0
"COG5551",2,0,0,0,0,0
"COG5553",0,0,0,0,0,0
"COG5557",0,0,0,0,0,0
"COG5561",0,0,1,0,1,0
"COG5562",0,0,0,0,0,0
"COG5564",0,0,0,0,0,0
"COG5565",0,0,0,0,0,0
"COG5566",0,0,0,0,0,0
"COG5567",0,0,0,0,0,0
"COG5569",0,0,0,1,0,0
"COG5571",0,1,0,0,0,0
"COG5577",3,0,0,0,0,0
"COG5578",0,0,0,0,0,0
"COG5579",1,0,0,0,0,0
"COG5581",0,0,0,0,0,0
"COG5585",0,0,0,5,0,0
"COG5586",0,0,0,0,0,0
"COG5587",1,1,4,1,4,1
"COG5595",0,0,0,0,0,0
"COG5598",0,0,0,0,0,0
"COG5606",0,0,0,0,0,0
"COG5610",0,0,0,4,3,0
"COG5614",0,0,0,0,0,0
"COG5617",2,0,0,1,0,0
"COG5618",0,0,0,0,0,0
"COG5619",0,0,0,0,0,0
"COG5620",1,0,2,0,1,0
"COG5632",0,3,2,1,0,0
"COG5633",0,1,0,0,0,0
"COG5635",0,0,2,0,0,0
"COG5640",0,0,0,0,0,0
"COG5642",0,0,0,0,0,0
"COG5645",0,0,0,0,0,0
"COG5646",0,0,0,0,0,0
"COG5651",0,0,0,0,0,0
"COG5652",1,2,0,1,0,0
"COG5654",0,0,0,0,0,0
"COG5655",0,0,0,1,0,0
"COG5658",0,2,0,0,0,0
"COG5659",0,0,0,0,0,0
"COG5663",0,0,0,0,0,0
