"","X66_DCM_0.0d2","X52_SUR_0d2.1d6","X122_DCM_0d2.3","X124_DCM_0d2.3","X122_DCM_0d45.0d8","X122_SUR_0d2.0d45"
"COG0001",4,6,6,14,7,6
"COG0002",2,6,6,4,4,2
"COG0003",2,1,0,0,2,0
"COG0004",8,13,8,14,9,7
"COG0005",5,5,6,3,6,0
"COG0006",10,14,15,28,11,25
"COG0007",2,4,1,4,6,0
"COG0008",8,17,8,15,11,11
"COG0009",2,4,8,8,5,7
"COG0010",1,6,7,11,5,5
"COG0011",0,2,0,0,1,0
"COG0012",0,11,5,7,2,19
"COG0013",6,17,16,16,24,15
"COG0014",2,7,4,5,4,11
"COG0015",4,10,10,9,7,14
"COG0016",0,2,4,5,8,8
"COG0017",1,0,4,3,3,1
"COG0018",4,16,15,14,11,10
"COG0019",3,12,18,11,13,14
"COG0020",0,5,2,7,10,3
"COG0021",13,19,14,11,11,13
"COG0022",15,7,12,10,9,13
"COG0023",0,0,0,0,1,0
"COG0024",1,10,5,9,4,6
"COG0025",3,7,1,2,6,1
"COG0026",1,10,5,2,2,5
"COG0027",1,5,0,1,4,1
"COG0028",6,33,29,36,22,26
"COG0029",6,4,3,2,7,4
"COG0030",6,4,7,5,7,7
"COG0031",7,7,6,10,12,10
"COG0033",1,7,2,0,4,2
"COG0034",10,13,9,8,7,13
"COG0035",1,2,1,1,1,3
"COG0036",2,4,7,8,5,8
"COG0037",5,10,12,11,5,6
"COG0038",1,6,1,4,4,4
"COG0039",2,4,7,8,5,7
"COG0040",0,4,4,3,4,5
"COG0041",0,6,2,3,3,4
"COG0042",1,5,0,6,13,8
"COG0043",0,1,4,8,7,3
"COG0044",7,10,14,8,9,9
"COG0045",2,15,13,17,5,7
"COG0046",11,16,20,16,10,21
"COG0047",2,8,10,6,6,14
"COG0048",2,1,3,0,3,0
"COG0049",1,4,6,9,4,2
"COG0050",7,8,2,4,5,5
"COG0051",2,2,3,3,4,2
"COG0052",5,7,3,6,6,9
"COG0053",1,0,1,0,2,0
"COG0054",0,3,3,4,3,0
"COG0055",1,8,9,11,10,10
"COG0056",5,15,10,9,5,16
"COG0057",8,13,12,11,4,6
"COG0058",3,5,0,0,5,1
"COG0059",2,11,6,10,6,3
"COG0060",11,22,20,22,16,21
"COG0061",2,7,8,8,8,4
"COG0062",2,5,3,3,2,6
"COG0063",5,7,8,4,5,4
"COG0064",8,9,9,4,1,10
"COG0065",1,12,10,9,7,9
"COG0066",1,7,8,6,4,4
"COG0067",18,23,13,25,12,16
"COG0068",1,0,0,0,1,0
"COG0069",17,37,29,22,24,28
"COG0070",13,27,18,22,15,17
"COG0071",18,7,4,3,5,5
"COG0072",9,11,16,24,13,21
"COG0073",13,9,8,18,11,14
"COG0074",3,3,4,9,4,8
"COG0075",2,12,10,9,6,4
"COG0076",6,5,1,4,6,3
"COG0077",2,9,8,6,5,8
"COG0078",1,9,5,6,11,4
"COG0079",11,5,6,13,14,6
"COG0080",0,4,2,2,2,2
"COG0081",1,5,2,3,3,4
"COG0082",2,6,7,11,5,8
"COG0083",2,3,1,2,6,2
"COG0084",3,3,7,6,2,3
"COG0085",14,17,32,23,24,26
"COG0086",15,43,30,26,30,30
"COG0087",1,5,5,6,5,8
"COG0088",2,5,3,4,5,7
"COG0089",0,1,0,3,0,4
"COG0090",1,5,10,6,2,7
"COG0091",0,1,2,3,2,5
"COG0092",4,9,8,6,5,4
"COG0093",0,2,4,1,2,7
"COG0094",0,3,4,7,3,2
"COG0095",0,3,3,1,1,0
"COG0096",1,2,2,2,2,4
"COG0097",2,6,4,5,3,5
"COG0098",1,2,3,0,1,3
"COG0099",2,3,6,3,1,5
"COG0100",1,3,2,3,2,5
"COG0101",3,7,4,7,3,9
"COG0102",0,3,3,6,2,5
"COG0103",0,0,3,1,3,3
"COG0104",4,12,9,8,9,12
"COG0105",2,5,5,4,1,8
"COG0106",1,5,4,8,4,3
"COG0107",1,5,5,8,3,7
"COG0108",3,2,4,7,6,10
"COG0109",4,6,6,10,6,2
"COG0110",1,4,5,3,2,6
"COG0111",13,19,13,23,15,11
"COG0112",2,8,8,10,5,8
"COG0113",1,6,2,3,2,12
"COG0114",4,13,10,11,5,15
"COG0115",9,18,13,21,9,11
"COG0116",3,4,1,1,6,1
"COG0117",3,7,9,6,5,5
"COG0118",3,5,7,5,6,4
"COG0119",10,19,18,22,15,13
"COG0120",2,3,1,0,1,0
"COG0121",1,0,0,0,0,0
"COG0122",3,3,7,8,1,5
"COG0123",3,4,5,8,4,6
"COG0124",5,13,5,13,3,15
"COG0125",1,9,2,5,2,5
"COG0126",2,5,9,6,4,4
"COG0127",3,5,4,3,3,3
"COG0128",1,11,7,8,6,16
"COG0129",10,14,15,11,11,10
"COG0130",1,8,3,2,3,2
"COG0131",2,6,8,3,1,2
"COG0132",0,3,0,1,2,0
"COG0133",3,7,9,9,14,9
"COG0134",3,6,4,7,5,3
"COG0135",1,4,2,1,6,3
"COG0136",4,9,11,5,5,11
"COG0137",2,8,2,7,5,3
"COG0138",2,10,15,11,13,17
"COG0139",1,3,3,6,3,2
"COG0140",1,4,1,0,5,1
"COG0141",2,8,9,7,8,9
"COG0142",6,23,10,18,10,20
"COG0143",5,2,6,18,12,17
"COG0144",2,6,2,4,11,2
"COG0145",0,8,5,10,9,2
"COG0146",2,15,4,9,6,1
"COG0147",3,22,8,12,15,17
"COG0148",4,10,7,9,3,8
"COG0149",3,7,4,7,3,6
"COG0150",4,10,7,1,1,4
"COG0151",4,7,3,10,7,13
"COG0152",2,8,2,5,9,6
"COG0153",0,1,1,6,1,3
"COG0154",24,30,22,26,16,23
"COG0155",0,5,3,4,18,2
"COG0156",13,7,1,3,3,6
"COG0157",3,5,4,2,5,3
"COG0158",3,0,0,1,3,0
"COG0159",1,4,4,4,6,8
"COG0160",3,3,6,2,12,13
"COG0161",6,6,13,20,13,8
"COG0162",2,8,6,4,8,10
"COG0163",0,1,2,3,1,0
"COG0164",2,2,2,1,0,1
"COG0165",7,11,6,8,6,9
"COG0166",2,14,6,7,7,12
"COG0167",2,6,7,9,6,9
"COG0168",9,13,14,11,11,11
"COG0169",1,7,3,6,3,2
"COG0170",0,3,1,1,0,0
"COG0171",11,7,10,9,2,10
"COG0172",4,5,9,8,4,17
"COG0173",10,11,12,15,11,9
"COG0174",7,21,17,21,13,22
"COG0175",3,3,5,0,3,1
"COG0176",10,9,6,7,5,7
"COG0177",2,3,2,4,6,5
"COG0178",14,14,17,21,17,23
"COG0179",3,5,7,10,7,5
"COG0180",3,4,8,8,7,11
"COG0181",3,4,2,8,5,7
"COG0182",1,0,2,1,1,3
"COG0183",22,15,18,21,15,23
"COG0184",2,4,2,1,2,4
"COG0185",1,2,3,3,1,2
"COG0186",0,4,2,1,2,3
"COG0187",7,10,10,33,16,24
"COG0188",10,30,20,25,27,26
"COG0189",11,12,6,5,4,5
"COG0190",3,5,7,8,5,9
"COG0191",0,1,3,3,0,2
"COG0192",6,8,6,7,8,13
"COG0193",2,4,5,4,4,3
"COG0194",0,5,4,5,6,4
"COG0195",5,8,9,1,8,13
"COG0196",3,6,2,6,2,7
"COG0197",1,3,0,1,2,3
"COG0198",1,3,1,0,2,1
"COG0199",0,3,0,4,1,3
"COG0200",1,4,0,1,2,5
"COG0201",8,12,5,9,7,9
"COG0202",3,9,4,12,5,11
"COG0203",3,2,3,1,2,4
"COG0204",10,12,13,11,9,12
"COG0205",3,5,3,5,1,4
"COG0206",4,14,14,11,9,8
"COG0207",3,4,5,5,1,2
"COG0208",19,8,11,2,7,9
"COG0209",73,34,22,26,12,24
"COG0210",83,20,17,15,14,20
"COG0211",1,0,0,1,2,1
"COG0212",4,2,2,2,5,4
"COG0213",0,3,3,0,4,0
"COG0214",0,1,2,4,1,1
"COG0215",2,8,5,8,8,13
"COG0216",5,10,5,5,5,6
"COG0217",4,1,8,4,5,5
"COG0218",1,0,2,1,0,1
"COG0219",1,0,5,1,3,2
"COG0220",0,2,5,2,1,2
"COG0221",3,1,2,0,1,2
"COG0222",1,1,4,2,2,3
"COG0223",8,10,11,5,4,11
"COG0224",0,6,10,8,7,1
"COG0225",5,14,7,7,4,10
"COG0226",4,4,4,4,7,2
"COG0227",1,3,2,0,5,0
"COG0228",2,6,2,0,4,3
"COG0229",1,1,0,3,6,10
"COG0230",0,2,1,0,0,1
"COG0231",2,1,8,4,7,1
"COG0232",1,7,4,4,2,4
"COG0233",2,3,6,2,0,3
"COG0234",14,5,1,3,1,3
"COG0235",5,3,5,4,3,7
"COG0236",2,2,4,2,2,4
"COG0237",0,1,0,10,8,3
"COG0238",2,2,1,1,0,1
"COG0239",2,0,0,0,0,0
"COG0240",2,6,4,3,2,12
"COG0241",2,0,0,3,2,2
"COG0242",6,3,5,4,5,8
"COG0243",4,4,11,12,4,6
"COG0244",0,5,2,2,4,2
"COG0245",0,7,2,3,0,1
"COG0246",5,1,2,2,0,1
"COG0247",10,7,6,8,6,12
"COG0248",7,7,4,2,7,4
"COG0249",22,19,10,12,11,7
"COG0250",3,5,10,4,2,3
"COG0251",2,4,5,10,6,9
"COG0252",2,1,4,1,1,0
"COG0253",3,4,3,3,3,2
"COG0254",0,1,0,1,3,2
"COG0255",0,0,1,0,0,0
"COG0256",1,0,1,5,2,1
"COG0257",0,0,1,0,0,0
"COG0258",22,20,14,8,3,7
"COG0259",1,4,3,3,1,7
"COG0260",4,12,6,9,9,14
"COG0261",0,4,4,2,2,6
"COG0262",1,1,2,1,1,1
"COG0263",2,9,9,3,5,9
"COG0264",2,7,8,2,4,7
"COG0265",11,19,21,26,15,13
"COG0266",6,6,8,7,6,5
"COG0267",0,0,0,0,0,0
"COG0268",0,6,0,4,0,0
"COG0269",0,0,0,0,0,0
"COG0270",20,4,6,2,2,5
"COG0271",2,2,2,1,3,2
"COG0272",7,10,13,12,19,12
"COG0274",4,1,1,0,0,0
"COG0275",5,4,6,6,7,10
"COG0276",5,9,11,3,3,3
"COG0277",11,23,30,19,21,15
"COG0278",1,1,1,2,2,1
"COG0279",2,2,3,1,3,1
"COG0280",6,1,11,10,6,12
"COG0281",4,8,7,13,2,11
"COG0282",2,0,2,0,0,0
"COG0283",2,2,4,5,2,4
"COG0284",5,4,6,4,1,3
"COG0285",5,4,8,11,6,9
"COG0286",13,3,3,3,7,5
"COG0287",6,5,5,11,3,7
"COG0288",1,0,0,1,1,0
"COG0289",1,5,5,4,3,3
"COG0290",2,3,4,6,6,1
"COG0291",0,2,2,3,1,2
"COG0292",0,3,3,2,4,2
"COG0293",1,4,1,3,4,5
"COG0294",0,8,5,4,6,8
"COG0295",0,1,0,1,0,1
"COG0296",7,10,6,2,5,0
"COG0297",2,4,1,0,4,2
"COG0298",0,0,0,0,0,0
"COG0299",0,0,0,0,5,1
"COG0300",6,2,2,3,2,2
"COG0301",1,0,0,1,2,0
"COG0302",7,6,7,6,6,5
"COG0303",2,5,8,2,7,5
"COG0304",7,19,13,13,12,15
"COG0305",63,13,13,11,13,28
"COG0306",1,3,2,6,6,5
"COG0307",1,1,4,7,4,4
"COG0308",37,14,13,13,18,20
"COG0309",0,0,0,0,2,0
"COG0310",0,0,1,1,0,0
"COG0311",0,0,1,3,0,1
"COG0312",6,12,13,8,17,18
"COG0313",4,4,6,5,8,4
"COG0314",1,0,2,1,1,1
"COG0315",2,0,3,1,2,1
"COG0316",4,10,3,4,4,4
"COG0317",11,21,16,9,14,22
"COG0318",30,31,31,33,20,33
"COG0319",2,2,5,4,3,4
"COG0320",2,14,9,15,7,14
"COG0321",4,4,2,2,2,6
"COG0322",8,15,15,15,13,17
"COG0323",4,2,4,0,2,2
"COG0324",2,5,9,4,7,8
"COG0325",1,4,6,8,5,5
"COG0326",1,8,4,4,6,7
"COG0327",2,1,1,1,1,0
"COG0328",0,2,4,4,3,4
"COG0329",5,8,10,12,3,8
"COG0330",12,9,12,13,9,14
"COG0331",3,5,1,7,6,7
"COG0332",4,2,9,3,12,1
"COG0333",0,3,2,0,1,0
"COG0334",11,6,7,8,12,11
"COG0335",4,6,7,5,2,4
"COG0336",4,3,3,3,2,2
"COG0337",3,6,6,1,3,0
"COG0338",7,1,3,2,0,1
"COG0339",5,2,4,3,10,3
"COG0340",2,6,7,10,6,8
"COG0341",9,10,6,4,5,3
"COG0342",7,7,16,13,8,12
"COG0343",3,8,12,14,10,11
"COG0344",0,3,3,4,3,1
"COG0345",1,2,3,6,2,5
"COG0346",12,4,9,4,8,4
"COG0347",2,4,1,2,3,2
"COG0348",5,0,1,0,4,1
"COG0349",4,4,3,6,7,0
"COG0350",3,3,2,0,0,3
"COG0351",1,6,3,5,5,2
"COG0352",0,3,2,3,8,2
"COG0353",3,6,4,5,2,2
"COG0354",3,6,4,2,4,2
"COG0355",1,4,2,3,2,4
"COG0356",1,8,15,2,5,9
"COG0357",1,6,3,3,5,8
"COG0358",17,16,17,14,12,13
"COG0359",2,5,4,2,2,4
"COG0360",0,2,1,1,2,3
"COG0361",0,1,1,2,3,1
"COG0362",0,2,2,1,5,1
"COG0363",3,3,2,2,2,2
"COG0364",6,7,2,2,5,1
"COG0365",13,23,27,31,23,24
"COG0366",12,12,13,6,17,10
"COG0367",8,6,13,14,7,12
"COG0368",0,0,0,0,3,1
"COG0369",1,1,5,3,8,6
"COG0370",1,0,0,1,2,0
"COG0371",0,3,1,3,6,1
"COG0372",6,6,13,14,10,9
"COG0373",5,2,2,2,3,5
"COG0374",0,0,0,0,0,0
"COG0375",0,0,0,0,1,0
"COG0376",9,9,8,9,9,8
"COG0377",1,1,2,6,5,2
"COG0378",0,2,1,0,0,0
"COG0379",0,6,3,1,6,2
"COG0380",1,1,0,0,0,0
"COG0381",7,5,3,4,2,3
"COG0382",0,10,5,9,10,5
"COG0383",0,0,0,0,1,1
"COG0384",0,1,0,0,0,3
"COG0385",1,6,5,4,0,6
"COG0386",0,3,3,3,3,6
"COG0387",0,0,1,0,0,1
"COG0388",9,11,13,7,11,7
"COG0389",5,3,1,13,5,8
"COG0390",0,0,0,1,1,0
"COG0391",0,1,5,4,5,4
"COG0392",0,1,0,0,1,3
"COG0393",0,2,5,0,0,0
"COG0394",4,0,2,3,3,1
"COG0395",1,4,17,13,1,13
"COG0396",4,5,5,6,2,5
"COG0397",3,7,11,5,2,6
"COG0398",3,4,3,0,8,3
"COG0399",34,18,20,24,21,19
"COG0400",7,3,2,3,4,8
"COG0401",0,0,0,0,0,0
"COG0402",2,7,7,8,12,1
"COG0403",13,16,12,16,15,16
"COG0404",9,36,55,52,21,56
"COG0405",12,12,18,12,13,12
"COG0406",2,9,3,3,11,3
"COG0407",7,9,7,7,1,4
"COG0408",4,4,5,6,4,8
"COG0409",0,0,0,0,0,0
"COG0410",6,8,6,7,6,2
"COG0411",1,4,7,5,2,5
"COG0412",5,1,3,5,4,6
"COG0413",5,7,7,6,6,7
"COG0414",1,3,2,5,3,5
"COG0415",5,36,8,6,4,9
"COG0416",3,7,6,4,4,2
"COG0417",51,8,6,6,3,13
"COG0418",0,7,2,0,4,1
"COG0419",20,4,7,3,6,1
"COG0420",3,0,0,1,0,1
"COG0421",6,1,2,1,2,0
"COG0422",3,10,5,3,3,2
"COG0423",2,6,4,10,4,9
"COG0424",4,5,4,8,3,5
"COG0425",0,0,1,3,1,0
"COG0426",1,6,2,1,14,2
"COG0427",1,0,2,0,0,1
"COG0428",5,2,3,0,1,1
"COG0429",3,0,3,0,3,1
"COG0430",0,0,0,0,0,0
"COG0431",2,3,1,4,2,4
"COG0432",0,3,2,0,2,2
"COG0433",7,0,1,2,0,1
"COG0434",0,1,1,0,1,1
"COG0435",1,4,1,0,1,0
"COG0436",13,26,22,29,24,27
"COG0437",2,1,4,1,1,7
"COG0438",52,50,63,44,57,44
"COG0439",15,17,15,17,11,19
"COG0440",0,5,4,2,3,2
"COG0441",8,16,8,12,12,17
"COG0442",3,14,8,6,9,10
"COG0443",9,21,28,16,26,20
"COG0444",3,0,2,12,2,4
"COG0445",5,14,14,10,11,19
"COG0446",12,16,21,12,13,23
"COG0447",2,1,1,0,4,0
"COG0448",1,1,1,1,0,0
"COG0449",2,19,11,12,12,11
"COG0450",2,1,3,2,9,2
"COG0451",76,54,54,43,38,52
"COG0452",3,8,11,3,6,10
"COG0454",3,13,10,8,17,8
"COG0455",0,0,0,0,2,0
"COG0456",2,2,3,4,1,3
"COG0457",34,38,47,64,62,41
"COG0458",10,25,35,30,16,31
"COG0459",52,19,20,27,18,24
"COG0460",10,10,4,5,14,4
"COG0461",1,9,6,5,7,1
"COG0462",2,12,11,12,5,10
"COG0463",40,37,35,30,33,37
"COG0464",6,4,5,9,8,4
"COG0465",16,21,12,16,23,17
"COG0466",13,10,14,12,7,19
"COG0467",1,4,1,1,3,1
"COG0468",28,11,10,3,1,4
"COG0469",6,8,13,5,10,11
"COG0470",15,13,6,12,8,7
"COG0471",14,8,7,7,15,9
"COG0472",4,15,10,14,4,11
"COG0473",4,16,6,5,5,13
"COG0474",5,0,2,2,2,1
"COG0475",2,10,8,3,7,1
"COG0476",3,9,5,6,4,2
"COG0477",34,40,58,59,50,44
"COG0478",0,0,0,0,0,0
"COG0479",4,9,5,9,1,11
"COG0480",10,11,19,19,12,17
"COG0481",6,18,13,1,4,3
"COG0482",6,8,9,1,6,6
"COG0483",5,10,12,7,8,10
"COG0484",4,13,4,16,8,6
"COG0486",1,4,1,10,14,8
"COG0488",15,7,11,12,12,9
"COG0489",8,14,10,4,9,11
"COG0490",0,0,0,0,0,0
"COG0491",12,10,16,14,14,28
"COG0492",7,5,3,14,7,19
"COG0493",4,7,16,11,6,9
"COG0494",13,7,17,11,11,8
"COG0495",14,22,15,30,17,20
"COG0496",3,0,8,3,7,9
"COG0497",6,4,3,6,7,1
"COG0498",7,11,11,13,10,11
"COG0499",4,14,11,15,7,10
"COG0500",32,26,36,22,41,22
"COG0501",8,0,8,8,6,8
"COG0502",3,4,2,2,2,0
"COG0503",3,4,5,4,1,2
"COG0504",4,15,13,12,13,17
"COG0505",5,11,5,4,6,17
"COG0506",2,6,6,7,6,2
"COG0507",9,5,5,6,10,2
"COG0508",6,14,20,28,9,28
"COG0509",0,2,5,2,3,3
"COG0510",0,0,1,2,0,0
"COG0511",2,6,10,11,3,7
"COG0512",2,1,3,5,5,2
"COG0513",7,2,6,18,23,5
"COG0514",15,2,4,2,7,1
"COG0515",11,2,12,9,5,1
"COG0516",9,10,13,9,6,11
"COG0517",13,14,9,18,9,8
"COG0518",5,23,13,10,13,11
"COG0519",5,14,5,5,12,12
"COG0520",11,9,8,16,9,16
"COG0521",3,1,1,2,0,2
"COG0522",0,6,5,6,3,6
"COG0523",3,8,3,2,7,0
"COG0524",8,21,12,21,13,16
"COG0525",7,25,14,19,14,20
"COG0526",18,21,23,25,21,26
"COG0527",6,10,7,8,5,11
"COG0528",0,5,5,7,2,4
"COG0529",8,2,0,3,3,3
"COG0530",7,5,5,4,6,3
"COG0531",12,3,4,7,4,5
"COG0532",4,26,16,20,8,17
"COG0533",2,2,10,11,6,10
"COG0534",7,8,15,14,4,13
"COG0535",9,3,3,4,3,1
"COG0536",2,9,7,7,6,6
"COG0537",0,3,7,3,3,7
"COG0538",4,7,9,9,10,6
"COG0539",6,15,9,9,9,12
"COG0540",3,6,8,10,3,10
"COG0541",5,6,7,7,2,12
"COG0542",26,30,12,12,30,21
"COG0543",1,1,1,6,2,1
"COG0544",0,11,11,6,13,12
"COG0545",5,5,5,7,4,3
"COG0546",6,6,8,6,9,5
"COG0547",3,2,2,7,10,8
"COG0548",3,4,7,5,3,5
"COG0549",0,1,1,0,2,1
"COG0550",2,21,19,20,14,20
"COG0551",2,3,4,2,1,1
"COG0552",3,6,9,5,12,4
"COG0553",111,4,4,3,8,7
"COG0554",4,2,3,4,7,6
"COG0555",0,0,0,0,0,0
"COG0556",5,12,24,12,10,19
"COG0557",8,12,10,10,9,7
"COG0558",0,5,4,3,6,10
"COG0559",5,10,9,13,7,10
"COG0560",0,2,2,6,1,3
"COG0561",6,0,2,2,4,1
"COG0562",0,1,0,0,0,0
"COG0563",1,5,3,5,2,5
"COG0564",13,14,12,11,9,17
"COG0565",0,5,4,2,6,1
"COG0566",4,11,13,7,8,5
"COG0567",7,17,7,9,12,23
"COG0568",8,22,36,12,22,16
"COG0569",2,3,10,7,2,15
"COG0571",2,2,8,4,4,8
"COG0572",2,2,3,0,1,2
"COG0573",0,6,2,0,1,0
"COG0574",9,10,18,14,8,19
"COG0575",5,3,6,5,3,4
"COG0576",4,4,8,2,2,2
"COG0577",33,12,5,2,4,6
"COG0578",4,0,6,3,5,0
"COG0579",3,4,1,5,6,1
"COG0580",2,4,2,3,2,1
"COG0581",1,3,1,2,4,1
"COG0582",41,10,4,5,23,3
"COG0583",26,7,22,8,34,3
"COG0584",3,9,5,8,5,2
"COG0585",1,1,0,2,1,1
"COG0586",5,3,0,1,2,5
"COG0587",37,35,29,28,15,24
"COG0588",0,8,4,4,2,3
"COG0589",6,3,2,5,2,4
"COG0590",3,3,2,2,0,1
"COG0591",21,6,27,18,17,13
"COG0592",3,12,3,11,7,9
"COG0593",3,18,15,11,7,14
"COG0594",0,1,0,0,1,1
"COG0595",1,12,8,6,6,5
"COG0596",19,46,34,28,40,40
"COG0597",0,3,5,0,1,1
"COG0598",4,0,0,1,0,0
"COG0599",1,0,3,0,2,0
"COG0600",1,2,1,6,3,7
"COG0601",3,11,9,8,5,11
"COG0602",8,0,5,1,2,3
"COG0603",1,2,3,3,7,1
"COG0604",18,23,28,19,13,20
"COG0605",1,2,2,5,0,5
"COG0606",3,2,0,1,1,0
"COG0607",6,3,5,5,3,4
"COG0608",3,8,7,6,15,4
"COG0609",1,4,6,3,0,3
"COG0610",7,1,4,3,6,1
"COG0611",3,9,2,5,4,5
"COG0612",15,13,12,11,10,11
"COG0613",2,1,4,7,0,0
"COG0614",2,1,2,5,2,1
"COG0615",2,0,1,0,1,1
"COG0616",3,8,5,6,3,6
"COG0617",10,8,11,19,11,14
"COG0618",1,0,2,3,3,7
"COG0619",0,2,2,0,1,0
"COG0620",2,2,5,2,3,0
"COG0621",4,13,11,18,18,16
"COG0622",2,0,0,1,0,0
"COG0623",6,9,6,7,5,6
"COG0624",5,2,12,24,13,25
"COG0625",7,10,6,8,7,11
"COG0626",13,21,9,10,13,16
"COG0627",1,0,2,1,3,0
"COG0628",8,2,3,4,7,2
"COG0629",0,0,2,4,2,9
"COG0630",1,0,0,0,1,0
"COG0631",3,0,3,1,5,0
"COG0632",3,1,3,1,4,2
"COG0633",1,4,1,2,4,2
"COG0634",0,0,1,1,1,0
"COG0635",12,5,2,2,7,0
"COG0636",1,6,1,2,1,0
"COG0637",2,4,4,3,3,5
"COG0638",0,0,1,2,0,1
"COG0639",4,1,3,2,2,1
"COG0640",6,1,3,0,2,1
"COG0641",1,1,0,0,0,0
"COG0642",177,39,61,27,98,30
"COG0643",7,0,4,2,3,1
"COG0644",7,11,13,3,5,4
"COG0645",1,0,0,0,0,0
"COG0646",6,8,4,7,9,4
"COG0647",1,6,3,2,0,3
"COG0648",0,0,0,0,2,0
"COG0649",4,8,7,6,5,11
"COG0650",0,0,0,0,0,0
"COG0651",12,3,3,4,0,3
"COG0652",9,11,6,4,7,3
"COG0653",8,23,19,19,17,20
"COG0654",10,13,16,10,9,19
"COG0655",3,0,1,0,1,0
"COG0656",3,2,2,3,2,1
"COG0657",6,8,6,13,5,7
"COG0658",5,0,3,2,3,0
"COG0659",17,11,6,1,8,2
"COG0661",6,26,12,17,14,6
"COG0662",10,10,7,4,9,4
"COG0663",2,0,0,2,1,1
"COG0664",4,6,3,3,11,3
"COG0665",13,43,60,51,21,43
"COG0666",1,2,2,7,10,0
"COG0667",7,8,7,11,12,10
"COG0668",23,13,7,12,15,11
"COG0669",2,3,1,2,4,9
"COG0670",0,0,0,3,1,3
"COG0671",1,1,1,1,1,2
"COG0672",2,0,5,2,1,0
"COG0673",27,26,36,40,12,32
"COG0674",0,1,4,13,1,2
"COG0675",0,1,0,0,0,0
"COG0676",0,0,0,0,1,1
"COG0677",6,5,7,6,5,7
"COG0678",1,2,2,4,0,1
"COG0679",1,6,1,4,3,4
"COG0680",0,0,0,0,0,0
"COG0681",3,1,1,6,7,7
"COG0682",4,2,9,4,8,11
"COG0683",6,15,11,13,7,14
"COG0684",1,2,5,1,0,1
"COG0685",4,8,4,4,4,3
"COG0686",6,2,3,5,0,5
"COG0687",2,4,3,10,3,6
"COG0688",4,1,4,4,2,2
"COG0689",0,3,5,8,3,2
"COG0690",0,0,0,0,1,0
"COG0691",2,1,2,4,2,3
"COG0692",1,0,1,1,1,2
"COG0693",1,0,2,1,1,0
"COG0694",5,6,4,4,4,7
"COG0695",1,0,4,4,8,1
"COG0696",5,5,2,3,4,4
"COG0697",13,40,39,56,31,44
"COG0698",1,1,2,4,1,3
"COG0699",0,1,0,0,0,0
"COG0700",1,1,0,0,1,0
"COG0701",3,0,1,0,0,0
"COG0702",9,12,14,10,17,13
"COG0703",0,5,2,1,2,2
"COG0704",2,1,1,6,2,2
"COG0705",8,6,5,1,2,1
"COG0706",3,13,14,5,11,14
"COG0707",0,7,7,4,5,10
"COG0708",4,8,2,2,1,1
"COG0709",1,9,1,5,2,3
"COG0710",0,0,1,2,0,0
"COG0711",0,4,5,2,1,0
"COG0712",0,5,7,7,1,4
"COG0713",1,2,1,1,2,2
"COG0714",44,9,14,11,7,19
"COG0715",5,1,3,2,7,0
"COG0716",1,1,3,2,1,2
"COG0717",3,4,4,6,3,4
"COG0718",1,2,4,0,0,1
"COG0719",4,12,18,24,10,21
"COG0720",3,0,1,2,2,2
"COG0721",2,2,1,2,3,0
"COG0722",1,4,5,2,5,2
"COG0723",0,8,5,3,4,2
"COG0724",0,0,2,1,7,1
"COG0725",0,1,1,1,0,0
"COG0726",6,9,10,12,4,6
"COG0727",0,0,1,1,0,0
"COG0728",2,12,10,9,7,12
"COG0729",0,0,1,0,4,0
"COG0730",1,6,4,11,4,11
"COG0731",0,1,0,1,1,0
"COG0732",8,1,2,1,6,1
"COG0733",10,11,7,4,5,11
"COG0735",2,3,0,2,5,6
"COG0736",0,2,1,0,1,1
"COG0737",2,2,2,1,4,6
"COG0738",1,0,3,0,1,1
"COG0739",14,12,16,5,4,12
"COG0740",9,12,6,6,5,3
"COG0741",15,8,17,7,5,11
"COG0742",2,2,3,3,5,5
"COG0743",4,7,7,4,3,4
"COG0744",5,4,2,2,5,4
"COG0745",22,16,21,9,25,16
"COG0746",0,2,2,0,0,2
"COG0747",7,17,12,15,14,9
"COG0748",1,1,1,0,1,1
"COG0749",172,38,20,12,17,29
"COG0750",4,4,8,13,3,17
"COG0751",1,7,8,7,4,8
"COG0752",0,5,5,3,2,4
"COG0753",1,0,0,0,5,0
"COG0754",1,0,1,0,2,0
"COG0755",3,5,3,7,3,4
"COG0756",4,3,2,1,1,2
"COG0757",0,2,4,3,4,0
"COG0758",3,0,0,0,0,0
"COG0759",0,1,1,0,1,0
"COG0760",24,13,9,14,12,14
"COG0761",0,0,1,6,5,7
"COG0762",0,1,0,0,2,1
"COG0763",1,9,4,6,6,9
"COG0764",3,9,5,7,5,10
"COG0765",2,7,9,11,3,9
"COG0766",4,12,4,7,6,7
"COG0767",6,4,0,1,1,0
"COG0768",13,27,18,22,15,36
"COG0769",7,11,15,9,4,13
"COG0770",4,3,3,9,4,12
"COG0771",3,7,14,4,13,12
"COG0772",7,27,20,13,17,16
"COG0773",2,6,3,9,15,14
"COG0774",1,7,6,4,5,7
"COG0775",6,2,1,2,3,1
"COG0776",9,4,9,4,5,7
"COG0777",4,4,7,5,5,5
"COG0778",7,10,8,10,13,8
"COG0779",1,0,1,1,1,2
"COG0780",3,5,0,5,2,2
"COG0781",2,5,5,0,5,2
"COG0782",6,0,4,4,2,6
"COG0783",3,0,0,0,0,0
"COG0784",59,6,17,7,41,3
"COG0785",0,3,3,2,1,4
"COG0786",1,2,1,1,2,0
"COG0787",6,5,5,2,4,5
"COG0788",3,6,2,2,3,2
"COG0789",7,4,5,3,5,2
"COG0790",4,2,1,6,4,1
"COG0791",4,5,5,2,2,4
"COG0792",1,0,0,0,0,0
"COG0793",19,20,15,14,15,14
"COG0794",3,4,6,3,2,5
"COG0795",7,8,14,10,6,13
"COG0796",6,1,0,2,3,1
"COG0797",2,0,2,2,2,2
"COG0798",2,0,0,0,0,0
"COG0799",0,2,4,1,1,2
"COG0800",2,1,1,0,4,0
"COG0801",1,6,3,4,7,4
"COG0802",1,4,5,3,2,1
"COG0803",1,3,3,4,7,4
"COG0804",0,6,3,2,1,0
"COG0805",0,2,4,5,3,5
"COG0806",2,1,4,3,4,3
"COG0807",2,8,9,5,8,7
"COG0809",2,2,2,3,3,8
"COG0810",1,5,4,3,3,4
"COG0811",9,14,8,2,10,14
"COG0812",3,10,9,6,5,7
"COG0813",0,0,0,0,0,0
"COG0814",0,0,1,0,0,0
"COG0815",5,13,14,9,5,10
"COG0816",3,4,3,2,1,2
"COG0817",0,2,0,0,1,3
"COG0818",0,0,2,0,2,1
"COG0819",0,3,2,1,4,0
"COG0820",5,5,3,4,6,6
"COG0821",6,15,9,3,3,11
"COG0822",1,3,4,3,1,0
"COG0823",32,4,10,8,17,16
"COG0824",3,5,7,5,6,5
"COG0825",1,8,3,6,5,8
"COG0826",3,0,0,1,1,0
"COG0827",5,0,2,0,0,0
"COG0828",0,0,3,0,0,1
"COG0829",2,2,1,1,1,0
"COG0830",0,1,0,1,1,0
"COG0831",0,0,1,1,2,0
"COG0832",0,2,0,0,0,0
"COG0833",0,0,0,0,0,0
"COG0834",3,16,10,11,15,9
"COG0835",0,0,0,0,2,0
"COG0836",0,3,6,3,7,6
"COG0837",1,3,0,0,3,1
"COG0838",3,3,4,4,0,0
"COG0839",0,0,3,0,2,4
"COG0840",25,2,8,2,23,1
"COG0841",66,29,32,6,11,21
"COG0842",5,12,8,5,13,14
"COG0843",6,20,11,17,15,21
"COG0845",50,25,22,12,24,13
"COG0846",2,1,3,2,0,0
"COG0847",4,4,7,11,6,6
"COG0848",0,0,3,1,3,1
"COG0849",0,3,12,4,5,3
"COG0850",0,2,0,0,0,0
"COG0851",0,0,0,0,2,0
"COG0852",0,4,2,1,3,2
"COG0853",0,0,0,0,0,1
"COG0854",1,5,7,4,3,2
"COG0855",5,8,3,0,3,0
"COG0856",0,0,0,0,0,0
"COG0857",0,1,0,1,3,1
"COG0858",4,2,2,3,2,4
"COG0859",7,6,8,6,4,6
"COG0860",7,1,2,3,3,6
"COG0861",0,2,0,1,4,7
"COG0863",17,12,10,6,9,12
"COG0864",0,0,0,0,0,0
"COG1001",0,0,1,1,3,0
"COG1002",13,0,0,2,7,0
"COG1003",2,8,3,13,8,25
"COG1004",18,9,13,12,7,11
"COG1005",1,3,11,14,4,8
"COG1006",1,0,0,1,0,0
"COG1007",10,4,7,8,5,4
"COG1008",4,21,18,8,15,8
"COG1009",15,16,11,6,10,14
"COG1010",0,7,3,1,3,0
"COG1011",2,2,10,5,3,1
"COG1012",30,47,53,56,37,54
"COG1013",0,1,2,7,5,4
"COG1014",2,3,3,11,2,9
"COG1015",1,2,1,0,0,0
"COG1017",0,0,0,0,2,0
"COG1018",2,1,6,6,3,2
"COG1019",0,0,0,2,1,0
"COG1020",4,1,1,1,0,0
"COG1021",0,0,0,0,0,0
"COG1022",10,18,6,7,14,15
"COG1023",1,0,0,0,0,0
"COG1024",30,24,42,37,24,36
"COG1025",2,1,5,2,5,2
"COG1026",0,5,1,2,1,3
"COG1027",0,0,0,2,1,0
"COG1028",49,85,76,93,60,104
"COG1029",0,0,0,0,0,0
"COG1030",4,0,3,0,1,5
"COG1031",0,0,0,0,0,0
"COG1032",8,4,7,5,2,1
"COG1033",7,17,20,12,16,15
"COG1034",3,7,7,13,4,14
"COG1035",0,0,0,1,0,0
"COG1036",0,0,0,0,0,0
"COG1038",2,1,2,5,3,1
"COG1039",0,0,0,0,0,0
"COG1040",2,0,0,1,1,0
"COG1041",0,0,1,1,1,0
"COG1042",2,2,5,7,4,2
"COG1043",0,1,6,5,2,1
"COG1044",2,8,5,6,3,7
"COG1045",0,6,4,4,2,6
"COG1047",2,0,1,3,3,0
"COG1048",9,6,12,16,1,14
"COG1049",2,6,6,9,15,5
"COG1051",1,1,2,2,2,1
"COG1052",14,6,5,7,1,13
"COG1053",5,21,15,38,23,31
"COG1054",0,10,3,0,3,3
"COG1055",3,4,3,2,2,3
"COG1056",0,0,0,0,0,0
"COG1057",1,2,2,5,4,6
"COG1058",0,6,5,5,4,4
"COG1059",0,0,0,0,0,0
"COG1060",0,1,5,7,3,3
"COG1061",31,10,3,6,9,10
"COG1062",2,3,1,0,3,0
"COG1063",8,7,5,16,8,5
"COG1064",4,2,1,2,0,1
"COG1066",11,6,2,4,6,2
"COG1067",0,0,3,2,1,0
"COG1069",2,0,1,1,2,0
"COG1070",2,5,1,1,7,1
"COG1071",20,12,17,18,9,9
"COG1072",0,0,0,1,0,0
"COG1073",7,6,11,11,8,2
"COG1074",16,4,6,9,18,6
"COG1075",6,2,1,1,6,1
"COG1076",3,3,3,1,1,2
"COG1077",4,10,7,7,6,7
"COG1078",3,1,2,1,3,0
"COG1079",2,2,5,7,2,1
"COG1080",6,0,2,1,0,1
"COG1082",8,2,4,8,10,6
"COG1083",2,3,5,4,1,5
"COG1084",0,1,1,0,0,0
"COG1085",0,1,2,2,0,0
"COG1086",10,7,8,5,7,5
"COG1087",4,7,4,5,4,3
"COG1088",9,4,6,5,8,4
"COG1089",15,4,10,6,0,8
"COG1090",3,1,3,2,7,2
"COG1091",1,5,0,2,3,3
"COG1092",1,0,0,0,1,0
"COG1093",0,0,0,0,0,0
"COG1094",0,0,0,0,0,0
"COG1095",0,0,0,0,0,1
"COG1096",0,1,0,1,0,0
"COG1097",0,1,0,0,1,0
"COG1098",0,0,1,0,0,0
"COG1099",0,0,0,0,1,0
"COG1100",0,10,4,1,8,2
"COG1101",0,0,0,0,0,0
"COG1102",0,0,0,0,0,1
"COG1104",7,7,6,4,7,9
"COG1105",0,0,0,0,0,0
"COG1106",0,0,0,0,1,0
"COG1107",0,0,0,0,0,0
"COG1108",5,4,4,3,8,6
"COG1109",8,22,15,21,16,19
"COG1111",0,0,1,4,1,2
"COG1112",7,5,3,5,4,4
"COG1113",0,0,0,0,0,0
"COG1114",0,0,0,0,0,0
"COG1115",10,7,5,6,3,8
"COG1116",2,0,1,5,5,0
"COG1117",3,1,3,1,2,1
"COG1118",0,0,0,0,2,0
"COG1119",0,1,5,3,3,0
"COG1120",1,2,3,2,1,0
"COG1121",2,10,7,2,6,4
"COG1122",1,3,2,0,4,2
"COG1123",3,15,6,8,4,7
"COG1124",0,0,0,0,0,0
"COG1125",2,0,0,0,0,0
"COG1126",2,6,5,4,6,7
"COG1127",0,2,2,1,6,0
"COG1129",2,5,4,3,4,3
"COG1131",17,11,14,12,17,24
"COG1132",17,32,39,28,30,30
"COG1133",0,2,1,1,0,1
"COG1134",0,0,1,0,2,1
"COG1135",1,0,0,1,0,0
"COG1136",10,13,10,15,7,13
"COG1137",4,3,5,4,3,3
"COG1138",11,11,12,10,0,18
"COG1139",0,0,0,2,0,0
"COG1140",0,0,0,0,1,0
"COG1141",0,2,0,1,0,0
"COG1142",1,0,2,1,2,1
"COG1143",0,6,4,6,3,6
"COG1144",0,0,0,0,0,0
"COG1145",1,4,0,1,0,0
"COG1146",5,0,4,2,1,5
"COG1148",0,0,0,0,0,0
"COG1150",0,0,0,0,0,0
"COG1151",0,0,0,0,0,0
"COG1153",0,0,0,0,0,0
"COG1154",4,18,6,10,6,8
"COG1155",0,0,0,3,1,0
"COG1156",0,0,2,3,0,0
"COG1157",5,1,1,0,1,1
"COG1158",6,6,6,10,5,14
"COG1159",4,5,0,3,3,5
"COG1160",1,3,7,7,5,6
"COG1161",0,6,2,0,0,1
"COG1162",1,5,1,1,4,0
"COG1163",0,0,2,2,1,1
"COG1164",6,0,2,10,1,0
"COG1165",0,6,0,0,11,3
"COG1166",2,3,2,1,11,1
"COG1167",6,3,1,4,3,2
"COG1168",0,3,1,0,1,0
"COG1169",5,6,2,0,6,0
"COG1171",8,11,11,8,11,10
"COG1172",0,3,3,12,3,8
"COG1173",5,9,3,6,7,5
"COG1174",0,0,1,0,0,0
"COG1175",4,10,7,12,4,15
"COG1176",3,7,5,5,2,6
"COG1177",1,6,2,4,5,4
"COG1178",5,11,6,12,10,17
"COG1179",1,0,2,0,0,0
"COG1180",0,0,0,0,0,0
"COG1181",2,8,5,5,10,12
"COG1182",1,1,3,0,0,1
"COG1183",2,8,3,5,3,2
"COG1184",0,0,0,0,0,0
"COG1185",7,12,15,4,4,4
"COG1186",1,11,4,6,3,6
"COG1187",4,4,4,3,7,6
"COG1188",0,0,0,0,0,0
"COG1189",0,1,3,1,1,0
"COG1190",0,6,0,4,7,7
"COG1191",0,0,0,1,0,0
"COG1192",2,4,2,7,7,9
"COG1193",5,10,2,2,5,2
"COG1194",0,2,3,8,4,9
"COG1195",4,9,2,1,8,2
"COG1196",8,12,13,12,19,15
"COG1197",5,15,14,16,10,11
"COG1198",7,11,12,13,13,11
"COG1199",4,0,0,12,8,5
"COG1200",1,3,2,14,18,15
"COG1201",4,7,6,5,1,3
"COG1202",0,0,0,0,0,0
"COG1203",0,0,0,0,0,0
"COG1204",2,1,2,0,1,0
"COG1205",0,0,1,2,1,0
"COG1206",0,0,0,1,3,0
"COG1207",1,6,4,5,6,5
"COG1208",9,8,7,6,8,6
"COG1209",7,3,3,3,5,4
"COG1210",2,2,3,2,4,5
"COG1211",3,5,8,2,2,14
"COG1212",2,2,4,3,6,10
"COG1213",1,2,0,4,0,0
"COG1214",2,0,1,3,1,6
"COG1215",2,3,4,2,7,2
"COG1216",12,5,2,7,8,11
"COG1217",5,14,3,14,6,4
"COG1218",3,5,2,3,4,4
"COG1219",3,14,9,3,7,9
"COG1220",4,3,2,8,6,7
"COG1221",1,0,1,0,3,0
"COG1222",0,0,1,0,1,0
"COG1223",0,0,0,0,0,0
"COG1224",0,0,0,0,0,0
"COG1225",1,3,6,6,10,4
"COG1226",20,6,10,5,12,9
"COG1227",1,1,0,1,0,0
"COG1228",28,14,10,10,11,19
"COG1229",0,0,1,0,0,0
"COG1230",6,0,2,0,2,1
"COG1231",0,1,1,1,1,2
"COG1232",2,1,2,4,3,8
"COG1233",12,15,10,19,22,12
"COG1234",1,3,5,7,6,6
"COG1235",5,3,3,4,3,3
"COG1236",4,2,2,4,5,2
"COG1237",0,0,0,0,0,0
"COG1238",1,3,1,0,0,2
"COG1239",3,13,2,2,7,1
"COG1240",0,0,1,0,2,0
"COG1241",2,0,2,0,1,2
"COG1242",0,0,1,0,0,0
"COG1243",0,1,1,1,0,2
"COG1244",0,0,0,0,1,0
"COG1245",0,1,0,2,0,0
"COG1246",1,0,1,1,0,0
"COG1247",0,0,0,0,1,0
"COG1249",22,16,19,15,21,14
"COG1250",19,11,11,9,8,5
"COG1251",5,0,1,0,1,0
"COG1252",4,5,1,5,3,4
"COG1253",6,9,5,4,5,8
"COG1254",0,0,0,1,0,0
"COG1255",0,0,0,0,0,0
"COG1256",2,1,0,1,1,2
"COG1257",0,1,4,1,3,2
"COG1258",0,0,3,2,1,0
"COG1259",1,0,1,1,0,1
"COG1260",0,0,0,3,1,4
"COG1261",1,0,1,0,0,0
"COG1262",15,3,3,12,7,2
"COG1263",0,0,0,0,0,0
"COG1264",0,0,0,0,0,0
"COG1266",3,6,3,1,5,3
"COG1267",0,0,2,1,0,3
"COG1268",1,2,2,2,2,3
"COG1269",0,1,2,2,1,0
"COG1270",1,4,1,3,6,2
"COG1271",0,0,2,0,2,0
"COG1272",3,0,0,1,0,1
"COG1273",0,0,0,0,0,0
"COG1274",0,0,0,1,0,0
"COG1275",0,0,0,0,0,0
"COG1276",0,0,0,0,0,0
"COG1277",2,2,1,6,3,2
"COG1278",1,3,2,3,1,3
"COG1279",0,1,2,1,1,3
"COG1280",1,5,5,6,6,3
"COG1281",3,5,1,0,6,0
"COG1282",4,6,9,8,5,11
"COG1283",1,2,1,2,2,0
"COG1284",1,0,0,0,0,0
"COG1285",0,0,0,0,0,0
"COG1286",1,0,1,0,0,2
"COG1287",0,1,5,5,4,2
"COG1288",1,1,0,0,0,0
"COG1289",1,0,1,0,1,0
"COG1290",2,13,7,12,7,8
"COG1291",8,2,1,4,1,4
"COG1292",9,8,5,2,3,2
"COG1293",1,7,3,3,4,1
"COG1294",2,0,0,0,1,0
"COG1295",2,2,3,1,5,0
"COG1296",0,1,0,1,3,1
"COG1297",3,2,1,2,3,6
"COG1298",6,0,2,3,3,0
"COG1299",0,0,0,0,0,0
"COG1300",2,0,0,0,0,0
"COG1301",1,1,1,4,3,8
"COG1302",0,0,0,0,0,0
"COG1303",0,0,0,0,1,0
"COG1304",3,8,10,10,6,7
"COG1305",2,2,1,1,6,2
"COG1306",0,0,2,0,0,2
"COG1307",1,0,1,0,1,0
"COG1308",0,0,0,0,0,0
"COG1309",8,3,2,3,8,3
"COG1310",4,1,0,1,0,0
"COG1311",3,0,2,5,2,0
"COG1312",4,1,1,2,0,0
"COG1313",0,0,0,0,0,0
"COG1314",0,0,0,0,3,0
"COG1315",0,0,0,0,1,0
"COG1316",0,0,0,2,2,2
"COG1317",1,0,0,0,1,0
"COG1319",0,0,3,6,2,0
"COG1320",0,0,0,0,0,0
"COG1321",0,0,1,1,2,1
"COG1322",6,12,9,4,4,6
"COG1324",0,0,0,1,1,0
"COG1325",0,0,0,0,0,0
"COG1326",0,0,1,0,0,0
"COG1327",1,1,5,0,2,0
"COG1328",0,0,0,0,0,0
"COG1329",1,3,4,1,1,1
"COG1330",3,6,6,0,9,0
"COG1331",4,1,6,6,6,1
"COG1333",0,3,1,1,2,0
"COG1334",0,0,0,0,1,0
"COG1335",2,1,0,2,7,2
"COG1336",0,0,0,0,0,0
"COG1337",0,0,0,0,0,0
"COG1338",1,1,0,2,0,0
"COG1339",0,0,1,0,0,0
"COG1340",0,1,0,0,3,1
"COG1341",0,0,0,0,0,0
"COG1343",0,0,0,0,1,0
"COG1344",6,10,4,0,3,2
"COG1345",9,3,1,3,2,0
"COG1346",0,0,0,0,0,0
"COG1347",2,2,3,1,1,4
"COG1348",0,2,1,0,2,1
"COG1349",1,0,0,0,1,1
"COG1350",0,3,0,2,1,2
"COG1351",9,5,5,4,2,5
"COG1352",7,0,4,0,1,0
"COG1353",0,0,0,0,0,0
"COG1354",0,11,6,1,4,9
"COG1355",2,0,0,0,0,0
"COG1356",0,0,0,0,0,0
"COG1357",0,5,2,4,7,3
"COG1358",0,0,0,1,0,0
"COG1359",0,0,0,0,0,0
"COG1360",9,3,4,4,4,3
"COG1361",0,0,0,1,0,0
"COG1362",0,0,0,0,2,0
"COG1363",3,2,0,1,2,3
"COG1364",2,6,7,7,8,5
"COG1366",0,0,0,0,0,2
"COG1368",6,1,0,1,1,3
"COG1369",0,0,0,0,0,0
"COG1370",0,0,0,1,0,1
"COG1371",0,0,0,0,0,0
"COG1372",35,5,2,3,6,4
"COG1373",0,0,0,0,0,0
"COG1374",0,0,0,0,0,0
"COG1376",1,0,1,0,0,0
"COG1377",6,2,0,2,2,0
"COG1378",0,0,0,2,1,2
"COG1379",0,0,0,0,0,0
"COG1380",0,0,0,0,0,0
"COG1381",2,5,3,4,7,4
"COG1382",0,0,0,0,0,0
"COG1383",0,0,0,0,0,0
"COG1384",0,8,10,8,0,4
"COG1385",2,7,3,4,4,8
"COG1386",0,7,9,5,0,5
"COG1387",1,0,0,0,2,0
"COG1388",0,0,0,0,0,0
"COG1389",0,0,2,3,2,1
"COG1390",0,0,1,0,0,1
"COG1391",3,0,5,4,2,2
"COG1392",0,0,1,3,0,1
"COG1393",0,2,0,2,1,1
"COG1394",0,0,1,0,1,0
"COG1395",0,0,1,0,0,0
"COG1396",6,2,5,7,3,9
"COG1397",0,0,1,0,0,0
"COG1398",1,3,4,2,5,3
"COG1399",0,0,0,1,0,0
"COG1400",0,0,0,0,0,0
"COG1401",0,0,1,0,1,0
"COG1402",0,1,2,1,2,3
"COG1403",5,3,7,3,1,7
"COG1404",6,12,20,23,25,22
"COG1405",1,2,1,6,0,3
"COG1406",0,0,0,0,0,0
"COG1407",2,5,0,0,0,0
"COG1408",1,0,0,0,2,0
"COG1409",7,3,5,8,2,5
"COG1410",5,5,6,10,12,10
"COG1411",0,0,0,0,0,0
"COG1412",0,0,0,0,0,0
"COG1413",0,2,0,1,4,2
"COG1414",3,0,2,0,5,0
"COG1415",0,0,0,0,0,0
"COG1416",0,0,0,0,0,0
"COG1418",0,1,1,0,5,0
"COG1419",2,1,2,0,0,0
"COG1420",3,1,0,2,1,0
"COG1422",0,0,0,0,1,0
"COG1426",0,0,3,2,0,1
"COG1427",0,0,0,0,0,0
"COG1428",3,1,2,1,2,0
"COG1429",3,27,3,1,11,1
"COG1430",4,1,1,3,0,2
"COG1431",0,0,0,0,0,0
"COG1432",3,0,1,2,0,0
"COG1433",0,0,0,0,0,0
"COG1434",0,2,0,2,0,0
"COG1435",2,0,7,3,2,3
"COG1436",0,0,0,1,0,0
"COG1437",0,0,1,0,0,0
"COG1438",0,0,0,2,0,0
"COG1439",0,1,0,0,0,0
"COG1441",0,0,0,0,0,0
"COG1442",0,0,0,0,0,0
"COG1443",0,0,0,0,0,0
"COG1444",0,0,3,0,4,0
"COG1445",0,0,0,0,0,0
"COG1446",6,0,4,2,1,2
"COG1448",0,0,0,0,1,0
"COG1449",0,2,2,3,0,0
"COG1450",4,1,1,2,4,3
"COG1451",2,1,1,2,2,0
"COG1452",2,5,9,2,1,10
"COG1453",0,5,0,1,1,1
"COG1454",1,9,6,14,7,3
"COG1455",0,0,0,0,0,0
"COG1456",0,0,0,0,0,0
"COG1457",1,0,1,0,2,0
"COG1459",3,3,2,8,4,5
"COG1460",0,0,0,0,0,0
"COG1461",0,1,2,1,1,0
"COG1462",5,1,1,1,1,1
"COG1463",1,4,1,2,3,2
"COG1464",1,0,0,0,0,0
"COG1465",0,0,0,0,0,1
"COG1466",0,10,5,2,7,4
"COG1467",0,0,0,1,0,4
"COG1468",0,0,0,0,1,0
"COG1469",8,0,0,0,1,0
"COG1470",0,0,0,0,0,0
"COG1471",0,0,0,0,0,0
"COG1472",18,9,8,7,9,11
"COG1473",6,8,5,12,3,4
"COG1474",0,0,1,4,0,2
"COG1475",6,9,5,3,4,9
"COG1476",0,0,0,0,0,0
"COG1477",2,4,2,3,2,6
"COG1478",0,0,1,5,0,2
"COG1479",3,1,0,0,1,0
"COG1480",4,5,5,1,6,4
"COG1481",0,0,0,0,0,0
"COG1482",0,1,0,0,0,0
"COG1483",0,0,0,0,0,0
"COG1484",0,0,0,0,1,0
"COG1485",2,5,0,1,3,3
"COG1486",0,2,3,1,0,0
"COG1487",0,0,0,0,0,0
"COG1488",5,0,2,4,1,0
"COG1489",2,2,4,2,2,0
"COG1490",0,1,1,1,0,4
"COG1491",0,0,0,0,1,0
"COG1492",1,2,0,2,3,1
"COG1493",1,0,0,0,0,0
"COG1494",1,5,1,3,0,1
"COG1495",1,1,1,4,3,1
"COG1496",2,4,1,3,0,6
"COG1497",0,0,0,0,0,0
"COG1498",0,0,0,3,0,0
"COG1499",0,0,0,0,0,0
"COG1500",0,0,0,1,0,0
"COG1501",2,0,0,0,0,0
"COG1502",9,1,2,0,3,0
"COG1503",0,0,0,2,0,0
"COG1505",2,2,4,1,2,4
"COG1506",51,7,20,7,25,23
"COG1507",0,0,1,0,1,2
"COG1508",2,1,0,3,7,4
"COG1509",2,0,0,1,1,0
"COG1510",1,0,1,0,0,0
"COG1511",0,0,0,0,0,0
"COG1512",2,0,0,0,1,0
"COG1513",1,0,0,0,0,0
"COG1514",1,0,0,1,0,0
"COG1515",1,0,0,0,0,0
"COG1516",0,0,0,0,0,1
"COG1518",2,0,0,1,0,0
"COG1519",2,4,7,3,8,3
"COG1520",0,4,3,7,10,3
"COG1521",3,4,1,1,6,7
"COG1522",4,2,3,5,3,4
"COG1523",2,6,5,0,1,1
"COG1524",0,3,3,3,2,6
"COG1525",3,2,3,3,1,0
"COG1526",0,1,0,1,3,2
"COG1527",0,0,0,0,1,0
"COG1528",1,0,0,0,1,0
"COG1529",8,4,11,25,14,15
"COG1530",9,15,7,8,4,13
"COG1533",2,0,0,1,1,0
"COG1534",1,0,1,0,0,0
"COG1535",0,0,0,0,0,0
"COG1536",4,1,1,2,3,2
"COG1537",0,0,0,1,0,0
"COG1538",10,2,1,10,21,17
"COG1539",0,2,1,3,1,2
"COG1540",3,0,5,0,0,2
"COG1541",1,1,0,3,3,1
"COG1543",0,5,0,0,5,0
"COG1544",0,1,1,1,1,0
"COG1545",0,0,0,1,1,0
"COG1546",3,3,3,1,2,0
"COG1547",0,0,0,1,2,1
"COG1548",0,0,0,0,1,0
"COG1549",0,1,3,0,0,0
"COG1550",0,0,0,0,0,0
"COG1551",0,1,0,0,0,0
"COG1552",0,0,0,0,0,0
"COG1553",0,0,1,0,0,0
"COG1554",0,0,0,0,0,0
"COG1555",1,0,1,0,0,0
"COG1556",0,0,0,0,0,0
"COG1558",1,0,0,0,0,0
"COG1559",6,2,3,7,4,3
"COG1560",1,8,6,5,6,6
"COG1561",1,0,3,1,1,3
"COG1562",1,4,4,9,6,5
"COG1563",0,0,0,0,0,0
"COG1564",1,0,2,2,0,0
"COG1565",0,8,10,2,3,5
"COG1566",2,0,1,0,0,0
"COG1568",0,0,0,0,0,0
"COG1569",0,0,0,0,0,0
"COG1570",6,4,6,8,4,4
"COG1571",0,2,0,3,0,0
"COG1572",0,1,0,1,1,1
"COG1573",1,4,6,7,4,4
"COG1574",5,1,10,7,3,1
"COG1575",1,8,5,2,3,5
"COG1576",2,1,1,1,1,0
"COG1577",0,0,0,3,0,0
"COG1578",0,0,0,0,0,0
"COG1579",0,1,0,2,0,1
"COG1580",0,0,1,0,0,0
"COG1581",0,0,0,0,0,0
"COG1582",0,0,0,0,0,0
"COG1583",0,0,0,0,0,0
"COG1584",0,0,0,0,0,0
"COG1585",1,0,1,0,1,0
"COG1586",1,1,2,1,6,2
"COG1587",2,0,0,3,5,3
"COG1588",0,0,0,0,0,0
"COG1589",1,0,1,1,1,3
"COG1590",0,0,0,0,0,0
"COG1591",0,0,0,0,0,0
"COG1592",0,0,1,0,0,0
"COG1593",11,7,10,8,4,12
"COG1594",0,0,0,1,0,0
"COG1595",21,1,4,3,6,10
"COG1596",15,5,10,4,8,7
"COG1597",1,1,2,1,6,2
"COG1598",0,0,0,0,0,0
"COG1599",0,0,0,0,1,1
"COG1600",5,4,2,7,4,4
"COG1601",0,0,0,0,0,0
"COG1602",0,0,0,0,0,0
"COG1603",0,0,0,0,0,0
"COG1604",0,0,0,0,0,0
"COG1605",6,0,1,1,0,1
"COG1606",0,2,2,2,2,1
"COG1607",0,0,0,2,2,1
"COG1608",0,0,0,2,0,0
"COG1609",11,5,8,3,10,2
"COG1610",2,0,5,6,2,2
"COG1611",3,4,5,4,6,3
"COG1612",2,9,6,8,10,6
"COG1613",0,0,0,0,0,0
"COG1615",0,2,2,5,0,3
"COG1617",0,0,0,0,0,0
"COG1618",0,0,0,0,0,0
"COG1619",2,2,1,1,3,1
"COG1620",0,0,1,0,1,0
"COG1621",0,0,0,1,0,0
"COG1622",3,12,5,7,13,13
"COG1623",0,0,0,0,0,0
"COG1624",2,5,3,1,4,3
"COG1625",0,2,0,1,2,0
"COG1626",0,0,0,0,1,0
"COG1628",0,0,0,0,0,0
"COG1629",102,64,65,42,94,69
"COG1630",0,0,0,1,0,0
"COG1631",0,1,0,0,0,0
"COG1632",0,0,3,3,0,1
"COG1633",0,0,1,0,1,0
"COG1634",0,0,0,3,0,1
"COG1635",0,0,0,1,0,0
"COG1636",0,1,0,0,0,0
"COG1637",0,0,0,0,0,0
"COG1638",8,8,5,8,4,7
"COG1639",5,1,1,0,2,0
"COG1640",3,4,2,1,4,2
"COG1641",0,0,1,4,3,0
"COG1643",3,3,4,2,7,1
"COG1644",0,0,0,1,0,0
"COG1645",0,0,0,0,0,0
"COG1646",0,2,0,1,2,0
"COG1647",1,0,1,0,0,0
"COG1648",1,0,0,0,1,0
"COG1649",0,1,0,3,4,0
"COG1650",0,0,2,1,0,1
"COG1651",0,0,2,5,2,4
"COG1652",0,0,0,0,3,0
"COG1653",3,10,13,22,7,15
"COG1654",1,0,1,1,1,1
"COG1655",0,0,0,0,0,0
"COG1656",0,0,0,0,0,0
"COG1657",0,0,0,1,0,0
"COG1658",0,0,0,0,0,2
"COG1659",0,0,0,0,0,0
"COG1660",0,4,1,0,2,1
"COG1661",0,0,1,1,1,1
"COG1662",0,0,0,0,0,0
"COG1663",0,3,3,4,2,6
"COG1664",3,0,0,2,0,0
"COG1665",0,0,0,0,0,0
"COG1666",0,2,2,3,0,0
"COG1668",5,0,0,1,2,1
"COG1669",0,0,0,0,0,0
"COG1670",7,2,4,4,1,3
"COG1671",0,0,0,0,0,0
"COG1672",0,0,0,0,0,0
"COG1673",0,0,0,0,0,0
"COG1674",4,3,14,16,5,17
"COG1675",0,0,0,1,0,0
"COG1676",0,0,0,0,0,0
"COG1677",0,0,0,0,0,0
"COG1678",4,0,1,3,1,3
"COG1679",0,1,1,2,0,0
"COG1680",22,13,15,20,17,19
"COG1681",0,0,0,0,0,0
"COG1682",0,1,1,2,4,3
"COG1683",0,0,0,0,0,0
"COG1684",3,0,2,1,1,0
"COG1685",0,0,0,0,0,1
"COG1686",2,3,3,9,3,6
"COG1687",0,0,0,0,0,0
"COG1688",0,0,0,0,0,0
"COG1690",1,1,0,2,1,0
"COG1691",0,2,1,2,2,0
"COG1692",2,1,3,2,0,5
"COG1694",4,5,5,2,4,2
"COG1695",1,0,0,0,0,1
"COG1696",1,1,1,1,1,0
"COG1697",0,0,1,2,1,2
"COG1698",0,0,1,0,0,0
"COG1699",0,0,0,0,1,0
"COG1700",0,0,0,0,0,0
"COG1701",0,1,1,0,1,1
"COG1702",17,8,6,7,9,12
"COG1703",8,2,4,5,1,3
"COG1704",2,1,1,0,0,0
"COG1705",3,1,0,0,2,0
"COG1706",4,1,0,1,1,1
"COG1707",0,0,0,0,0,0
"COG1708",1,0,0,0,0,0
"COG1709",0,0,0,0,0,1
"COG1711",0,0,0,0,0,0
"COG1712",0,0,1,2,0,0
"COG1713",0,0,0,0,0,0
"COG1714",2,1,2,2,2,0
"COG1715",1,0,1,0,0,0
"COG1716",0,0,0,0,0,0
"COG1717",0,0,0,0,1,0
"COG1718",0,0,0,1,0,0
"COG1719",0,0,0,0,0,0
"COG1720",0,0,0,0,0,0
"COG1721",10,0,4,1,0,0
"COG1722",0,0,1,0,0,2
"COG1723",0,0,0,0,2,0
"COG1724",0,0,0,0,0,0
"COG1725",0,3,1,0,5,1
"COG1726",2,2,2,1,4,4
"COG1727",0,0,0,0,0,0
"COG1729",2,2,7,0,0,6
"COG1730",0,0,0,0,0,0
"COG1732",1,0,0,1,0,0
"COG1733",2,0,2,0,1,1
"COG1734",2,3,7,1,0,3
"COG1735",0,0,0,0,0,0
"COG1736",0,0,1,2,0,0
"COG1737",3,1,1,0,2,0
"COG1738",2,0,4,3,2,2
"COG1739",0,0,1,0,1,0
"COG1740",0,0,0,0,0,0
"COG1741",1,5,4,2,3,5
"COG1742",0,0,0,0,0,0
"COG1743",0,0,0,0,0,0
"COG1744",0,3,2,5,2,7
"COG1745",0,0,0,0,0,0
"COG1746",0,0,1,1,0,0
"COG1747",0,0,0,0,0,0
"COG1748",3,6,1,1,3,4
"COG1749",6,0,2,2,2,0
"COG1750",0,0,0,0,0,0
"COG1752",4,3,0,1,4,2
"COG1754",3,12,10,8,6,20
"COG1755",0,0,0,0,0,0
"COG1756",0,0,0,0,0,0
"COG1757",4,1,2,1,6,3
"COG1758",0,2,1,1,1,3
"COG1759",0,0,0,2,1,0
"COG1760",4,0,0,0,1,0
"COG1761",0,0,0,0,0,0
"COG1762",3,1,1,1,0,0
"COG1763",0,1,0,0,0,0
"COG1764",1,0,1,1,0,1
"COG1765",3,0,1,0,1,0
"COG1766",2,0,1,0,1,1
"COG1767",0,0,0,0,0,0
"COG1768",0,0,0,0,0,0
"COG1769",0,0,0,0,0,0
"COG1770",1,9,4,3,3,14
"COG1772",0,0,0,0,0,0
"COG1773",1,0,0,1,1,1
"COG1774",1,0,0,0,0,0
"COG1775",0,0,0,0,0,0
"COG1776",0,0,0,0,0,0
"COG1777",0,0,0,1,0,1
"COG1778",0,0,0,1,3,1
"COG1779",0,0,0,0,2,1
"COG1780",0,0,0,0,0,0
"COG1781",0,0,0,2,0,1
"COG1782",0,0,1,1,0,0
"COG1783",8,1,0,1,0,0
"COG1784",0,0,0,0,0,0
"COG1785",3,1,2,1,2,1
"COG1786",0,0,0,1,1,0
"COG1787",0,0,0,0,1,0
"COG1788",6,1,3,0,0,0
"COG1791",0,0,0,0,0,0
"COG1792",2,5,4,3,4,4
"COG1793",30,8,5,0,1,3
"COG1794",0,0,2,5,0,0
"COG1795",0,0,1,0,0,0
"COG1796",1,1,1,1,0,1
"COG1797",0,5,0,3,3,1
"COG1798",0,0,1,0,0,0
"COG1799",0,7,1,0,1,0
"COG1801",6,0,0,0,1,1
"COG1802",1,0,1,0,1,3
"COG1803",0,0,0,0,0,0
"COG1804",6,18,18,7,4,1
"COG1805",1,1,1,2,1,2
"COG1806",2,1,1,0,4,1
"COG1807",4,16,5,6,13,5
"COG1808",1,0,0,0,0,0
"COG1809",2,0,0,1,0,0
"COG1811",0,1,0,1,0,0
"COG1812",0,0,0,0,0,0
"COG1813",0,0,0,0,0,0
"COG1814",0,0,0,0,0,0
"COG1815",0,0,1,0,0,0
"COG1816",4,1,2,1,3,1
"COG1817",0,0,0,2,0,0
"COG1818",0,0,0,1,0,0
"COG1819",2,0,0,2,1,0
"COG1820",0,1,0,2,1,0
"COG1821",0,0,0,0,0,0
"COG1823",0,0,0,0,0,2
"COG1824",0,0,2,0,0,0
"COG1825",2,4,2,1,1,8
"COG1826",1,1,1,0,0,0
"COG1828",1,3,1,0,2,0
"COG1829",0,0,0,0,0,0
"COG1830",4,1,0,1,2,2
"COG1831",0,0,0,0,1,2
"COG1832",0,1,1,2,0,0
"COG1833",0,0,0,0,0,0
"COG1834",3,5,4,8,2,11
"COG1835",3,3,2,1,1,2
"COG1836",1,3,2,1,3,1
"COG1837",0,1,0,1,0,0
"COG1838",0,0,1,2,0,1
"COG1840",7,11,8,9,7,8
"COG1841",0,2,1,1,0,0
"COG1842",0,0,1,0,2,0
"COG1843",0,1,0,0,1,0
"COG1845",0,6,7,5,6,7
"COG1846",6,5,2,2,3,2
"COG1847",0,1,1,2,0,2
"COG1848",0,0,0,0,0,0
"COG1849",0,0,0,0,0,0
"COG1850",1,11,1,0,10,0
"COG1852",0,0,0,1,0,0
"COG1853",1,2,0,4,14,6
"COG1854",0,0,0,0,0,0
"COG1855",0,0,0,0,0,0
"COG1856",0,0,0,0,0,0
"COG1857",0,0,0,0,0,0
"COG1858",2,1,2,2,0,1
"COG1859",0,0,0,1,0,1
"COG1861",0,0,6,4,0,1
"COG1862",1,1,1,2,1,2
"COG1863",2,0,0,0,0,0
"COG1864",1,0,0,1,0,1
"COG1865",0,0,0,0,0,0
"COG1866",5,6,5,4,5,9
"COG1867",0,0,0,1,0,0
"COG1868",1,1,1,1,1,0
"COG1869",0,0,0,0,0,0
"COG1871",0,0,0,0,0,0
"COG1872",0,0,0,0,0,0
"COG1873",0,0,0,0,0,0
"COG1874",0,0,0,0,1,0
"COG1875",12,2,0,1,1,1
"COG1876",0,0,0,1,5,0
"COG1877",0,0,0,0,0,0
"COG1878",1,0,1,1,0,1
"COG1879",3,2,2,6,4,5
"COG1881",1,0,1,1,0,0
"COG1882",1,0,0,0,0,0
"COG1883",0,0,0,2,4,0
"COG1884",13,4,9,10,1,10
"COG1885",0,0,0,0,0,0
"COG1886",0,0,0,1,2,1
"COG1887",0,1,3,2,1,0
"COG1889",0,0,0,0,0,0
"COG1890",0,0,2,1,0,0
"COG1891",0,0,0,0,0,0
"COG1892",0,0,0,0,0,0
"COG1893",0,2,0,2,5,2
"COG1894",2,0,3,9,4,11
"COG1896",2,1,0,0,0,1
"COG1897",0,6,4,2,0,1
"COG1898",4,1,2,0,3,1
"COG1899",0,3,3,2,2,5
"COG1900",0,0,0,0,0,0
"COG1901",0,0,0,0,0,0
"COG1902",13,6,7,6,6,3
"COG1903",0,1,0,2,3,0
"COG1904",3,0,0,0,1,1
"COG1905",3,2,4,4,0,2
"COG1906",0,0,0,0,0,0
"COG1907",0,0,0,0,0,0
"COG1908",0,0,0,1,0,0
"COG1909",0,1,0,0,0,0
"COG1910",1,0,1,0,0,0
"COG1911",0,0,0,0,0,0
"COG1912",0,0,1,0,0,1
"COG1913",0,0,0,0,0,0
"COG1914",5,5,1,1,3,1
"COG1915",0,0,0,2,0,0
"COG1916",0,0,0,1,1,1
"COG1917",0,0,0,3,0,1
"COG1918",0,0,0,0,0,0
"COG1920",0,0,0,1,1,0
"COG1921",0,1,4,2,3,3
"COG1922",1,1,0,1,0,1
"COG1923",0,0,0,0,0,0
"COG1924",0,0,0,0,0,0
"COG1925",3,0,0,2,0,0
"COG1926",0,0,0,0,1,0
"COG1927",0,0,0,0,0,0
"COG1928",0,0,0,0,0,0
"COG1929",0,0,2,2,3,0
"COG1931",0,0,0,0,0,0
"COG1932",3,2,3,3,5,2
"COG1933",7,0,2,5,1,3
"COG1934",0,0,0,1,0,0
"COG1936",0,0,0,1,1,0
"COG1937",1,1,0,0,0,0
"COG1938",0,0,2,3,0,0
"COG1939",0,0,0,0,3,0
"COG1940",8,1,4,7,3,4
"COG1941",0,0,0,0,0,0
"COG1942",0,0,0,0,0,0
"COG1943",6,0,0,0,0,0
"COG1944",1,0,0,0,3,0
"COG1945",0,0,0,1,0,0
"COG1946",5,2,2,0,3,4
"COG1947",2,9,4,2,3,3
"COG1948",7,0,0,0,0,1
"COG1949",0,1,0,0,0,3
"COG1950",0,0,0,0,0,0
"COG1951",2,0,1,1,1,0
"COG1952",3,1,0,2,2,0
"COG1953",0,0,0,0,1,2
"COG1954",0,0,0,0,0,0
"COG1955",0,0,0,0,1,1
"COG1956",0,0,1,0,0,2
"COG1957",1,1,2,0,1,2
"COG1958",0,0,0,0,0,0
"COG1959",3,0,3,1,2,3
"COG1960",47,42,44,48,42,67
"COG1961",7,5,2,2,9,0
"COG1963",0,2,0,0,2,0
"COG1964",0,0,0,3,0,0
"COG1965",0,0,0,0,1,0
"COG1966",3,0,2,0,1,2
"COG1967",0,0,0,0,0,1
"COG1968",1,5,5,1,5,8
"COG1969",0,0,0,0,0,0
"COG1970",1,0,0,0,0,0
"COG1971",0,0,0,0,0,0
"COG1972",5,1,4,0,0,3
"COG1974",5,10,6,3,5,5
"COG1975",0,2,2,4,4,4
"COG1976",0,0,0,0,0,1
"COG1977",0,0,0,0,1,0
"COG1978",1,0,1,0,0,0
"COG1979",0,0,1,0,0,0
"COG1980",0,0,0,2,0,0
"COG1981",0,0,0,1,1,0
"COG1982",0,1,1,0,0,1
"COG1983",2,0,0,0,0,0
"COG1984",3,0,3,5,6,3
"COG1985",0,14,3,8,10,12
"COG1986",0,0,1,0,0,1
"COG1987",1,0,0,0,1,0
"COG1988",2,0,1,2,0,0
"COG1989",0,1,2,2,3,5
"COG1990",0,0,0,0,0,0
"COG1992",0,0,0,0,0,1
"COG1993",0,0,0,0,0,0
"COG1994",0,1,2,0,1,1
"COG1995",0,0,5,7,3,6
"COG1997",0,0,0,0,0,0
"COG1998",0,0,0,1,0,0
"COG1999",3,2,5,6,5,5
"COG2001",0,3,6,1,0,3
"COG2002",0,0,0,0,0,0
"COG2003",5,0,1,0,3,0
"COG2004",0,0,0,1,0,0
"COG2005",0,0,0,0,0,0
"COG2006",0,0,0,0,1,0
"COG2007",0,0,0,1,0,0
"COG2008",0,4,2,2,1,2
"COG2009",0,0,2,3,0,1
"COG2010",10,4,2,1,5,0
"COG2011",0,0,0,0,0,0
"COG2012",0,0,1,0,0,0
"COG2013",1,0,0,0,0,0
"COG2014",0,0,0,0,0,0
"COG2015",2,1,3,2,2,4
"COG2016",0,0,0,1,0,0
"COG2017",3,3,4,3,1,2
"COG2018",0,0,0,0,0,0
"COG2019",0,0,0,0,0,0
"COG2020",2,1,0,2,2,2
"COG2021",2,4,4,5,5,6
"COG2022",1,3,2,2,6,2
"COG2023",0,0,1,0,0,0
"COG2025",1,6,3,9,7,5
"COG2026",0,0,0,0,1,0
"COG2027",5,1,2,0,3,3
"COG2029",0,0,0,0,0,0
"COG2030",4,3,5,6,4,2
"COG2031",0,0,1,1,0,0
"COG2032",0,0,0,0,0,0
"COG2035",2,1,3,3,0,1
"COG2036",0,0,0,0,0,0
"COG2037",0,0,0,1,0,0
"COG2038",0,4,0,0,5,0
"COG2039",0,0,0,1,0,0
"COG2040",0,4,1,1,0,1
"COG2041",1,1,2,2,4,1
"COG2042",0,0,0,0,0,1
"COG2043",0,0,0,0,0,0
"COG2044",0,0,0,0,0,0
"COG2045",0,1,1,0,0,0
"COG2046",0,5,1,3,3,1
"COG2047",0,0,0,0,0,0
"COG2048",0,0,1,2,0,0
"COG2049",5,1,5,3,1,0
"COG2050",2,5,6,3,7,3
"COG2051",0,0,0,0,0,0
"COG2052",0,0,0,0,0,0
"COG2053",0,0,0,0,0,0
"COG2054",0,0,0,0,0,1
"COG2055",0,5,9,6,2,4
"COG2056",0,0,0,0,0,0
"COG2057",3,0,1,1,0,0
"COG2058",0,2,0,2,0,1
"COG2059",0,1,0,0,1,1
"COG2060",0,0,0,0,0,0
"COG2061",0,0,0,0,0,0
"COG2062",1,1,1,0,4,0
"COG2063",0,0,0,1,2,0
"COG2064",0,0,2,0,1,1
"COG2065",3,0,2,0,3,2
"COG2066",1,0,2,0,1,0
"COG2067",2,1,0,2,2,0
"COG2068",1,0,0,3,1,1
"COG2070",5,6,4,6,7,3
"COG2071",4,2,2,1,2,1
"COG2072",12,9,10,24,9,11
"COG2073",0,5,3,1,0,0
"COG2074",0,0,0,0,0,0
"COG2075",0,0,0,0,0,0
"COG2076",0,7,1,2,2,3
"COG2077",0,0,0,0,0,0
"COG2078",0,0,0,0,0,0
"COG2079",0,9,14,9,3,10
"COG2080",3,2,6,5,2,2
"COG2081",10,3,2,0,4,0
"COG2082",0,1,0,2,0,0
"COG2084",3,10,9,15,9,9
"COG2085",0,0,0,1,0,1
"COG2086",6,4,3,1,0,0
"COG2087",1,2,0,2,0,0
"COG2088",0,0,0,0,0,0
"COG2089",3,2,2,5,3,4
"COG2090",0,0,0,1,0,0
"COG2091",0,0,0,0,0,0
"COG2092",0,0,0,0,0,0
"COG2093",0,0,0,0,1,0
"COG2094",0,1,2,1,2,0
"COG2095",1,0,0,4,0,0
"COG2096",1,2,2,2,0,0
"COG2097",0,0,1,0,1,0
"COG2098",0,0,0,0,0,0
"COG2099",0,2,1,1,1,0
"COG2101",0,0,0,0,1,1
"COG2102",0,1,0,0,0,0
"COG2103",2,0,1,2,2,2
"COG2104",0,0,0,0,2,0
"COG2105",1,0,0,0,0,0
"COG2106",0,0,0,0,0,0
"COG2107",0,0,0,0,2,1
"COG2108",0,0,1,0,0,0
"COG2109",0,11,1,0,10,1
"COG2110",0,0,3,0,0,0
"COG2111",5,1,1,1,0,0
"COG2112",0,0,0,4,0,0
"COG2113",0,4,6,3,3,9
"COG2114",26,11,11,15,12,15
"COG2115",1,1,1,2,1,1
"COG2116",1,0,2,0,1,0
"COG2118",0,0,1,0,0,0
"COG2119",0,0,0,0,1,0
"COG2120",5,1,4,1,1,1
"COG2121",0,1,1,3,0,3
"COG2122",0,0,0,0,0,0
"COG2123",0,0,0,0,0,2
"COG2124",10,6,9,11,2,4
"COG2125",0,0,0,1,1,0
"COG2126",0,0,0,0,0,0
"COG2127",3,3,1,1,2,2
"COG2128",3,1,3,4,1,4
"COG2129",0,0,0,0,0,0
"COG2130",1,6,7,4,1,1
"COG2131",1,1,1,2,1,0
"COG2132",15,0,2,1,2,0
"COG2133",17,9,13,19,9,9
"COG2135",6,7,2,1,3,2
"COG2136",0,0,0,0,0,0
"COG2137",1,0,1,1,1,1
"COG2138",0,0,0,5,5,0
"COG2139",0,0,0,0,0,0
"COG2140",0,0,0,0,0,0
"COG2141",4,12,25,32,11,7
"COG2142",0,0,0,0,1,0
"COG2143",2,0,0,1,0,0
"COG2144",0,0,0,0,0,0
"COG2145",0,0,0,0,0,0
"COG2146",0,0,1,1,0,0
"COG2147",0,0,0,0,0,0
"COG2148",5,2,2,4,4,2
"COG2149",0,0,0,0,0,0
"COG2150",0,0,0,0,0,0
"COG2151",2,1,3,4,1,4
"COG2152",0,0,0,0,1,0
"COG2153",4,0,0,0,2,0
"COG2154",3,2,3,4,3,2
"COG2155",0,0,0,0,0,0
"COG2156",0,0,0,0,0,0
"COG2157",0,0,0,0,0,0
"COG2159",3,2,5,5,3,0
"COG2160",2,0,0,0,0,0
"COG2161",2,0,0,0,1,0
"COG2162",0,0,0,0,0,0
"COG2163",0,0,0,0,0,0
"COG2164",0,0,0,1,0,0
"COG2165",5,2,1,1,3,1
"COG2166",1,5,2,2,0,2
"COG2167",0,0,0,0,0,0
"COG2168",0,0,0,0,0,0
"COG2169",2,0,0,1,3,0
"COG2170",0,2,1,0,2,2
"COG2171",1,1,3,5,1,2
"COG2172",2,0,0,0,0,0
"COG2173",0,2,1,0,3,0
"COG2174",0,0,0,0,0,0
"COG2175",3,10,11,26,5,12
"COG2176",1,0,1,2,0,1
"COG2177",2,2,1,2,2,3
"COG2178",0,0,0,0,0,0
"COG2179",0,1,0,0,0,0
"COG2180",0,0,0,0,0,0
"COG2181",1,0,0,0,1,0
"COG2182",0,0,1,0,1,0
"COG2183",3,0,0,0,4,0
"COG2184",0,0,0,0,0,0
"COG2185",10,4,7,7,1,2
"COG2186",2,0,2,1,1,0
"COG2187",1,0,0,0,0,0
"COG2188",2,0,0,0,0,0
"COG2189",6,2,0,1,0,0
"COG2190",0,0,0,0,0,0
"COG2191",0,0,0,0,0,0
"COG2192",27,13,8,5,5,7
"COG2193",2,1,0,2,0,1
"COG2194",1,0,1,0,1,0
"COG2195",0,1,1,1,1,0
"COG2197",9,4,4,1,10,1
"COG2198",1,0,3,1,2,0
"COG2199",22,0,12,1,46,1
"COG2200",12,0,8,1,20,0
"COG2201",4,0,1,0,2,1
"COG2202",89,1,15,2,39,3
"COG2203",31,0,3,6,9,0
"COG2204",15,6,10,8,18,10
"COG2205",0,0,0,0,0,0
"COG2206",1,0,3,2,6,0
"COG2207",18,0,1,2,17,3
"COG2208",22,3,8,2,13,5
"COG2209",0,1,1,2,1,1
"COG2210",0,0,0,0,0,0
"COG2211",4,7,4,0,5,3
"COG2212",1,0,1,0,0,0
"COG2213",0,0,0,1,0,4
"COG2214",2,4,4,2,2,8
"COG2215",1,1,1,1,1,0
"COG2216",0,0,0,0,0,0
"COG2217",32,4,7,2,18,6
"COG2218",0,0,0,0,0,0
"COG2219",0,0,0,4,1,0
"COG2220",8,13,4,3,4,3
"COG2221",0,1,0,0,0,1
"COG2222",0,1,0,0,1,0
"COG2223",3,1,0,0,0,0
"COG2224",1,5,5,2,1,1
"COG2225",2,13,9,8,4,8
"COG2226",12,9,5,8,5,7
"COG2227",2,9,6,2,3,3
"COG2229",0,0,0,0,0,0
"COG2230",1,4,2,11,8,16
"COG2231",0,0,0,0,0,0
"COG2232",0,0,0,1,0,0
"COG2233",0,1,3,1,2,0
"COG2234",15,6,11,5,12,7
"COG2235",2,0,0,0,0,1
"COG2236",3,1,3,1,0,4
"COG2237",0,0,1,0,0,3
"COG2238",0,0,0,0,0,0
"COG2239",4,10,5,7,8,7
"COG2240",0,0,0,0,0,0
"COG2241",0,0,1,0,3,2
"COG2242",0,4,0,0,1,2
"COG2243",2,1,1,0,2,1
"COG2244",16,0,4,3,6,3
"COG2246",0,0,0,0,0,0
"COG2247",0,0,0,0,0,0
"COG2249",1,2,3,2,3,2
"COG2250",0,0,0,0,0,0
"COG2251",0,0,2,2,8,0
"COG2252",1,4,4,3,0,2
"COG2253",0,0,0,0,0,0
"COG2255",2,3,10,3,4,6
"COG2256",10,2,0,1,8,0
"COG2257",0,0,0,0,0,0
"COG2258",0,0,3,4,0,0
"COG2259",3,2,2,0,2,0
"COG2260",0,0,0,0,0,0
"COG2261",0,0,0,0,0,0
"COG2262",6,2,5,2,2,1
"COG2263",0,0,0,0,0,0
"COG2264",3,2,1,2,4,3
"COG2265",4,4,4,2,5,0
"COG2266",0,0,0,1,0,0
"COG2267",4,1,2,1,1,3
"COG2268",0,0,1,1,1,0
"COG2269",0,0,0,1,0,0
"COG2270",0,4,5,11,3,14
"COG2271",0,0,0,0,0,0
"COG2272",6,4,3,5,2,6
"COG2273",2,2,4,1,1,7
"COG2274",2,2,3,1,9,1
"COG2301",2,2,3,4,1,2
"COG2302",0,1,0,0,5,0
"COG2303",16,30,17,20,19,17
"COG2304",7,4,3,3,8,4
"COG2306",0,0,0,0,0,0
"COG2307",0,2,0,0,3,0
"COG2308",2,11,1,0,3,1
"COG2309",1,2,2,2,0,1
"COG2310",0,0,0,0,1,0
"COG2311",0,0,1,0,3,1
"COG2312",0,0,0,0,0,0
"COG2313",0,0,0,0,1,0
"COG2314",0,0,0,0,0,0
"COG2315",1,0,0,0,0,0
"COG2316",0,0,0,0,0,0
"COG2317",0,2,5,4,3,3
"COG2318",0,0,0,0,0,0
"COG2319",10,8,3,5,11,2
"COG2320",0,0,0,0,0,0
"COG2321",3,0,0,0,0,0
"COG2322",0,1,0,0,0,1
"COG2323",1,0,0,0,0,0
"COG2324",0,0,0,1,0,1
"COG2326",3,4,1,5,1,2
"COG2327",0,0,0,1,0,0
"COG2329",1,1,2,5,0,4
"COG2331",0,0,0,1,0,0
"COG2332",0,4,2,4,1,1
"COG2333",3,0,0,1,2,0
"COG2334",1,6,4,11,4,4
"COG2335",2,2,2,5,0,3
"COG2336",0,0,0,0,0,0
"COG2337",0,0,0,0,0,0
"COG2339",0,0,0,0,0,1
"COG2340",2,1,0,1,0,0
"COG2342",2,0,0,0,0,0
"COG2343",0,1,0,0,0,0
"COG2344",0,1,1,1,0,0
"COG2345",0,0,0,0,0,0
"COG2346",0,0,0,0,1,0
"COG2348",0,0,0,0,1,0
"COG2350",0,0,1,1,1,0
"COG2351",0,0,2,3,1,1
"COG2352",11,5,4,3,8,7
"COG2353",2,1,1,0,4,0
"COG2354",0,0,1,0,1,0
"COG2355",3,3,5,5,4,12
"COG2356",5,0,0,0,1,1
"COG2357",0,0,0,0,0,0
"COG2358",6,1,4,4,2,5
"COG2359",0,0,0,0,0,0
"COG2360",3,0,0,0,1,0
"COG2361",0,0,0,0,0,0
"COG2362",0,0,1,0,0,0
"COG2363",1,0,1,1,0,0
"COG2364",0,2,3,3,0,1
"COG2365",0,1,1,0,3,0
"COG2366",8,1,4,11,7,8
"COG2367",0,0,2,0,2,1
"COG2368",2,1,1,5,0,0
"COG2369",1,0,0,0,0,0
"COG2370",0,0,2,1,1,0
"COG2371",1,2,0,0,0,0
"COG2372",0,0,0,0,0,0
"COG2373",1,0,0,2,1,0
"COG2374",5,1,2,0,3,2
"COG2375",2,0,3,0,1,0
"COG2376",0,1,4,0,0,3
"COG2377",2,6,7,1,3,5
"COG2378",2,0,1,0,6,0
"COG2379",5,1,0,2,0,0
"COG2380",0,0,0,0,0,0
"COG2382",0,0,0,0,0,0
"COG2384",0,0,0,0,0,0
"COG2385",0,5,6,0,3,2
"COG2386",0,1,2,0,0,0
"COG2388",1,0,0,0,0,1
"COG2389",0,0,1,0,0,0
"COG2390",0,0,1,0,0,0
"COG2391",1,0,0,0,1,0
"COG2401",0,0,0,0,0,0
"COG2402",0,0,0,0,0,0
"COG2403",0,0,0,0,0,0
"COG2404",0,0,0,0,1,0
"COG2405",0,0,0,0,0,0
"COG2406",0,0,0,0,0,0
"COG2407",0,1,0,1,1,0
"COG2409",0,2,1,0,1,2
"COG2410",0,0,0,0,0,0
"COG2412",0,0,0,1,0,0
"COG2413",0,0,0,0,0,0
"COG2414",0,0,0,0,0,0
"COG2421",3,1,0,1,0,0
"COG2423",1,0,0,4,1,4
"COG2425",0,0,0,0,0,0
"COG2426",0,0,1,0,0,0
"COG2428",0,0,0,0,0,0
"COG2429",0,0,0,1,0,0
"COG2430",0,0,0,0,0,0
"COG2431",0,0,0,0,0,0
"COG2433",0,0,0,0,0,0
"COG2440",1,0,0,0,0,0
"COG2442",1,0,0,0,0,0
"COG2443",0,1,0,0,0,0
"COG2445",0,0,0,0,0,0
"COG2450",0,0,0,0,0,0
"COG2451",0,0,0,0,0,0
"COG2452",0,0,0,0,0,0
"COG2453",0,1,0,4,0,0
"COG2454",0,0,0,0,0,0
"COG2457",0,0,0,0,0,0
"COG2461",0,0,0,0,0,0
"COG2501",0,3,0,0,0,0
"COG2502",0,0,0,0,0,0
"COG2503",1,0,1,2,0,1
"COG2508",0,0,0,0,0,0
"COG2509",4,1,0,0,0,0
"COG2510",0,0,0,0,0,0
"COG2511",0,0,0,1,0,4
"COG2512",0,0,0,1,0,0
"COG2513",0,0,4,2,1,7
"COG2514",2,0,0,0,0,0
"COG2515",0,0,0,0,0,1
"COG2516",0,0,0,0,0,0
"COG2518",2,0,0,5,3,1
"COG2519",0,1,2,2,0,0
"COG2520",0,0,0,1,1,2
"COG2521",0,0,0,0,0,0
"COG2522",0,1,0,0,0,1
"COG2524",0,0,0,0,0,0
"COG2602",0,0,0,0,0,0
"COG2603",3,4,1,0,1,3
"COG2604",0,0,0,1,1,0
"COG2605",2,3,1,1,4,2
"COG2606",1,1,3,1,2,1
"COG2607",0,0,1,1,0,0
"COG2608",0,0,0,0,1,0
"COG2609",6,16,12,13,13,13
"COG2610",4,0,0,1,1,1
"COG2703",0,0,0,0,0,0
"COG2704",0,0,0,0,0,0
"COG2706",0,0,0,2,0,0
"COG2710",0,10,1,1,17,0
"COG2715",0,1,0,0,1,0
"COG2716",0,0,1,0,1,0
"COG2717",1,0,1,1,0,0
"COG2718",1,0,0,0,0,0
"COG2719",5,0,0,0,2,0
"COG2720",0,0,1,1,0,0
"COG2721",4,2,7,4,3,3
"COG2723",0,2,2,0,3,7
"COG2730",8,1,0,1,1,3
"COG2731",0,0,0,0,0,0
"COG2733",0,0,0,0,1,0
"COG2738",0,0,0,0,0,0
"COG2740",0,1,1,0,0,0
"COG2746",0,2,3,0,1,0
"COG2747",0,0,0,0,0,0
"COG2755",4,5,1,5,4,3
"COG2759",0,7,8,9,4,6
"COG2761",1,1,1,2,2,0
"COG2764",0,0,0,1,0,0
"COG2766",2,0,0,0,2,0
"COG2768",0,0,1,0,0,0
"COG2770",1,0,1,0,0,0
"COG2771",7,0,1,0,1,1
"COG2801",15,1,6,2,16,1
"COG2802",0,3,5,3,1,5
"COG2804",8,7,11,9,10,10
"COG2805",2,1,2,2,1,1
"COG2807",0,0,0,0,0,0
"COG2808",0,0,0,0,1,0
"COG2810",0,0,0,0,0,0
"COG2812",8,11,10,4,7,11
"COG2813",3,1,0,0,3,0
"COG2814",3,0,0,0,0,0
"COG2815",1,1,2,1,0,1
"COG2816",0,1,1,1,2,1
"COG2818",1,0,1,2,1,0
"COG2819",6,3,1,0,1,1
"COG2820",0,0,1,1,0,0
"COG2821",2,1,1,1,0,0
"COG2822",0,0,0,0,2,0
"COG2823",0,2,1,3,0,2
"COG2824",0,0,0,0,1,0
"COG2825",1,0,1,0,0,1
"COG2826",3,0,0,0,3,0
"COG2827",14,1,0,0,1,0
"COG2828",0,0,0,0,1,0
"COG2829",0,1,1,0,0,0
"COG2831",0,0,1,2,0,2
"COG2832",0,1,1,0,0,0
"COG2833",2,1,0,0,0,0
"COG2834",2,1,2,0,3,0
"COG2835",0,0,1,0,0,0
"COG2836",2,0,0,0,1,0
"COG2837",0,0,1,0,0,0
"COG2838",6,0,2,2,0,0
"COG2839",0,0,0,1,0,0
"COG2840",2,0,0,0,1,0
"COG2841",0,0,0,0,0,0
"COG2842",0,0,0,0,0,0
"COG2843",0,0,1,0,1,2
"COG2844",1,3,5,2,2,3
"COG2845",0,0,0,0,0,0
"COG2846",1,0,0,0,0,0
"COG2847",2,1,0,2,1,0
"COG2848",0,0,0,0,0,0
"COG2849",0,2,7,8,8,9
"COG2850",2,0,1,0,0,0
"COG2851",0,0,0,0,0,0
"COG2852",7,0,0,0,0,0
"COG2853",1,5,6,1,3,7
"COG2854",1,3,2,8,0,3
"COG2855",1,4,4,2,2,8
"COG2856",1,0,0,0,1,0
"COG2857",3,3,7,5,2,8
"COG2859",1,1,0,0,1,0
"COG2860",3,0,1,1,0,0
"COG2861",0,1,0,1,1,1
"COG2862",0,1,0,0,0,0
"COG2863",1,2,0,1,3,0
"COG2864",1,0,0,0,0,0
"COG2865",4,0,0,0,2,0
"COG2866",6,3,4,9,11,3
"COG2867",0,1,0,4,1,3
"COG2868",0,0,0,0,0,0
"COG2869",0,1,0,1,2,3
"COG2870",8,5,6,3,3,4
"COG2871",2,1,2,2,4,4
"COG2872",0,0,0,0,0,1
"COG2873",5,11,2,6,10,10
"COG2874",0,0,0,1,0,0
"COG2875",1,4,2,1,1,0
"COG2876",2,0,1,3,0,3
"COG2877",3,9,8,3,3,2
"COG2878",1,0,0,0,2,0
"COG2879",0,0,0,0,0,0
"COG2881",0,0,0,0,0,0
"COG2882",0,0,0,0,0,0
"COG2884",3,1,0,0,0,0
"COG2885",14,6,5,0,7,10
"COG2887",2,5,1,2,0,2
"COG2888",0,0,0,0,0,0
"COG2890",0,6,9,5,6,13
"COG2891",0,0,1,0,0,0
"COG2893",0,0,0,0,0,0
"COG2894",1,3,1,0,3,1
"COG2895",4,2,0,1,1,1
"COG2896",0,4,3,3,4,6
"COG2897",2,4,6,3,2,3
"COG2898",0,0,0,0,0,0
"COG2899",0,0,0,0,0,0
"COG2900",0,0,0,0,0,0
"COG2901",0,2,0,0,1,1
"COG2902",4,0,1,0,6,0
"COG2904",2,0,1,0,2,0
"COG2905",3,0,1,0,3,0
"COG2906",0,0,1,0,0,0
"COG2907",1,7,6,3,4,3
"COG2908",4,8,2,1,3,2
"COG2909",1,0,0,0,1,0
"COG2910",0,0,0,0,0,0
"COG2911",7,0,1,3,4,0
"COG2912",1,0,2,1,0,1
"COG2913",1,0,0,0,0,0
"COG2914",0,0,0,0,0,0
"COG2915",1,0,0,0,0,1
"COG2916",1,0,0,0,0,0
"COG2917",0,3,6,3,2,1
"COG2918",0,2,1,0,0,5
"COG2919",0,0,0,0,0,0
"COG2920",0,0,1,0,0,0
"COG2921",0,1,0,0,0,0
"COG2922",0,0,1,1,0,0
"COG2923",0,0,0,0,0,0
"COG2924",0,1,0,0,1,0
"COG2925",0,5,6,5,6,9
"COG2926",0,0,0,0,0,0
"COG2927",0,0,0,1,0,0
"COG2928",0,5,2,0,3,3
"COG2929",0,0,0,0,0,0
"COG2930",1,0,0,0,0,0
"COG2931",10,14,11,8,13,7
"COG2932",0,0,0,1,0,0
"COG2933",1,0,0,0,1,0
"COG2935",0,0,0,1,1,0
"COG2936",4,8,8,11,18,5
"COG2937",4,2,0,1,1,1
"COG2938",0,0,0,0,0,0
"COG2939",0,0,1,1,0,2
"COG2940",0,2,0,2,1,3
"COG2941",0,2,1,3,1,3
"COG2942",0,0,0,0,0,0
"COG2943",4,0,2,0,2,0
"COG2944",0,0,0,0,0,0
"COG2945",0,2,3,1,1,1
"COG2946",0,0,0,0,0,0
"COG2947",4,0,5,3,1,2
"COG2948",4,0,0,0,0,0
"COG2949",0,0,0,0,0,0
"COG2951",3,2,5,3,6,6
"COG2954",0,0,1,1,3,0
"COG2956",1,0,0,1,0,3
"COG2957",2,2,0,2,3,0
"COG2958",0,0,0,0,0,0
"COG2959",0,0,0,0,1,0
"COG2960",1,0,0,0,0,0
"COG2961",1,0,0,0,0,0
"COG2962",0,1,3,1,0,4
"COG2963",2,1,2,0,1,0
"COG2964",0,0,0,0,0,0
"COG2965",0,0,0,0,0,0
"COG2966",0,0,1,1,1,0
"COG2967",0,0,1,0,0,2
"COG2968",0,0,1,1,0,0
"COG2969",0,0,0,0,1,0
"COG2971",0,0,0,1,0,1
"COG2972",1,0,0,0,0,0
"COG2973",0,0,0,0,0,0
"COG2974",4,1,2,0,0,0
"COG2975",0,1,0,0,0,0
"COG2976",1,0,0,1,1,0
"COG2977",0,1,0,0,1,0
"COG2978",1,0,0,0,0,0
"COG2979",0,0,0,0,1,0
"COG2980",0,0,0,0,0,0
"COG2981",1,0,0,1,0,0
"COG2982",1,0,1,0,1,0
"COG2983",0,0,1,0,0,0
"COG2984",0,1,0,1,0,0
"COG2985",0,0,0,0,0,0
"COG2986",4,1,2,0,4,2
"COG2987",4,1,2,1,0,0
"COG2988",1,2,1,0,0,1
"COG2989",5,1,0,0,2,1
"COG2990",0,0,0,0,0,0
"COG2991",0,0,0,0,0,0
"COG2992",3,1,3,1,3,2
"COG2993",6,0,1,0,1,1
"COG2994",0,0,0,0,0,0
"COG2995",1,0,0,0,0,0
"COG2996",1,0,2,0,0,0
"COG2998",0,1,0,0,0,0
"COG2999",0,0,0,0,0,0
"COG3000",1,1,5,6,4,9
"COG3001",0,0,1,4,5,0
"COG3002",0,0,0,0,0,0
"COG3004",1,1,2,5,0,7
"COG3005",0,0,0,0,0,0
"COG3006",0,0,0,0,0,0
"COG3007",1,0,0,0,1,0
"COG3008",0,0,0,0,0,0
"COG3009",0,0,0,0,2,0
"COG3010",0,0,0,1,0,1
"COG3011",0,4,2,0,0,1
"COG3012",0,0,0,0,1,0
"COG3013",0,0,0,0,0,0
"COG3014",1,0,0,0,1,1
"COG3015",1,0,0,0,0,0
"COG3016",1,0,1,1,0,0
"COG3017",0,0,0,0,1,0
"COG3018",0,0,1,1,1,0
"COG3019",4,2,2,0,1,1
"COG3021",2,1,0,0,0,0
"COG3022",2,4,1,2,1,2
"COG3023",5,4,6,5,2,3
"COG3024",0,0,0,0,0,0
"COG3025",0,0,0,0,0,0
"COG3026",0,0,0,0,0,0
"COG3027",0,0,1,1,0,2
"COG3028",0,0,0,0,2,0
"COG3029",0,0,0,0,0,0
"COG3030",0,2,0,1,1,2
"COG3031",0,0,0,0,1,1
"COG3033",0,0,0,0,1,0
"COG3034",1,2,0,1,0,0
"COG3036",0,0,0,0,0,0
"COG3037",0,0,0,0,0,0
"COG3038",3,0,0,0,3,0
"COG3039",3,0,1,1,8,0
"COG3040",2,1,1,0,1,0
"COG3041",0,0,0,0,0,0
"COG3042",0,0,0,0,0,0
"COG3043",0,0,0,0,0,0
"COG3044",0,0,0,0,0,0
"COG3045",0,0,0,0,2,0
"COG3046",3,5,7,8,7,16
"COG3047",0,0,0,0,0,0
"COG3048",0,0,0,0,0,0
"COG3049",0,0,0,0,0,0
"COG3050",0,0,0,0,0,0
"COG3051",0,0,0,0,0,0
"COG3053",0,0,0,0,0,0
"COG3054",0,0,0,0,0,0
"COG3055",0,0,1,1,0,0
"COG3056",0,0,0,0,0,0
"COG3057",0,0,0,0,0,0
"COG3058",0,0,0,0,0,0
"COG3059",0,0,0,0,0,0
"COG3060",0,0,0,0,1,0
"COG3061",0,0,0,0,0,0
"COG3062",0,0,0,0,0,0
"COG3063",0,0,1,0,1,0
"COG3064",0,0,0,0,0,0
"COG3065",1,0,0,0,1,0
"COG3066",0,0,2,0,0,0
"COG3067",1,5,0,0,1,1
"COG3068",0,0,0,0,0,0
"COG3069",0,0,0,0,0,0
"COG3070",1,0,0,0,0,0
"COG3071",2,0,3,0,2,0
"COG3072",0,0,0,0,3,0
"COG3073",0,0,0,0,0,0
"COG3074",0,0,0,0,0,0
"COG3075",0,0,0,0,0,0
"COG3076",0,0,0,0,0,0
"COG3077",0,0,0,0,0,0
"COG3078",0,0,0,0,0,0
"COG3079",0,0,0,0,0,0
"COG3080",0,0,0,0,0,0
"COG3081",3,0,2,0,1,0
"COG3082",0,0,0,0,1,0
"COG3083",0,0,0,0,0,0
"COG3084",0,0,0,0,0,0
"COG3085",0,0,1,0,0,0
"COG3086",0,0,0,0,0,0
"COG3087",0,0,0,0,0,0
"COG3088",0,1,2,2,0,2
"COG3089",0,0,0,0,0,0
"COG3090",1,1,0,0,1,1
"COG3091",1,0,1,0,0,0
"COG3092",0,0,0,0,0,0
"COG3093",0,0,0,0,0,0
"COG3094",0,0,0,0,0,0
"COG3095",0,0,0,0,0,0
"COG3096",0,0,0,0,0,0
"COG3097",0,0,0,0,0,0
"COG3098",0,0,0,0,0,0
"COG3099",0,0,0,0,0,0
"COG3100",0,0,0,0,0,0
"COG3101",0,0,0,0,0,0
"COG3102",0,0,0,0,0,0
"COG3103",0,0,1,0,0,0
"COG3104",1,5,5,4,3,3
"COG3105",0,0,0,0,0,0
"COG3106",0,0,0,0,2,0
"COG3107",0,1,0,1,1,0
"COG3108",0,1,0,0,0,0
"COG3109",0,0,0,0,0,0
"COG3110",0,0,0,0,0,0
"COG3111",0,0,0,0,0,0
"COG3112",0,0,1,0,0,0
"COG3113",0,0,0,0,0,0
"COG3114",0,0,0,0,0,0
"COG3115",0,0,2,0,2,0
"COG3116",0,0,0,0,0,0
"COG3117",2,0,0,0,1,0
"COG3118",2,0,2,0,3,1
"COG3119",3,31,25,45,25,28
"COG3120",0,0,0,0,0,0
"COG3121",0,0,0,0,0,0
"COG3122",0,0,0,0,1,0
"COG3123",0,2,0,0,1,0
"COG3124",0,0,0,0,0,0
"COG3125",0,0,0,0,0,0
"COG3126",1,0,0,0,0,0
"COG3127",13,3,6,3,3,2
"COG3128",7,2,1,1,3,1
"COG3129",0,0,0,0,0,0
"COG3130",0,0,0,0,0,0
"COG3131",1,0,1,0,0,0
"COG3132",0,0,0,0,0,0
"COG3133",0,0,0,0,0,2
"COG3134",0,0,0,0,0,0
"COG3135",0,0,0,0,1,0
"COG3136",0,0,0,0,0,0
"COG3137",0,0,0,0,0,0
"COG3138",2,1,2,0,0,0
"COG3139",0,0,1,0,1,0
"COG3141",0,0,0,0,1,0
"COG3142",0,1,0,0,0,1
"COG3143",0,0,0,0,0,0
"COG3144",4,0,0,0,1,0
"COG3145",1,0,0,0,1,0
"COG3146",0,8,1,0,5,4
"COG3147",0,0,1,0,0,0
"COG3148",0,0,1,0,0,0
"COG3149",0,0,0,0,0,0
"COG3150",0,0,0,0,3,2
"COG3151",2,1,0,0,0,0
"COG3152",0,0,1,0,0,0
"COG3153",0,0,0,0,0,0
"COG3154",0,0,0,0,0,0
"COG3155",0,0,0,0,0,0
"COG3156",1,1,1,0,1,1
"COG3157",0,0,0,0,0,0
"COG3158",0,0,0,0,1,0
"COG3159",0,2,0,1,0,0
"COG3160",0,0,0,0,0,0
"COG3161",0,0,0,0,3,0
"COG3162",1,0,0,0,0,0
"COG3164",4,1,2,0,7,1
"COG3165",1,0,1,0,0,0
"COG3166",0,0,0,0,0,0
"COG3167",0,0,0,0,0,0
"COG3168",0,0,1,0,0,0
"COG3169",0,0,0,0,1,0
"COG3170",0,0,2,0,1,0
"COG3171",1,0,0,0,0,0
"COG3172",0,1,0,0,0,1
"COG3173",3,8,2,10,6,4
"COG3174",0,0,1,0,0,0
"COG3175",0,2,1,3,0,3
"COG3176",3,4,2,1,1,0
"COG3177",1,0,0,0,3,1
"COG3178",0,3,2,3,1,6
"COG3179",1,0,0,1,0,0
"COG3180",1,1,2,3,0,1
"COG3181",1,1,3,1,0,1
"COG3182",2,0,1,0,4,1
"COG3183",0,0,0,0,0,0
"COG3184",0,0,1,0,0,0
"COG3185",3,0,1,1,1,1
"COG3186",0,0,0,2,0,6
"COG3187",0,0,2,0,1,0
"COG3188",2,0,0,0,1,0
"COG3189",1,0,0,0,1,0
"COG3190",0,0,0,0,0,0
"COG3191",2,1,2,1,0,1
"COG3192",0,0,0,0,0,0
"COG3193",0,0,0,1,0,1
"COG3194",0,1,3,0,0,0
"COG3195",0,0,0,1,0,3
"COG3196",0,0,0,0,0,0
"COG3197",0,0,0,0,0,0
"COG3198",1,0,0,0,0,0
"COG3199",0,0,0,0,2,2
"COG3200",2,2,1,5,4,8
"COG3201",0,0,3,0,0,1
"COG3202",1,2,1,1,1,4
"COG3203",0,0,0,1,0,0
"COG3204",1,0,0,1,2,1
"COG3205",0,0,1,0,0,0
"COG3206",5,3,1,5,7,2
"COG3207",0,0,0,0,0,0
"COG3208",0,0,0,0,0,0
"COG3209",1,1,1,0,1,0
"COG3210",8,1,1,1,2,1
"COG3211",3,0,1,1,3,1
"COG3212",0,0,0,0,0,0
"COG3213",0,0,0,0,1,0
"COG3214",0,0,0,3,0,0
"COG3215",1,0,0,0,0,0
"COG3216",0,2,1,0,0,1
"COG3217",0,0,2,0,0,0
"COG3218",0,0,0,1,2,0
"COG3219",0,0,0,0,0,0
"COG3220",1,0,0,0,1,0
"COG3221",0,6,2,1,4,2
"COG3222",3,2,0,1,1,1
"COG3223",0,0,0,0,0,1
"COG3224",0,0,0,0,0,0
"COG3225",1,3,1,3,4,0
"COG3226",0,0,0,0,0,0
"COG3227",0,0,0,1,0,0
"COG3228",0,0,0,1,0,0
"COG3230",0,0,0,0,1,0
"COG3231",0,0,0,0,0,0
"COG3232",0,0,0,0,0,0
"COG3233",1,0,0,0,1,0
"COG3235",0,0,0,0,0,0
"COG3236",0,0,0,0,1,0
"COG3237",1,0,0,0,0,0
"COG3238",1,0,0,0,0,0
"COG3239",3,10,8,1,0,4
"COG3240",0,0,0,0,0,0
"COG3241",1,0,0,1,0,1
"COG3242",0,0,0,0,0,0
"COG3243",8,1,2,1,4,0
"COG3245",0,1,1,0,1,0
"COG3246",1,1,2,3,3,1
"COG3247",0,0,0,0,0,0
"COG3248",1,0,0,0,0,0
"COG3249",1,0,1,0,1,0
"COG3250",9,0,4,3,7,4
"COG3251",0,0,0,0,0,0
"COG3252",0,0,0,0,0,0
"COG3253",0,0,2,0,1,0
"COG3254",0,0,1,0,0,0
"COG3255",0,2,0,0,0,1
"COG3256",0,0,0,0,0,0
"COG3257",1,0,0,0,0,0
"COG3258",0,0,0,0,0,0
"COG3259",0,0,0,0,0,0
"COG3261",0,0,0,0,0,0
"COG3263",3,0,1,1,0,1
"COG3264",6,3,4,2,4,2
"COG3265",0,0,0,0,1,0
"COG3266",0,0,0,0,1,0
"COG3267",1,0,1,0,2,0
"COG3268",3,3,0,2,1,3
"COG3269",0,0,0,0,0,0
"COG3270",0,0,0,0,0,0
"COG3271",0,0,1,0,0,0
"COG3272",0,0,1,0,1,0
"COG3273",0,0,0,1,0,0
"COG3274",0,0,0,0,0,0
"COG3275",6,0,1,0,0,0
"COG3276",1,2,0,6,2,1
"COG3277",0,0,0,0,0,0
"COG3278",12,0,0,1,0,1
"COG3279",12,0,2,0,3,0
"COG3280",1,0,0,0,0,0
"COG3281",0,0,0,0,0,0
"COG3283",1,0,3,0,0,0
"COG3284",3,0,0,0,3,1
"COG3285",1,0,0,0,0,0
"COG3287",1,0,0,0,2,0
"COG3288",8,10,8,6,6,13
"COG3290",0,0,0,0,0,0
"COG3291",9,10,4,9,5,8
"COG3292",23,0,8,6,10,1
"COG3293",0,0,0,1,6,0
"COG3294",0,0,0,0,0,0
"COG3295",1,0,2,0,0,0
"COG3296",0,1,0,0,0,0
"COG3297",1,0,0,0,2,0
"COG3298",1,0,0,1,0,0
"COG3299",0,0,0,0,0,0
"COG3300",6,0,1,0,1,0
"COG3301",0,0,0,0,0,0
"COG3302",0,0,1,0,1,0
"COG3303",0,0,0,0,0,0
"COG3304",0,0,0,0,0,1
"COG3305",0,0,0,0,0,0
"COG3306",2,4,1,1,0,1
"COG3307",2,2,2,0,2,0
"COG3308",1,0,0,0,0,0
"COG3309",0,0,0,0,0,0
"COG3310",0,0,0,0,0,0
"COG3311",0,0,0,0,0,0
"COG3312",0,0,0,0,0,0
"COG3313",0,2,2,0,1,1
"COG3314",0,0,1,0,0,0
"COG3315",0,0,1,0,0,0
"COG3316",2,0,0,0,0,0
"COG3317",1,0,0,0,1,1
"COG3318",0,0,0,1,0,0
"COG3319",0,0,0,0,0,0
"COG3320",1,0,0,0,0,0
"COG3321",3,4,1,1,2,2
"COG3322",0,0,0,0,0,0
"COG3323",0,1,0,0,0,1
"COG3324",6,0,0,0,0,0
"COG3325",0,0,0,0,0,0
"COG3326",1,0,0,0,0,0
"COG3327",1,0,0,0,0,0
"COG3328",4,0,1,0,3,0
"COG3329",1,1,0,0,3,0
"COG3330",0,4,1,0,2,0
"COG3331",0,0,0,0,0,0
"COG3332",1,0,0,1,0,0
"COG3333",5,2,6,6,4,8
"COG3334",0,0,1,0,0,0
"COG3335",0,0,0,1,2,0
"COG3336",0,0,0,0,0,0
"COG3338",1,0,0,0,0,0
"COG3339",1,0,0,0,3,0
"COG3340",0,4,2,0,3,0
"COG3341",0,0,0,0,0,0
"COG3342",0,1,1,0,1,0
"COG3344",4,1,4,2,7,0
"COG3345",0,0,1,0,0,1
"COG3346",0,0,0,2,2,4
"COG3347",1,1,1,3,5,0
"COG3349",0,9,1,0,4,3
"COG3350",0,0,0,0,0,0
"COG3354",0,0,0,0,0,0
"COG3356",0,0,0,1,0,0
"COG3357",0,0,0,0,0,0
"COG3358",0,0,0,0,0,0
"COG3359",0,0,0,0,0,0
"COG3360",0,0,0,0,0,0
"COG3361",1,0,1,0,0,0
"COG3363",0,0,0,0,0,0
"COG3364",0,0,0,0,0,0
"COG3365",0,0,0,0,0,0
"COG3367",1,0,0,0,1,3
"COG3369",1,0,0,0,0,0
"COG3371",0,0,0,0,0,0
"COG3372",0,0,0,0,0,0
"COG3375",0,0,0,0,0,0
"COG3376",0,0,0,0,0,0
"COG3377",0,0,0,0,0,0
"COG3378",14,0,0,1,1,0
"COG3379",0,0,0,0,0,0
"COG3380",3,7,1,3,1,1
"COG3381",0,0,0,0,0,0
"COG3382",0,0,0,0,0,0
"COG3383",3,4,7,4,3,4
"COG3384",0,0,0,1,5,3
"COG3385",0,0,2,0,4,0
"COG3386",2,2,10,5,4,8
"COG3387",2,0,0,0,0,0
"COG3388",0,0,0,0,0,0
"COG3389",0,1,0,1,1,0
"COG3390",0,1,0,0,0,1
"COG3391",13,2,1,6,7,3
"COG3392",0,0,0,0,1,0
"COG3393",0,0,0,0,0,0
"COG3394",1,0,0,0,0,0
"COG3395",1,2,2,0,2,1
"COG3396",3,0,4,0,2,0
"COG3397",0,0,0,0,0,0
"COG3398",0,1,0,0,1,0
"COG3399",0,0,0,0,0,0
"COG3400",0,0,1,0,0,0
"COG3401",0,0,0,0,0,0
"COG3402",1,0,0,0,0,0
"COG3403",1,0,0,0,0,0
"COG3404",0,0,2,1,2,1
"COG3405",0,0,0,0,0,0
"COG3407",1,0,0,1,0,0
"COG3408",1,0,0,0,0,0
"COG3409",0,1,2,1,0,1
"COG3410",0,0,0,0,0,0
"COG3411",0,1,0,0,0,0
"COG3412",0,0,0,0,0,0
"COG3413",0,0,0,0,0,1
"COG3414",0,0,0,0,0,0
"COG3415",0,0,0,0,1,0
"COG3417",1,0,0,1,0,0
"COG3418",0,0,0,0,0,0
"COG3419",1,1,3,2,5,2
"COG3420",0,0,0,0,0,0
"COG3421",0,0,1,0,0,0
"COG3422",2,0,0,0,0,0
"COG3423",0,0,1,0,0,0
"COG3424",1,0,0,0,0,0
"COG3425",0,0,3,2,0,0
"COG3426",0,0,0,0,0,0
"COG3427",1,0,0,0,1,1
"COG3428",0,0,1,0,1,1
"COG3429",0,1,1,0,5,1
"COG3431",0,0,0,0,0,0
"COG3433",0,0,0,0,0,0
"COG3434",0,0,2,0,0,0
"COG3435",0,0,0,0,1,0
"COG3436",9,0,6,0,6,0
"COG3437",7,0,3,0,9,2
"COG3439",1,0,0,0,0,1
"COG3440",0,1,0,0,0,0
"COG3442",0,0,0,0,0,0
"COG3443",0,0,0,0,0,0
"COG3444",0,0,0,0,0,0
"COG3447",0,0,0,0,0,0
"COG3448",1,4,0,1,1,2
"COG3449",0,0,0,0,0,0
"COG3450",0,1,0,0,0,0
"COG3451",2,0,1,0,2,0
"COG3452",0,0,1,0,0,0
"COG3453",0,0,0,0,0,1
"COG3454",0,0,0,0,0,0
"COG3455",0,0,1,0,0,0
"COG3456",1,0,0,0,0,0
"COG3457",0,0,0,0,0,0
"COG3458",0,0,0,0,0,0
"COG3459",0,0,0,0,0,0
"COG3460",0,0,0,0,0,0
"COG3461",0,0,0,0,0,0
"COG3463",0,0,0,0,0,0
"COG3464",7,0,1,1,2,0
"COG3467",0,0,0,2,0,0
"COG3468",0,0,0,0,0,0
"COG3469",0,0,0,0,0,0
"COG3470",0,3,0,1,0,1
"COG3471",0,0,0,0,1,0
"COG3472",0,0,0,0,0,0
"COG3473",0,4,3,1,0,1
"COG3474",0,0,2,2,1,5
"COG3475",0,0,0,0,0,0
"COG3476",1,0,0,0,0,0
"COG3478",0,0,0,0,0,0
"COG3479",0,0,0,0,0,0
"COG3480",0,0,0,0,0,1
"COG3481",0,0,0,0,1,1
"COG3482",0,0,0,0,0,0
"COG3483",2,0,2,1,2,0
"COG3484",1,2,0,0,0,0
"COG3485",2,2,1,3,2,1
"COG3486",0,0,0,0,0,0
"COG3487",2,0,0,0,0,0
"COG3488",1,0,2,3,2,1
"COG3489",0,0,1,0,2,0
"COG3490",0,0,1,0,0,0
"COG3491",1,4,3,4,5,6
"COG3492",0,0,1,0,1,0
"COG3493",0,0,0,0,0,0
"COG3494",1,0,3,0,0,1
"COG3495",0,0,0,0,1,0
"COG3496",1,4,3,1,3,0
"COG3497",47,4,7,2,2,6
"COG3498",0,0,0,0,0,0
"COG3499",0,0,0,0,0,0
"COG3500",0,0,0,0,0,0
"COG3501",0,0,0,1,1,0
"COG3502",0,0,0,0,0,1
"COG3503",0,0,0,1,1,0
"COG3504",3,0,0,0,0,0
"COG3505",6,0,1,0,0,0
"COG3506",0,0,0,0,0,0
"COG3507",1,0,0,3,2,0
"COG3508",2,0,1,0,2,1
"COG3509",1,3,6,4,3,11
"COG3510",1,1,1,0,0,0
"COG3511",0,0,0,0,0,0
"COG3512",0,0,0,0,0,0
"COG3513",0,1,0,0,0,0
"COG3514",0,0,0,0,0,0
"COG3515",0,0,0,0,0,0
"COG3516",0,0,0,0,0,0
"COG3517",0,0,0,1,0,0
"COG3518",1,0,0,0,0,0
"COG3519",0,0,1,0,2,0
"COG3520",0,0,0,0,0,0
"COG3521",0,0,0,0,1,0
"COG3522",0,0,0,0,1,0
"COG3523",2,0,0,0,1,0
"COG3524",0,0,1,0,0,0
"COG3525",8,0,2,3,1,0
"COG3526",0,0,0,0,0,0
"COG3527",0,0,0,0,0,0
"COG3528",1,1,0,0,0,0
"COG3529",0,0,0,0,0,0
"COG3530",0,0,0,0,1,0
"COG3531",1,0,0,0,1,0
"COG3533",0,0,1,0,1,0
"COG3534",3,1,0,0,4,0
"COG3535",0,0,0,0,0,0
"COG3536",0,0,1,0,1,1
"COG3537",3,1,0,0,2,2
"COG3538",0,0,0,0,0,0
"COG3539",0,0,0,0,0,0
"COG3540",3,5,2,1,2,2
"COG3541",0,0,0,0,0,0
"COG3542",1,1,0,0,4,1
"COG3543",0,0,0,0,0,0
"COG3544",0,3,2,3,1,0
"COG3545",0,0,0,0,0,0
"COG3546",0,0,0,0,0,0
"COG3547",20,0,6,1,7,0
"COG3548",0,0,0,0,0,0
"COG3549",1,0,1,0,1,0
"COG3550",7,0,1,0,0,0
"COG3551",0,0,0,0,0,1
"COG3552",1,3,2,3,1,2
"COG3553",0,0,0,0,0,0
"COG3554",0,0,0,0,0,0
"COG3555",3,0,2,1,2,1
"COG3556",0,3,0,0,1,1
"COG3558",0,0,0,0,0,0
"COG3559",0,0,0,0,0,0
"COG3560",0,0,0,0,0,0
"COG3561",0,0,1,0,0,0
"COG3562",1,0,0,0,0,0
"COG3563",1,0,0,1,0,0
"COG3564",0,1,0,0,0,2
"COG3565",1,3,1,2,0,4
"COG3566",1,0,0,0,0,0
"COG3567",0,0,0,0,0,0
"COG3568",3,0,3,0,1,2
"COG3569",3,0,3,1,0,2
"COG3570",0,0,0,0,0,0
"COG3571",0,0,1,0,0,0
"COG3572",1,4,1,2,2,5
"COG3573",0,0,0,0,0,0
"COG3575",0,0,0,1,0,0
"COG3576",0,1,0,0,2,0
"COG3577",0,0,0,0,1,0
"COG3579",0,3,0,1,2,3
"COG3580",0,0,0,0,1,0
"COG3581",0,0,0,0,0,0
"COG3582",0,0,0,0,0,0
"COG3583",0,0,0,0,0,0
"COG3584",1,0,0,0,0,0
"COG3585",0,0,0,0,0,0
"COG3586",0,0,0,0,0,0
"COG3587",0,0,0,0,0,0
"COG3588",1,8,8,4,8,3
"COG3590",1,0,2,0,3,0
"COG3591",0,1,0,0,0,0
"COG3592",0,0,0,0,0,0
"COG3593",1,0,1,5,2,0
"COG3594",0,0,1,0,0,0
"COG3595",0,0,0,0,0,0
"COG3596",0,0,0,0,0,1
"COG3597",0,0,0,0,0,0
"COG3598",0,0,0,0,0,0
"COG3599",0,0,0,0,0,0
"COG3600",1,0,0,0,0,0
"COG3602",1,1,0,0,0,0
"COG3603",0,0,1,0,1,0
"COG3604",2,0,0,0,3,0
"COG3605",7,2,1,0,0,0
"COG3607",0,0,0,0,0,0
"COG3608",3,1,4,1,2,1
"COG3609",0,0,0,0,1,0
"COG3610",0,0,0,0,1,0
"COG3612",0,0,0,0,0,0
"COG3613",0,0,0,0,0,0
"COG3614",2,0,3,0,2,0
"COG3615",0,0,0,0,0,0
"COG3616",3,1,4,1,0,1
"COG3617",0,0,0,0,0,0
"COG3618",1,2,5,4,3,2
"COG3619",0,0,0,0,0,0
"COG3620",0,0,0,0,0,1
"COG3621",0,1,1,0,0,0
"COG3622",0,1,0,1,1,0
"COG3623",0,0,0,1,1,1
"COG3624",0,0,0,0,0,0
"COG3625",0,0,0,0,0,0
"COG3626",1,0,0,0,0,0
"COG3627",1,0,0,0,0,0
"COG3628",3,0,0,1,0,0
"COG3629",0,0,0,0,0,0
"COG3631",0,0,0,0,0,0
"COG3633",0,0,0,0,1,0
"COG3634",2,2,1,1,2,0
"COG3635",0,0,1,1,0,0
"COG3636",1,0,0,0,0,0
"COG3637",0,0,0,0,0,0
"COG3638",0,2,4,0,2,2
"COG3639",0,2,3,2,6,3
"COG3640",0,0,0,0,0,0
"COG3641",0,0,0,0,0,0
"COG3642",0,1,0,1,0,0
"COG3643",0,0,0,0,3,0
"COG3644",0,0,0,0,0,0
"COG3645",0,0,0,0,0,0
"COG3646",0,0,0,0,0,0
"COG3647",0,0,0,0,0,0
"COG3648",0,0,0,0,0,0
"COG3649",0,0,0,0,1,0
"COG3650",0,0,0,0,0,0
"COG3651",0,2,3,2,0,1
"COG3652",0,0,0,0,0,0
"COG3653",0,2,6,15,5,6
"COG3654",0,0,0,0,0,0
"COG3655",0,0,0,1,0,0
"COG3656",0,0,1,0,0,0
"COG3657",0,0,0,0,0,0
"COG3658",0,0,0,0,0,0
"COG3659",0,0,1,0,0,0
"COG3660",0,0,3,2,1,2
"COG3661",1,0,0,0,0,0
"COG3662",0,0,0,0,0,0
"COG3663",0,0,0,0,0,0
"COG3664",0,1,2,0,0,0
"COG3665",2,3,5,5,3,6
"COG3666",11,0,0,0,3,0
"COG3667",3,0,2,0,3,0
"COG3668",1,0,0,0,0,0
"COG3669",3,2,0,1,0,0
"COG3670",1,5,4,2,7,1
"COG3671",0,0,0,0,0,0
"COG3672",0,0,1,0,2,0
"COG3673",0,0,0,0,0,0
"COG3675",0,0,0,0,0,2
"COG3676",0,0,0,0,0,0
"COG3677",0,0,0,0,0,1
"COG3678",0,0,0,0,0,0
"COG3679",0,0,0,0,0,0
"COG3680",0,0,2,0,0,0
"COG3681",0,0,0,0,0,0
"COG3682",2,0,0,0,0,0
"COG3683",0,0,0,0,0,0
"COG3684",0,0,0,0,1,1
"COG3685",0,0,0,0,0,0
"COG3686",2,1,1,1,1,0
"COG3687",5,1,0,0,1,0
"COG3688",0,0,0,0,0,0
"COG3689",0,0,0,0,0,0
"COG3692",0,0,0,0,0,0
"COG3693",8,0,0,0,2,2
"COG3694",0,1,1,0,1,1
"COG3695",0,0,0,0,1,1
"COG3696",31,1,11,0,16,0
"COG3698",0,0,0,0,0,0
"COG3700",0,0,0,1,1,0
"COG3701",2,0,0,0,1,0
"COG3702",0,0,0,0,0,0
"COG3703",1,0,0,1,1,0
"COG3704",0,0,0,0,0,0
"COG3705",2,2,0,4,3,5
"COG3706",5,3,10,6,13,3
"COG3707",0,0,0,0,0,0
"COG3708",2,0,0,0,0,0
"COG3709",0,0,0,0,0,0
"COG3710",0,0,1,1,2,0
"COG3711",0,0,0,0,0,0
"COG3712",1,0,2,0,1,2
"COG3713",0,0,1,0,0,0
"COG3714",1,0,1,0,0,0
"COG3716",0,0,0,0,0,0
"COG3717",0,0,2,0,1,0
"COG3718",0,1,0,0,2,0
"COG3719",1,0,0,1,0,0
"COG3720",1,0,0,0,0,0
"COG3721",0,0,0,0,0,0
"COG3723",0,0,0,0,0,0
"COG3724",0,0,1,0,2,1
"COG3725",1,0,1,0,1,0
"COG3726",1,0,0,0,0,0
"COG3727",0,0,0,0,0,1
"COG3728",0,0,0,0,0,1
"COG3729",0,0,0,0,0,0
"COG3730",0,0,1,0,0,0
"COG3731",0,0,0,0,0,0
"COG3732",0,0,0,1,0,0
"COG3733",0,0,1,1,1,0
"COG3734",0,1,0,0,0,0
"COG3735",0,0,1,0,0,0
"COG3736",0,0,0,0,1,0
"COG3737",0,0,0,0,0,0
"COG3738",1,0,0,0,0,0
"COG3739",2,0,1,0,0,0
"COG3740",4,0,0,0,0,0
"COG3741",1,2,1,1,0,0
"COG3742",0,0,0,0,0,0
"COG3743",2,1,0,0,0,2
"COG3744",1,0,0,0,2,0
"COG3745",0,0,0,0,0,0
"COG3746",0,1,1,0,0,0
"COG3747",0,0,0,0,0,0
"COG3748",0,1,2,4,4,4
"COG3749",0,0,1,0,1,0
"COG3750",0,0,0,0,0,0
"COG3751",3,0,3,3,0,1
"COG3752",0,7,3,3,2,5
"COG3753",0,0,0,0,0,0
"COG3754",0,0,0,1,0,1
"COG3755",0,0,0,0,0,0
"COG3756",0,0,0,0,0,0
"COG3757",0,0,0,0,0,0
"COG3758",0,0,0,0,0,0
"COG3759",0,0,0,0,0,0
"COG3760",0,2,1,1,0,2
"COG3761",1,2,0,0,0,0
"COG3762",1,0,0,0,0,0
"COG3764",0,0,1,0,0,0
"COG3765",0,0,0,0,0,0
"COG3766",0,0,0,0,0,0
"COG3768",0,0,0,0,0,0
"COG3769",0,2,0,0,2,1
"COG3770",0,0,0,0,0,0
"COG3771",0,0,0,0,0,0
"COG3772",2,0,1,0,0,1
"COG3773",5,1,0,1,0,2
"COG3774",1,0,0,1,0,0
"COG3775",0,0,0,0,0,0
"COG3776",0,0,0,0,0,0
"COG3777",0,1,0,1,1,0
"COG3778",0,0,0,0,0,0
"COG3779",0,0,0,0,0,0
"COG3781",0,0,0,0,0,0
"COG3782",0,0,0,1,1,0
"COG3783",0,0,0,0,0,0
"COG3784",0,0,0,0,0,0
"COG3785",0,0,3,3,0,1
"COG3786",0,0,3,1,1,3
"COG3787",0,0,0,0,0,0
"COG3788",0,0,1,0,1,2
"COG3789",0,0,0,0,0,0
"COG3791",1,3,2,6,4,3
"COG3793",0,0,0,0,0,0
"COG3794",0,3,3,3,2,2
"COG3795",1,0,0,0,0,0
"COG3797",0,0,0,0,0,0
"COG3798",0,0,0,0,1,0
"COG3799",0,0,0,0,0,0
"COG3800",0,4,5,1,0,4
"COG3801",0,0,0,0,0,0
"COG3802",0,0,0,0,0,0
"COG3803",0,0,0,0,0,4
"COG3804",0,0,0,0,0,0
"COG3805",0,0,0,0,0,0
"COG3806",1,0,0,1,0,1
"COG3807",0,1,2,2,2,4
"COG3808",4,16,13,15,2,27
"COG3809",0,0,0,0,0,0
"COG3811",0,0,0,0,0,0
"COG3812",0,0,0,0,1,0
"COG3813",0,0,0,0,0,0
"COG3814",0,0,0,0,0,0
"COG3815",0,0,0,0,0,0
"COG3816",1,1,0,0,1,0
"COG3817",0,0,0,0,0,0
"COG3818",1,1,0,2,0,1
"COG3819",0,0,0,0,0,0
"COG3820",0,1,3,4,1,0
"COG3821",0,0,0,0,0,1
"COG3822",0,0,1,0,0,1
"COG3823",1,0,0,0,1,0
"COG3824",1,0,0,0,0,0
"COG3825",2,2,3,1,2,0
"COG3826",0,0,0,0,0,0
"COG3827",0,0,0,0,0,0
"COG3828",9,1,1,0,0,0
"COG3829",0,0,0,0,1,0
"COG3830",1,0,0,1,0,0
"COG3831",0,0,0,0,0,0
"COG3832",1,0,0,0,0,0
"COG3833",0,0,0,0,0,1
"COG3835",0,0,0,0,0,0
"COG3836",0,6,2,5,4,6
"COG3837",0,0,0,0,0,0
"COG3838",1,0,0,0,0,0
"COG3839",5,10,8,8,1,12
"COG3840",0,0,0,0,0,0
"COG3842",0,4,3,8,11,18
"COG3843",2,0,1,0,3,0
"COG3844",0,0,3,4,2,1
"COG3845",2,7,1,3,6,3
"COG3846",0,0,0,0,1,0
"COG3847",0,0,0,0,0,0
"COG3848",0,0,0,0,0,0
"COG3850",1,0,0,0,1,0
"COG3851",0,0,0,0,0,0
"COG3852",2,0,1,2,1,1
"COG3853",0,0,0,0,0,0
"COG3854",0,0,1,0,1,1
"COG3855",0,0,0,0,0,0
"COG3857",0,0,0,0,0,0
"COG3858",1,0,0,1,0,0
"COG3859",0,0,0,0,0,0
"COG3860",0,0,0,0,0,0
"COG3861",0,0,0,0,0,0
"COG3864",5,2,3,1,0,0
"COG3865",1,0,0,0,0,0
"COG3866",0,0,0,0,0,0
"COG3867",0,0,0,0,0,0
"COG3868",1,0,0,0,1,0
"COG3869",0,0,0,0,0,0
"COG3870",0,0,0,0,0,0
"COG3871",0,0,0,0,1,0
"COG3872",0,0,0,1,0,1
"COG3874",0,0,0,0,0,0
"COG3875",0,0,0,2,1,0
"COG3876",0,1,2,1,2,4
"COG3877",0,0,0,0,0,0
"COG3878",0,0,0,0,0,0
"COG3879",0,0,0,0,0,0
"COG3880",0,0,0,0,0,0
"COG3882",0,0,1,5,0,0
"COG3883",0,0,0,0,0,0
"COG3884",0,0,0,0,0,0
"COG3885",0,0,0,0,0,0
"COG3886",1,0,0,0,0,0
"COG3887",0,0,0,0,0,0
"COG3889",0,0,0,1,0,0
"COG3890",0,0,0,0,0,0
"COG3892",1,0,0,1,0,3
"COG3893",0,1,0,2,1,0
"COG3894",0,0,3,3,1,1
"COG3895",0,0,0,0,0,0
"COG3896",0,0,0,0,0,0
"COG3897",0,0,0,0,1,0
"COG3898",0,0,0,1,0,0
"COG3899",1,0,0,0,0,0
"COG3900",0,0,0,0,0,0
"COG3901",2,0,1,1,3,0
"COG3903",0,1,0,0,0,0
"COG3904",0,0,0,0,0,0
"COG3905",0,0,0,0,0,0
"COG3907",0,0,0,0,0,0
"COG3908",0,0,1,1,0,1
"COG3909",0,0,0,0,0,3
"COG3910",0,0,0,0,0,0
"COG3911",1,0,0,0,0,0
"COG3913",0,0,0,0,0,0
"COG3914",7,2,4,5,5,1
"COG3915",0,0,0,0,0,0
"COG3916",0,0,0,0,0,0
"COG3917",1,6,7,6,4,3
"COG3918",0,0,0,0,0,0
"COG3919",0,0,0,0,1,0
"COG3920",58,0,1,0,0,0
"COG3921",3,0,0,0,0,0
"COG3923",0,0,0,0,0,0
"COG3926",4,1,0,0,0,2
"COG3930",0,0,0,0,3,1
"COG3931",0,0,0,0,1,0
"COG3932",3,0,0,0,0,0
"COG3934",0,0,0,0,0,0
"COG3935",1,0,0,0,0,0
"COG3936",0,0,0,0,0,0
"COG3937",0,0,0,0,0,0
"COG3938",0,2,2,1,0,3
"COG3940",0,0,2,0,1,0
"COG3941",1,0,0,0,1,0
"COG3942",1,0,0,0,0,0
"COG3943",1,0,1,0,0,0
"COG3944",0,0,0,0,0,0
"COG3945",0,0,0,0,0,0
"COG3946",0,0,0,0,0,0
"COG3947",0,0,0,0,0,0
"COG3948",0,0,0,0,0,0
"COG3949",0,0,0,0,0,0
"COG3950",0,0,0,0,0,0
"COG3951",0,0,1,0,2,0
"COG3952",0,0,0,0,0,0
"COG3953",0,0,0,0,0,0
"COG3954",1,3,0,1,0,0
"COG3955",0,0,0,0,0,0
"COG3956",0,2,1,0,1,2
"COG3957",2,1,0,0,0,0
"COG3958",2,3,2,6,1,0
"COG3959",1,6,2,0,1,1
"COG3960",0,0,0,0,0,0
"COG3961",0,0,0,0,1,0
"COG3962",0,5,4,7,1,5
"COG3963",1,0,0,0,0,0
"COG3964",0,0,1,0,1,0
"COG3965",0,0,1,0,0,0
"COG3967",0,0,0,0,0,0
"COG3968",0,0,0,0,0,0
"COG3969",0,0,0,0,0,0
"COG3970",0,1,2,2,0,0
"COG3971",0,2,2,4,2,0
"COG3972",0,0,0,0,0,0
"COG3973",0,1,0,1,0,0
"COG3975",4,0,1,0,2,3
"COG3976",0,0,0,0,0,0
"COG3977",1,1,0,0,0,0
"COG3978",0,0,0,0,0,0
"COG3979",0,0,5,3,3,6
"COG3980",0,3,0,1,0,0
"COG3981",0,0,0,0,0,0
"COG4006",0,0,0,0,0,0
"COG4012",0,0,0,0,0,0
"COG4021",0,0,0,0,0,0
"COG4032",0,1,2,3,2,0
"COG4034",0,0,0,0,0,0
"COG4043",0,0,0,0,0,0
"COG4044",0,0,0,0,0,0
"COG4046",0,0,0,0,0,0
"COG4063",0,0,0,0,0,0
"COG4067",3,0,1,0,0,0
"COG4083",0,0,0,0,0,0
"COG4085",0,0,0,0,0,0
"COG4087",0,0,0,0,0,0
"COG4088",0,0,0,0,0,0
"COG4091",0,1,2,3,1,0
"COG4092",0,0,0,0,0,0
"COG4093",0,0,0,0,0,0
"COG4094",0,3,1,1,1,0
"COG4095",0,0,0,0,0,0
"COG4096",8,1,2,4,5,2
"COG4097",0,0,1,0,0,0
"COG4099",1,0,1,0,0,0
"COG4100",0,2,0,0,0,0
"COG4101",0,0,0,0,0,0
"COG4102",4,0,3,6,1,3
"COG4103",0,0,0,0,0,0
"COG4104",0,0,0,0,0,0
"COG4105",4,2,3,5,2,7
"COG4106",0,0,0,1,0,0
"COG4107",1,0,0,0,0,0
"COG4108",3,3,1,3,6,1
"COG4110",0,0,0,0,2,0
"COG4111",0,0,0,0,0,0
"COG4112",0,0,0,0,0,0
"COG4113",0,0,0,0,0,0
"COG4114",0,0,0,0,0,0
"COG4115",1,0,0,0,0,0
"COG4117",0,0,0,0,0,0
"COG4118",1,0,0,0,0,0
"COG4119",0,0,0,0,0,0
"COG4120",0,0,0,0,0,0
"COG4121",5,3,0,0,4,1
"COG4122",0,3,0,0,3,5
"COG4123",1,0,0,0,1,0
"COG4124",0,0,0,0,0,0
"COG4125",1,0,0,0,1,0
"COG4126",0,0,1,2,0,0
"COG4127",0,0,1,0,1,0
"COG4128",0,0,0,0,1,0
"COG4130",0,0,0,0,0,0
"COG4132",0,0,0,0,0,0
"COG4133",0,1,2,2,1,0
"COG4134",1,0,0,0,0,0
"COG4135",2,0,1,0,1,0
"COG4136",0,0,0,0,0,0
"COG4137",3,0,1,0,1,0
"COG4138",0,0,0,0,0,0
"COG4139",0,0,0,0,0,0
"COG4143",0,0,1,0,2,1
"COG4145",0,0,1,0,1,0
"COG4146",2,2,5,3,3,10
"COG4147",3,4,6,5,4,10
"COG4148",1,0,1,2,0,1
"COG4149",0,3,1,1,1,1
"COG4150",1,0,0,0,1,0
"COG4152",3,0,0,0,0,1
"COG4154",0,0,0,0,0,1
"COG4158",0,0,0,0,0,0
"COG4160",0,0,0,2,0,4
"COG4161",0,0,0,0,0,0
"COG4166",5,5,6,13,5,3
"COG4167",0,0,0,0,0,0
"COG4168",0,0,0,0,0,0
"COG4170",0,0,1,0,0,0
"COG4171",0,0,1,0,0,0
"COG4172",0,5,5,3,2,2
"COG4174",3,0,2,0,2,0
"COG4175",1,1,0,7,2,3
"COG4176",2,5,3,10,1,12
"COG4177",4,16,13,9,8,8
"COG4178",0,4,0,0,5,0
"COG4181",2,1,0,0,0,3
"COG4185",0,0,0,0,0,0
"COG4186",0,0,0,0,0,0
"COG4187",0,0,0,0,0,0
"COG4188",0,5,1,1,4,1
"COG4189",0,0,0,0,0,0
"COG4190",0,0,0,0,0,0
"COG4191",0,0,2,0,1,1
"COG4193",0,0,0,0,0,0
"COG4195",0,0,0,0,0,0
"COG4196",0,0,0,0,0,0
"COG4198",0,2,3,4,2,1
"COG4199",0,0,0,0,0,0
"COG4200",0,0,0,0,0,0
"COG4206",4,7,5,3,9,7
"COG4208",1,0,0,0,0,0
"COG4209",0,0,0,0,0,0
"COG4213",0,0,0,0,0,0
"COG4214",0,0,0,0,0,0
"COG4215",2,1,0,1,0,2
"COG4219",1,0,0,0,2,0
"COG4220",0,0,0,0,1,0
"COG4221",1,4,3,2,4,2
"COG4222",1,0,0,0,0,0
"COG4223",0,0,0,0,0,0
"COG4225",0,0,0,0,0,0
"COG4226",0,0,0,0,0,0
"COG4227",4,0,1,0,0,0
"COG4228",0,0,0,0,0,0
"COG4229",1,0,1,0,0,0
"COG4230",5,2,3,3,6,4
"COG4231",2,0,2,6,0,3
"COG4232",3,5,3,7,3,8
"COG4233",2,2,3,4,2,4
"COG4235",0,2,1,1,5,0
"COG4239",2,0,2,0,1,1
"COG4240",1,1,5,0,1,1
"COG4241",0,1,0,0,1,0
"COG4242",1,0,0,0,0,0
"COG4243",0,2,0,2,6,0
"COG4244",0,8,1,0,0,0
"COG4245",0,0,0,0,0,0
"COG4246",1,0,0,1,0,0
"COG4247",0,2,0,0,2,1
"COG4248",0,0,0,0,0,0
"COG4249",1,0,0,1,0,0
"COG4251",1,0,1,0,2,0
"COG4252",2,3,0,3,2,7
"COG4253",0,0,0,0,0,0
"COG4254",3,0,0,2,0,0
"COG4255",0,0,0,0,0,0
"COG4256",0,0,0,0,0,0
"COG4257",0,0,0,3,0,0
"COG4258",3,0,0,0,1,0
"COG4259",0,0,0,0,0,0
"COG4260",0,0,0,0,1,1
"COG4261",0,0,0,0,0,0
"COG4262",1,0,0,0,0,0
"COG4263",0,0,0,0,0,0
"COG4264",0,0,0,0,0,0
"COG4266",0,1,3,2,1,1
"COG4267",0,0,0,0,0,0
"COG4268",0,0,0,0,0,1
"COG4269",0,0,0,0,1,0
"COG4270",0,0,0,0,1,0
"COG4271",2,0,0,0,0,0
"COG4273",0,0,0,0,0,0
"COG4274",0,1,3,1,1,1
"COG4275",0,0,0,0,1,0
"COG4276",0,1,1,2,2,3
"COG4277",0,0,1,0,0,0
"COG4278",0,0,0,1,0,0
"COG4279",0,0,0,0,0,0
"COG4280",0,0,0,0,0,0
"COG4281",0,0,0,0,0,0
"COG4282",0,0,0,0,0,0
"COG4283",0,0,0,0,1,0
"COG4284",0,0,0,0,0,0
"COG4285",0,0,0,0,0,0
"COG4286",0,0,0,0,0,0
"COG4287",0,0,0,1,1,0
"COG4288",0,0,0,0,0,0
"COG4289",0,0,0,0,0,0
"COG4290",0,0,0,0,0,0
"COG4291",0,0,0,0,0,0
"COG4292",0,0,0,0,0,0
"COG4293",0,0,0,0,0,0
"COG4294",11,3,4,0,1,1
"COG4295",0,0,0,0,0,0
"COG4297",0,0,0,0,0,0
"COG4298",0,0,0,0,0,0
"COG4299",0,0,0,2,1,4
"COG4300",0,0,0,0,0,0
"COG4301",2,0,1,0,0,0
"COG4302",0,0,1,0,1,0
"COG4303",0,0,0,0,1,0
"COG4304",0,0,0,0,0,0
"COG4305",0,0,0,0,0,0
"COG4307",0,0,0,0,0,0
"COG4308",0,1,0,0,0,0
"COG4310",0,0,1,0,1,1
"COG4311",1,0,1,3,1,1
"COG4312",0,0,0,0,0,1
"COG4313",0,0,0,0,0,0
"COG4314",0,0,0,0,0,0
"COG4315",0,0,1,0,0,0
"COG4317",0,0,0,0,0,0
"COG4318",0,0,0,0,0,0
"COG4319",1,0,0,0,1,0
"COG4320",0,0,1,0,1,0
"COG4321",0,0,0,0,1,0
"COG4322",1,0,0,0,0,0
"COG4323",1,0,1,1,2,1
"COG4324",0,0,0,0,0,0
"COG4325",4,0,0,0,1,0
"COG4326",0,0,0,0,0,0
"COG4327",0,0,2,1,2,1
"COG4328",0,0,0,0,0,0
"COG4329",0,0,0,0,0,0
"COG4330",0,0,0,0,0,0
"COG4331",0,0,0,0,0,0
"COG4332",0,0,0,0,0,0
"COG4333",1,1,1,0,2,0
"COG4334",0,0,0,0,0,0
"COG4335",0,0,0,0,0,0
"COG4336",0,1,0,0,1,0
"COG4337",0,1,0,0,1,0
"COG4338",0,1,1,0,0,0
"COG4339",0,0,0,0,0,0
"COG4340",0,0,0,0,0,0
"COG4341",1,2,2,1,1,2
"COG4347",0,0,0,0,0,0
"COG4352",0,0,0,0,0,0
"COG4353",0,0,0,0,0,0
"COG4354",0,0,0,0,0,0
"COG4357",0,0,0,0,0,0
"COG4359",0,0,0,0,0,0
"COG4360",0,3,0,0,3,0
"COG4362",0,0,0,0,0,0
"COG4365",1,0,0,1,0,2
"COG4370",0,8,0,1,2,1
"COG4371",0,0,0,0,2,0
"COG4372",0,4,0,0,3,0
"COG4373",0,0,0,0,1,0
"COG4374",0,0,0,0,0,0
"COG4377",0,0,0,0,0,0
"COG4379",0,0,0,0,0,0
"COG4380",0,0,0,0,0,0
"COG4381",1,0,0,0,0,0
"COG4382",0,0,0,0,0,0
"COG4383",2,0,0,0,0,0
"COG4384",0,0,0,0,0,0
"COG4385",0,0,0,0,0,0
"COG4386",0,0,0,0,0,0
"COG4387",0,0,0,0,0,0
"COG4388",0,0,0,0,0,0
"COG4389",0,0,0,0,0,0
"COG4390",0,0,0,0,0,0
"COG4391",0,0,0,1,0,0
"COG4392",0,0,0,0,0,0
"COG4393",0,0,0,0,0,0
"COG4394",0,0,0,0,0,0
"COG4395",4,5,4,2,1,1
"COG4396",0,0,0,0,0,0
"COG4397",0,0,0,0,0,0
"COG4398",0,0,0,2,0,1
"COG4399",0,0,0,0,0,0
"COG4401",0,0,1,2,3,0
"COG4402",0,0,0,0,0,0
"COG4403",0,0,0,0,0,0
"COG4405",0,0,0,0,0,0
"COG4409",0,0,0,2,0,1
"COG4412",0,0,4,7,0,5
"COG4413",0,0,0,0,0,0
"COG4420",0,0,0,0,0,0
"COG4421",2,2,2,0,0,1
"COG4422",1,0,0,0,0,0
"COG4423",0,0,0,0,0,0
"COG4424",0,0,0,0,0,0
"COG4425",0,0,0,0,0,0
"COG4427",0,0,0,0,0,0
"COG4430",1,0,0,0,0,0
"COG4445",0,1,2,1,2,1
"COG4446",0,7,0,1,3,1
"COG4447",1,3,1,0,5,1
"COG4448",1,1,1,2,3,2
"COG4449",0,0,0,0,0,0
"COG4451",0,0,1,0,1,0
"COG4452",2,0,0,0,0,0
"COG4453",0,0,0,0,0,0
"COG4454",0,1,0,0,1,1
"COG4455",0,0,0,0,0,0
"COG4456",0,0,0,0,0,0
"COG4457",0,0,0,0,0,0
"COG4458",0,0,0,0,0,0
"COG4459",0,0,0,0,0,0
"COG4460",0,0,0,0,0,0
"COG4461",0,0,0,0,0,0
"COG4464",0,0,1,1,1,0
"COG4468",0,0,0,0,0,0
"COG4469",0,0,0,0,0,0
"COG4474",0,0,0,0,0,0
"COG4481",0,0,0,0,0,0
"COG4485",0,0,0,0,0,0
"COG4487",0,1,1,0,1,3
"COG4496",0,0,0,0,0,0
"COG4502",0,0,0,0,0,0
"COG4517",0,0,0,0,0,0
"COG4519",0,0,0,0,0,0
"COG4520",0,0,0,0,0,0
"COG4521",1,5,1,2,0,1
"COG4525",0,0,2,1,0,1
"COG4529",0,0,0,0,0,0
"COG4530",0,0,0,0,0,0
"COG4531",0,5,3,3,1,5
"COG4533",0,0,0,0,0,0
"COG4535",1,2,0,3,0,1
"COG4536",2,3,1,3,2,3
"COG4538",0,0,0,0,0,0
"COG4539",0,0,0,0,0,0
"COG4540",0,0,0,0,0,0
"COG4541",0,0,0,0,0,0
"COG4542",0,0,0,0,0,0
"COG4544",0,0,0,0,0,0
"COG4547",2,11,4,5,4,7
"COG4548",0,0,1,0,0,1
"COG4549",0,0,0,0,0,0
"COG4551",0,0,0,0,0,0
"COG4552",0,0,0,1,0,0
"COG4553",0,1,0,0,0,0
"COG4555",0,0,1,1,1,1
"COG4558",1,2,0,4,0,4
"COG4559",0,3,1,0,0,2
"COG4564",5,0,0,0,0,0
"COG4565",0,0,0,0,0,0
"COG4566",0,0,0,1,0,0
"COG4567",0,2,2,4,0,3
"COG4568",0,0,0,0,0,0
"COG4569",0,0,0,0,0,0
"COG4570",3,0,0,0,0,0
"COG4572",0,0,0,0,0,0
"COG4573",0,0,0,0,0,0
"COG4574",0,0,0,0,0,0
"COG4575",0,0,0,0,0,0
"COG4576",0,0,0,0,0,0
"COG4577",0,2,0,0,1,1
"COG4579",0,0,1,0,0,0
"COG4580",0,0,0,0,0,0
"COG4581",0,9,4,3,4,3
"COG4582",1,0,0,0,0,0
"COG4583",1,0,5,2,1,3
"COG4584",5,2,2,0,6,0
"COG4585",13,0,0,0,1,0
"COG4586",0,1,1,0,4,2
"COG4587",0,1,0,0,4,1
"COG4588",0,0,0,0,0,0
"COG4589",0,0,0,0,0,0
"COG4590",1,0,0,0,1,0
"COG4591",10,9,6,11,7,15
"COG4592",0,0,0,0,0,0
"COG4594",0,0,0,0,0,0
"COG4597",2,7,3,1,3,5
"COG4598",2,0,0,0,0,0
"COG4603",1,5,2,8,3,3
"COG4604",0,0,0,0,0,0
"COG4605",0,0,0,0,0,0
"COG4606",0,0,0,0,0,0
"COG4607",0,0,0,0,0,0
"COG4608",0,0,2,7,1,3
"COG4615",0,0,0,0,0,0
"COG4618",1,0,0,0,1,0
"COG4619",0,0,0,0,0,0
"COG4623",3,1,2,0,0,0
"COG4624",0,0,0,0,0,0
"COG4625",1,0,0,1,0,0
"COG4626",1,0,0,1,0,0
"COG4627",0,0,0,1,0,0
"COG4628",0,0,0,0,0,0
"COG4630",0,4,2,3,2,2
"COG4631",1,1,5,4,3,6
"COG4632",0,0,0,0,0,0
"COG4633",1,0,0,0,0,0
"COG4634",0,0,0,0,0,0
"COG4635",0,0,3,0,0,1
"COG4636",0,0,0,1,0,1
"COG4637",0,0,0,0,0,0
"COG4638",2,9,11,19,7,7
"COG4639",0,0,1,0,0,0
"COG4641",1,0,0,1,1,0
"COG4642",0,2,3,0,1,3
"COG4643",0,0,0,0,1,0
"COG4644",1,0,0,1,16,0
"COG4645",0,0,0,0,0,0
"COG4646",7,0,0,0,0,0
"COG4647",0,0,0,0,0,0
"COG4648",0,0,0,0,0,0
"COG4649",0,0,0,0,0,0
"COG4650",0,0,0,0,0,0
"COG4651",2,0,0,0,2,0
"COG4653",1,0,0,0,0,1
"COG4654",0,1,0,0,0,0
"COG4655",0,0,0,0,0,0
"COG4656",2,0,1,0,1,0
"COG4657",0,0,1,0,0,0
"COG4658",1,0,1,0,1,0
"COG4659",0,0,1,0,1,0
"COG4660",0,0,0,0,0,0
"COG4662",1,0,1,0,0,0
"COG4663",1,4,11,9,3,8
"COG4664",8,9,8,15,5,6
"COG4665",1,1,8,0,1,2
"COG4666",4,3,3,1,2,6
"COG4667",0,0,0,0,0,0
"COG4668",0,0,0,0,0,0
"COG4669",0,0,0,0,0,0
"COG4670",0,0,0,0,0,1
"COG4671",0,0,0,0,1,0
"COG4672",3,0,0,0,0,1
"COG4674",0,3,0,0,2,1
"COG4675",1,0,0,0,0,0
"COG4676",0,0,0,0,0,0
"COG4677",9,0,0,0,2,0
"COG4678",0,0,0,0,0,0
"COG4679",0,0,0,0,0,0
"COG4680",0,0,0,0,0,0
"COG4681",1,0,0,0,0,0
"COG4682",0,1,0,0,1,0
"COG4683",0,0,0,0,0,0
"COG4688",1,0,0,0,0,0
"COG4689",0,0,0,0,0,0
"COG4690",0,0,0,1,0,0
"COG4691",0,0,0,0,0,0
"COG4692",0,0,0,1,0,0
"COG4693",0,0,0,0,0,0
"COG4694",0,0,0,0,0,0
"COG4695",4,0,5,0,0,0
"COG4696",0,0,0,0,0,0
"COG4700",0,0,0,0,0,0
"COG4701",0,0,0,0,0,0
"COG4702",0,0,0,0,0,0
"COG4704",0,0,0,1,0,1
"COG4705",0,0,0,0,0,0
"COG4706",0,0,0,0,0,0
"COG4710",0,0,0,0,0,0
"COG4711",0,0,0,0,0,0
"COG4712",0,0,0,0,0,0
"COG4713",0,0,0,0,0,0
"COG4714",0,0,0,0,0,0
"COG4715",0,0,0,0,0,0
"COG4716",0,0,0,0,0,0
"COG4717",2,0,0,0,0,0
"COG4718",1,0,0,0,0,0
"COG4719",0,0,0,0,0,0
"COG4720",0,0,0,0,0,0
"COG4721",0,0,0,0,0,0
"COG4723",3,1,0,0,0,0
"COG4724",0,0,0,0,0,0
"COG4725",5,0,1,0,1,0
"COG4726",0,0,0,0,0,0
"COG4727",0,0,0,0,0,0
"COG4728",0,0,1,0,1,0
"COG4729",0,0,0,0,0,0
"COG4731",0,0,1,0,0,0
"COG4733",12,2,1,1,1,2
"COG4734",2,0,0,0,1,0
"COG4735",0,0,0,0,0,0
"COG4736",0,0,0,0,1,0
"COG4737",0,0,0,0,1,0
"COG4738",0,0,0,0,0,0
"COG4741",0,0,0,0,0,0
"COG4742",0,0,0,0,0,0
"COG4743",0,0,0,0,0,0
"COG4744",0,0,0,0,0,0
"COG4745",0,0,0,0,0,0
"COG4746",0,0,0,0,0,0
"COG4747",0,0,0,0,0,0
"COG4748",0,0,0,0,0,0
"COG4750",0,0,0,0,0,0
"COG4752",0,0,0,0,0,0
"COG4753",0,0,0,0,0,0
"COG4754",0,0,0,0,0,0
"COG4757",1,0,0,0,0,0
"COG4759",0,0,0,1,0,0
"COG4760",0,1,1,2,1,5
"COG4762",0,0,0,0,0,0
"COG4763",0,0,0,0,0,1
"COG4764",0,2,7,1,1,3
"COG4765",0,0,1,0,2,1
"COG4766",0,0,0,0,0,0
"COG4767",0,0,0,0,0,0
"COG4769",0,0,0,0,0,0
"COG4770",4,5,6,8,4,6
"COG4771",9,5,11,5,5,16
"COG4772",4,3,6,6,7,8
"COG4773",2,0,4,2,0,0
"COG4774",1,1,1,0,8,3
"COG4775",19,16,21,16,6,14
"COG4776",0,0,0,0,0,0
"COG4778",0,0,0,0,0,0
"COG4779",0,0,0,0,0,0
"COG4781",0,0,0,0,0,0
"COG4782",0,0,1,0,0,0
"COG4783",4,3,2,1,1,4
"COG4784",1,1,0,3,1,0
"COG4785",0,0,0,0,0,0
"COG4786",6,1,1,1,0,3
"COG4787",2,2,0,0,1,1
"COG4789",0,0,0,0,0,0
"COG4790",0,0,0,0,0,0
"COG4791",0,0,0,0,0,0
"COG4792",0,0,0,0,0,0
"COG4794",0,0,0,0,0,0
"COG4795",0,0,1,0,0,0
"COG4796",3,1,1,1,1,1
"COG4797",0,0,0,0,0,0
"COG4798",0,4,1,0,2,4
"COG4799",3,9,17,13,10,9
"COG4801",0,0,0,0,0,0
"COG4802",0,0,0,0,0,0
"COG4803",0,0,0,0,0,0
"COG4804",1,0,0,0,1,0
"COG4805",1,4,5,5,9,15
"COG4806",0,0,0,0,0,0
"COG4807",0,0,0,0,0,0
"COG4809",0,0,0,0,0,0
"COG4813",0,0,0,0,0,0
"COG4815",0,0,0,0,0,0
"COG4819",0,0,0,0,0,0
"COG4821",0,0,0,0,0,0
"COG4823",0,0,0,0,0,0
"COG4825",0,0,0,0,0,0
"COG4826",0,0,0,0,0,0
"COG4828",0,0,0,0,0,0
"COG4829",0,0,0,0,0,0
"COG4830",0,0,0,0,0,0
"COG4832",0,0,0,0,0,0
"COG4833",0,0,0,0,0,0
"COG4834",0,0,0,0,0,0
"COG4842",0,0,0,0,0,0
"COG4843",0,0,0,0,0,0
"COG4845",0,0,0,0,0,0
"COG4848",0,0,0,0,0,0
"COG4849",1,0,0,0,0,0
"COG4850",0,0,0,0,0,0
"COG4852",0,0,0,0,1,0
"COG4856",0,0,0,0,0,0
"COG4857",0,0,0,0,1,0
"COG4859",0,0,0,0,0,0
"COG4860",0,0,0,0,0,0
"COG4861",0,0,0,0,0,0
"COG4864",0,0,1,0,2,2
"COG4865",0,0,0,0,0,0
"COG4866",0,0,0,0,0,0
"COG4867",2,0,0,1,0,0
"COG4869",0,0,0,0,0,0
"COG4870",1,0,0,0,1,0
"COG4872",1,0,0,0,0,0
"COG4874",0,1,0,2,1,2
"COG4875",0,0,0,1,0,1
"COG4877",0,0,0,0,0,0
"COG4878",8,0,0,0,0,0
"COG4880",0,0,3,0,2,1
"COG4886",5,2,3,2,6,2
"COG4887",0,0,0,0,0,0
"COG4888",0,0,0,0,0,0
"COG4889",10,1,2,1,2,0
"COG4890",0,0,0,0,0,0
"COG4891",0,0,0,0,0,0
"COG4892",0,0,0,0,0,0
"COG4894",0,0,0,0,0,0
"COG4895",0,0,0,0,0,0
"COG4898",1,0,0,0,0,0
"COG4899",0,0,0,0,0,0
"COG4901",0,0,0,0,0,0
"COG4902",0,0,0,0,0,0
"COG4906",0,0,0,0,0,0
"COG4907",4,1,0,0,1,1
"COG4908",0,0,0,0,0,0
"COG4909",0,0,0,0,0,0
"COG4910",0,0,0,0,0,0
"COG4911",0,0,0,1,0,0
"COG4912",1,0,0,0,0,0
"COG4913",0,0,0,0,2,0
"COG4916",0,0,0,0,0,0
"COG4922",1,0,0,0,0,0
"COG4923",0,0,0,0,0,0
"COG4924",0,0,0,0,0,0
"COG4925",0,0,0,0,0,0
"COG4926",0,0,0,0,0,0
"COG4927",0,0,0,0,0,0
"COG4928",0,0,1,0,0,0
"COG4929",0,0,0,0,0,0
"COG4930",0,0,0,0,0,0
"COG4932",0,0,0,0,0,0
"COG4933",0,0,0,0,0,0
"COG4934",0,0,0,0,0,0
"COG4935",1,0,2,2,0,3
"COG4937",0,0,0,0,0,0
"COG4938",0,0,0,0,0,0
"COG4941",0,0,0,0,0,0
"COG4942",3,0,1,1,2,0
"COG4943",0,0,0,0,0,0
"COG4944",0,0,0,0,0,0
"COG4945",0,2,0,0,0,1
"COG4946",7,1,1,2,2,0
"COG4947",0,0,0,0,0,0
"COG4948",9,7,15,27,10,11
"COG4949",0,0,0,0,1,0
"COG4950",0,0,0,0,0,0
"COG4951",0,0,2,0,0,0
"COG4952",0,1,0,1,0,0
"COG4953",1,0,0,0,2,0
"COG4954",0,0,0,0,0,0
"COG4955",0,0,0,0,0,0
"COG4956",0,3,0,3,0,1
"COG4957",0,0,0,0,0,0
"COG4959",0,0,0,0,1,0
"COG4960",0,0,0,0,0,0
"COG4961",0,0,0,0,0,0
"COG4962",2,0,1,0,0,1
"COG4963",1,0,0,1,0,0
"COG4964",2,0,0,0,0,0
"COG4965",1,1,0,0,1,0
"COG4966",0,0,1,0,0,0
"COG4967",0,0,0,0,0,0
"COG4968",0,0,0,1,0,0
"COG4969",2,0,0,0,0,1
"COG4970",2,0,0,0,0,0
"COG4972",0,2,5,1,3,1
"COG4973",3,1,1,3,0,1
"COG4974",15,5,8,8,4,7
"COG4976",0,0,0,0,1,0
"COG4977",5,0,1,0,2,2
"COG4978",0,0,0,0,0,0
"COG4981",0,0,0,0,0,0
"COG4982",0,0,0,0,0,0
"COG4983",16,1,1,0,0,0
"COG4984",0,0,0,0,0,0
"COG4985",0,0,1,0,0,0
"COG4986",0,0,0,0,0,0
"COG4987",0,0,1,0,2,0
"COG4988",2,0,1,0,1,0
"COG4989",2,0,0,1,1,0
"COG4991",0,0,1,0,0,0
"COG4992",9,9,9,11,6,14
"COG4993",1,2,1,8,5,5
"COG4994",0,0,0,0,0,0
"COG4995",10,1,1,3,4,1
"COG4997",0,0,0,0,0,0
"COG4999",0,0,0,0,0,0
"COG5000",8,4,4,3,0,12
"COG5001",24,1,8,1,12,1
"COG5002",3,0,0,1,3,0
"COG5004",0,0,0,0,0,0
"COG5005",0,0,1,0,0,0
"COG5006",0,0,0,1,0,0
"COG5007",0,0,0,1,0,1
"COG5008",2,0,0,0,1,0
"COG5009",8,12,12,12,4,10
"COG5010",0,0,0,0,0,0
"COG5011",0,0,1,0,1,0
"COG5012",1,0,0,4,0,0
"COG5013",0,0,1,0,0,0
"COG5014",0,0,0,0,1,0
"COG5015",0,0,0,0,0,0
"COG5016",2,2,2,0,3,2
"COG5017",0,0,0,0,0,0
"COG5018",1,0,0,0,0,0
"COG5019",0,0,0,0,0,0
"COG5020",0,0,0,0,1,0
"COG5021",0,0,0,0,0,0
"COG5022",0,0,0,0,0,0
"COG5023",0,0,0,0,0,0
"COG5024",0,0,0,0,0,0
"COG5026",0,0,0,0,0,0
"COG5027",0,0,0,0,0,0
"COG5028",0,0,0,0,0,0
"COG5029",0,0,0,1,0,0
"COG5030",0,0,0,0,0,0
"COG5031",0,0,0,0,0,0
"COG5032",0,1,0,1,1,0
"COG5033",0,0,0,0,0,0
"COG5034",0,0,0,0,0,0
"COG5035",0,0,0,0,0,0
"COG5036",0,0,0,0,0,0
"COG5038",0,0,0,0,0,0
"COG5039",0,0,0,0,0,0
"COG5040",0,0,0,0,0,0
"COG5041",0,0,0,0,0,0
"COG5042",0,0,0,0,2,0
"COG5043",0,0,0,1,0,0
"COG5044",0,0,0,0,0,0
"COG5045",0,0,0,0,0,0
"COG5046",0,0,0,0,0,0
"COG5047",0,0,0,0,0,0
"COG5048",0,0,0,0,0,0
"COG5049",0,0,0,1,0,0
"COG5050",0,0,0,0,0,0
"COG5051",0,0,0,0,0,0
"COG5052",0,0,0,0,0,0
"COG5053",0,0,0,0,0,0
"COG5054",0,2,0,0,0,0
"COG5055",0,0,0,0,0,0
"COG5056",0,0,0,1,0,0
"COG5057",0,0,0,0,0,0
"COG5058",0,0,0,0,0,0
"COG5059",0,1,1,1,0,0
"COG5061",0,0,0,0,0,0
"COG5062",0,0,0,0,0,0
"COG5063",0,0,0,0,0,0
"COG5064",0,0,0,1,0,0
"COG5065",0,0,0,0,0,0
"COG5066",0,0,0,0,0,0
"COG5068",0,0,0,0,0,0
"COG5069",0,0,0,0,0,0
"COG5070",0,0,0,0,0,0
"COG5071",0,0,0,0,0,0
"COG5072",0,0,0,0,0,0
"COG5074",0,0,0,0,0,0
"COG5075",0,0,0,0,0,0
"COG5076",0,1,0,0,0,0
"COG5077",0,0,0,1,0,0
"COG5078",0,0,2,0,0,0
"COG5079",0,0,0,0,0,0
"COG5080",0,0,0,0,0,0
"COG5082",0,0,0,0,0,0
"COG5083",0,0,0,0,0,0
"COG5084",0,0,0,0,0,0
"COG5086",0,0,0,0,0,0
"COG5088",0,0,0,0,0,0
"COG5090",0,0,0,0,0,0
"COG5091",0,0,0,0,0,0
"COG5092",1,0,0,0,0,0
"COG5093",0,0,0,0,0,0
"COG5094",0,0,0,0,0,0
"COG5095",0,0,1,0,0,0
"COG5096",0,0,0,0,0,0
"COG5097",0,0,0,0,0,0
"COG5098",0,0,0,0,0,0
"COG5099",0,0,0,0,0,0
"COG5100",0,0,0,0,0,0
"COG5101",0,0,0,0,0,0
"COG5102",0,0,0,0,0,0
"COG5103",0,0,0,0,0,0
"COG5104",0,0,0,0,0,0
"COG5105",0,0,0,0,0,0
"COG5106",0,0,0,0,0,0
"COG5107",0,0,0,0,0,0
"COG5108",2,4,2,2,9,3
"COG5109",0,0,0,0,0,0
"COG5110",0,0,0,0,0,0
"COG5111",0,0,0,0,0,0
"COG5112",0,0,0,0,0,0
"COG5113",0,0,0,0,0,0
"COG5114",0,0,0,0,0,0
"COG5116",0,0,0,0,0,0
"COG5117",0,0,0,0,0,0
"COG5118",0,0,0,0,0,0
"COG5119",0,0,0,0,0,0
"COG5120",0,0,0,0,0,0
"COG5122",0,0,0,0,0,0
"COG5123",0,0,0,0,0,0
"COG5124",0,0,0,0,0,0
"COG5125",0,0,0,0,0,0
"COG5126",0,1,0,0,0,1
"COG5127",0,0,0,0,0,0
"COG5128",0,0,0,0,0,0
"COG5129",0,0,0,0,0,0
"COG5132",0,0,0,0,0,0
"COG5133",0,0,0,0,0,0
"COG5134",0,0,0,0,0,0
"COG5135",0,1,0,0,1,0
"COG5137",0,0,0,0,0,0
"COG5138",0,0,0,0,0,0
"COG5139",0,0,0,0,0,0
"COG5140",0,0,0,0,0,0
"COG5141",0,0,0,0,0,0
"COG5142",0,0,0,0,0,0
"COG5143",0,0,0,0,0,0
"COG5144",0,0,0,0,0,0
"COG5145",0,0,0,0,0,0
"COG5146",0,0,0,0,0,0
"COG5147",0,0,0,0,0,0
"COG5148",0,0,0,0,0,0
"COG5149",0,0,0,0,0,0
"COG5150",0,0,0,0,0,0
"COG5151",0,0,0,0,0,0
"COG5152",0,0,0,0,0,0
"COG5154",0,0,0,0,0,0
"COG5155",0,0,0,0,0,0
"COG5156",0,0,0,0,0,0
"COG5157",0,0,0,0,0,0
"COG5158",0,0,0,0,0,0
"COG5159",0,0,0,0,0,0
"COG5160",0,0,0,0,0,0
"COG5161",0,0,0,0,0,0
"COG5162",0,0,0,0,0,0
"COG5163",0,0,0,0,0,0
"COG5164",0,0,0,1,0,0
"COG5165",0,0,0,0,0,0
"COG5167",0,0,0,0,0,0
"COG5169",0,0,0,0,0,0
"COG5170",0,0,0,0,0,0
"COG5171",0,0,0,0,0,0
"COG5173",0,0,0,0,0,0
"COG5174",0,0,0,0,0,0
"COG5175",0,0,0,0,0,0
"COG5176",0,0,0,0,0,0
"COG5177",0,0,0,0,0,0
"COG5178",0,0,0,0,0,0
"COG5179",0,0,0,0,0,0
"COG5180",0,0,0,0,0,0
"COG5181",0,0,0,0,0,0
"COG5182",0,0,0,0,0,0
"COG5183",0,0,0,0,0,0
"COG5184",6,2,0,4,3,7
"COG5185",0,0,0,0,0,0
"COG5186",0,0,0,0,0,0
"COG5187",0,0,0,0,0,0
"COG5188",0,0,0,0,0,0
"COG5190",0,0,0,0,0,0
"COG5191",0,0,0,0,0,0
"COG5192",0,0,0,0,0,0
"COG5193",0,0,0,0,0,0
"COG5194",0,0,0,0,0,0
"COG5196",0,0,0,0,0,0
"COG5197",0,0,0,0,0,0
"COG5198",0,0,0,0,0,0
"COG5199",0,0,0,0,0,0
"COG5200",0,0,0,0,0,0
"COG5201",0,0,0,0,0,0
"COG5202",0,0,0,0,0,0
"COG5204",0,0,0,0,0,0
"COG5206",0,0,0,0,0,0
"COG5207",0,0,0,0,0,0
"COG5208",0,0,0,0,0,0
"COG5209",0,0,0,0,0,0
"COG5210",0,0,0,0,0,0
"COG5211",0,0,0,0,0,0
"COG5212",0,0,0,0,0,0
"COG5213",0,0,0,0,0,0
"COG5214",0,0,0,0,0,0
"COG5215",0,0,0,1,0,0
"COG5216",0,0,0,0,0,0
"COG5217",0,0,0,0,0,0
"COG5218",0,0,0,0,0,0
"COG5219",0,0,0,0,0,0
"COG5220",0,0,0,0,0,0
"COG5222",0,0,0,0,0,0
"COG5223",0,0,0,0,0,0
"COG5224",0,0,0,0,0,0
"COG5225",0,0,0,0,0,0
"COG5226",1,0,0,0,0,0
"COG5227",0,0,0,0,0,0
"COG5228",0,0,1,0,0,0
"COG5229",0,0,0,0,0,0
"COG5230",0,0,0,0,0,0
"COG5231",0,0,0,0,0,0
"COG5232",0,0,0,0,0,0
"COG5233",0,0,0,0,0,0
"COG5234",0,0,0,0,0,0
"COG5235",0,0,0,0,0,0
"COG5236",0,0,0,0,0,0
"COG5237",0,0,0,0,0,0
"COG5238",0,0,0,0,0,0
"COG5239",0,0,0,0,0,0
"COG5240",0,0,0,0,0,0
"COG5241",0,0,0,0,0,0
"COG5242",0,0,0,0,0,0
"COG5243",0,0,0,1,0,0
"COG5244",0,0,0,0,0,0
"COG5245",0,0,2,3,0,0
"COG5246",0,0,0,0,0,0
"COG5247",0,0,0,0,0,0
"COG5248",0,0,0,0,0,0
"COG5249",0,0,0,0,0,0
"COG5250",0,0,0,0,0,0
"COG5251",0,0,0,0,0,0
"COG5252",0,0,0,0,0,0
"COG5253",0,0,0,0,0,0
"COG5254",0,0,0,0,0,0
"COG5255",0,0,0,1,0,0
"COG5256",0,2,0,1,0,1
"COG5257",0,0,1,1,2,0
"COG5258",0,0,1,0,0,0
"COG5259",0,0,0,0,0,0
"COG5260",0,1,0,0,0,0
"COG5261",0,0,0,0,0,0
"COG5262",0,0,0,0,0,0
"COG5263",0,0,0,0,0,0
"COG5264",0,0,0,1,0,0
"COG5265",0,0,1,0,2,0
"COG5266",0,0,0,0,0,0
"COG5267",2,2,2,2,1,5
"COG5268",1,0,0,0,0,0
"COG5269",0,0,0,0,0,0
"COG5271",1,0,0,0,0,0
"COG5272",0,0,0,0,0,1
"COG5273",0,0,0,0,0,0
"COG5274",0,0,0,0,0,0
"COG5275",0,0,0,0,0,0
"COG5276",2,2,1,2,1,1
"COG5277",0,0,0,0,0,0
"COG5278",0,0,0,0,0,0
"COG5279",0,0,0,0,0,1
"COG5280",0,0,1,0,0,0
"COG5281",5,0,0,0,0,0
"COG5282",0,0,0,0,0,0
"COG5283",6,1,0,0,0,1
"COG5285",2,5,5,2,2,3
"COG5290",0,0,0,0,0,0
"COG5291",0,0,0,0,0,0
"COG5293",0,0,0,0,0,0
"COG5295",2,0,1,0,1,0
"COG5296",0,0,0,0,0,0
"COG5297",0,0,0,0,0,0
"COG5301",6,0,1,3,2,0
"COG5302",0,0,0,0,0,0
"COG5304",0,0,0,0,0,0
"COG5305",0,0,2,0,0,0
"COG5306",1,0,0,1,1,0
"COG5307",0,0,0,0,0,0
"COG5308",0,0,0,0,0,0
"COG5309",0,0,0,0,0,0
"COG5310",0,0,0,0,0,0
"COG5314",0,0,0,0,1,0
"COG5316",0,0,0,0,2,2
"COG5317",0,0,0,0,0,0
"COG5319",0,1,2,2,0,1
"COG5321",0,0,0,0,0,0
"COG5322",1,2,2,0,2,0
"COG5323",1,0,0,0,0,0
"COG5324",0,0,0,0,0,0
"COG5325",0,0,0,0,0,0
"COG5328",0,0,0,0,0,0
"COG5329",0,0,0,0,0,0
"COG5330",1,0,0,0,0,0
"COG5331",1,0,0,0,1,0
"COG5333",0,0,0,0,0,0
"COG5336",0,0,1,0,0,1
"COG5337",4,2,2,3,3,1
"COG5338",0,0,0,0,0,0
"COG5339",0,0,0,0,0,0
"COG5340",0,0,0,0,0,0
"COG5342",0,0,0,0,0,0
"COG5343",0,0,0,0,1,0
"COG5345",0,0,0,2,1,0
"COG5346",0,0,0,0,0,0
"COG5347",0,0,0,0,0,0
"COG5349",1,0,0,0,0,0
"COG5350",0,0,0,1,1,0
"COG5351",0,0,0,0,1,0
"COG5352",0,3,6,3,1,3
"COG5354",0,0,0,0,0,0
"COG5360",1,4,7,5,2,4
"COG5361",0,0,0,0,0,0
"COG5362",66,2,0,0,2,2
"COG5368",0,0,0,0,0,0
"COG5369",0,0,0,0,0,0
"COG5371",0,0,0,0,0,0
"COG5373",0,0,1,0,1,1
"COG5375",1,0,0,1,0,0
"COG5377",3,0,1,0,1,0
"COG5379",0,0,0,0,0,0
"COG5380",0,0,0,0,0,0
"COG5381",0,0,0,0,0,0
"COG5383",0,0,1,0,0,0
"COG5384",0,0,0,0,0,0
"COG5385",0,0,0,0,0,0
"COG5387",0,1,0,0,1,0
"COG5388",0,0,0,0,0,0
"COG5389",0,1,1,0,0,0
"COG5391",0,0,0,0,1,0
"COG5393",0,0,0,0,0,0
"COG5394",2,0,0,0,0,0
"COG5395",1,1,0,0,0,0
"COG5397",0,0,0,0,0,0
"COG5398",0,2,3,1,3,0
"COG5400",0,0,0,0,0,0
"COG5401",0,0,0,0,0,0
"COG5402",0,1,0,0,0,0
"COG5403",0,0,0,0,0,0
"COG5404",0,0,0,0,0,0
"COG5405",0,2,4,2,1,2
"COG5406",0,0,0,0,0,0
"COG5407",0,0,0,0,0,0
"COG5409",0,0,0,0,0,0
"COG5410",92,2,0,0,0,2
"COG5411",0,0,0,0,0,0
"COG5412",0,0,0,0,0,0
"COG5413",0,0,1,0,1,0
"COG5419",1,0,0,0,0,0
"COG5421",0,0,4,0,4,0
"COG5422",0,0,0,0,0,0
"COG5423",0,0,0,0,0,0
"COG5424",3,3,1,0,0,0
"COG5425",1,0,0,1,0,0
"COG5426",3,0,0,0,0,0
"COG5427",0,0,1,2,1,0
"COG5428",0,0,0,0,0,0
"COG5429",1,0,0,0,1,0
"COG5430",0,0,0,0,1,0
"COG5431",0,0,0,0,0,0
"COG5432",0,0,0,0,0,0
"COG5433",0,0,1,0,0,0
"COG5434",2,0,0,0,0,0
"COG5436",0,0,0,0,0,0
"COG5437",1,0,0,0,0,0
"COG5438",0,0,0,0,0,0
"COG5439",0,0,0,0,0,0
"COG5440",0,0,0,0,0,0
"COG5441",1,0,0,0,0,0
"COG5442",1,0,0,0,0,0
"COG5443",0,0,0,0,0,0
"COG5444",0,0,0,0,0,0
"COG5446",0,0,0,0,0,0
"COG5447",0,0,0,0,1,0
"COG5448",0,0,0,0,0,0
"COG5449",0,0,0,0,0,0
"COG5450",0,0,0,0,0,0
"COG5451",0,0,0,0,0,0
"COG5452",0,0,2,0,0,0
"COG5453",0,0,0,0,0,0
"COG5454",0,0,0,0,0,0
"COG5455",0,0,0,0,0,0
"COG5456",0,0,0,0,0,0
"COG5457",0,0,0,0,0,0
"COG5458",0,0,0,0,0,0
"COG5459",0,0,0,0,0,0
"COG5460",0,0,0,0,0,0
"COG5461",0,0,0,0,0,0
"COG5462",0,0,0,0,0,0
"COG5463",0,0,0,0,0,0
"COG5464",0,0,1,0,1,0
"COG5465",1,0,1,3,0,0
"COG5466",0,0,0,0,0,0
"COG5467",0,1,1,1,0,0
"COG5468",0,0,0,0,0,0
"COG5469",0,0,0,0,0,0
"COG5470",0,1,0,2,0,2
"COG5471",0,0,0,0,0,0
"COG5472",0,0,0,0,0,0
"COG5473",0,0,0,0,0,0
"COG5474",0,0,0,0,0,0
"COG5476",0,1,3,4,2,3
"COG5477",0,0,0,0,0,0
"COG5478",0,0,0,0,0,0
"COG5479",0,0,1,1,0,0
"COG5480",0,0,0,0,0,0
"COG5481",0,0,0,0,0,0
"COG5482",0,0,0,0,0,0
"COG5483",0,0,0,0,0,0
"COG5484",0,0,0,0,0,0
"COG5485",0,0,0,0,0,0
"COG5486",0,0,0,0,1,1
"COG5488",1,1,0,0,0,1
"COG5489",1,0,0,0,0,0
"COG5490",0,0,0,0,0,0
"COG5491",0,0,0,0,0,0
"COG5492",0,0,0,0,0,0
"COG5493",0,0,0,0,0,0
"COG5495",0,0,0,0,0,0
"COG5496",0,0,0,0,0,0
"COG5497",0,0,0,0,0,0
"COG5498",14,0,0,0,0,0
"COG5499",0,0,0,0,0,0
"COG5500",0,0,0,1,0,0
"COG5501",1,0,0,0,0,0
"COG5502",0,0,0,0,0,0
"COG5504",0,0,0,0,0,0
"COG5505",0,0,0,0,0,0
"COG5507",0,0,0,0,1,0
"COG5508",0,0,0,0,0,0
"COG5509",0,0,0,0,0,0
"COG5511",2,0,1,0,0,0
"COG5512",0,0,0,0,0,0
"COG5513",0,0,0,0,0,0
"COG5514",0,0,0,0,0,0
"COG5515",0,0,0,0,0,0
"COG5516",0,0,0,0,0,0
"COG5517",0,0,0,0,1,0
"COG5518",0,0,0,0,0,0
"COG5519",5,0,0,1,2,0
"COG5520",1,1,1,0,1,1
"COG5522",1,3,2,1,1,3
"COG5523",0,0,0,0,0,0
"COG5524",0,0,0,0,0,0
"COG5525",2,1,1,0,2,0
"COG5526",0,0,0,0,0,0
"COG5527",0,0,0,0,0,1
"COG5528",1,0,0,0,0,0
"COG5529",0,0,0,0,0,0
"COG5530",0,0,0,0,0,0
"COG5531",0,0,0,0,0,0
"COG5532",0,0,0,0,0,0
"COG5533",0,0,0,0,0,0
"COG5534",0,0,0,0,1,0
"COG5535",0,0,0,0,0,0
"COG5536",0,0,0,0,0,0
"COG5537",0,0,0,0,0,0
"COG5539",0,0,0,0,0,0
"COG5540",0,0,0,0,1,0
"COG5541",0,0,0,0,0,0
"COG5542",0,0,0,0,0,0
"COG5543",0,0,0,0,0,0
"COG5545",5,4,0,0,3,0
"COG5549",0,0,0,0,0,0
"COG5551",0,0,0,0,0,0
"COG5552",0,0,0,0,0,0
"COG5553",0,0,0,0,0,0
"COG5555",0,0,0,0,0,0
"COG5556",0,0,0,0,0,0
"COG5557",3,1,0,4,1,4
"COG5560",0,0,0,0,0,0
"COG5562",0,0,0,0,0,0
"COG5563",0,0,1,1,0,0
"COG5564",0,0,0,0,0,0
"COG5565",0,0,0,0,0,0
"COG5566",0,0,0,0,0,0
"COG5568",0,0,0,0,0,0
"COG5569",0,0,0,0,0,0
"COG5571",0,0,0,0,0,0
"COG5572",0,0,0,0,0,0
"COG5573",0,0,0,0,0,0
"COG5574",0,0,0,0,0,0
"COG5575",0,0,0,0,0,0
"COG5576",0,0,0,0,0,0
"COG5579",0,0,0,0,0,0
"COG5580",0,0,0,0,0,0
"COG5581",0,0,0,0,0,0
"COG5583",0,0,0,0,0,0
"COG5585",0,0,0,0,0,0
"COG5586",0,0,0,0,0,0
"COG5587",0,0,0,0,0,0
"COG5588",1,0,0,0,0,0
"COG5589",1,0,0,0,0,0
"COG5590",0,0,1,0,0,0
"COG5591",0,0,0,0,0,0
"COG5593",0,0,0,0,0,0
"COG5594",0,0,0,1,0,0
"COG5595",0,0,0,0,0,0
"COG5596",0,0,0,0,0,0
"COG5597",0,0,0,0,0,0
"COG5598",0,2,2,2,3,1
"COG5599",0,0,0,0,0,0
"COG5600",0,0,0,0,0,0
"COG5601",0,0,0,0,0,0
"COG5602",0,0,0,0,0,0
"COG5603",0,0,0,0,0,0
"COG5604",0,0,0,0,0,0
"COG5605",0,0,1,0,0,0
"COG5606",0,0,0,0,0,0
"COG5607",0,0,0,0,0,0
"COG5608",1,0,0,0,0,0
"COG5610",0,0,0,0,0,0
"COG5611",0,0,0,0,0,0
"COG5613",0,0,0,0,0,0
"COG5614",0,0,0,0,0,0
"COG5615",0,0,0,0,0,0
"COG5616",7,10,4,8,3,2
"COG5618",0,0,0,0,0,0
"COG5619",0,0,0,0,1,0
"COG5620",0,0,0,0,0,0
"COG5621",3,0,1,0,0,0
"COG5622",0,0,0,0,0,0
"COG5623",0,0,0,0,0,0
"COG5624",0,0,0,0,0,0
"COG5626",0,0,0,0,0,0
"COG5628",0,0,0,0,0,0
"COG5630",0,0,0,0,0,0
"COG5631",0,0,0,0,0,0
"COG5632",1,0,0,0,0,0
"COG5633",0,0,0,0,0,0
"COG5635",0,0,1,0,0,0
"COG5636",0,0,0,0,0,0
"COG5637",0,3,0,0,1,0
"COG5638",0,0,0,0,0,0
"COG5639",0,0,0,0,0,0
"COG5640",2,0,0,1,2,0
"COG5641",0,0,0,0,0,0
"COG5642",0,0,0,0,0,0
"COG5644",0,0,0,0,0,0
"COG5645",0,0,0,0,0,0
"COG5646",0,0,0,0,0,0
"COG5647",0,0,0,0,0,0
"COG5648",0,0,0,0,0,0
"COG5649",0,0,0,0,0,0
"COG5650",0,0,0,0,0,0
"COG5651",0,0,0,0,0,0
"COG5652",0,0,0,0,0,0
"COG5653",0,0,0,0,0,1
"COG5654",0,0,0,0,0,1
"COG5655",0,0,0,0,0,0
"COG5656",0,0,0,0,0,0
"COG5657",0,0,0,0,0,0
"COG5658",0,0,0,0,0,0
"COG5659",0,0,0,0,0,0
"COG5660",0,0,0,0,0,2
"COG5661",0,0,0,0,0,0
"COG5662",0,0,0,0,0,0
"COG5663",0,0,0,0,0,0
"COG5664",0,0,0,0,0,0
"COG5665",0,0,0,0,0,0
