"","NLM032","DLM002","DLM022","DOM026","DOM021","NLF013"
"COG0001",26,18,25,23,18,8
"COG0002",43,36,30,39,58,35
"COG0003",2,3,8,24,23,5
"COG0004",64,62,38,47,30,41
"COG0005",30,35,23,20,29,32
"COG0006",114,100,106,139,125,131
"COG0007",22,21,24,17,9,11
"COG0008",159,171,140,120,137,144
"COG0009",53,51,69,60,57,67
"COG0010",13,14,12,18,10,14
"COG0011",0,1,3,1,0,0
"COG0012",60,47,71,40,58,62
"COG0013",134,113,134,99,124,110
"COG0014",56,55,38,41,63,59
"COG0015",61,61,55,59,56,71
"COG0016",57,46,62,36,59,53
"COG0017",83,66,65,57,44,55
"COG0018",59,55,77,72,59,93
"COG0019",116,102,55,101,91,93
"COG0020",32,58,41,42,38,38
"COG0021",20,48,41,45,69,58
"COG0022",1,5,12,9,2,2
"COG0023",5,7,3,9,18,8
"COG0024",83,71,49,60,45,70
"COG0025",6,9,9,4,5,44
"COG0026",3,0,2,1,4,4
"COG0027",8,18,10,24,31,26
"COG0028",106,123,87,136,97,115
"COG0029",48,31,30,51,38,24
"COG0030",87,70,84,95,86,53
"COG0031",65,54,66,60,41,74
"COG0033",3,0,1,0,0,1
"COG0034",75,87,87,117,100,98
"COG0035",26,41,32,36,38,33
"COG0036",53,46,56,35,31,46
"COG0037",123,96,110,103,117,94
"COG0038",60,65,49,79,117,66
"COG0039",67,70,44,67,80,63
"COG0040",29,35,30,36,35,31
"COG0041",30,26,9,39,24,29
"COG0042",92,70,81,71,46,41
"COG0043",6,20,15,4,5,3
"COG0044",65,75,46,70,81,58
"COG0045",0,6,24,6,8,2
"COG0046",123,134,82,109,131,102
"COG0047",83,81,64,87,74,95
"COG0048",22,20,21,15,19,16
"COG0049",35,30,34,16,22,32
"COG0050",59,62,81,54,83,63
"COG0051",13,12,21,23,19,20
"COG0052",35,41,61,35,40,38
"COG0053",54,41,64,67,45,76
"COG0054",20,20,8,9,29,28
"COG0055",71,88,46,33,33,52
"COG0056",84,83,55,46,47,60
"COG0057",58,59,79,22,40,25
"COG0058",169,150,161,150,133,133
"COG0059",62,49,26,44,49,45
"COG0060",119,128,192,92,130,145
"COG0061",43,40,35,28,42,39
"COG0062",22,34,10,34,44,54
"COG0063",40,47,42,31,40,63
"COG0064",61,25,58,25,7,38
"COG0065",34,29,32,50,50,59
"COG0066",31,14,20,26,33,31
"COG0067",117,123,75,98,70,134
"COG0068",15,18,20,7,9,3
"COG0069",103,119,66,105,69,121
"COG0070",93,86,46,88,56,115
"COG0071",23,24,19,40,27,44
"COG0072",103,89,107,55,51,89
"COG0073",155,184,166,106,60,133
"COG0074",4,7,23,3,7,7
"COG0075",28,28,19,20,56,14
"COG0076",4,6,25,27,46,16
"COG0077",49,29,33,32,20,30
"COG0078",49,51,51,68,40,67
"COG0079",101,82,70,74,86,83
"COG0080",23,39,27,24,23,32
"COG0081",47,30,47,34,33,43
"COG0082",51,50,38,31,43,40
"COG0083",14,5,3,2,2,10
"COG0084",55,47,57,44,45,45
"COG0085",171,162,218,158,177,195
"COG0086",165,150,196,118,142,210
"COG0087",36,33,40,42,31,46
"COG0088",46,31,51,36,36,37
"COG0089",25,23,24,20,16,23
"COG0090",42,43,44,27,26,52
"COG0091",31,23,39,20,17,26
"COG0092",32,23,40,26,15,38
"COG0093",27,23,20,19,12,27
"COG0094",24,37,44,29,32,40
"COG0095",4,19,21,4,7,2
"COG0096",19,30,42,22,11,19
"COG0097",36,36,43,24,24,32
"COG0098",29,30,38,32,28,31
"COG0099",33,28,30,13,26,21
"COG0100",22,26,35,19,17,15
"COG0101",62,59,55,40,41,54
"COG0102",30,29,29,19,21,22
"COG0103",23,25,35,27,25,27
"COG0104",73,68,53,50,80,66
"COG0105",7,12,4,8,14,12
"COG0106",39,30,25,20,43,35
"COG0107",37,24,21,41,23,39
"COG0108",35,47,33,27,49,40
"COG0109",0,0,3,0,1,0
"COG0110",127,164,110,195,198,111
"COG0111",75,82,72,60,97,62
"COG0112",46,80,52,49,43,69
"COG0113",16,11,15,13,3,11
"COG0114",5,2,7,7,6,8
"COG0115",76,53,42,48,80,53
"COG0116",37,17,17,41,32,55
"COG0117",44,49,16,13,49,39
"COG0118",18,24,20,10,29,36
"COG0119",93,116,90,106,124,145
"COG0120",4,4,17,8,2,2
"COG0121",0,0,0,0,0,0
"COG0122",25,11,30,19,3,11
"COG0123",3,2,1,0,3,2
"COG0124",61,73,72,53,59,64
"COG0125",18,19,23,10,5,2
"COG0126",60,47,76,38,44,52
"COG0127",46,32,28,46,21,33
"COG0128",41,47,46,53,43,38
"COG0129",66,48,46,75,84,67
"COG0130",50,36,40,34,37,28
"COG0131",35,20,27,32,28,32
"COG0132",17,7,7,20,17,5
"COG0133",42,44,49,42,39,37
"COG0134",21,27,21,36,22,21
"COG0135",21,22,15,18,11,17
"COG0136",44,41,55,31,45,42
"COG0137",67,45,48,49,49,48
"COG0138",67,71,58,67,75,70
"COG0139",26,34,16,34,23,36
"COG0140",31,30,14,24,27,23
"COG0141",44,38,34,43,46,48
"COG0142",55,61,51,55,74,64
"COG0143",77,71,110,71,52,81
"COG0144",114,77,63,95,59,72
"COG0145",3,1,3,1,4,0
"COG0146",1,0,1,0,4,1
"COG0147",55,63,51,82,74,54
"COG0148",91,47,64,59,46,71
"COG0149",43,27,53,22,47,33
"COG0150",46,46,41,42,53,36
"COG0151",39,52,36,45,65,48
"COG0152",46,45,30,41,45,40
"COG0153",50,55,47,58,57,55
"COG0154",47,25,48,28,10,45
"COG0155",8,1,1,3,4,1
"COG0156",34,58,53,62,105,52
"COG0157",29,37,26,53,43,27
"COG0158",0,0,3,0,2,2
"COG0159",28,30,23,38,37,36
"COG0160",10,22,4,10,4,5
"COG0161",21,20,18,24,52,18
"COG0162",63,58,82,46,63,57
"COG0163",5,5,6,0,3,1
"COG0164",37,39,25,25,27,33
"COG0165",46,66,49,44,49,68
"COG0166",72,61,61,64,60,64
"COG0167",55,60,38,67,76,65
"COG0168",150,100,107,156,130,120
"COG0169",44,45,33,40,36,31
"COG0170",0,0,5,0,0,0
"COG0171",61,70,66,65,75,75
"COG0172",71,62,73,63,33,68
"COG0173",94,93,98,95,83,92
"COG0174",46,41,58,42,35,44
"COG0175",30,45,30,58,41,41
"COG0176",29,20,12,23,22,26
"COG0177",37,29,46,33,24,28
"COG0178",169,190,177,139,168,170
"COG0179",12,17,11,15,32,19
"COG0180",59,62,75,65,48,59
"COG0181",27,9,10,18,6,9
"COG0182",6,5,16,5,6,10
"COG0183",19,18,16,16,7,19
"COG0184",12,20,20,21,11,20
"COG0185",27,15,17,17,21,18
"COG0186",23,25,16,16,12,17
"COG0187",157,186,199,169,164,193
"COG0188",222,208,215,180,169,167
"COG0189",4,3,15,13,8,8
"COG0190",45,30,45,44,48,50
"COG0191",71,70,84,57,56,56
"COG0192",64,69,96,72,59,71
"COG0193",30,27,43,23,30,22
"COG0194",49,42,25,61,42,60
"COG0195",55,54,61,60,69,60
"COG0196",30,52,38,35,24,39
"COG0197",36,25,21,21,28,32
"COG0198",23,18,27,15,18,11
"COG0199",12,13,11,8,14,15
"COG0200",27,35,34,30,29,31
"COG0201",79,72,75,60,70,74
"COG0202",55,63,69,42,49,57
"COG0203",27,25,35,22,25,22
"COG0204",87,58,56,94,64,71
"COG0205",159,158,116,180,158,158
"COG0206",54,69,75,57,56,56
"COG0207",27,29,45,29,68,41
"COG0208",12,15,18,16,12,9
"COG0209",33,47,68,39,73,72
"COG0210",200,247,238,154,182,192
"COG0211",16,12,27,10,15,10
"COG0212",30,22,26,25,27,28
"COG0213",27,23,31,1,6,25
"COG0214",9,23,6,13,5,9
"COG0215",58,73,78,58,76,73
"COG0216",45,48,64,34,33,46
"COG0217",35,44,38,33,41,29
"COG0218",43,39,30,17,16,32
"COG0219",23,23,19,11,11,17
"COG0220",34,46,33,45,42,32
"COG0221",13,10,21,14,4,15
"COG0222",19,21,14,22,10,7
"COG0223",57,45,50,50,38,44
"COG0224",69,52,32,36,30,61
"COG0225",17,8,19,10,22,14
"COG0226",53,53,54,47,39,56
"COG0227",6,14,7,8,14,5
"COG0228",11,10,7,13,17,13
"COG0229",9,10,19,7,13,6
"COG0230",2,4,4,17,10,0
"COG0231",28,31,37,19,37,19
"COG0232",67,62,51,52,47,54
"COG0233",26,25,30,27,23,26
"COG0234",26,20,22,11,14,10
"COG0235",43,55,36,49,70,64
"COG0236",41,20,14,37,11,29
"COG0237",29,30,23,31,19,20
"COG0238",22,23,16,9,12,13
"COG0239",6,7,5,12,15,4
"COG0240",55,42,45,40,47,49
"COG0241",22,20,29,26,54,22
"COG0242",56,34,42,33,38,42
"COG0243",22,16,67,6,19,31
"COG0244",19,19,35,11,18,26
"COG0245",30,35,25,28,38,37
"COG0246",69,78,40,44,48,56
"COG0247",32,26,41,21,49,27
"COG0248",31,50,17,29,25,54
"COG0249",93,107,114,135,134,187
"COG0250",31,45,46,30,34,48
"COG0251",30,28,29,37,46,39
"COG0252",48,58,58,74,98,56
"COG0253",38,44,33,27,43,43
"COG0254",12,11,11,8,9,13
"COG0255",13,5,14,12,5,6
"COG0256",14,17,25,24,22,38
"COG0257",4,0,1,7,0,5
"COG0258",123,87,105,94,118,80
"COG0259",5,4,6,6,4,0
"COG0260",5,4,8,0,2,3
"COG0261",15,18,19,22,17,25
"COG0262",38,43,25,36,33,26
"COG0263",25,27,28,48,33,46
"COG0264",49,50,58,47,44,65
"COG0265",69,79,134,62,88,84
"COG0266",2,8,12,4,4,4
"COG0267",7,7,12,8,4,3
"COG0268",11,9,10,11,6,11
"COG0269",1,0,4,0,1,1
"COG0270",87,157,67,59,99,66
"COG0271",0,0,2,0,0,0
"COG0272",85,101,116,60,47,68
"COG0274",31,40,41,32,50,29
"COG0275",72,61,48,56,51,68
"COG0276",3,0,3,0,1,2
"COG0277",29,21,32,6,47,13
"COG0278",0,0,1,0,0,0
"COG0279",16,11,14,14,9,7
"COG0280",83,87,74,119,139,116
"COG0281",49,53,55,69,84,100
"COG0282",67,56,76,32,50,53
"COG0283",50,31,52,24,29,44
"COG0284",43,38,30,42,35,48
"COG0285",56,76,35,64,37,63
"COG0286",135,166,155,128,174,227
"COG0287",24,22,17,41,19,19
"COG0288",9,10,4,9,19,7
"COG0289",42,34,32,36,44,50
"COG0290",43,35,35,34,28,32
"COG0291",6,9,12,11,13,12
"COG0292",19,22,26,13,10,13
"COG0293",0,0,1,0,1,1
"COG0294",20,24,16,25,43,31
"COG0295",14,27,23,21,12,28
"COG0296",95,128,79,144,78,128
"COG0297",61,61,43,62,43,65
"COG0298",1,3,8,1,1,0
"COG0299",34,27,31,40,39,16
"COG0300",45,33,39,32,17,35
"COG0301",33,30,40,27,7,29
"COG0302",21,28,21,24,25,16
"COG0303",41,13,21,14,7,12
"COG0304",71,56,43,133,77,78
"COG0305",95,94,147,80,71,85
"COG0306",8,14,13,9,11,9
"COG0307",18,25,9,21,22,19
"COG0308",7,6,22,3,38,6
"COG0309",28,20,7,15,6,22
"COG0310",10,5,9,9,0,5
"COG0311",6,18,3,5,6,4
"COG0312",25,14,49,15,45,28
"COG0313",59,60,46,63,46,70
"COG0314",0,0,3,0,3,2
"COG0315",17,6,16,10,5,3
"COG0316",1,1,5,0,1,4
"COG0317",118,153,175,114,137,102
"COG0318",67,75,121,98,87,84
"COG0319",39,37,36,27,35,19
"COG0320",6,9,11,23,28,17
"COG0321",8,8,13,10,27,21
"COG0322",74,87,92,68,66,95
"COG0323",78,66,72,61,71,73
"COG0324",52,52,67,41,54,38
"COG0325",36,37,23,31,32,26
"COG0326",95,88,62,111,71,84
"COG0327",16,13,18,18,40,21
"COG0328",6,24,18,10,8,8
"COG0329",74,90,90,85,58,74
"COG0330",57,74,86,48,34,60
"COG0331",50,39,23,41,31,50
"COG0332",46,60,46,70,81,63
"COG0333",8,8,8,7,7,7
"COG0334",83,79,72,88,93,68
"COG0335",8,16,13,20,12,19
"COG0336",41,51,43,24,29,31
"COG0337",54,42,33,48,34,64
"COG0338",30,32,44,40,21,35
"COG0339",35,70,60,73,140,78
"COG0340",49,41,30,46,34,37
"COG0341",47,27,26,44,23,30
"COG0342",66,71,65,66,57,93
"COG0343",29,46,47,51,32,42
"COG0344",36,25,36,31,8,17
"COG0345",40,36,35,31,47,38
"COG0346",45,38,43,58,77,39
"COG0347",58,42,32,48,28,52
"COG0348",54,30,52,40,28,23
"COG0349",0,1,1,0,0,0
"COG0350",22,25,29,35,31,29
"COG0351",26,24,19,39,41,39
"COG0352",39,34,15,41,30,22
"COG0353",34,42,32,37,35,39
"COG0354",0,0,3,0,1,1
"COG0355",11,7,8,9,11,14
"COG0356",53,54,33,42,37,45
"COG0357",34,42,42,46,34,38
"COG0358",146,145,182,124,112,142
"COG0359",21,31,32,20,24,27
"COG0360",19,22,24,18,15,18
"COG0361",19,7,16,14,12,13
"COG0362",17,15,12,26,22,6
"COG0363",39,68,61,81,110,66
"COG0364",8,13,8,21,29,9
"COG0365",23,25,47,36,58,42
"COG0366",207,219,149,371,183,252
"COG0367",94,59,107,100,41,61
"COG0368",10,11,19,5,18,12
"COG0369",1,0,2,0,0,1
"COG0370",144,147,164,88,88,188
"COG0371",19,32,26,28,7,17
"COG0372",78,86,56,76,67,79
"COG0373",10,15,15,18,5,11
"COG0374",7,6,17,0,14,3
"COG0375",7,5,17,2,4,4
"COG0376",0,0,3,0,4,1
"COG0377",7,11,7,7,15,19
"COG0378",12,13,29,5,7,9
"COG0379",32,42,23,37,58,35
"COG0380",4,9,12,23,24,8
"COG0381",44,69,69,51,74,32
"COG0382",12,14,2,2,5,7
"COG0383",29,30,67,57,38,59
"COG0384",1,3,6,1,1,2
"COG0385",20,18,8,10,13,12
"COG0386",2,7,4,13,2,3
"COG0387",0,0,1,0,1,0
"COG0388",129,143,104,120,139,135
"COG0389",105,74,99,76,87,83
"COG0390",5,1,3,7,24,1
"COG0391",8,16,26,1,4,11
"COG0392",23,21,29,21,4,14
"COG0393",5,9,6,21,5,29
"COG0394",48,44,36,46,39,44
"COG0395",275,182,263,193,71,251
"COG0396",41,30,43,24,41,36
"COG0397",0,0,3,0,1,0
"COG0398",13,12,27,2,1,7
"COG0399",89,112,80,100,87,70
"COG0400",1,0,1,0,1,0
"COG0401",0,0,0,0,1,0
"COG0402",23,64,113,21,34,35
"COG0403",19,32,29,23,78,33
"COG0404",26,26,29,19,35,24
"COG0405",1,2,5,0,3,0
"COG0406",72,57,47,60,26,45
"COG0407",4,10,16,17,5,9
"COG0408",0,0,2,0,1,0
"COG0409",6,8,5,6,6,6
"COG0410",19,25,23,6,12,12
"COG0411",18,16,31,8,13,16
"COG0412",1,0,7,0,2,0
"COG0413",8,28,15,15,30,26
"COG0414",13,40,18,35,40,24
"COG0415",0,0,1,0,0,0
"COG0416",30,36,45,21,18,29
"COG0417",1,0,4,0,1,0
"COG0418",1,0,2,0,1,0
"COG0419",86,90,79,92,70,118
"COG0420",55,51,43,69,45,59
"COG0421",20,14,11,13,9,28
"COG0422",37,45,36,51,34,61
"COG0423",64,53,78,74,51,75
"COG0424",28,29,32,32,28,34
"COG0425",21,21,17,31,25,30
"COG0426",73,72,79,54,55,61
"COG0427",35,56,43,44,68,69
"COG0428",35,48,61,18,9,16
"COG0429",0,0,5,0,0,2
"COG0430",0,0,0,0,0,0
"COG0431",3,0,9,1,4,0
"COG0432",7,12,5,12,6,8
"COG0433",44,64,35,25,24,26
"COG0434",4,3,3,3,2,1
"COG0435",6,0,1,4,0,7
"COG0436",193,229,152,250,256,206
"COG0437",15,3,17,4,5,9
"COG0438",385,434,329,704,800,501
"COG0439",75,44,40,85,53,55
"COG0440",33,31,18,21,27,24
"COG0441",126,139,165,112,114,126
"COG0442",72,76,96,58,64,65
"COG0443",79,61,87,76,71,150
"COG0444",94,47,91,35,26,33
"COG0445",119,105,110,99,93,102
"COG0446",134,102,140,119,103,102
"COG0447",6,15,6,15,25,13
"COG0448",118,76,80,105,36,87
"COG0449",94,89,100,89,71,96
"COG0450",13,8,9,24,24,15
"COG0451",181,206,167,220,163,118
"COG0452",66,58,44,59,47,57
"COG0454",157,125,139,187,142,168
"COG0455",4,14,2,12,2,16
"COG0456",26,16,33,30,10,23
"COG0457",145,274,172,255,436,295
"COG0458",156,189,144,165,188,182
"COG0459",67,61,71,60,66,64
"COG0460",62,75,50,53,54,70
"COG0461",33,31,28,27,27,35
"COG0462",67,63,62,59,43,55
"COG0463",722,687,520,808,669,677
"COG0464",27,29,39,29,19,59
"COG0465",145,136,189,93,63,140
"COG0466",103,133,101,72,72,81
"COG0468",62,43,77,57,52,78
"COG0469",48,48,43,72,94,75
"COG0470",14,3,18,5,4,3
"COG0471",100,125,84,80,138,82
"COG0472",88,79,101,41,98,69
"COG0473",53,52,36,44,55,40
"COG0474",216,164,261,176,181,175
"COG0475",67,101,92,121,173,104
"COG0476",25,19,17,23,24,25
"COG0477",213,343,368,250,416,250
"COG0479",19,25,22,12,33,19
"COG0480",329,300,293,305,303,327
"COG0481",85,92,95,68,69,54
"COG0482",75,62,59,88,76,78
"COG0483",21,12,20,19,14,22
"COG0484",64,55,89,44,50,58
"COG0486",66,67,76,61,55,58
"COG0488",346,296,258,324,335,323
"COG0489",113,121,130,140,229,109
"COG0490",0,2,2,0,1,0
"COG0491",75,66,57,50,40,68
"COG0492",48,51,70,63,44,57
"COG0493",164,171,156,130,140,188
"COG0494",145,120,88,113,47,104
"COG0495",114,112,140,119,144,147
"COG0496",4,20,16,8,30,38
"COG0497",92,66,70,55,57,57
"COG0498",67,65,66,54,63,60
"COG0499",6,11,13,12,18,8
"COG0500",187,165,182,176,98,170
"COG0501",20,22,37,12,57,37
"COG0502",47,50,39,71,82,45
"COG0503",80,68,52,60,49,51
"COG0504",66,65,81,56,68,68
"COG0505",60,44,30,48,36,43
"COG0506",9,19,21,30,18,16
"COG0507",250,212,216,325,193,231
"COG0508",5,2,25,6,5,4
"COG0509",12,11,10,13,13,10
"COG0510",27,13,3,16,7,8
"COG0511",36,25,32,51,30,40
"COG0512",16,32,19,23,26,20
"COG0513",118,107,74,130,165,141
"COG0514",114,165,67,248,223,169
"COG0515",194,128,150,114,69,131
"COG0516",72,68,62,66,74,74
"COG0517",92,84,95,94,86,77
"COG0518",67,60,65,69,60,58
"COG0519",60,89,78,50,53,39
"COG0520",46,34,55,74,76,63
"COG0521",6,9,5,4,4,9
"COG0522",33,36,45,21,28,52
"COG0523",44,28,25,36,17,41
"COG0524",175,206,157,188,225,204
"COG0525",105,106,142,60,78,66
"COG0526",129,168,140,229,245,224
"COG0527",83,116,89,90,128,96
"COG0528",39,34,51,33,35,58
"COG0529",6,3,8,13,19,20
"COG0530",51,37,26,24,26,54
"COG0531",66,86,86,77,79,55
"COG0532",90,73,118,51,96,71
"COG0533",53,53,63,41,33,53
"COG0534",988,740,612,759,599,862
"COG0535",123,127,98,122,68,60
"COG0536",65,41,63,43,54,65
"COG0537",51,36,28,49,26,52
"COG0538",40,45,51,46,35,41
"COG0539",83,89,77,81,85,77
"COG0540",39,50,51,36,28,41
"COG0541",56,57,84,65,50,44
"COG0542",280,256,280,245,197,238
"COG0543",90,101,47,77,104,87
"COG0544",124,87,82,92,80,112
"COG0545",22,57,33,56,116,76
"COG0546",94,87,65,85,88,87
"COG0547",29,22,20,45,36,41
"COG0548",30,33,23,40,36,39
"COG0549",20,11,18,13,10,10
"COG0550",208,188,199,316,230,295
"COG0551",55,34,49,53,14,56
"COG0552",55,26,51,34,29,49
"COG0553",208,101,147,194,105,159
"COG0554",42,35,42,35,27,46
"COG0555",11,9,4,16,1,9
"COG0556",60,64,63,67,74,85
"COG0557",91,86,86,72,81,86
"COG0558",35,32,41,18,20,25
"COG0559",17,17,36,3,9,12
"COG0560",35,33,25,42,50,31
"COG0561",240,142,93,161,123,145
"COG0562",65,77,27,48,53,70
"COG0563",48,36,49,30,38,49
"COG0564",171,174,148,132,132,130
"COG0565",0,0,0,0,0,2
"COG0566",135,97,101,114,102,117
"COG0567",0,0,14,0,1,5
"COG0568",55,96,85,53,33,61
"COG0569",105,86,113,105,77,85
"COG0571",32,44,38,35,46,39
"COG0572",58,80,78,44,82,69
"COG0573",36,29,27,42,25,44
"COG0574",132,165,152,131,165,139
"COG0575",36,44,39,36,44,42
"COG0576",32,39,40,17,29,30
"COG0577",509,308,330,368,316,306
"COG0578",6,5,16,4,26,2
"COG0579",15,14,24,7,11,13
"COG0580",5,8,15,7,15,12
"COG0581",42,30,32,42,38,33
"COG0582",587,525,687,429,902,695
"COG0583",338,282,276,201,182,237
"COG0584",58,47,59,84,73,76
"COG0585",0,0,3,0,0,0
"COG0586",13,18,11,25,19,8
"COG0587",171,170,242,156,153,184
"COG0588",8,6,8,22,33,12
"COG0589",26,60,44,56,107,40
"COG0590",35,44,27,30,45,34
"COG0591",90,104,90,97,138,86
"COG0592",69,77,82,55,40,44
"COG0593",19,14,38,30,42,12
"COG0594",24,23,23,14,7,19
"COG0595",53,50,75,30,22,66
"COG0596",50,61,50,24,32,65
"COG0597",33,22,33,17,10,24
"COG0598",50,49,45,59,63,77
"COG0599",18,22,22,21,29,15
"COG0600",41,17,51,21,24,32
"COG0601",111,58,112,58,34,43
"COG0602",52,41,35,49,44,60
"COG0603",14,22,15,16,26,22
"COG0604",0,1,3,0,5,1
"COG0605",5,6,13,6,11,10
"COG0606",74,52,66,66,62,74
"COG0607",50,48,53,61,73,74
"COG0608",71,69,117,58,62,69
"COG0609",57,66,73,73,83,68
"COG0610",129,117,117,93,219,201
"COG0611",7,8,14,9,29,19
"COG0612",100,147,189,171,273,129
"COG0613",27,31,41,10,4,27
"COG0614",79,84,57,73,67,84
"COG0615",28,22,21,16,23,18
"COG0616",26,38,26,35,38,35
"COG0617",47,57,65,60,61,68
"COG0618",62,59,45,48,42,69
"COG0619",52,52,76,46,15,29
"COG0620",39,54,27,22,38,30
"COG0621",162,172,184,177,172,149
"COG0622",42,55,35,38,27,38
"COG0623",6,12,15,8,38,17
"COG0624",105,63,111,100,119,70
"COG0625",3,1,14,0,4,4
"COG0626",18,7,17,15,12,12
"COG0627",32,22,18,37,34,15
"COG0628",134,102,125,95,83,111
"COG0629",61,62,96,57,37,60
"COG0630",4,6,2,0,1,4
"COG0631",42,26,32,31,37,38
"COG0632",35,34,31,14,17,28
"COG0633",0,1,5,0,2,0
"COG0634",23,28,29,29,21,43
"COG0635",96,91,110,87,59,90
"COG0636",22,27,20,33,36,18
"COG0637",94,91,65,110,88,84
"COG0639",25,37,34,20,19,30
"COG0640",30,19,40,17,7,29
"COG0641",138,135,77,153,97,93
"COG0642",1400,1553,1533,1926,1990,1603
"COG0643",13,12,9,14,2,29
"COG0644",8,0,18,0,0,2
"COG0645",0,0,1,0,0,1
"COG0646",129,87,47,98,103,121
"COG0647",8,8,19,6,8,10
"COG0648",38,32,25,47,37,25
"COG0649",17,24,9,29,42,36
"COG0650",1,2,5,0,0,0
"COG0651",6,24,15,0,12,8
"COG0652",47,44,45,46,38,40
"COG0653",133,113,174,117,114,128
"COG0654",0,4,3,0,3,0
"COG0655",50,33,56,62,41,28
"COG0656",44,33,28,30,34,35
"COG0657",87,100,77,101,58,111
"COG0658",77,61,60,57,65,59
"COG0659",60,72,34,74,66,73
"COG0661",8,3,12,6,11,1
"COG0662",20,24,14,14,30,37
"COG0663",18,15,11,22,32,25
"COG0664",83,119,132,137,199,106
"COG0665",16,11,20,7,7,11
"COG0666",8,25,11,1,38,30
"COG0667",82,68,66,94,68,80
"COG0668",59,90,86,82,115,93
"COG0669",29,26,20,37,27,34
"COG0670",11,14,12,1,3,10
"COG0671",51,33,40,56,32,33
"COG0672",1,0,1,0,0,0
"COG0673",161,200,276,201,254,125
"COG0674",129,168,178,129,242,180
"COG0675",93,91,26,61,75,37
"COG0676",1,0,1,0,0,0
"COG0677",14,35,47,11,79,10
"COG0678",1,0,0,0,0,0
"COG0679",81,57,42,60,28,56
"COG0680",2,4,6,0,0,2
"COG0681",72,86,133,107,101,111
"COG0682",53,49,43,43,53,45
"COG0683",22,19,39,8,23,16
"COG0684",2,4,10,1,11,5
"COG0685",56,66,34,54,45,65
"COG0686",10,22,18,18,41,12
"COG0687",63,49,50,54,49,56
"COG0688",24,28,12,19,28,33
"COG0689",3,1,8,0,3,4
"COG0690",1,0,0,0,0,3
"COG0691",20,18,24,18,20,35
"COG0692",19,30,25,25,45,22
"COG0693",42,35,22,31,28,40
"COG0694",1,0,3,0,0,1
"COG0695",1,0,1,0,1,0
"COG0696",66,71,96,61,84,64
"COG0697",110,164,178,119,174,209
"COG0698",31,35,14,23,25,46
"COG0699",2,33,8,3,3,14
"COG0700",23,29,35,32,41,38
"COG0701",12,10,12,0,4,9
"COG0702",10,0,14,2,3,2
"COG0703",39,55,27,34,24,29
"COG0704",29,30,40,40,29,37
"COG0705",24,44,18,47,52,64
"COG0706",89,87,72,72,80,72
"COG0707",83,85,98,72,60,75
"COG0708",27,23,35,26,32,15
"COG0709",17,10,17,8,6,15
"COG0710",21,11,6,14,5,7
"COG0711",18,12,19,22,31,17
"COG0712",18,12,3,8,13,13
"COG0713",5,3,3,4,8,13
"COG0714",81,89,95,100,66,89
"COG0715",46,45,76,23,17,42
"COG0716",69,72,63,72,48,64
"COG0717",6,2,5,0,3,0
"COG0718",20,22,20,8,7,15
"COG0719",105,97,89,87,103,103
"COG0720",10,10,5,9,21,14
"COG0721",12,10,12,8,2,12
"COG0722",24,18,21,19,7,17
"COG0723",8,2,16,3,1,4
"COG0724",10,13,6,29,22,9
"COG0725",14,12,10,10,6,13
"COG0726",124,124,133,118,121,134
"COG0727",5,1,5,3,0,1
"COG0728",2,3,10,0,2,2
"COG0729",2,0,2,0,1,0
"COG0730",11,23,12,3,9,14
"COG0731",6,22,5,25,29,16
"COG0732",78,87,61,62,78,96
"COG0733",140,156,126,152,68,108
"COG0735",53,60,46,44,39,45
"COG0736",8,9,8,0,2,8
"COG0737",64,74,70,43,92,43
"COG0738",57,135,59,162,184,115
"COG0739",171,180,210,157,267,249
"COG0740",52,51,47,48,37,66
"COG0741",64,72,51,65,67,45
"COG0742",28,35,31,25,29,30
"COG0743",49,40,49,43,48,47
"COG0744",113,77,120,43,28,121
"COG0745",701,683,607,879,776,774
"COG0746",4,3,6,1,0,1
"COG0747",80,54,147,40,37,45
"COG0749",121,110,141,88,93,118
"COG0750",71,64,92,57,69,69
"COG0751",2,1,3,2,5,4
"COG0752",3,1,1,0,1,2
"COG0753",2,8,14,3,13,17
"COG0754",2,3,9,2,0,0
"COG0755",15,36,25,35,69,67
"COG0756",34,33,42,63,37,30
"COG0757",8,27,17,10,22,30
"COG0758",64,56,49,47,26,63
"COG0759",18,8,13,13,15,17
"COG0760",39,46,57,33,81,84
"COG0761",51,62,51,43,37,54
"COG0762",0,0,1,0,1,1
"COG0763",20,37,12,26,32,26
"COG0764",40,48,29,49,62,54
"COG0765",107,81,92,65,32,93
"COG0766",84,78,107,61,78,80
"COG0767",10,16,9,17,32,22
"COG0768",309,265,256,226,200,259
"COG0769",90,87,151,54,44,77
"COG0770",99,87,84,92,127,96
"COG0771",86,79,78,55,72,65
"COG0772",168,168,164,148,77,155
"COG0773",78,56,67,65,70,62
"COG0774",16,36,19,26,43,32
"COG0775",51,45,33,41,49,51
"COG0776",29,52,48,63,62,49
"COG0777",40,28,16,37,5,25
"COG0778",101,125,101,109,161,127
"COG0779",25,22,17,12,4,13
"COG0780",15,29,8,21,24,19
"COG0781",28,31,42,23,27,23
"COG0782",54,51,33,25,22,21
"COG0783",7,7,6,5,12,7
"COG0784",348,289,229,264,226,254
"COG0785",0,2,10,4,0,0
"COG0786",28,17,12,7,9,17
"COG0787",90,89,69,77,98,91
"COG0788",2,4,6,8,24,8
"COG0789",88,77,69,58,35,49
"COG0790",37,33,44,24,16,35
"COG0791",139,87,104,79,68,90
"COG0792",18,23,18,20,21,13
"COG0793",147,194,140,238,378,205
"COG0794",15,28,21,18,32,21
"COG0795",18,66,31,25,67,26
"COG0796",42,48,38,39,42,41
"COG0797",2,3,2,0,2,1
"COG0798",2,6,2,5,17,4
"COG0799",26,25,26,21,22,16
"COG0800",22,25,24,31,25,37
"COG0801",17,23,12,19,18,23
"COG0802",22,35,24,22,14,22
"COG0803",43,30,41,21,49,39
"COG0804",2,1,3,5,5,0
"COG0805",13,17,14,22,25,27
"COG0806",20,28,29,11,16,16
"COG0807",28,40,16,25,49,30
"COG0809",85,75,69,66,109,93
"COG0810",1,0,2,0,0,1
"COG0811",27,41,21,31,87,48
"COG0812",43,33,46,35,40,52
"COG0813",10,21,24,7,7,8
"COG0814",8,9,27,0,6,6
"COG0815",1,1,8,0,3,4
"COG0816",31,29,24,24,17,21
"COG0817",7,19,16,11,19,13
"COG0818",7,6,17,10,19,10
"COG0819",6,6,11,1,7,5
"COG0820",53,55,66,62,39,45
"COG0821",45,65,56,47,80,67
"COG0822",54,64,58,50,29,60
"COG0823",44,18,40,69,23,20
"COG0824",24,17,19,32,36,17
"COG0825",56,33,14,37,3,35
"COG0826",174,129,175,143,108,151
"COG0827",157,214,237,187,172,160
"COG0828",10,6,4,1,2,3
"COG0829",2,0,2,5,4,3
"COG0830",4,2,0,4,2,0
"COG0831",2,0,0,1,3,1
"COG0832",1,1,1,6,2,2
"COG0833",4,6,7,1,5,2
"COG0834",120,104,123,82,84,108
"COG0835",21,23,2,14,7,22
"COG0836",38,63,30,46,87,70
"COG0837",0,0,2,0,0,0
"COG0838",8,8,6,9,16,8
"COG0839",4,11,5,13,29,14
"COG0840",207,230,75,154,58,362
"COG0841",160,258,250,443,905,382
"COG0842",81,100,96,140,197,96
"COG0843",0,0,1,0,1,0
"COG0845",217,294,302,396,596,329
"COG0846",76,33,36,53,40,65
"COG0847",16,45,33,31,54,30
"COG0848",4,15,2,0,3,3
"COG0849",19,29,43,27,25,44
"COG0850",13,20,16,9,4,19
"COG0851",6,6,12,3,1,4
"COG0852",14,23,9,35,47,33
"COG0853",12,13,11,17,23,11
"COG0854",8,4,9,18,19,18
"COG0855",108,61,57,117,88,98
"COG0857",1,1,4,0,0,0
"COG0858",25,26,23,31,33,19
"COG0859",23,42,21,33,44,20
"COG0860",104,93,91,66,56,94
"COG0861",3,13,5,0,8,2
"COG0863",37,63,97,57,73,62
"COG0864",0,1,5,0,1,0
"COG1001",16,18,27,23,9,4
"COG1002",55,102,48,51,78,35
"COG1003",24,35,34,40,62,15
"COG1004",50,74,50,84,62,46
"COG1005",7,18,10,17,29,22
"COG1006",0,1,4,0,0,2
"COG1007",15,24,11,32,49,36
"COG1008",7,21,16,13,50,21
"COG1009",15,27,15,22,62,18
"COG1010",18,18,13,14,23,10
"COG1011",85,72,53,103,107,81
"COG1012",93,56,145,99,44,60
"COG1013",92,136,152,127,184,143
"COG1014",129,169,173,170,266,162
"COG1015",36,16,22,17,7,22
"COG1017",0,1,1,0,0,0
"COG1018",1,2,8,0,2,4
"COG1020",64,46,66,81,18,34
"COG1021",0,3,3,0,0,0
"COG1022",96,116,144,117,183,142
"COG1023",0,0,0,0,1,0
"COG1024",23,19,24,11,14,13
"COG1025",0,0,9,0,1,0
"COG1026",83,64,19,36,16,48
"COG1027",19,23,14,18,45,17
"COG1028",238,220,202,203,227,253
"COG1030",4,5,9,0,2,1
"COG1032",158,129,123,152,97,117
"COG1033",98,74,78,65,25,65
"COG1034",20,21,57,22,23,24
"COG1035",58,79,55,49,40,25
"COG1038",23,14,32,15,13,15
"COG1039",4,2,3,0,2,0
"COG1040",51,50,35,45,40,40
"COG1041",14,7,7,8,2,4
"COG1042",14,14,29,24,30,9
"COG1043",16,32,19,31,65,36
"COG1044",7,23,10,21,51,30
"COG1045",32,51,38,31,33,29
"COG1047",19,9,3,11,17,17
"COG1048",99,93,68,84,66,107
"COG1049",0,0,5,0,0,1
"COG1051",28,28,22,38,63,40
"COG1052",59,61,60,79,86,77
"COG1053",121,100,67,83,93,169
"COG1054",1,0,5,0,2,0
"COG1055",23,34,17,12,17,37
"COG1056",2,7,5,1,1,3
"COG1057",27,35,30,35,36,31
"COG1058",17,13,24,8,14,13
"COG1059",0,0,0,0,0,0
"COG1060",57,56,46,76,97,55
"COG1061",121,141,77,120,59,134
"COG1062",0,0,4,0,0,0
"COG1063",76,82,125,103,49,83
"COG1064",1,0,7,1,1,0
"COG1066",59,69,55,55,51,53
"COG1067",16,18,45,1,9,10
"COG1069",6,8,8,5,4,7
"COG1070",93,171,102,136,107,147
"COG1071",4,5,7,4,4,2
"COG1072",0,0,2,3,3,0
"COG1073",85,95,84,127,123,67
"COG1074",130,111,125,88,64,112
"COG1075",6,11,8,0,4,8
"COG1076",8,9,5,12,21,19
"COG1077",90,78,88,82,71,85
"COG1078",5,5,10,20,34,11
"COG1079",25,21,34,9,10,21
"COG1080",102,58,47,74,20,56
"COG1082",63,41,112,35,29,30
"COG1083",11,5,17,18,6,9
"COG1085",4,6,3,0,2,0
"COG1086",74,52,98,87,66,40
"COG1087",56,60,56,37,58,54
"COG1088",47,47,35,55,67,46
"COG1089",13,24,16,18,62,29
"COG1090",2,1,4,4,5,1
"COG1091",65,49,33,26,53,58
"COG1092",75,72,55,63,52,61
"COG1098",6,5,8,7,0,5
"COG1099",0,0,2,0,0,0
"COG1101",40,21,23,19,11,32
"COG1102",0,1,1,0,0,1
"COG1104",121,80,67,85,35,78
"COG1105",32,31,14,30,16,28
"COG1106",53,89,31,88,79,90
"COG1108",30,23,52,26,44,30
"COG1109",171,204,185,169,140,173
"COG1112",94,134,66,150,140,97
"COG1113",6,11,22,0,9,0
"COG1114",11,10,22,8,13,7
"COG1115",126,112,83,102,78,124
"COG1116",36,22,60,26,13,35
"COG1117",42,26,32,34,35,42
"COG1118",29,17,20,31,10,18
"COG1119",6,14,7,8,28,13
"COG1120",51,47,55,43,61,76
"COG1121",41,28,33,41,30,43
"COG1122",131,106,167,110,38,76
"COG1123",12,10,28,7,5,14
"COG1124",4,2,6,1,1,1
"COG1125",1,16,5,4,2,0
"COG1126",109,73,73,46,36,76
"COG1127",16,28,6,13,24,30
"COG1129",98,79,90,89,56,78
"COG1131",418,295,286,391,166,268
"COG1132",890,546,682,626,265,673
"COG1133",0,0,0,0,0,0
"COG1134",47,32,43,29,12,36
"COG1135",29,22,28,8,14,24
"COG1136",329,283,282,211,157,191
"COG1137",11,18,17,20,25,17
"COG1138",5,1,5,0,3,9
"COG1139",16,17,14,27,29,21
"COG1140",1,1,6,1,3,3
"COG1141",4,2,0,1,1,0
"COG1142",2,1,17,0,8,3
"COG1143",4,9,7,12,15,5
"COG1144",2,4,8,1,0,4
"COG1145",77,106,202,101,99,102
"COG1146",14,14,19,15,5,9
"COG1148",7,8,18,6,3,10
"COG1149",0,0,0,0,0,0
"COG1150",5,7,8,0,2,2
"COG1151",65,52,55,75,39,54
"COG1152",6,1,6,2,0,6
"COG1154",107,107,93,93,90,70
"COG1155",53,36,64,62,64,38
"COG1156",55,26,59,61,47,34
"COG1157",7,15,8,12,8,22
"COG1158",30,37,43,32,45,56
"COG1159",43,42,36,28,36,47
"COG1160",86,87,96,102,81,89
"COG1161",33,20,42,18,6,15
"COG1162",55,44,63,44,35,41
"COG1164",66,39,53,21,20,45
"COG1165",31,31,27,19,18,51
"COG1166",9,30,11,7,39,29
"COG1167",108,85,71,72,34,94
"COG1168",74,62,47,77,92,63
"COG1169",5,14,9,20,21,19
"COG1171",57,36,33,46,21,51
"COG1172",55,48,70,48,31,44
"COG1173",89,57,103,61,30,46
"COG1174",3,4,16,2,0,0
"COG1175",250,192,194,181,59,212
"COG1176",34,35,34,46,34,30
"COG1177",35,47,38,39,54,41
"COG1178",4,17,36,6,13,28
"COG1179",38,28,47,34,34,39
"COG1180",55,64,69,30,40,51
"COG1181",52,73,57,64,30,40
"COG1182",0,1,0,0,3,1
"COG1183",17,25,18,24,43,21
"COG1184",3,6,1,0,0,0
"COG1185",58,51,64,69,102,101
"COG1186",45,57,73,49,46,62
"COG1187",77,45,64,35,26,49
"COG1188",15,11,10,14,16,20
"COG1189",23,26,15,17,4,22
"COG1190",78,65,94,84,71,78
"COG1191",148,73,114,70,25,93
"COG1192",130,143,140,127,89,133
"COG1193",104,86,114,71,71,87
"COG1194",37,22,29,33,24,43
"COG1195",71,64,52,55,66,51
"COG1196",144,78,113,70,28,99
"COG1197",155,117,180,131,113,121
"COG1198",101,96,87,94,84,115
"COG1199",62,54,35,23,18,61
"COG1200",68,55,65,64,79,71
"COG1201",2,0,12,1,0,0
"COG1203",45,45,57,23,29,42
"COG1204",15,31,24,6,33,15
"COG1205",18,23,26,4,17,24
"COG1206",22,12,32,10,4,10
"COG1207",17,22,27,18,9,11
"COG1208",41,51,43,70,61,52
"COG1209",31,36,20,46,33,33
"COG1210",15,16,15,5,5,4
"COG1211",55,53,37,41,24,42
"COG1212",14,29,11,21,32,17
"COG1213",0,4,10,4,4,6
"COG1214",31,30,30,50,30,27
"COG1215",22,68,70,42,59,33
"COG1216",90,130,57,94,111,99
"COG1217",97,67,95,62,86,103
"COG1218",11,7,8,19,28,20
"COG1219",83,86,76,36,33,76
"COG1220",1,5,13,0,6,1
"COG1221",20,42,6,13,11,6
"COG1225",13,23,3,30,25,16
"COG1226",26,16,30,28,23,25
"COG1227",37,54,44,27,16,34
"COG1228",38,28,45,24,56,32
"COG1230",1,6,9,7,5,13
"COG1232",16,1,8,9,0,3
"COG1233",5,7,9,14,5,6
"COG1234",66,38,30,46,41,48
"COG1235",47,71,80,43,50,71
"COG1236",55,34,62,21,8,24
"COG1237",6,17,6,4,8,6
"COG1238",11,15,4,12,10,18
"COG1239",0,2,4,2,0,8
"COG1240",1,2,3,0,2,8
"COG1242",43,24,23,25,44,45
"COG1243",6,4,22,1,0,2
"COG1246",0,5,3,0,0,1
"COG1247",25,17,17,14,15,31
"COG1249",29,58,66,49,102,45
"COG1250",24,15,26,17,9,17
"COG1251",5,0,11,5,1,0
"COG1252",2,19,9,6,6,1
"COG1253",110,117,140,97,130,119
"COG1254",8,4,0,1,1,5
"COG1256",22,33,12,26,10,49
"COG1257",1,0,2,0,0,0
"COG1259",4,3,3,6,16,3
"COG1260",10,18,19,30,38,24
"COG1261",1,0,1,0,0,0
"COG1262",18,29,69,40,27,12
"COG1263",120,50,51,81,33,39
"COG1264",106,55,64,77,26,37
"COG1266",68,38,22,61,39,60
"COG1267",3,12,7,2,6,3
"COG1268",32,30,21,18,11,27
"COG1269",52,39,58,91,72,37
"COG1270",16,19,17,19,31,26
"COG1271",13,29,19,14,28,25
"COG1272",31,33,24,36,17,18
"COG1273",2,0,0,0,0,0
"COG1274",2,2,15,0,3,16
"COG1275",2,3,4,0,1,1
"COG1276",0,0,0,0,0,0
"COG1277",21,15,26,22,10,11
"COG1278",7,6,4,3,6,4
"COG1279",1,4,4,1,1,0
"COG1280",7,5,12,2,15,11
"COG1281",42,29,31,19,9,28
"COG1282",2,0,2,0,0,0
"COG1283",144,122,102,108,82,103
"COG1284",120,118,114,91,127,96
"COG1285",19,13,22,7,12,11
"COG1286",0,1,1,0,0,3
"COG1287",0,0,8,0,0,0
"COG1288",15,15,20,7,16,16
"COG1289",4,2,23,0,7,3
"COG1290",0,0,0,0,0,0
"COG1291",5,9,2,3,3,11
"COG1292",19,10,5,13,8,8
"COG1293",65,53,50,25,17,52
"COG1294",14,28,18,19,45,27
"COG1295",30,56,19,43,46,44
"COG1296",34,31,25,17,15,21
"COG1297",33,36,19,29,52,35
"COG1298",10,14,8,7,2,22
"COG1299",67,42,18,42,13,36
"COG1300",5,6,14,4,9,2
"COG1301",67,69,53,35,33,33
"COG1302",38,30,26,16,8,19
"COG1304",10,6,13,6,5,6
"COG1305",43,44,63,43,28,46
"COG1306",0,1,3,0,2,1
"COG1307",104,86,88,65,30,111
"COG1309",118,105,190,93,58,74
"COG1310",7,6,6,5,0,6
"COG1312",33,33,20,34,68,65
"COG1313",41,24,20,21,6,24
"COG1314",1,0,2,0,0,0
"COG1315",13,22,4,14,4,26
"COG1316",101,72,88,74,17,53
"COG1317",0,1,1,1,1,1
"COG1319",26,20,18,17,12,13
"COG1320",0,0,3,0,0,2
"COG1321",18,18,36,20,8,18
"COG1322",24,31,29,35,38,18
"COG1323",37,34,40,21,6,35
"COG1324",0,0,3,0,1,0
"COG1327",17,14,20,7,7,7
"COG1328",150,152,154,102,126,172
"COG1329",2,5,13,0,0,1
"COG1330",0,0,0,0,2,0
"COG1331",0,0,2,0,0,1
"COG1332",5,1,6,2,0,4
"COG1333",1,6,17,8,3,0
"COG1335",27,26,26,12,18,16
"COG1336",0,0,0,0,0,0
"COG1337",3,1,3,1,0,6
"COG1338",6,10,6,10,1,3
"COG1342",7,10,16,2,11,5
"COG1343",10,10,11,5,12,6
"COG1344",39,53,10,29,21,81
"COG1345",16,16,3,10,6,18
"COG1346",20,30,11,16,24,41
"COG1347",6,6,5,13,33,13
"COG1348",5,0,3,10,1,3
"COG1349",59,57,65,47,49,31
"COG1350",19,24,20,40,41,28
"COG1351",18,8,14,12,4,13
"COG1352",7,9,6,6,5,15
"COG1353",9,2,8,5,1,16
"COG1354",32,24,40,22,8,15
"COG1355",0,14,1,0,0,0
"COG1357",11,12,18,11,25,17
"COG1358",9,7,6,7,3,6
"COG1359",5,2,12,5,6,2
"COG1360",8,29,9,6,10,29
"COG1361",6,1,3,0,0,0
"COG1362",92,74,70,49,28,54
"COG1363",41,11,48,22,3,11
"COG1364",40,29,23,23,10,41
"COG1366",19,12,14,18,7,17
"COG1368",131,126,107,121,74,125
"COG1372",0,0,0,1,0,1
"COG1373",243,459,275,282,283,263
"COG1376",57,49,29,41,21,46
"COG1377",5,9,5,5,5,15
"COG1378",2,5,1,6,2,5
"COG1379",7,4,34,4,0,5
"COG1380",18,22,6,18,17,16
"COG1381",23,22,31,14,10,14
"COG1384",2,0,3,0,0,0
"COG1385",34,39,41,23,18,27
"COG1386",29,20,25,19,12,16
"COG1387",85,66,51,65,70,48
"COG1388",75,52,52,72,26,60
"COG1390",1,5,3,0,2,0
"COG1391",3,1,2,0,1,11
"COG1392",12,10,7,10,8,7
"COG1393",25,10,14,12,8,15
"COG1394",14,14,25,28,18,16
"COG1396",124,97,139,147,57,84
"COG1397",5,23,25,13,23,17
"COG1399",18,14,20,21,4,13
"COG1401",28,45,33,26,28,15
"COG1402",15,9,8,10,9,3
"COG1403",3,13,6,3,4,7
"COG1404",118,125,114,111,90,99
"COG1406",1,3,0,1,1,3
"COG1408",48,59,37,62,64,59
"COG1409",73,115,110,72,177,71
"COG1410",92,88,40,93,116,106
"COG1413",0,1,3,0,0,0
"COG1414",8,6,28,4,12,12
"COG1415",0,0,5,0,0,0
"COG1416",0,0,0,0,0,0
"COG1418",111,103,91,110,91,104
"COG1419",8,15,1,3,0,20
"COG1420",39,32,42,27,9,38
"COG1424",0,5,0,0,0,0
"COG1426",0,7,0,1,0,3
"COG1427",2,4,1,0,1,1
"COG1428",0,13,1,0,4,0
"COG1429",26,34,31,28,52,31
"COG1430",2,0,2,0,6,4
"COG1431",0,0,0,2,1,1
"COG1432",10,11,20,18,3,13
"COG1433",10,6,2,6,15,13
"COG1434",17,21,26,23,12,17
"COG1435",27,9,17,11,25,5
"COG1436",7,4,14,6,0,0
"COG1437",0,0,3,1,1,0
"COG1438",24,39,16,24,27,27
"COG1440",6,4,1,10,1,3
"COG1441",0,0,3,0,1,0
"COG1442",28,51,25,30,58,78
"COG1443",4,9,2,10,6,2
"COG1444",2,0,2,0,0,0
"COG1445",44,37,13,36,15,45
"COG1446",4,2,5,10,6,7
"COG1447",5,3,4,7,6,1
"COG1448",4,3,12,0,5,0
"COG1449",6,17,8,10,41,13
"COG1450",1,0,10,0,2,1
"COG1451",23,16,33,24,35,35
"COG1452",1,2,4,0,7,4
"COG1453",37,31,55,26,26,35
"COG1454",192,118,143,173,112,126
"COG1455",53,8,8,48,9,18
"COG1456",3,1,5,9,0,1
"COG1457",26,10,17,20,14,8
"COG1459",28,24,48,6,10,26
"COG1461",55,39,27,26,12,28
"COG1462",3,0,3,0,0,0
"COG1463",5,3,6,0,3,2
"COG1464",19,19,20,5,9,16
"COG1465",0,1,4,0,0,0
"COG1466",61,41,41,49,43,40
"COG1468",8,10,7,3,14,8
"COG1469",0,5,7,0,1,2
"COG1470",2,2,4,5,5,3
"COG1472",484,414,346,526,540,537
"COG1473",61,49,55,21,37,50
"COG1475",235,141,230,146,128,154
"COG1476",23,10,16,20,8,11
"COG1477",30,32,25,58,37,43
"COG1479",77,76,45,130,51,50
"COG1480",25,43,13,72,58,49
"COG1481",38,27,40,24,8,30
"COG1482",44,63,21,45,66,50
"COG1483",8,0,0,11,1,21
"COG1484",123,107,132,131,274,103
"COG1485",0,0,1,0,1,0
"COG1486",18,12,36,15,11,13
"COG1487",4,1,6,1,3,2
"COG1488",52,54,53,42,32,39
"COG1489",9,8,8,6,3,6
"COG1490",23,31,33,22,20,27
"COG1492",41,37,23,44,50,42
"COG1493",33,31,30,28,6,26
"COG1494",6,1,3,0,3,0
"COG1495",1,3,3,0,0,4
"COG1496",46,27,37,27,40,24
"COG1501",185,214,153,253,186,202
"COG1502",136,104,100,116,117,150
"COG1505",5,6,3,14,13,3
"COG1506",109,181,118,228,297,246
"COG1507",0,0,0,0,0,0
"COG1508",27,29,38,40,50,36
"COG1509",8,20,33,17,62,11
"COG1511",99,76,98,72,20,76
"COG1512",30,28,21,22,22,24
"COG1513",0,0,0,0,0,0
"COG1514",0,0,4,0,0,4
"COG1515",0,0,0,0,0,0
"COG1516",6,5,5,5,3,10
"COG1518",36,36,26,39,49,45
"COG1519",12,41,20,21,60,35
"COG1520",15,26,45,61,67,28
"COG1521",51,30,29,34,36,51
"COG1522",43,66,36,64,49,56
"COG1523",93,70,43,91,70,66
"COG1524",23,47,45,42,50,56
"COG1525",1,0,8,0,0,1
"COG1526",2,5,3,2,0,1
"COG1527",17,16,24,22,4,12
"COG1528",16,13,18,23,66,23
"COG1529",77,50,63,45,26,34
"COG1530",38,55,36,26,65,63
"COG1533",72,36,40,68,93,54
"COG1534",9,8,8,9,0,12
"COG1535",0,0,1,0,0,1
"COG1536",5,8,8,10,4,14
"COG1538",135,201,149,275,481,233
"COG1539",15,27,9,22,23,29
"COG1540",3,4,4,0,5,2
"COG1541",19,30,24,57,87,54
"COG1543",6,3,16,0,0,8
"COG1544",23,20,29,12,9,25
"COG1545",0,0,3,0,0,0
"COG1546",34,24,28,17,18,30
"COG1550",0,0,0,0,0,1
"COG1551",1,2,3,1,0,5
"COG1553",0,0,1,0,0,0
"COG1554",24,21,26,15,17,28
"COG1555",20,21,22,24,45,29
"COG1556",7,0,5,8,4,4
"COG1558",3,3,3,1,1,8
"COG1559",32,51,34,13,37,32
"COG1560",18,21,16,13,30,20
"COG1561",56,39,47,41,44,50
"COG1562",0,0,1,0,0,1
"COG1564",26,32,24,33,16,11
"COG1565",0,0,0,0,0,0
"COG1566",8,22,26,13,31,35
"COG1567",2,0,1,1,0,5
"COG1568",0,0,0,16,9,1
"COG1569",0,1,0,0,0,0
"COG1570",44,36,37,58,54,63
"COG1573",14,17,24,18,32,17
"COG1574",14,8,20,11,11,5
"COG1575",12,18,5,4,30,9
"COG1576",22,19,13,31,40,30
"COG1577",0,0,3,0,0,0
"COG1578",2,0,4,2,0,1
"COG1579",4,14,5,11,29,14
"COG1580",0,0,1,0,0,0
"COG1582",2,2,0,1,0,2
"COG1583",0,0,0,2,0,3
"COG1584",0,0,0,0,1,0
"COG1585",20,14,17,14,0,8
"COG1586",3,3,6,0,0,4
"COG1587",20,14,13,15,6,13
"COG1589",10,5,28,1,3,9
"COG1592",56,72,71,60,52,80
"COG1593",49,52,44,28,27,28
"COG1595",250,355,345,426,459,291
"COG1596",25,57,58,43,106,61
"COG1597",57,53,75,56,91,65
"COG1598",11,2,3,5,0,19
"COG1600",4,6,17,0,8,4
"COG1604",0,1,0,1,0,0
"COG1605",16,11,21,11,9,10
"COG1606",7,7,9,5,3,8
"COG1607",1,1,3,0,3,3
"COG1609",307,276,192,288,180,275
"COG1610",9,34,14,20,19,31
"COG1611",30,22,18,27,36,22
"COG1613",3,10,11,14,2,8
"COG1614",7,3,4,3,2,0
"COG1615",8,3,43,0,0,5
"COG1618",1,0,3,1,0,0
"COG1619",23,17,12,38,15,19
"COG1620",10,19,20,5,17,6
"COG1621",90,91,29,83,71,90
"COG1622",0,0,3,0,1,0
"COG1623",7,1,9,0,0,7
"COG1624",52,67,33,34,29,46
"COG1625",26,17,30,8,13,17
"COG1626",15,10,13,26,28,4
"COG1629",72,123,118,146,235,142
"COG1633",1,1,5,2,2,0
"COG1635",0,4,3,0,2,1
"COG1636",28,22,31,23,23,29
"COG1637",0,0,0,0,0,0
"COG1638",46,35,34,31,21,32
"COG1640",106,120,71,109,83,105
"COG1641",18,9,17,4,8,12
"COG1643",2,12,12,0,4,6
"COG1647",0,3,4,1,2,1
"COG1648",11,12,8,9,3,9
"COG1649",46,86,45,108,147,106
"COG1651",1,6,7,2,4,5
"COG1652",8,7,20,4,7,3
"COG1653",438,235,440,299,80,347
"COG1654",23,22,13,15,10,22
"COG1655",2,6,2,9,4,8
"COG1657",0,1,0,1,0,0
"COG1658",5,14,5,1,4,4
"COG1659",0,0,0,0,0,0
"COG1660",41,43,32,42,33,58
"COG1661",10,4,4,5,1,4
"COG1662",4,0,50,0,2,0
"COG1663",13,26,19,28,44,16
"COG1664",0,4,4,0,0,1
"COG1666",3,3,1,2,2,1
"COG1668",5,15,23,7,20,23
"COG1669",4,16,8,9,10,2
"COG1670",76,88,80,101,98,65
"COG1671",13,12,4,12,1,10
"COG1672",71,198,64,98,90,48
"COG1674",137,113,191,91,62,98
"COG1677",3,2,2,1,3,7
"COG1678",6,3,3,13,25,4
"COG1679",0,1,10,1,5,3
"COG1680",59,65,71,93,109,107
"COG1682",49,20,45,28,13,25
"COG1683",11,6,9,2,0,10
"COG1684",5,11,4,7,1,7
"COG1686",178,95,138,100,36,108
"COG1687",5,8,3,3,0,10
"COG1688",0,0,0,0,0,2
"COG1690",7,14,24,20,6,9
"COG1691",16,12,11,7,3,9
"COG1692",14,13,23,9,2,7
"COG1694",16,24,31,34,46,22
"COG1695",47,31,38,38,24,38
"COG1696",105,116,124,97,64,96
"COG1699",1,3,0,3,1,11
"COG1700",2,2,2,1,0,4
"COG1702",35,42,38,45,41,40
"COG1703",12,23,12,16,52,18
"COG1704",27,23,33,18,41,21
"COG1705",13,23,14,39,94,18
"COG1706",0,0,1,0,0,0
"COG1708",1,2,14,8,6,0
"COG1712",7,11,4,10,8,4
"COG1713",27,21,44,8,13,22
"COG1714",3,2,1,6,8,4
"COG1715",4,4,4,2,1,2
"COG1716",16,22,11,6,2,9
"COG1719",0,0,1,0,0,0
"COG1720",14,13,9,12,3,8
"COG1721",18,32,18,33,36,25
"COG1722",5,2,11,0,2,2
"COG1724",2,0,1,0,0,1
"COG1725",64,45,41,49,22,58
"COG1726",5,15,12,20,34,22
"COG1728",3,1,1,3,0,8
"COG1729",1,0,2,0,0,3
"COG1732",6,6,10,2,4,0
"COG1733",28,27,32,28,31,34
"COG1734",2,3,9,0,1,2
"COG1735",0,7,11,3,1,1
"COG1737",86,46,58,49,24,27
"COG1738",7,10,10,22,19,10
"COG1739",34,37,25,25,32,42
"COG1740",4,5,9,0,4,1
"COG1741",12,10,18,22,25,7
"COG1742",0,0,1,0,0,0
"COG1743",14,0,0,18,0,21
"COG1744",62,39,43,35,21,61
"COG1747",0,0,0,0,0,0
"COG1748",40,51,18,27,31,24
"COG1749",8,12,1,8,2,24
"COG1751",0,0,2,0,0,0
"COG1752",65,72,62,82,105,55
"COG1754",16,38,29,40,70,37
"COG1755",0,0,0,0,0,0
"COG1757",57,90,73,82,123,80
"COG1758",1,0,5,0,0,3
"COG1760",47,51,61,38,38,42
"COG1762",113,75,54,61,24,50
"COG1763",11,5,7,2,4,3
"COG1764",0,0,2,0,1,0
"COG1765",0,1,3,0,0,0
"COG1766",5,4,5,5,4,20
"COG1767",19,2,7,7,6,2
"COG1768",5,7,12,6,2,13
"COG1770",0,0,3,0,0,0
"COG1773",17,12,12,11,6,2
"COG1774",48,38,48,53,43,31
"COG1775",31,18,49,18,14,8
"COG1776",5,14,5,9,3,15
"COG1778",3,16,18,14,27,12
"COG1780",0,0,0,0,0,0
"COG1781",14,15,9,17,27,19
"COG1782",0,1,3,0,0,0
"COG1783",15,14,25,12,11,13
"COG1785",21,19,23,58,53,25
"COG1786",0,0,1,0,1,0
"COG1787",5,0,1,3,0,1
"COG1788",3,1,9,0,2,1
"COG1791",0,0,0,0,0,0
"COG1792",43,39,45,38,54,52
"COG1793",1,1,6,3,17,0
"COG1794",6,3,7,1,2,3
"COG1797",32,23,28,23,30,21
"COG1799",10,21,25,13,6,15
"COG1801",0,0,1,0,2,1
"COG1802",41,38,36,24,24,38
"COG1803",23,30,19,31,34,24
"COG1804",7,3,18,1,15,5
"COG1805",4,11,7,18,17,13
"COG1806",2,3,3,0,2,0
"COG1807",15,25,19,33,64,16
"COG1808",12,21,10,18,47,23
"COG1811",12,9,13,10,9,3
"COG1814",0,3,1,1,3,2
"COG1815",3,5,3,2,3,5
"COG1816",10,6,5,17,3,17
"COG1817",1,0,1,0,15,2
"COG1819",10,7,12,15,12,25
"COG1820",47,36,44,71,71,69
"COG1823",2,0,2,0,5,0
"COG1825",8,22,6,14,43,13
"COG1826",3,3,4,0,1,3
"COG1827",24,13,13,9,3,8
"COG1830",16,16,27,26,34,17
"COG1832",0,0,1,0,0,0
"COG1834",0,4,6,0,0,1
"COG1835",23,25,17,39,54,22
"COG1837",15,11,18,10,2,6
"COG1838",56,51,34,37,47,55
"COG1840",6,22,14,7,9,13
"COG1841",8,5,6,1,2,2
"COG1842",7,6,4,0,1,4
"COG1843",5,10,6,3,2,7
"COG1845",0,0,4,0,0,0
"COG1846",102,54,65,73,48,67
"COG1847",33,25,29,18,8,22
"COG1850",3,1,0,0,3,1
"COG1852",2,0,3,0,2,1
"COG1853",63,47,51,37,29,39
"COG1854",19,20,15,18,20,25
"COG1857",4,2,1,0,0,1
"COG1858",3,3,16,3,14,13
"COG1859",2,0,5,2,3,4
"COG1861",0,3,2,3,15,0
"COG1862",8,11,6,14,19,14
"COG1863",0,1,2,0,1,1
"COG1864",9,13,7,24,46,34
"COG1865",2,2,1,1,2,0
"COG1866",70,81,60,61,87,61
"COG1868",10,10,6,4,4,19
"COG1869",3,6,4,2,1,0
"COG1871",4,5,2,4,0,13
"COG1872",0,0,3,0,1,0
"COG1873",11,11,4,1,4,4
"COG1874",73,92,69,130,103,182
"COG1875",9,7,14,12,13,7
"COG1876",24,19,28,15,0,23
"COG1877",12,6,16,26,22,5
"COG1878",13,6,17,6,4,4
"COG1879",130,147,122,178,105,144
"COG1881",0,1,1,0,1,1
"COG1882",125,106,172,113,120,126
"COG1883",76,74,58,57,103,71
"COG1884",40,64,44,24,81,36
"COG1886",2,4,6,6,0,4
"COG1887",66,33,87,67,19,24
"COG1892",0,0,0,0,0,0
"COG1893",44,34,17,29,56,42
"COG1894",17,24,41,30,40,33
"COG1895",7,1,4,24,8,7
"COG1896",28,28,29,26,6,27
"COG1897",41,44,27,40,27,41
"COG1898",39,50,33,40,51,24
"COG1899",0,0,3,0,0,0
"COG1900",0,0,5,0,0,0
"COG1902",96,45,109,73,59,43
"COG1903",36,26,16,40,30,35
"COG1904",27,26,26,30,47,51
"COG1905",7,5,24,17,16,4
"COG1906",0,3,2,0,2,3
"COG1908",2,0,5,0,0,7
"COG1910",3,0,4,3,1,0
"COG1912",2,0,4,0,0,0
"COG1913",0,0,0,0,0,0
"COG1914",27,21,14,22,28,12
"COG1915",0,0,6,0,1,0
"COG1917",35,32,22,38,43,27
"COG1918",74,58,55,41,73,61
"COG1921",4,2,20,4,1,1
"COG1922",17,26,17,19,19,13
"COG1923",0,3,9,0,2,4
"COG1924",151,87,123,78,25,92
"COG1925",36,26,22,18,9,31
"COG1928",5,11,18,1,1,9
"COG1929",30,25,14,45,16,15
"COG1930",0,0,1,0,0,0
"COG1932",36,46,38,34,55,44
"COG1934",0,0,2,0,1,1
"COG1937",24,19,15,14,7,23
"COG1939",21,29,15,10,9,16
"COG1940",125,107,96,141,168,98
"COG1941",0,0,6,0,0,0
"COG1942",1,0,1,0,1,0
"COG1943",78,41,52,27,26,24
"COG1944",0,0,6,0,1,2
"COG1945",0,0,2,0,0,0
"COG1946",0,0,2,0,0,0
"COG1947",33,43,36,33,24,35
"COG1949",0,0,2,0,1,1
"COG1950",3,0,0,0,0,0
"COG1951",53,53,41,61,67,60
"COG1952",0,0,0,2,1,2
"COG1953",0,0,4,3,2,0
"COG1954",1,3,1,1,0,4
"COG1956",8,6,7,3,12,4
"COG1957",22,3,16,14,4,9
"COG1959",72,31,53,46,23,34
"COG1960",44,58,57,49,80,60
"COG1961",569,497,851,409,271,365
"COG1963",7,9,8,0,6,12
"COG1964",4,1,6,3,0,1
"COG1965",1,0,2,0,0,0
"COG1966",49,47,47,50,64,90
"COG1968",53,65,41,49,42,52
"COG1969",1,8,0,0,2,2
"COG1970",18,20,31,12,24,12
"COG1971",53,22,31,34,24,42
"COG1972",4,4,9,0,8,1
"COG1974",48,38,35,37,22,34
"COG1975",36,14,18,25,8,15
"COG1977",0,0,0,0,0,1
"COG1979",41,35,28,65,50,42
"COG1982",87,41,47,47,19,57
"COG1983",4,7,8,11,15,7
"COG1984",1,4,7,1,1,3
"COG1985",30,39,22,19,58,29
"COG1986",1,1,7,0,2,1
"COG1987",5,3,3,3,0,4
"COG1988",8,1,6,0,1,1
"COG1989",18,7,16,3,9,18
"COG1990",2,3,4,3,0,2
"COG1992",1,0,1,1,2,0
"COG1993",0,2,0,0,0,1
"COG1994",23,7,34,12,4,13
"COG1995",24,36,18,17,43,16
"COG2000",1,0,19,4,2,0
"COG2001",26,15,24,22,22,20
"COG2002",35,17,35,14,3,11
"COG2003",54,40,48,53,41,38
"COG2005",2,1,7,0,0,3
"COG2006",12,18,16,11,8,5
"COG2008",34,34,32,31,42,50
"COG2009",0,4,1,0,1,0
"COG2010",0,0,0,0,0,0
"COG2011",19,14,17,3,7,21
"COG2013",11,13,13,9,0,15
"COG2014",0,0,2,0,0,0
"COG2015",10,9,21,13,9,9
"COG2017",105,121,79,129,118,122
"COG2020",2,1,0,0,0,0
"COG2021",0,2,1,0,0,0
"COG2022",18,25,8,16,21,20
"COG2025",36,44,50,36,43,45
"COG2026",10,1,8,4,1,0
"COG2027",10,13,9,30,20,34
"COG2030",7,7,2,8,17,12
"COG2031",1,1,9,2,3,1
"COG2032",1,1,2,1,1,0
"COG2033",6,7,9,2,1,6
"COG2035",3,13,28,2,7,20
"COG2038",17,27,24,32,28,28
"COG2039",4,0,2,2,0,4
"COG2040",5,2,2,0,2,1
"COG2041",0,0,1,0,0,0
"COG2043",0,1,0,0,0,0
"COG2045",1,0,9,0,0,0
"COG2046",0,0,1,0,0,0
"COG2048",8,2,13,2,2,4
"COG2049",3,4,2,2,4,0
"COG2050",12,14,29,7,42,19
"COG2052",12,8,11,7,3,4
"COG2055",10,8,16,5,7,5
"COG2056",1,1,3,0,0,0
"COG2057",2,5,6,2,4,1
"COG2059",59,73,49,50,74,48
"COG2060",14,37,37,38,62,39
"COG2062",1,0,1,0,1,0
"COG2063",0,0,2,0,0,0
"COG2064",0,1,4,0,0,3
"COG2065",3,4,10,0,2,5
"COG2066",12,25,19,27,42,11
"COG2067",2,16,7,12,14,14
"COG2068",14,4,14,3,3,4
"COG2069",1,0,2,0,0,1
"COG2070",40,31,20,55,54,46
"COG2071",30,29,23,38,35,34
"COG2072",0,0,0,0,0,0
"COG2073",22,26,23,31,33,20
"COG2076",1,9,8,4,22,3
"COG2077",6,10,10,11,13,25
"COG2078",1,10,4,2,1,2
"COG2079",1,2,11,1,3,6
"COG2080",27,22,32,20,9,11
"COG2081",77,73,57,30,12,65
"COG2082",15,19,19,15,10,17
"COG2084",7,8,25,5,7,6
"COG2085",0,1,2,0,0,0
"COG2086",35,47,36,22,41,49
"COG2087",15,18,17,15,24,22
"COG2088",20,13,25,33,5,15
"COG2089",14,15,13,13,23,18
"COG2091",19,3,10,13,2,19
"COG2094",0,0,3,0,0,1
"COG2095",13,15,12,24,61,35
"COG2096",17,10,9,26,29,23
"COG2099",29,24,18,44,34,22
"COG2102",2,2,1,0,2,2
"COG2103",13,15,6,15,19,5
"COG2104",0,0,1,0,0,0
"COG2105",0,0,3,0,1,1
"COG2107",3,2,0,0,0,0
"COG2108",0,5,2,0,0,1
"COG2109",20,23,15,18,16,19
"COG2110",29,27,20,40,14,40
"COG2111",0,3,6,0,0,0
"COG2113",3,6,4,4,29,4
"COG2114",0,1,0,0,1,2
"COG2115",8,6,10,15,12,26
"COG2116",19,16,18,9,4,11
"COG2119",11,1,1,1,1,6
"COG2120",4,7,12,1,5,5
"COG2121",0,0,4,2,0,0
"COG2122",0,0,1,0,1,0
"COG2127",2,6,0,0,2,5
"COG2128",0,0,5,0,3,0
"COG2129",13,26,10,1,0,5
"COG2130",0,0,0,0,0,0
"COG2131",23,44,26,22,25,33
"COG2132",1,0,8,0,4,0
"COG2133",0,0,0,0,2,0
"COG2134",0,0,4,0,1,0
"COG2135",3,5,7,1,4,1
"COG2137",9,9,14,5,5,9
"COG2140",0,0,0,8,13,5
"COG2141",1,0,9,0,4,0
"COG2142",0,0,1,0,1,1
"COG2143",4,0,0,0,0,0
"COG2145",17,18,10,12,7,13
"COG2146",1,0,2,0,0,0
"COG2148",118,113,93,149,114,110
"COG2149",1,0,0,0,0,0
"COG2151",5,5,2,8,12,8
"COG2152",37,77,24,94,88,72
"COG2153",0,4,6,1,1,1
"COG2155",5,4,2,3,0,7
"COG2156",7,4,7,8,8,11
"COG2158",8,1,12,7,0,1
"COG2159",12,24,14,6,8,12
"COG2160",33,36,30,35,49,51
"COG2161",1,1,7,2,1,1
"COG2162",0,0,2,0,0,1
"COG2163",0,1,6,0,1,0
"COG2165",0,2,11,0,4,0
"COG2166",6,13,4,10,17,18
"COG2168",1,0,4,0,0,0
"COG2169",0,8,7,5,2,4
"COG2170",0,0,2,0,0,0
"COG2171",2,4,8,0,3,4
"COG2172",23,13,32,15,8,12
"COG2173",7,15,12,14,13,12
"COG2175",0,0,1,0,1,0
"COG2176",96,70,110,70,52,102
"COG2177",42,69,54,27,38,42
"COG2179",20,10,9,10,1,16
"COG2180",1,0,1,0,0,0
"COG2181",1,0,0,0,1,0
"COG2182",39,30,22,30,8,41
"COG2183",112,84,94,70,76,72
"COG2184",28,18,30,23,16,19
"COG2185",39,46,38,44,60,35
"COG2186",36,29,37,11,31,23
"COG2188",43,40,43,33,38,26
"COG2189",24,30,20,42,17,12
"COG2190",42,23,39,48,17,21
"COG2191",0,0,5,0,1,0
"COG2192",1,2,3,4,0,1
"COG2193",6,4,2,5,10,3
"COG2194",25,59,38,31,69,19
"COG2195",129,144,90,108,132,130
"COG2197",100,173,116,183,177,126
"COG2198",0,1,24,0,3,1
"COG2199",184,213,127,148,69,260
"COG2200",91,81,58,79,30,113
"COG2201",3,6,5,6,4,10
"COG2202",12,12,45,15,25,13
"COG2203",5,3,6,0,3,5
"COG2204",92,191,138,231,324,159
"COG2205",84,60,61,52,62,59
"COG2206",94,85,31,48,18,114
"COG2207",730,832,686,1180,878,969
"COG2208",74,27,76,58,12,27
"COG2209",8,8,4,5,11,6
"COG2210",11,21,7,46,58,40
"COG2211",133,145,89,133,98,111
"COG2212",0,0,0,0,0,0
"COG2213",6,14,9,1,3,1
"COG2214",30,27,34,33,18,21
"COG2215",0,0,2,0,0,0
"COG2216",14,23,22,42,50,33
"COG2217",279,177,232,240,178,205
"COG2220",48,60,43,52,123,63
"COG2221",14,7,7,19,6,12
"COG2222",30,9,22,25,7,8
"COG2223",7,0,5,0,1,2
"COG2224",1,0,3,0,3,0
"COG2225",0,1,8,0,3,0
"COG2226",10,15,11,19,23,23
"COG2227",1,4,6,4,6,1
"COG2230",2,7,3,6,3,7
"COG2231",1,0,1,0,0,0
"COG2233",106,75,67,90,56,86
"COG2234",44,23,51,69,71,25
"COG2235",2,4,21,0,2,2
"COG2236",0,1,0,0,0,1
"COG2239",66,57,58,79,68,74
"COG2240",33,37,31,37,32,37
"COG2241",23,13,11,38,27,22
"COG2242",41,19,17,37,24,34
"COG2243",19,21,11,16,9,11
"COG2244",169,176,169,223,198,174
"COG2246",16,21,8,7,4,9
"COG2247",1,0,0,0,0,0
"COG2249",1,0,9,3,13,4
"COG2250",0,0,0,0,0,0
"COG2252",47,53,55,31,28,55
"COG2253",0,3,0,0,1,0
"COG2255",49,48,49,40,41,45
"COG2256",60,64,71,44,49,71
"COG2257",5,2,0,2,0,3
"COG2258",18,15,8,10,7,3
"COG2259",8,5,4,15,12,2
"COG2261",2,0,1,0,0,0
"COG2262",59,50,38,58,59,71
"COG2264",44,35,26,47,44,40
"COG2265",128,85,83,74,49,86
"COG2267",39,27,32,23,9,31
"COG2268",32,26,33,17,19,16
"COG2269",0,0,5,0,2,0
"COG2270",25,14,12,10,8,13
"COG2271",9,18,15,7,41,13
"COG2272",35,19,6,23,10,16
"COG2273",31,61,25,48,40,25
"COG2274",72,90,57,83,64,19
"COG2301",9,9,6,11,3,0
"COG2302",35,22,29,15,6,15
"COG2303",1,0,7,0,0,0
"COG2304",36,63,42,43,88,58
"COG2306",0,0,1,0,0,1
"COG2307",0,0,0,0,0,0
"COG2308",0,0,0,0,5,0
"COG2309",65,31,46,25,10,34
"COG2310",9,4,1,9,24,4
"COG2311",16,31,25,32,37,48
"COG2312",0,1,1,0,1,2
"COG2313",2,1,15,0,1,0
"COG2314",0,0,2,0,0,0
"COG2315",25,21,23,48,34,31
"COG2316",6,11,15,6,3,7
"COG2317",8,4,18,6,3,7
"COG2318",0,0,0,0,0,0
"COG2319",0,3,4,1,0,1
"COG2320",4,1,5,0,1,3
"COG2321",1,0,0,0,0,4
"COG2323",30,9,33,13,4,5
"COG2326",10,27,14,9,9,25
"COG2327",11,13,18,14,2,12
"COG2329",0,0,0,0,1,1
"COG2331",1,1,0,0,0,1
"COG2332",1,0,1,0,2,2
"COG2333",80,47,84,56,18,46
"COG2334",8,0,6,1,2,4
"COG2335",0,0,0,0,0,0
"COG2336",0,0,1,0,0,0
"COG2337",37,37,60,52,29,24
"COG2339",1,5,5,1,0,5
"COG2340",11,19,13,2,2,6
"COG2342",0,0,0,0,0,0
"COG2344",41,26,27,37,34,26
"COG2346",0,1,0,0,0,0
"COG2348",20,5,33,18,1,3
"COG2350",0,1,0,0,0,1
"COG2351",0,0,1,0,0,5
"COG2352",1,0,4,1,1,0
"COG2353",0,0,2,0,0,0
"COG2354",2,0,0,0,1,0
"COG2355",37,35,31,38,34,35
"COG2356",0,9,4,0,0,1
"COG2357",62,29,27,41,19,33
"COG2358",18,15,14,26,8,18
"COG2359",3,2,3,0,1,5
"COG2360",1,9,3,8,4,7
"COG2361",1,11,12,0,14,8
"COG2362",3,0,5,1,0,2
"COG2363",0,0,0,0,1,2
"COG2364",51,25,14,27,13,35
"COG2365",15,18,14,27,33,16
"COG2366",0,0,0,0,1,0
"COG2367",35,25,5,30,38,20
"COG2368",0,3,7,4,4,0
"COG2369",3,7,5,0,8,2
"COG2371",1,2,1,3,1,1
"COG2372",0,0,1,0,2,0
"COG2373",37,89,70,75,112,72
"COG2374",5,0,1,8,21,1
"COG2375",1,0,1,0,0,0
"COG2376",9,25,29,6,13,3
"COG2377",1,1,6,2,5,1
"COG2378",19,11,24,17,22,8
"COG2379",4,13,8,8,1,12
"COG2382",23,25,14,32,40,47
"COG2384",16,18,17,13,6,17
"COG2385",64,48,51,54,55,72
"COG2386",0,0,2,0,0,0
"COG2388",4,4,7,8,11,7
"COG2390",13,10,7,3,9,6
"COG2391",3,0,7,1,2,0
"COG2404",0,0,2,3,0,1
"COG2405",1,1,0,0,0,0
"COG2406",0,2,6,2,2,1
"COG2407",64,62,66,92,103,70
"COG2409",0,0,0,0,0,0
"COG2414",9,9,15,1,2,3
"COG2421",1,0,0,0,0,0
"COG2423",5,8,9,9,4,4
"COG2425",4,14,7,21,18,9
"COG2426",2,3,9,1,0,1
"COG2431",18,18,20,28,25,15
"COG2440",2,0,2,0,0,0
"COG2452",12,5,0,7,6,4
"COG2453",0,0,0,0,1,0
"COG2454",0,0,0,0,0,0
"COG2461",19,8,3,10,1,4
"COG2501",5,2,12,4,3,10
"COG2502",30,24,20,35,49,32
"COG2503",2,0,0,0,0,0
"COG2508",95,68,74,92,23,54
"COG2509",100,84,71,87,65,83
"COG2510",10,9,5,6,4,11
"COG2513",8,5,6,4,1,12
"COG2514",2,0,0,0,0,0
"COG2515",0,5,11,1,2,2
"COG2516",0,0,5,0,0,0
"COG2518",0,0,0,0,0,0
"COG2519",0,0,1,0,0,0
"COG2602",7,15,5,4,9,4
"COG2603",0,0,0,0,1,0
"COG2604",9,4,1,7,1,10
"COG2605",33,31,28,55,49,29
"COG2606",16,25,34,27,17,34
"COG2607",41,29,19,29,9,28
"COG2608",28,11,15,11,8,19
"COG2609",0,0,2,0,2,0
"COG2610",15,24,15,24,20,22
"COG2703",9,4,0,1,3,12
"COG2704",27,21,19,17,48,29
"COG2706",29,22,15,26,23,38
"COG2707",0,1,1,0,0,0
"COG2710",13,11,4,12,6,12
"COG2715",23,20,15,26,33,31
"COG2716",0,0,1,0,2,0
"COG2717",2,1,0,0,0,7
"COG2718",0,0,1,0,0,0
"COG2719",1,1,0,0,0,0
"COG2720",45,22,77,21,11,24
"COG2721",37,48,34,29,36,48
"COG2723",141,54,53,65,11,61
"COG2730",33,92,31,51,26,72
"COG2731",18,30,11,16,24,21
"COG2732",0,0,0,0,0,0
"COG2733",5,7,1,0,2,3
"COG2738",26,18,20,40,36,31
"COG2739",22,14,20,13,2,8
"COG2740",18,13,13,5,3,10
"COG2746",6,3,0,4,1,4
"COG2747",0,0,0,0,0,0
"COG2755",114,154,80,112,145,157
"COG2759",58,73,60,68,56,50
"COG2761",0,0,1,0,0,0
"COG2764",0,0,0,0,0,0
"COG2766",0,0,2,0,1,0
"COG2768",26,21,18,15,18,23
"COG2770",0,0,0,0,1,0
"COG2771",1,1,21,0,3,1
"COG2801",150,199,307,79,243,109
"COG2804",18,34,43,14,13,26
"COG2805",25,21,29,8,4,13
"COG2807",2,0,6,0,2,0
"COG2812",129,126,87,117,100,101
"COG2813",3,1,5,0,1,1
"COG2814",8,28,23,21,34,18
"COG2815",32,29,33,18,6,26
"COG2816",25,18,15,20,24,31
"COG2818",19,11,17,22,23,11
"COG2819",24,28,7,17,7,19
"COG2820",28,21,30,23,29,26
"COG2821",2,0,7,0,1,4
"COG2822",1,0,0,0,0,0
"COG2823",0,2,2,0,2,2
"COG2824",0,0,2,0,0,0
"COG2825",2,4,3,3,1,3
"COG2826",87,109,38,76,29,116
"COG2827",2,2,8,3,3,1
"COG2828",0,0,4,0,1,0
"COG2829",0,3,6,0,3,1
"COG2830",2,5,8,5,26,8
"COG2831",4,3,8,0,8,0
"COG2832",3,5,4,3,2,6
"COG2834",4,1,4,5,1,0
"COG2835",0,0,0,0,0,0
"COG2836",0,0,0,1,1,5
"COG2837",1,5,4,4,3,2
"COG2839",2,2,0,1,4,4
"COG2840",0,0,4,0,1,0
"COG2841",0,0,0,0,0,0
"COG2842",6,5,12,1,1,2
"COG2843",56,33,50,46,50,47
"COG2844",1,1,4,0,1,4
"COG2845",0,0,1,0,0,0
"COG2846",6,2,8,9,6,4
"COG2848",53,33,17,28,18,42
"COG2849",3,6,4,13,40,17
"COG2850",1,0,1,0,3,0
"COG2851",1,0,3,4,4,3
"COG2852",6,3,1,1,0,2
"COG2853",0,0,3,0,0,1
"COG2854",0,0,1,0,0,0
"COG2855",16,19,14,22,54,24
"COG2856",30,27,31,14,17,23
"COG2859",4,6,3,13,15,16
"COG2860",7,19,20,14,23,21
"COG2861",3,1,4,0,1,1
"COG2862",0,0,0,0,0,0
"COG2863",1,0,0,0,0,0
"COG2864",0,0,3,0,2,0
"COG2865",142,150,103,77,62,65
"COG2866",26,12,30,24,19,19
"COG2867",0,0,0,0,1,0
"COG2868",13,10,5,7,7,4
"COG2869",4,10,7,8,9,7
"COG2870",12,10,5,3,9,5
"COG2871",8,10,19,16,35,20
"COG2872",16,14,12,4,2,14
"COG2873",115,96,71,104,67,133
"COG2875",26,21,7,23,28,19
"COG2876",28,51,36,29,40,38
"COG2877",8,15,12,23,28,17
"COG2878",19,25,25,20,19,21
"COG2879",0,0,2,0,1,0
"COG2882",0,0,3,0,0,0
"COG2884",29,36,45,40,41,38
"COG2885",18,43,37,26,83,34
"COG2887",2,0,4,0,1,1
"COG2890",54,41,40,45,17,43
"COG2891",1,0,2,0,0,1
"COG2893",16,15,10,18,8,7
"COG2894",41,24,27,26,7,31
"COG2895",22,29,17,25,33,40
"COG2896",27,6,13,7,11,7
"COG2897",1,0,4,0,3,0
"COG2898",9,0,0,1,5,1
"COG2900",1,0,2,0,0,0
"COG2901",0,0,0,0,0,0
"COG2904",0,0,2,0,1,0
"COG2906",0,0,0,0,0,0
"COG2907",0,0,0,0,0,0
"COG2908",10,18,17,22,32,26
"COG2909",16,15,24,11,4,11
"COG2910",2,4,4,7,0,3
"COG2911",9,17,8,0,9,2
"COG2912",1,0,2,0,0,0
"COG2913",0,0,1,0,0,0
"COG2914",0,0,0,0,0,0
"COG2915",0,0,4,0,0,0
"COG2916",0,0,1,0,0,1
"COG2917",0,0,3,0,2,0
"COG2918",0,0,6,0,2,0
"COG2919",2,1,1,0,0,0
"COG2920",1,0,3,0,0,0
"COG2921",1,2,1,0,0,0
"COG2922",0,0,1,0,2,0
"COG2923",0,0,0,0,0,0
"COG2924",0,2,2,0,0,2
"COG2925",3,0,2,0,0,4
"COG2926",0,0,0,0,0,0
"COG2927",0,0,2,0,0,1
"COG2928",0,2,0,0,1,0
"COG2929",4,3,1,3,1,0
"COG2931",4,14,2,12,7,7
"COG2932",17,9,22,13,6,11
"COG2933",0,0,2,0,0,0
"COG2935",0,0,0,0,0,0
"COG2936",14,6,9,31,32,12
"COG2937",1,0,9,0,2,0
"COG2938",0,0,1,0,0,0
"COG2939",0,0,0,0,0,0
"COG2942",31,40,29,36,47,20
"COG2943",0,0,9,0,1,0
"COG2944",2,2,2,1,0,1
"COG2945",0,0,0,0,0,0
"COG2946",37,12,10,31,10,7
"COG2947",0,0,0,0,0,1
"COG2948",0,1,0,0,0,0
"COG2949",6,2,19,1,3,3
"COG2951",0,0,2,0,0,3
"COG2954",31,29,21,32,35,17
"COG2956",0,1,3,0,0,4
"COG2957",17,25,11,40,42,45
"COG2958",0,0,1,0,0,0
"COG2959",0,0,1,0,0,0
"COG2960",0,0,0,0,1,0
"COG2961",1,4,2,2,2,3
"COG2962",4,2,8,0,1,2
"COG2963",37,35,29,9,13,16
"COG2964",7,13,14,2,7,4
"COG2965",0,0,0,0,0,1
"COG2966",69,64,24,49,63,44
"COG2967",0,0,1,0,0,0
"COG2968",6,9,7,0,4,2
"COG2969",0,0,1,0,0,0
"COG2971",3,4,12,2,1,3
"COG2972",433,338,282,352,83,364
"COG2973",0,0,0,0,0,0
"COG2974",2,0,4,0,0,0
"COG2975",0,0,0,0,0,1
"COG2976",0,1,0,0,0,3
"COG2977",0,0,0,0,0,0
"COG2978",13,11,9,15,27,7
"COG2979",0,0,2,0,0,0
"COG2980",0,0,0,0,0,2
"COG2981",2,0,0,0,3,0
"COG2982",1,0,9,0,2,0
"COG2983",0,0,1,0,0,0
"COG2984",39,24,31,31,15,41
"COG2985",58,120,67,108,148,71
"COG2986",24,23,19,46,58,19
"COG2987",23,21,10,37,54,14
"COG2988",0,1,1,0,1,0
"COG2989",3,16,9,1,8,0
"COG2990",7,0,2,0,8,2
"COG2991",0,0,0,0,0,0
"COG2992",0,0,3,0,2,0
"COG2994",0,0,0,0,0,0
"COG2995",0,0,8,0,1,0
"COG2996",31,40,22,34,52,44
"COG2998",1,0,1,0,1,0
"COG2999",1,0,1,0,0,0
"COG3001",0,0,1,0,0,2
"COG3004",17,11,10,18,36,14
"COG3005",2,4,6,5,5,13
"COG3006",1,0,2,0,2,1
"COG3007",1,8,0,1,1,8
"COG3008",3,0,1,0,1,1
"COG3009",0,0,2,0,1,0
"COG3010",12,11,8,10,2,7
"COG3012",0,0,1,0,0,1
"COG3013",2,0,3,0,0,0
"COG3014",0,1,0,0,4,1
"COG3015",4,4,2,11,10,3
"COG3016",3,5,2,1,4,5
"COG3017",1,0,2,0,0,1
"COG3019",0,0,0,0,0,0
"COG3021",6,20,12,9,47,27
"COG3022",21,35,18,18,43,28
"COG3023",15,38,39,43,39,26
"COG3024",2,0,0,0,0,0
"COG3025",1,7,8,0,6,0
"COG3026",1,0,2,0,0,0
"COG3027",1,0,1,1,1,0
"COG3028",2,0,1,0,0,1
"COG3029",2,0,2,0,1,0
"COG3030",0,0,1,0,0,0
"COG3031",0,0,2,0,0,0
"COG3033",6,11,13,7,21,6
"COG3034",0,0,1,0,4,0
"COG3036",2,0,1,0,0,0
"COG3037",3,10,9,8,4,2
"COG3038",1,0,3,0,0,0
"COG3039",43,9,22,21,20,63
"COG3040",3,2,1,8,4,1
"COG3041",12,9,7,9,0,9
"COG3042",0,0,1,0,0,0
"COG3043",0,0,0,0,1,2
"COG3044",18,2,5,7,3,11
"COG3045",1,1,4,0,1,0
"COG3047",0,0,0,0,1,0
"COG3048",3,0,7,3,0,5
"COG3049",53,40,47,58,50,61
"COG3050",0,0,0,0,0,0
"COG3051",11,6,9,3,9,2
"COG3052",2,1,2,2,1,1
"COG3053",7,8,7,1,6,1
"COG3054",0,0,1,0,0,0
"COG3055",15,16,16,12,14,4
"COG3056",1,0,0,0,0,1
"COG3057",0,0,2,0,2,0
"COG3058",1,0,1,0,0,2
"COG3059",0,6,5,11,12,9
"COG3060",0,0,1,0,0,0
"COG3061",1,0,0,0,0,0
"COG3062",0,0,0,0,0,0
"COG3063",0,0,0,0,0,0
"COG3064",1,0,3,0,0,0
"COG3065",0,1,2,0,0,1
"COG3066",1,0,0,0,0,0
"COG3067",0,0,3,0,3,1
"COG3068",1,0,1,0,0,0
"COG3069",6,11,8,4,10,25
"COG3070",14,7,7,3,0,1
"COG3071",1,0,3,0,3,0
"COG3072",2,0,3,0,4,2
"COG3073",0,0,3,0,0,0
"COG3074",1,0,1,0,1,0
"COG3075",3,1,1,0,11,1
"COG3076",1,0,2,0,0,0
"COG3077",17,22,13,13,5,9
"COG3078",0,0,0,0,0,0
"COG3079",2,0,2,0,0,0
"COG3080",2,0,0,0,0,0
"COG3081",2,0,4,0,1,1
"COG3082",0,0,3,0,0,0
"COG3083",2,3,4,2,9,1
"COG3084",1,0,3,0,0,1
"COG3085",0,1,3,0,0,0
"COG3086",0,0,1,0,0,1
"COG3087",1,0,2,0,2,3
"COG3088",1,0,5,0,0,1
"COG3089",0,0,0,0,1,0
"COG3090",18,18,11,16,13,15
"COG3091",0,0,0,0,0,0
"COG3092",1,0,1,0,1,0
"COG3093",7,29,11,2,2,4
"COG3094",0,0,1,0,0,0
"COG3095",0,0,0,0,1,0
"COG3096",4,0,5,0,0,0
"COG3097",1,0,3,0,0,0
"COG3098",1,0,0,0,1,0
"COG3099",0,0,2,0,0,0
"COG3100",0,0,1,0,0,0
"COG3101",0,0,1,0,1,0
"COG3102",0,0,2,0,1,0
"COG3103",47,10,34,25,10,22
"COG3104",16,49,20,28,59,35
"COG3105",1,0,1,0,2,0
"COG3106",0,0,0,0,0,0
"COG3107",2,0,5,0,1,1
"COG3108",0,0,1,0,1,0
"COG3109",0,0,2,0,0,0
"COG3110",0,0,1,0,0,0
"COG3111",2,2,1,0,2,0
"COG3112",0,0,1,0,1,0
"COG3113",0,0,1,0,0,0
"COG3114",0,0,0,0,0,0
"COG3115",0,0,0,0,1,0
"COG3116",0,0,0,0,0,0
"COG3117",0,0,1,0,0,0
"COG3118",1,0,2,0,0,0
"COG3119",159,222,242,465,556,294
"COG3120",1,0,7,0,1,0
"COG3121",2,1,16,0,10,0
"COG3122",0,0,0,0,0,0
"COG3123",0,0,0,0,0,0
"COG3124",1,3,0,3,2,1
"COG3125",0,0,0,0,0,0
"COG3126",0,0,1,0,0,0
"COG3127",0,0,3,0,0,0
"COG3128",0,0,2,0,1,0
"COG3129",0,1,6,5,1,2
"COG3130",0,0,0,0,0,0
"COG3131",0,1,7,0,2,0
"COG3132",0,0,0,0,1,0
"COG3133",1,0,0,0,0,0
"COG3134",0,0,1,0,1,0
"COG3135",0,0,0,0,1,0
"COG3136",0,0,2,0,0,1
"COG3137",1,0,0,0,0,0
"COG3138",1,0,0,0,0,0
"COG3139",0,0,1,0,0,0
"COG3140",0,0,0,0,0,0
"COG3141",1,0,0,0,0,0
"COG3142",20,9,11,17,20,14
"COG3143",0,0,1,0,2,0
"COG3144",0,4,3,0,0,20
"COG3145",1,0,0,0,1,0
"COG3147",0,0,0,0,1,0
"COG3148",0,0,2,0,1,0
"COG3149",0,0,2,0,0,0
"COG3150",1,0,3,1,5,3
"COG3151",0,0,2,0,0,0
"COG3152",3,2,4,12,7,3
"COG3153",3,12,17,9,10,7
"COG3154",0,0,0,0,1,0
"COG3155",0,0,1,0,0,0
"COG3156",0,0,2,0,0,0
"COG3157",0,0,12,0,0,0
"COG3158",7,10,1,0,0,29
"COG3159",1,0,1,0,1,2
"COG3160",0,0,1,0,0,0
"COG3161",0,0,1,0,0,0
"COG3162",0,0,0,0,0,0
"COG3164",1,2,10,0,2,6
"COG3165",0,0,2,0,0,0
"COG3166",0,1,0,0,0,0
"COG3169",7,7,8,9,17,7
"COG3171",2,0,0,0,0,0
"COG3172",0,6,6,0,0,6
"COG3173",0,2,4,4,0,1
"COG3174",7,7,4,22,28,9
"COG3176",20,35,21,35,81,39
"COG3177",69,84,76,92,64,134
"COG3178",8,19,9,21,30,20
"COG3179",0,3,0,0,0,0
"COG3180",0,1,2,1,0,0
"COG3181",6,14,15,6,8,10
"COG3182",12,7,7,8,28,17
"COG3183",0,1,0,0,19,0
"COG3185",0,0,0,0,0,0
"COG3187",5,10,5,15,18,14
"COG3188",4,1,33,1,11,2
"COG3189",5,4,4,10,6,2
"COG3190",0,0,0,0,0,0
"COG3191",19,6,13,4,5,3
"COG3192",9,1,6,1,4,1
"COG3193",2,0,2,4,2,1
"COG3194",0,0,0,0,0,0
"COG3195",0,0,0,0,0,0
"COG3196",5,3,1,0,4,4
"COG3199",0,2,2,0,0,1
"COG3201",7,20,13,18,14,4
"COG3203",6,4,18,0,9,31
"COG3204",0,0,0,0,0,0
"COG3206",20,38,16,16,54,18
"COG3208",1,0,0,0,0,0
"COG3209",92,134,70,101,112,98
"COG3210",5,4,24,1,6,10
"COG3211",0,0,0,0,0,0
"COG3212",0,2,4,1,1,0
"COG3213",0,0,0,0,0,0
"COG3214",1,0,2,0,0,1
"COG3216",0,0,0,0,0,0
"COG3217",1,0,2,0,1,0
"COG3218",0,0,0,0,0,0
"COG3219",0,0,0,0,0,0
"COG3220",0,0,0,0,0,1
"COG3221",4,7,9,1,6,0
"COG3222",0,0,1,0,0,0
"COG3223",1,0,0,0,0,0
"COG3224",0,0,0,0,0,0
"COG3225",44,37,48,50,28,33
"COG3226",0,0,1,0,0,0
"COG3227",0,0,1,5,0,1
"COG3228",0,0,0,0,0,0
"COG3231",0,0,1,1,1,3
"COG3232",0,0,0,0,1,0
"COG3234",0,0,3,0,1,0
"COG3236",1,1,5,5,0,4
"COG3237",0,0,3,0,0,0
"COG3238",5,9,7,3,1,6
"COG3239",0,0,0,0,0,0
"COG3242",0,0,0,1,0,0
"COG3246",1,4,15,3,7,2
"COG3247",1,2,3,0,2,2
"COG3248",0,0,2,0,1,1
"COG3250",556,687,539,1019,1001,1073
"COG3251",0,0,0,0,0,0
"COG3252",0,0,3,0,0,0
"COG3253",3,0,0,0,0,0
"COG3254",4,2,4,8,0,12
"COG3256",3,0,0,0,0,0
"COG3257",0,0,2,0,0,0
"COG3259",0,0,8,0,0,0
"COG3260",1,2,8,0,1,1
"COG3261",2,2,6,0,1,1
"COG3262",0,0,6,0,1,3
"COG3263",19,22,27,38,44,28
"COG3264",1,3,9,0,10,2
"COG3265",1,0,6,1,0,0
"COG3266",0,0,0,0,0,0
"COG3267",0,0,0,3,1,1
"COG3268",1,1,0,0,0,0
"COG3270",17,7,10,24,4,12
"COG3271",1,0,0,0,0,0
"COG3272",0,0,0,0,0,0
"COG3274",30,35,34,45,60,32
"COG3275",31,54,70,62,140,69
"COG3276",2,2,10,3,3,4
"COG3279",243,222,168,257,150,221
"COG3283",2,3,1,0,0,0
"COG3284",1,7,7,1,3,6
"COG3287",10,0,2,8,0,11
"COG3288",0,0,1,0,0,0
"COG3290",6,10,13,3,5,5
"COG3291",5,18,25,11,10,4
"COG3292",307,715,382,636,657,518
"COG3293",5,1,30,39,27,128
"COG3294",5,3,0,6,0,3
"COG3296",0,0,0,0,2,0
"COG3297",0,0,1,0,1,0
"COG3299",10,8,27,12,18,13
"COG3301",0,1,2,0,0,6
"COG3302",0,0,1,0,0,1
"COG3303",1,7,27,12,18,23
"COG3304",3,6,5,7,17,11
"COG3306",0,0,4,1,6,0
"COG3307",7,5,11,1,6,1
"COG3309",0,9,0,0,0,0
"COG3311",0,0,0,0,0,0
"COG3312",0,0,0,0,1,0
"COG3313",0,0,0,0,0,0
"COG3314",36,18,28,24,9,28
"COG3315",16,26,10,6,7,13
"COG3316",1,3,7,2,1,0
"COG3317",0,1,4,0,1,4
"COG3318",1,1,3,0,0,0
"COG3319",1,0,11,0,1,0
"COG3320",25,2,15,23,1,4
"COG3321",2,0,0,33,0,0
"COG3323",13,9,8,8,23,13
"COG3324",0,7,3,3,4,2
"COG3325",23,6,12,24,30,9
"COG3326",8,11,10,9,0,7
"COG3327",0,0,0,0,0,0
"COG3328",84,185,95,44,64,56
"COG3330",2,0,2,0,0,0
"COG3331",14,17,10,9,4,8
"COG3333",10,16,12,12,6,12
"COG3335",9,7,18,7,4,24
"COG3338",0,0,0,0,0,0
"COG3339",2,1,3,2,0,0
"COG3340",41,24,24,31,14,30
"COG3341",18,22,9,29,20,21
"COG3343",2,0,0,0,0,0
"COG3344",161,138,146,237,438,200
"COG3345",127,146,84,152,84,108
"COG3347",0,0,1,1,2,0
"COG3350",0,0,0,0,0,0
"COG3359",17,13,4,8,3,10
"COG3366",0,0,0,0,0,0
"COG3369",1,0,2,0,3,0
"COG3376",0,0,0,0,0,0
"COG3378",54,40,52,18,38,23
"COG3379",0,0,0,0,0,0
"COG3381",0,0,4,1,1,0
"COG3382",1,17,12,9,22,13
"COG3383",5,8,13,5,6,6
"COG3384",0,0,3,0,0,0
"COG3385",36,52,139,69,72,74
"COG3386",5,10,11,19,13,2
"COG3387",8,2,12,13,6,6
"COG3391",4,21,31,25,15,12
"COG3392",9,5,8,17,3,4
"COG3393",5,1,3,4,0,0
"COG3394",16,9,6,2,4,6
"COG3395",9,14,8,3,15,6
"COG3396",0,0,0,0,0,0
"COG3397",0,0,0,0,0,0
"COG3401",6,50,16,0,1,3
"COG3402",0,1,1,5,8,0
"COG3404",18,18,14,18,34,11
"COG3405",12,13,9,3,12,21
"COG3407",0,0,0,0,0,0
"COG3408",59,91,53,65,72,48
"COG3409",30,8,56,12,6,31
"COG3410",9,9,4,0,0,2
"COG3411",1,1,4,0,2,0
"COG3412",1,1,5,0,2,0
"COG3414",2,10,2,5,5,1
"COG3415",0,0,0,0,0,0
"COG3416",0,0,0,0,0,0
"COG3417",0,0,3,0,1,0
"COG3418",0,0,1,0,0,0
"COG3420",0,0,0,0,0,2
"COG3421",0,4,4,0,0,0
"COG3422",0,0,3,0,0,0
"COG3423",1,0,0,0,1,0
"COG3425",0,0,6,0,0,0
"COG3426",15,23,41,27,42,18
"COG3428",1,1,0,2,4,6
"COG3429",1,0,0,0,0,0
"COG3433",2,0,5,0,1,0
"COG3434",5,2,5,3,1,8
"COG3436",170,259,99,341,155,74
"COG3437",70,63,57,55,120,48
"COG3439",1,1,4,0,0,1
"COG3440",2,1,0,0,0,2
"COG3442",24,10,18,10,1,8
"COG3443",6,0,0,4,0,0
"COG3444",19,12,21,7,10,10
"COG3445",0,0,1,0,0,0
"COG3447",0,0,5,0,2,0
"COG3448",1,2,0,0,0,0
"COG3449",3,7,11,15,24,13
"COG3450",0,0,0,0,0,0
"COG3451",263,259,438,283,321,207
"COG3452",12,16,4,11,9,16
"COG3454",1,1,2,0,1,0
"COG3455",0,0,2,0,0,0
"COG3456",0,0,2,0,0,0
"COG3457",0,1,11,2,1,0
"COG3458",18,25,14,43,15,10
"COG3459",90,71,113,55,17,126
"COG3460",0,0,0,0,0,0
"COG3463",2,4,1,6,0,6
"COG3464",83,71,58,222,352,91
"COG3467",28,25,16,23,12,33
"COG3468",6,45,93,0,48,15
"COG3469",3,0,0,0,0,0
"COG3470",0,0,0,0,0,0
"COG3471",1,0,0,0,0,0
"COG3472",21,1,11,4,1,2
"COG3473",0,0,0,0,0,0
"COG3475",75,56,28,59,26,53
"COG3476",2,3,4,11,4,5
"COG3477",0,0,0,0,0,0
"COG3478",2,0,0,0,0,1
"COG3479",0,0,0,0,0,0
"COG3480",1,0,5,1,0,1
"COG3481",55,33,27,19,14,37
"COG3484",0,0,0,0,0,0
"COG3485",0,0,0,0,0,0
"COG3486",0,0,1,0,0,0
"COG3487",3,8,3,9,8,21
"COG3488",7,16,14,7,30,12
"COG3491",0,0,0,0,0,0
"COG3493",0,4,2,2,2,1
"COG3494",2,4,1,1,4,1
"COG3496",0,0,0,0,0,0
"COG3497",2,6,27,5,9,5
"COG3498",1,2,8,0,1,2
"COG3499",0,0,3,0,0,0
"COG3500",0,3,15,2,5,10
"COG3501",1,10,22,37,18,4
"COG3503",4,1,3,7,0,2
"COG3504",0,1,0,0,0,0
"COG3505",180,204,343,301,209,143
"COG3506",10,9,2,10,6,10
"COG3507",136,229,64,252,231,302
"COG3509",5,4,1,0,2,0
"COG3512",11,5,4,14,6,5
"COG3513",93,27,23,73,24,52
"COG3514",0,0,0,0,0,0
"COG3515",0,1,7,0,0,0
"COG3516",0,1,1,0,1,0
"COG3517",0,0,4,0,0,0
"COG3518",0,0,0,0,0,0
"COG3519",0,1,5,0,0,0
"COG3520",0,0,3,0,0,0
"COG3521",0,0,1,0,0,0
"COG3522",1,0,1,0,1,0
"COG3523",1,1,7,0,0,0
"COG3524",0,0,2,0,0,0
"COG3525",128,175,209,310,487,174
"COG3526",0,0,0,0,0,0
"COG3527",0,0,0,0,0,1
"COG3528",0,0,0,0,0,0
"COG3529",0,0,0,0,0,0
"COG3530",0,0,0,0,0,0
"COG3533",102,92,83,190,111,258
"COG3534",55,84,54,120,82,94
"COG3535",1,0,10,2,0,1
"COG3536",0,0,0,0,0,1
"COG3537",146,223,183,369,412,333
"COG3538",25,10,23,36,47,25
"COG3539",0,2,24,0,6,0
"COG3541",9,3,14,6,1,2
"COG3542",0,1,1,0,0,0
"COG3543",5,1,5,11,1,3
"COG3544",2,2,1,0,1,0
"COG3545",6,0,1,0,0,0
"COG3546",15,10,32,13,1,10
"COG3547",140,116,175,123,186,106
"COG3548",0,0,4,0,0,0
"COG3549",0,0,0,0,0,0
"COG3550",45,80,36,72,147,44
"COG3552",0,0,7,0,0,0
"COG3555",0,0,0,0,0,0
"COG3557",4,0,1,0,0,0
"COG3558",0,0,0,0,0,0
"COG3560",5,12,7,8,27,10
"COG3561",3,3,5,0,2,7
"COG3562",0,0,4,0,0,0
"COG3563",0,0,4,0,1,0
"COG3566",2,9,2,0,4,5
"COG3567",2,5,1,0,8,1
"COG3568",38,44,38,82,118,46
"COG3570",0,0,0,0,0,0
"COG3572",3,1,0,0,2,1
"COG3575",0,0,0,0,0,0
"COG3576",0,0,0,0,0,0
"COG3579",28,36,17,55,67,31
"COG3580",108,100,103,72,27,84
"COG3581",118,84,102,81,18,69
"COG3583",23,14,17,15,2,4
"COG3584",29,14,26,16,11,5
"COG3585",1,0,0,0,0,0
"COG3586",5,8,13,5,5,1
"COG3587",28,45,22,80,17,27
"COG3588",1,2,5,1,0,0
"COG3589",5,3,0,6,2,2
"COG3590",22,38,16,25,71,36
"COG3591",5,6,6,1,2,1
"COG3592",0,0,1,0,1,0
"COG3593",14,20,10,26,10,17
"COG3594",29,57,19,40,53,29
"COG3595",0,1,6,0,0,4
"COG3596",1,2,0,0,0,4
"COG3597",0,0,0,0,0,4
"COG3598",13,1,1,0,2,2
"COG3599",14,8,20,6,4,6
"COG3600",7,10,2,7,4,6
"COG3601",29,19,21,11,8,19
"COG3602",0,1,0,0,0,1
"COG3603",1,5,2,0,0,1
"COG3604",8,17,18,15,33,16
"COG3605",0,1,2,0,1,0
"COG3608",13,18,6,6,5,14
"COG3609",0,1,0,0,0,0
"COG3610",17,12,11,9,7,11
"COG3611",4,0,3,1,0,0
"COG3613",0,0,4,4,0,0
"COG3615",0,0,1,0,0,0
"COG3616",0,0,1,0,0,2
"COG3617",12,24,44,7,11,6
"COG3618",3,0,0,0,1,0
"COG3619",32,20,22,19,11,12
"COG3621",0,11,0,2,0,0
"COG3622",1,2,6,0,2,2
"COG3623",2,0,3,3,0,0
"COG3624",0,0,3,0,0,0
"COG3625",1,1,7,0,0,0
"COG3626",0,1,6,0,0,0
"COG3627",2,1,8,0,5,0
"COG3628",0,2,3,0,0,0
"COG3629",2,2,0,0,2,1
"COG3630",0,0,0,0,0,0
"COG3633",17,23,6,7,10,5
"COG3634",13,18,10,20,36,11
"COG3635",6,16,25,26,32,21
"COG3636",0,0,0,0,1,2
"COG3637",0,0,4,0,1,0
"COG3638",2,6,8,4,2,4
"COG3639",4,5,15,3,1,3
"COG3640",11,10,14,6,4,4
"COG3641",27,17,12,11,1,18
"COG3643",8,6,5,16,24,7
"COG3645",12,35,23,0,10,5
"COG3646",4,10,8,3,9,3
"COG3647",0,0,0,0,0,1
"COG3649",18,17,12,9,11,6
"COG3650",0,2,0,0,0,1
"COG3653",0,7,21,1,5,2
"COG3654",8,6,3,1,4,3
"COG3655",17,14,14,9,6,12
"COG3657",0,0,0,0,0,0
"COG3659",0,0,0,0,0,0
"COG3660",0,0,0,0,0,0
"COG3661",5,18,4,30,35,20
"COG3662",0,0,0,0,1,0
"COG3663",10,24,21,22,22,28
"COG3664",21,4,13,17,3,9
"COG3665",0,0,0,0,0,0
"COG3666",87,330,165,103,185,215
"COG3667",0,0,0,0,0,0
"COG3668",1,0,4,0,0,1
"COG3669",113,101,151,211,253,165
"COG3671",0,0,0,0,0,0
"COG3672",0,0,0,0,0,0
"COG3675",0,9,0,0,1,0
"COG3676",1,7,5,12,7,9
"COG3677",1,3,38,0,11,1
"COG3678",0,0,1,0,1,0
"COG3679",0,0,4,0,0,0
"COG3680",0,0,0,0,2,10
"COG3681",46,37,43,47,59,56
"COG3682",31,25,22,12,33,14
"COG3683",0,1,0,0,0,0
"COG3684",0,0,3,0,0,1
"COG3685",0,1,0,0,2,0
"COG3688",50,42,32,41,3,28
"COG3689",12,8,6,4,2,11
"COG3691",2,0,1,0,2,0
"COG3692",0,0,0,0,0,0
"COG3693",8,12,8,15,18,21
"COG3694",3,2,9,21,0,2
"COG3695",3,12,2,11,11,10
"COG3696",23,57,70,83,173,65
"COG3697",8,3,2,4,1,1
"COG3698",3,0,2,0,1,0
"COG3700",2,0,3,0,0,0
"COG3701",0,1,1,0,1,0
"COG3703",0,0,0,0,0,0
"COG3704",0,0,0,0,0,1
"COG3705",28,24,10,21,15,21
"COG3706",113,238,148,287,360,327
"COG3707",4,8,10,7,4,4
"COG3708",8,11,14,7,0,2
"COG3709",1,0,2,0,0,0
"COG3710",0,0,10,0,2,0
"COG3711",90,58,31,81,22,20
"COG3712",105,248,285,424,369,212
"COG3713",1,0,0,0,1,0
"COG3714",0,0,0,0,0,0
"COG3715",31,24,14,17,16,6
"COG3716",24,24,15,20,13,5
"COG3717",18,22,11,22,46,31
"COG3718",3,7,3,1,6,3
"COG3719",0,0,2,0,1,0
"COG3720",0,0,2,0,0,0
"COG3721",0,0,1,0,0,2
"COG3722",1,0,3,0,1,0
"COG3723",2,3,3,0,13,6
"COG3724",0,0,1,0,0,0
"COG3725",0,0,2,0,1,0
"COG3726",0,0,0,0,0,0
"COG3727",22,14,9,7,4,12
"COG3728",8,5,7,8,8,2
"COG3729",0,0,0,0,1,0
"COG3730",1,1,2,1,1,0
"COG3731",1,2,0,0,0,0
"COG3732",0,2,5,0,2,0
"COG3733",1,0,0,0,2,0
"COG3734",0,2,7,2,4,0
"COG3735",2,6,6,11,11,1
"COG3736",1,0,0,0,0,2
"COG3738",5,3,4,2,1,2
"COG3740",4,3,8,0,1,0
"COG3741",0,0,0,1,0,0
"COG3744",0,0,0,0,1,1
"COG3745",0,0,1,0,0,0
"COG3746",8,4,3,19,11,6
"COG3747",0,2,0,0,2,0
"COG3753",0,0,1,0,0,0
"COG3754",19,28,8,29,33,26
"COG3755",0,0,0,0,0,0
"COG3756",0,0,0,0,0,0
"COG3757",77,97,78,51,28,66
"COG3758",0,0,1,0,1,0
"COG3759",2,0,0,1,0,0
"COG3760",21,16,22,12,6,8
"COG3762",0,0,0,0,2,1
"COG3763",1,0,1,0,0,0
"COG3764",41,16,70,27,3,8
"COG3765",0,0,14,0,2,0
"COG3766",0,0,2,0,0,0
"COG3767",0,0,0,0,0,0
"COG3768",1,0,1,0,0,0
"COG3769",0,0,0,0,0,0
"COG3770",0,0,1,0,0,0
"COG3771",0,0,1,0,1,0
"COG3772",0,1,14,1,0,12
"COG3773",32,29,40,19,8,37
"COG3774",29,16,20,21,37,18
"COG3775",10,20,4,24,34,17
"COG3776",0,0,1,0,0,0
"COG3778",0,0,0,0,0,0
"COG3779",0,0,1,0,0,0
"COG3781",0,0,2,0,1,0
"COG3783",0,0,0,0,0,0
"COG3784",0,0,1,0,0,0
"COG3785",0,0,1,0,0,0
"COG3786",7,2,3,2,0,3
"COG3787",0,0,1,0,2,0
"COG3788",0,0,2,0,1,0
"COG3789",0,0,1,0,0,0
"COG3790",0,0,1,0,0,0
"COG3791",0,0,0,0,0,1
"COG3793",0,0,1,0,0,0
"COG3794",0,0,0,0,0,0
"COG3797",1,0,3,4,0,1
"COG3799",0,1,3,0,0,0
"COG3804",6,3,22,0,1,5
"COG3808",37,36,56,33,56,41
"COG3811",0,0,2,0,0,0
"COG3815",0,0,2,0,0,0
"COG3817",5,1,3,1,1,0
"COG3819",5,0,0,1,1,1
"COG3822",0,3,12,4,1,2
"COG3823",2,1,1,0,3,0
"COG3824",0,0,0,0,0,0
"COG3825",1,2,4,4,1,2
"COG3828",0,0,1,0,0,0
"COG3829",30,35,44,9,9,11
"COG3830",27,22,24,21,29,22
"COG3831",0,2,7,2,7,1
"COG3832",0,0,0,0,0,0
"COG3833",20,26,12,29,9,19
"COG3835",3,3,7,4,3,5
"COG3836",2,1,4,2,1,0
"COG3837",0,0,0,0,0,0
"COG3839",67,53,75,54,23,60
"COG3840",0,0,3,0,1,0
"COG3842",52,69,61,50,77,72
"COG3843",117,113,139,134,32,73
"COG3845",39,34,80,17,30,28
"COG3846",0,3,5,0,2,0
"COG3848",21,13,7,1,3,12
"COG3850",0,0,3,0,1,4
"COG3851",6,1,11,2,1,2
"COG3852",3,3,2,0,0,2
"COG3853",21,13,26,8,2,14
"COG3854",29,15,38,14,11,19
"COG3855",51,60,53,71,87,52
"COG3856",4,1,9,1,1,1
"COG3857",113,81,104,57,25,90
"COG3858",38,31,40,29,4,17
"COG3859",17,12,11,12,3,11
"COG3860",0,0,0,0,0,0
"COG3862",12,6,11,4,4,5
"COG3863",1,0,0,0,0,0
"COG3864",6,0,6,1,0,2
"COG3866",13,19,4,5,6,13
"COG3867",42,35,11,22,20,25
"COG3868",0,1,1,1,0,2
"COG3869",9,8,6,5,7,9
"COG3870",0,3,1,1,0,2
"COG3871",8,6,12,15,6,7
"COG3872",38,26,37,21,11,22
"COG3874",11,4,13,7,0,3
"COG3875",5,22,37,2,10,14
"COG3876",11,13,16,18,55,9
"COG3877",2,1,5,0,4,0
"COG3878",1,4,1,2,0,0
"COG3879",13,5,19,0,2,5
"COG3880",14,8,8,5,1,1
"COG3881",0,3,0,0,3,0
"COG3882",0,5,6,6,8,4
"COG3883",16,6,21,3,1,3
"COG3884",34,33,31,21,23,28
"COG3885",0,0,0,0,1,3
"COG3886",39,28,34,67,4,26
"COG3887",86,49,70,47,20,36
"COG3892",0,0,2,0,0,1
"COG3893",0,0,8,0,8,0
"COG3894",20,17,13,11,1,13
"COG3895",0,0,1,0,0,0
"COG3896",0,0,0,0,0,0
"COG3899",1,2,1,0,0,1
"COG3901",2,4,6,0,1,0
"COG3903",0,0,0,0,0,0
"COG3906",5,0,0,0,0,0
"COG3907",0,0,0,0,0,0
"COG3910",23,15,20,14,2,9
"COG3911",0,0,0,0,0,0
"COG3915",0,0,0,0,0,0
"COG3919",6,9,8,6,13,5
"COG3920",1,10,1,2,5,2
"COG3921",0,0,0,0,0,0
"COG3923",0,0,0,0,0,0
"COG3924",0,0,1,0,0,0
"COG3925",0,0,5,0,0,0
"COG3926",12,2,4,50,1,2
"COG3933",16,35,4,12,15,13
"COG3934",0,0,0,0,0,0
"COG3935",33,16,28,25,7,22
"COG3936",1,19,8,5,0,2
"COG3937",0,0,5,1,0,2
"COG3938",2,0,7,1,1,0
"COG3940",30,14,20,39,28,12
"COG3941",0,1,0,0,0,1
"COG3942",6,1,0,0,1,0
"COG3943",58,72,73,65,109,47
"COG3944",48,29,28,44,8,27
"COG3945",0,2,0,1,1,0
"COG3947",4,2,4,1,0,0
"COG3948",1,3,13,2,5,8
"COG3949",11,6,19,9,6,1
"COG3950",37,55,11,59,27,21
"COG3951",0,0,2,1,0,0
"COG3952",0,0,0,0,6,1
"COG3953",0,0,0,0,1,0
"COG3954",0,0,1,0,0,0
"COG3955",5,0,2,3,0,1
"COG3956",6,20,7,9,16,17
"COG3957",18,14,17,13,6,18
"COG3958",71,24,49,47,17,35
"COG3959",46,28,58,52,25,23
"COG3960",0,0,7,0,1,0
"COG3961",0,0,0,0,0,0
"COG3962",0,5,2,0,5,2
"COG3963",0,0,1,0,0,0
"COG3964",1,8,2,2,1,8
"COG3965",4,5,2,5,1,0
"COG3966",2,0,1,6,0,0
"COG3967",0,0,0,0,0,0
"COG3968",96,114,125,101,161,125
"COG3969",17,16,44,29,56,22
"COG3971",0,0,1,0,1,1
"COG3972",8,2,1,4,0,8
"COG3973",26,37,42,60,30,19
"COG3975",1,1,0,0,0,1
"COG3976",17,4,2,7,2,14
"COG3977",0,0,7,0,2,0
"COG3978",0,0,0,0,1,0
"COG3979",0,0,0,0,1,1
"COG3980",1,1,4,3,7,6
"COG3981",11,4,20,4,2,7
"COG4001",73,92,60,87,55,34
"COG4012",0,0,6,0,0,0
"COG4021",1,9,7,1,1,1
"COG4032",2,0,4,1,1,6
"COG4034",0,0,0,0,0,0
"COG4043",0,0,7,0,0,2
"COG4085",0,0,0,0,0,0
"COG4086",10,3,12,5,1,3
"COG4087",0,0,4,0,0,0
"COG4091",2,0,0,0,0,0
"COG4095",0,0,1,0,0,0
"COG4096",26,49,59,39,47,69
"COG4097",5,0,0,0,0,0
"COG4098",4,1,0,2,0,0
"COG4099",13,11,3,8,7,4
"COG4100",48,34,54,25,13,22
"COG4104",0,0,1,1,2,0
"COG4105",1,1,7,0,0,1
"COG4106",0,0,1,9,0,1
"COG4107",1,0,3,0,0,0
"COG4108",61,55,40,40,52,66
"COG4109",0,0,0,0,1,0
"COG4110",0,0,0,0,0,0
"COG4112",0,0,1,0,0,0
"COG4114",0,0,0,1,0,0
"COG4115",5,5,8,7,5,14
"COG4116",1,0,1,8,0,0
"COG4117",0,0,0,0,0,0
"COG4120",52,23,31,35,11,26
"COG4121",7,6,12,3,36,8
"COG4122",23,33,25,44,25,46
"COG4123",41,37,40,30,40,41
"COG4124",7,39,11,41,8,21
"COG4125",2,0,0,0,1,0
"COG4126",0,0,3,0,1,0
"COG4127",1,1,0,2,0,0
"COG4128",1,0,0,0,0,0
"COG4129",1,1,1,3,1,11
"COG4130",0,0,0,0,1,0
"COG4132",0,0,0,0,1,0
"COG4133",0,0,0,0,0,0
"COG4134",2,1,2,0,1,0
"COG4135",0,1,5,0,1,0
"COG4136",0,0,1,0,0,0
"COG4137",0,1,2,0,0,0
"COG4138",0,0,1,0,0,0
"COG4139",0,0,2,0,0,0
"COG4143",0,0,2,0,0,0
"COG4145",2,17,8,7,4,8
"COG4146",25,30,17,63,49,33
"COG4147",0,0,3,0,2,0
"COG4148",0,1,3,0,1,4
"COG4149",12,3,8,9,3,4
"COG4150",0,1,2,0,1,0
"COG4152",2,10,17,2,14,12
"COG4154",1,1,5,1,5,4
"COG4158",5,5,1,3,2,7
"COG4160",2,0,2,0,4,0
"COG4161",0,0,2,0,1,0
"COG4166",92,41,58,36,16,31
"COG4167",0,0,2,0,0,0
"COG4168",1,0,4,0,0,1
"COG4170",1,0,1,0,0,0
"COG4171",2,0,4,0,0,0
"COG4172",12,4,3,4,1,6
"COG4174",1,0,2,0,0,0
"COG4175",11,10,16,26,38,12
"COG4176",6,11,8,16,31,14
"COG4177",24,28,40,5,12,18
"COG4178",2,6,1,0,4,1
"COG4181",0,1,1,0,1,0
"COG4185",3,6,4,17,10,10
"COG4186",6,21,8,20,17,2
"COG4187",0,0,1,0,0,2
"COG4188",0,0,1,0,0,0
"COG4189",9,1,4,10,4,3
"COG4191",1,2,7,3,14,7
"COG4192",0,0,0,0,1,0
"COG4193",21,13,29,27,1,18
"COG4194",0,0,0,0,0,0
"COG4197",0,0,0,0,0,0
"COG4198",13,45,29,33,54,38
"COG4199",1,0,0,0,0,0
"COG4200",14,3,0,3,1,0
"COG4206",66,169,108,122,216,134
"COG4208",15,8,7,7,0,3
"COG4209",108,58,135,36,5,70
"COG4211",31,15,18,21,9,17
"COG4213",7,6,4,8,1,6
"COG4214",2,5,2,6,2,1
"COG4215",0,0,7,0,2,0
"COG4219",71,35,54,38,12,42
"COG4220",0,0,1,0,0,0
"COG4221",14,7,7,24,25,4
"COG4222",0,1,0,0,0,2
"COG4224",13,8,2,4,1,6
"COG4225",69,105,52,130,138,128
"COG4226",1,7,3,0,2,2
"COG4227",7,77,14,19,38,16
"COG4228",0,0,0,0,0,0
"COG4229",0,0,0,0,0,0
"COG4230",1,0,2,0,1,1
"COG4231",24,24,29,39,37,48
"COG4232",16,21,27,21,42,35
"COG4233",0,1,0,0,0,2
"COG4235",1,0,5,0,2,3
"COG4237",0,1,1,0,2,1
"COG4238",0,0,0,0,0,0
"COG4239",1,0,3,0,0,1
"COG4241",0,2,1,0,1,0
"COG4242",0,0,2,0,0,0
"COG4243",1,0,0,0,0,0
"COG4245",0,0,3,0,1,0
"COG4248",0,1,3,0,0,1
"COG4249",1,4,4,0,2,1
"COG4251",0,0,0,0,0,0
"COG4252",1,0,0,0,0,3
"COG4253",0,0,1,0,0,0
"COG4256",0,0,0,0,0,0
"COG4258",0,0,2,0,1,3
"COG4260",31,27,36,12,4,21
"COG4261",6,3,1,17,5,9
"COG4262",0,0,0,0,0,0
"COG4263",0,0,0,0,0,2
"COG4264",0,0,6,0,0,0
"COG4267",6,4,0,8,2,4
"COG4268",10,14,3,10,4,13
"COG4269",0,0,5,0,1,1
"COG4271",2,1,10,1,1,1
"COG4277",39,33,24,33,40,49
"COG4279",1,0,3,1,0,0
"COG4282",0,0,0,0,0,0
"COG4283",5,7,12,10,0,8
"COG4284",28,20,38,8,3,25
"COG4286",17,6,0,4,1,5
"COG4288",0,0,1,0,0,0
"COG4289",17,30,37,33,53,86
"COG4290",0,0,0,0,0,1
"COG4292",1,2,0,4,1,0
"COG4294",1,0,2,0,0,0
"COG4295",6,8,1,8,1,0
"COG4296",4,1,3,0,2,4
"COG4299",17,33,21,34,93,30
"COG4300",0,0,0,0,0,0
"COG4302",0,1,3,2,1,5
"COG4303",1,1,5,1,5,3
"COG4310",0,0,1,0,2,0
"COG4314",0,0,0,0,0,1
"COG4316",1,0,0,0,0,0
"COG4319",0,0,0,0,0,0
"COG4320",1,0,0,0,0,0
"COG4325",0,0,0,0,0,0
"COG4330",1,0,0,2,0,0
"COG4332",0,3,2,3,0,0
"COG4333",3,3,3,1,2,1
"COG4335",0,2,2,6,0,1
"COG4336",3,1,3,2,0,0
"COG4354",10,8,14,27,53,17
"COG4357",0,0,0,0,0,0
"COG4359",0,0,0,0,0,0
"COG4372",1,9,1,0,2,0
"COG4373",0,0,0,0,0,0
"COG4377",7,11,7,4,0,14
"COG4379",0,3,2,0,0,0
"COG4380",2,0,0,0,0,0
"COG4381",0,0,0,0,0,0
"COG4382",0,0,0,0,0,0
"COG4383",1,5,3,2,2,16
"COG4384",0,0,0,0,0,0
"COG4385",0,9,6,0,3,5
"COG4386",0,1,0,1,0,0
"COG4387",0,0,0,0,0,0
"COG4388",1,0,0,0,0,0
"COG4389",2,0,0,0,0,0
"COG4390",0,0,0,0,0,0
"COG4392",1,0,0,0,0,0
"COG4393",2,0,0,0,1,0
"COG4394",0,0,0,0,0,1
"COG4395",0,0,0,0,0,1
"COG4396",0,0,1,0,0,1
"COG4397",4,0,0,0,0,0
"COG4399",1,0,0,0,0,0
"COG4401",0,0,0,0,0,0
"COG4403",16,0,3,42,5,0
"COG4405",4,1,6,1,0,0
"COG4408",0,0,0,0,0,0
"COG4409",12,32,42,36,51,24
"COG4412",3,17,6,5,2,0
"COG4413",4,5,2,8,12,2
"COG4420",3,2,5,0,0,3
"COG4421",0,0,2,2,1,0
"COG4422",36,37,36,57,79,36
"COG4430",2,6,3,8,4,10
"COG4443",5,4,3,4,0,7
"COG4445",0,0,0,0,1,0
"COG4448",3,7,3,0,3,0
"COG4452",0,8,11,4,8,2
"COG4453",0,0,0,0,0,0
"COG4456",1,2,1,0,1,0
"COG4457",0,0,2,0,10,2
"COG4458",0,0,3,0,0,0
"COG4460",0,0,0,0,0,0
"COG4463",7,6,17,4,1,1
"COG4464",36,31,23,29,20,26
"COG4465",23,17,3,8,5,13
"COG4466",3,0,4,0,0,0
"COG4467",0,0,0,0,0,0
"COG4468",42,29,31,46,13,28
"COG4469",1,1,1,0,0,0
"COG4470",0,0,0,0,0,0
"COG4471",0,0,0,0,0,0
"COG4472",15,9,16,11,3,12
"COG4473",2,0,0,0,0,0
"COG4474",5,7,18,4,17,3
"COG4475",17,8,15,11,6,7
"COG4476",1,0,0,0,0,0
"COG4477",10,0,8,1,0,1
"COG4478",4,0,4,1,0,1
"COG4479",0,1,0,0,0,0
"COG4481",3,6,3,8,2,5
"COG4483",0,0,0,0,0,0
"COG4485",57,61,28,65,14,57
"COG4487",1,0,0,0,1,1
"COG4492",12,18,5,11,5,14
"COG4495",2,1,1,3,0,0
"COG4496",12,10,8,12,6,10
"COG4499",0,1,0,0,0,1
"COG4502",0,0,2,0,0,1
"COG4506",20,13,12,16,6,9
"COG4508",0,0,1,0,0,0
"COG4509",55,68,74,71,12,53
"COG4512",2,7,5,0,0,1
"COG4521",0,1,3,0,1,2
"COG4525",1,0,0,0,0,1
"COG4529",0,0,2,0,2,0
"COG4531",0,0,7,0,0,0
"COG4533",2,1,3,0,2,0
"COG4535",1,0,2,0,0,2
"COG4536",6,17,2,11,9,21
"COG4537",0,0,1,0,0,0
"COG4540",1,3,3,0,0,2
"COG4541",0,1,0,0,0,0
"COG4542",0,1,0,0,0,0
"COG4545",0,0,0,0,0,0
"COG4547",1,0,0,0,0,0
"COG4548",15,9,10,10,1,4
"COG4550",0,0,0,0,0,0
"COG4552",28,16,30,18,20,21
"COG4555",2,0,2,0,0,3
"COG4558",0,0,5,0,0,1
"COG4559",0,0,0,0,0,0
"COG4564",3,4,0,1,10,28
"COG4565",0,0,7,2,1,0
"COG4566",1,5,3,0,2,21
"COG4568",0,0,0,0,1,0
"COG4569",0,0,0,0,0,0
"COG4570",9,3,1,1,4,1
"COG4571",0,0,4,0,0,0
"COG4572",0,0,0,0,0,0
"COG4573",9,5,6,3,1,3
"COG4574",1,0,4,0,0,0
"COG4575",1,0,4,0,1,1
"COG4576",3,1,0,0,1,1
"COG4577",9,5,10,1,1,4
"COG4578",1,1,1,0,3,0
"COG4579",0,0,3,0,7,0
"COG4580",0,0,9,0,3,0
"COG4581",3,0,0,0,0,1
"COG4582",0,1,2,0,0,1
"COG4584",43,115,74,100,328,72
"COG4585",32,34,5,13,18,48
"COG4586",0,1,9,15,0,0
"COG4587",0,1,22,9,0,3
"COG4589",0,2,0,3,4,3
"COG4590",0,0,0,0,0,0
"COG4591",24,45,24,37,80,36
"COG4592",0,0,1,0,0,0
"COG4594",2,0,0,0,0,0
"COG4597",0,1,2,0,0,3
"COG4598",0,0,1,0,1,0
"COG4603",27,20,43,8,15,23
"COG4604",1,0,2,0,0,1
"COG4605",0,3,3,3,0,0
"COG4606",1,0,2,0,0,1
"COG4607",3,3,2,0,0,1
"COG4608",61,33,71,37,27,29
"COG4615",0,0,1,0,2,1
"COG4618",0,0,0,0,0,0
"COG4619",0,0,0,0,1,0
"COG4623",9,13,9,24,27,13
"COG4624",85,91,137,101,99,89
"COG4625",3,2,1,0,2,2
"COG4626",27,6,69,6,7,8
"COG4627",0,0,0,0,0,0
"COG4628",0,0,0,0,0,0
"COG4631",0,0,0,0,0,0
"COG4632",22,43,33,42,27,29
"COG4633",2,0,0,1,0,8
"COG4635",1,0,2,0,0,2
"COG4636",15,6,3,8,0,7
"COG4637",13,6,3,9,2,16
"COG4638",0,0,0,0,1,0
"COG4639",1,12,5,1,0,1
"COG4640",1,0,0,0,0,0
"COG4641",15,25,3,9,5,24
"COG4642",11,21,3,14,35,13
"COG4643",2,0,7,0,1,0
"COG4644",1,0,23,0,2,1
"COG4646",200,222,270,240,213,254
"COG4648",0,0,0,0,0,1
"COG4650",0,0,5,0,2,2
"COG4651",0,1,1,0,0,4
"COG4652",1,1,2,0,0,0
"COG4653",0,1,7,4,1,7
"COG4656",49,32,41,56,61,44
"COG4657",31,27,28,11,18,10
"COG4658",44,30,35,28,50,50
"COG4659",33,24,19,21,26,28
"COG4660",45,50,32,26,27,37
"COG4662",0,0,1,0,0,0
"COG4663",0,2,0,0,1,0
"COG4664",0,0,2,0,0,0
"COG4665",0,0,0,0,1,1
"COG4666",12,10,16,4,8,5
"COG4667",42,35,15,37,35,47
"COG4668",6,9,4,6,10,3
"COG4669",1,0,0,0,0,0
"COG4670",5,6,20,5,2,6
"COG4672",1,0,2,0,0,0
"COG4674",0,0,2,0,0,0
"COG4675",0,1,1,0,0,0
"COG4676",0,0,1,0,0,0
"COG4677",47,49,11,71,91,51
"COG4678",0,0,0,0,0,0
"COG4679",8,2,6,0,1,5
"COG4680",0,7,1,0,0,11
"COG4681",0,0,4,0,0,0
"COG4682",0,0,3,0,0,0
"COG4683",0,0,0,0,0,0
"COG4684",11,4,6,6,3,3
"COG4685",0,0,2,0,0,1
"COG4687",3,1,0,0,0,0
"COG4688",0,0,0,0,0,0
"COG4690",34,47,24,26,59,54
"COG4692",13,25,7,46,15,13
"COG4693",0,0,0,0,1,0
"COG4694",1,2,2,3,8,1
"COG4695",15,5,18,2,3,9
"COG4696",0,1,0,0,0,1
"COG4698",2,0,0,0,0,0
"COG4699",1,0,0,0,0,0
"COG4700",0,0,0,0,0,0
"COG4702",3,2,0,0,1,0
"COG4703",0,1,0,0,0,0
"COG4704",0,0,0,0,0,0
"COG4706",0,0,0,0,0,0
"COG4708",14,10,7,5,7,8
"COG4709",10,3,0,9,2,5
"COG4710",0,0,0,0,0,0
"COG4712",1,3,1,4,1,3
"COG4713",11,9,23,0,5,5
"COG4715",0,0,1,0,1,0
"COG4716",70,34,24,19,10,56
"COG4717",26,19,16,12,7,20
"COG4718",0,0,2,0,0,0
"COG4720",20,14,11,13,4,13
"COG4721",0,0,0,0,0,0
"COG4722",5,0,9,0,0,0
"COG4723",0,0,4,0,0,0
"COG4724",0,33,8,8,3,8
"COG4725",16,4,22,9,4,10
"COG4728",12,6,9,21,2,13
"COG4729",0,0,0,1,0,2
"COG4731",0,0,0,0,0,0
"COG4732",10,14,2,10,7,9
"COG4733",1,0,30,0,1,0
"COG4734",9,5,4,6,2,4
"COG4735",0,3,2,0,4,2
"COG4737",0,0,0,0,0,0
"COG4739",0,5,2,10,13,5
"COG4744",3,3,3,4,12,2
"COG4747",16,8,13,19,22,25
"COG4748",3,1,2,0,0,5
"COG4750",36,21,11,21,16,17
"COG4752",2,1,0,0,0,0
"COG4753",308,259,295,484,321,328
"COG4757",0,0,0,0,0,0
"COG4758",1,0,0,0,0,0
"COG4760",0,4,0,0,0,1
"COG4763",2,3,0,0,0,0
"COG4766",0,0,4,1,1,2
"COG4767",38,30,26,31,6,13
"COG4768",0,0,0,0,0,0
"COG4769",14,19,9,12,10,9
"COG4770",2,0,0,0,0,1
"COG4771",63,98,86,153,194,79
"COG4772",0,0,0,0,2,2
"COG4773",0,0,0,0,1,0
"COG4774",0,0,1,0,0,0
"COG4775",21,57,29,32,78,44
"COG4776",2,0,1,0,1,0
"COG4778",0,1,3,0,1,0
"COG4779",0,0,3,0,1,0
"COG4781",1,0,0,0,2,0
"COG4783",2,7,2,0,3,2
"COG4784",1,4,0,4,15,1
"COG4785",1,0,2,0,0,1
"COG4786",10,15,10,13,5,33
"COG4787",0,0,2,0,0,0
"COG4789",0,0,0,0,1,0
"COG4790",0,0,0,0,0,0
"COG4791",0,0,0,0,0,0
"COG4792",0,0,0,0,0,0
"COG4794",0,0,0,0,0,0
"COG4795",0,0,3,0,0,1
"COG4796",5,1,5,0,3,0
"COG4797",4,0,0,0,0,0
"COG4799",73,81,46,105,83,83
"COG4803",0,0,0,0,0,0
"COG4804",35,50,31,94,97,85
"COG4805",43,28,18,17,6,22
"COG4806",11,16,17,27,32,35
"COG4807",0,0,0,0,0,0
"COG4808",0,0,2,0,0,0
"COG4809",0,0,0,0,0,0
"COG4810",3,0,2,7,3,1
"COG4811",0,0,0,0,1,0
"COG4812",0,2,2,0,1,1
"COG4813",2,1,2,0,0,2
"COG4814",1,0,0,0,0,0
"COG4816",3,2,5,2,1,0
"COG4819",1,1,8,0,0,0
"COG4820",2,1,3,1,2,0
"COG4821",5,4,1,0,3,0
"COG4822",44,19,22,21,43,35
"COG4823",17,34,18,36,31,14
"COG4824",5,5,13,3,1,4
"COG4825",0,0,0,0,0,0
"COG4826",17,34,20,19,2,3
"COG4828",3,2,4,11,1,2
"COG4829",0,0,0,0,1,0
"COG4832",17,8,9,8,3,12
"COG4833",24,23,22,55,40,20
"COG4834",1,1,0,0,7,2
"COG4835",1,0,0,0,0,0
"COG4839",0,0,0,0,0,0
"COG4842",1,2,0,3,0,0
"COG4843",0,0,4,0,0,0
"COG4845",15,23,14,15,43,32
"COG4849",0,0,0,0,0,0
"COG4850",1,0,0,0,1,0
"COG4851",1,0,1,1,0,0
"COG4853",0,0,0,0,0,0
"COG4856",42,36,28,24,15,18
"COG4857",2,1,2,0,2,1
"COG4858",1,0,0,0,0,0
"COG4859",0,0,0,0,2,4
"COG4861",1,0,0,0,0,0
"COG4862",17,21,9,9,5,9
"COG4864",13,13,16,10,41,14
"COG4865",0,0,6,0,0,1
"COG4866",26,20,33,54,43,28
"COG4868",24,33,32,19,11,23
"COG4869",9,3,15,8,6,6
"COG4870",45,25,29,44,8,35
"COG4871",0,0,0,0,0,0
"COG4874",2,1,0,2,4,2
"COG4877",1,4,3,6,1,3
"COG4878",16,4,2,5,0,3
"COG4880",3,10,18,16,2,11
"COG4884",0,1,0,1,0,0
"COG4886",31,55,77,34,53,59
"COG4887",6,7,4,7,18,5
"COG4889",3,10,6,1,13,7
"COG4890",0,0,0,0,0,0
"COG4892",0,0,0,0,0,0
"COG4894",15,8,4,3,2,6
"COG4895",0,0,0,0,0,0
"COG4898",1,0,0,0,1,0
"COG4903",0,0,1,0,0,0
"COG4905",71,63,67,35,14,51
"COG4907",2,1,2,0,1,2
"COG4908",0,0,2,0,0,0
"COG4909",5,0,0,2,2,0
"COG4910",2,0,0,1,0,0
"COG4912",15,19,27,27,22,18
"COG4913",38,10,12,19,15,22
"COG4916",0,0,0,3,0,0
"COG4917",3,0,2,1,1,1
"COG4922",1,2,0,0,0,0
"COG4924",0,0,0,0,2,0
"COG4925",0,5,0,0,6,2
"COG4926",0,0,19,2,1,1
"COG4927",3,5,2,2,0,1
"COG4928",15,22,18,44,3,19
"COG4929",0,2,2,2,1,1
"COG4930",18,10,11,20,15,3
"COG4932",103,74,129,116,35,45
"COG4933",1,1,0,8,0,3
"COG4936",2,5,7,1,2,21
"COG4937",7,16,3,12,11,16
"COG4938",7,9,2,6,8,4
"COG4939",0,0,0,0,0,0
"COG4940",1,3,7,0,1,1
"COG4942",5,9,12,3,19,13
"COG4943",2,1,5,0,2,0
"COG4946",41,43,40,98,144,61
"COG4947",16,7,1,4,0,5
"COG4948",27,36,44,38,61,43
"COG4950",0,0,3,0,0,0
"COG4951",33,7,15,15,6,29
"COG4952",0,0,1,2,0,0
"COG4953",6,8,19,9,6,0
"COG4955",0,0,0,0,0,0
"COG4956",6,3,7,0,1,0
"COG4957",0,0,1,0,0,0
"COG4959",0,2,1,0,1,0
"COG4962",53,49,39,28,3,47
"COG4963",1,1,1,0,0,0
"COG4964",0,0,0,0,0,0
"COG4965",13,8,5,10,2,6
"COG4967",0,0,2,0,1,0
"COG4969",0,0,1,0,0,0
"COG4972",6,20,7,10,1,15
"COG4973",21,14,9,12,40,32
"COG4974",170,213,144,170,310,135
"COG4975",0,0,0,0,0,0
"COG4977",47,71,80,44,79,33
"COG4978",11,13,20,8,8,7
"COG4981",5,0,0,0,0,0
"COG4982",4,0,0,0,0,0
"COG4983",3,6,11,3,1,3
"COG4984",2,1,3,5,3,0
"COG4985",5,6,3,2,3,7
"COG4986",0,0,0,0,0,0
"COG4987",7,6,0,0,4,0
"COG4988",13,13,15,18,9,15
"COG4989",4,1,14,5,1,4
"COG4990",11,10,4,7,3,11
"COG4992",75,67,45,73,59,74
"COG4993",0,0,2,0,5,0
"COG4995",0,10,2,2,14,23
"COG4997",2,1,4,0,1,3
"COG4999",209,245,206,287,310,208
"COG5000",27,44,56,67,104,52
"COG5001",110,139,59,93,33,187
"COG5002",197,279,195,464,355,347
"COG5004",0,0,0,0,0,0
"COG5005",0,0,0,0,0,0
"COG5006",0,0,1,0,1,0
"COG5007",0,0,1,0,0,0
"COG5009",30,69,37,49,73,91
"COG5011",23,17,12,15,2,12
"COG5012",5,7,16,18,11,7
"COG5013",9,0,6,0,2,5
"COG5015",21,12,4,9,3,7
"COG5016",47,73,47,87,100,70
"COG5017",3,10,7,6,0,7
"COG5018",26,19,9,14,7,12
"COG5026",0,11,7,9,5,0
"COG5029",0,0,1,0,0,0
"COG5039",0,2,3,2,3,17
"COG5048",1,2,1,0,4,0
"COG5108",0,2,0,0,2,0
"COG5146",0,7,4,3,25,1
"COG5184",96,14,27,1,3,39
"COG5206",1,10,0,0,0,5
"COG5263",44,10,15,19,23,17
"COG5265",0,0,0,0,0,0
"COG5266",1,0,0,0,1,2
"COG5268",0,0,0,0,0,0
"COG5271",0,1,0,0,2,0
"COG5272",0,0,0,0,0,0
"COG5276",4,0,0,0,0,0
"COG5279",71,67,55,38,6,47
"COG5280",9,2,23,2,3,6
"COG5281",7,3,41,1,3,1
"COG5282",0,0,0,0,0,0
"COG5283",18,13,76,34,26,8
"COG5285",0,0,0,0,0,0
"COG5293",4,4,3,4,0,1
"COG5294",0,0,0,0,0,0
"COG5295",25,3,30,0,1,2
"COG5298",1,0,0,0,0,0
"COG5301",0,1,14,0,1,0
"COG5302",0,0,1,0,0,0
"COG5305",6,5,9,15,1,11
"COG5309",0,0,0,2,0,0
"COG5314",0,0,2,0,0,0
"COG5319",0,0,0,0,0,1
"COG5322",0,0,0,0,0,0
"COG5324",0,9,0,1,0,2
"COG5337",9,4,3,6,1,7
"COG5339",1,0,5,0,0,0
"COG5340",0,0,0,4,0,0
"COG5341",0,1,2,1,1,3
"COG5345",0,0,0,0,0,1
"COG5353",0,0,0,0,0,0
"COG5360",0,1,2,1,0,0
"COG5361",4,5,0,0,1,1
"COG5362",1,2,10,0,0,0
"COG5368",20,18,8,11,19,13
"COG5373",0,3,2,2,1,0
"COG5377",10,15,15,8,5,14
"COG5383",0,0,3,0,1,0
"COG5393",0,0,0,0,0,0
"COG5398",0,0,0,0,0,0
"COG5401",1,0,6,2,0,0
"COG5404",0,0,2,0,0,0
"COG5405",1,6,6,0,3,0
"COG5410",14,14,69,42,5,12
"COG5412",19,11,43,4,1,21
"COG5413",0,0,0,0,0,0
"COG5418",0,0,0,0,0,0
"COG5421",5,27,3,6,4,33
"COG5423",0,2,0,0,2,0
"COG5424",0,0,0,0,0,0
"COG5426",1,0,1,0,0,1
"COG5427",9,0,0,11,2,2
"COG5433",9,23,15,74,32,17
"COG5434",91,140,37,155,138,240
"COG5437",0,0,0,0,0,0
"COG5438",13,14,8,13,2,11
"COG5441",3,0,2,0,0,0
"COG5444",5,8,1,1,1,12
"COG5445",0,0,0,0,1,0
"COG5449",0,0,0,0,0,0
"COG5455",0,0,0,0,0,0
"COG5457",0,0,0,0,0,0
"COG5459",0,0,0,0,0,0
"COG5463",0,0,3,0,0,0
"COG5464",16,9,29,3,3,4
"COG5471",0,2,0,0,0,0
"COG5474",0,0,0,0,0,0
"COG5475",0,0,0,0,0,0
"COG5476",0,0,13,2,1,1
"COG5482",0,1,0,0,1,0
"COG5483",0,0,0,0,0,0
"COG5484",0,2,13,0,1,1
"COG5485",0,0,1,0,0,1
"COG5492",29,74,80,46,13,138
"COG5493",0,0,1,0,0,1
"COG5495",7,18,7,7,3,5
"COG5496",14,8,10,10,10,10
"COG5498",17,22,14,26,15,12
"COG5499",0,0,2,0,0,0
"COG5503",0,0,0,0,0,0
"COG5504",1,1,1,0,1,0
"COG5505",4,5,3,1,5,4
"COG5506",0,0,0,0,0,0
"COG5507",0,0,1,0,1,0
"COG5510",0,0,0,0,0,0
"COG5511",2,7,14,1,3,10
"COG5512",3,5,0,0,2,1
"COG5514",0,0,0,0,0,0
"COG5517",1,0,0,0,0,0
"COG5518",0,1,6,0,7,0
"COG5519",4,2,10,1,5,5
"COG5520",29,57,22,68,72,33
"COG5521",0,0,0,0,0,0
"COG5522",3,0,1,3,0,3
"COG5523",26,30,21,17,7,14
"COG5525",1,6,15,4,9,4
"COG5527",13,16,6,1,3,20
"COG5529",0,0,8,0,1,0
"COG5532",0,0,9,0,0,0
"COG5542",5,8,17,3,1,12
"COG5544",0,0,0,0,0,0
"COG5545",95,147,114,112,83,71
"COG5546",0,0,0,1,0,0
"COG5549",0,0,0,0,0,0
"COG5551",2,2,4,0,0,5
"COG5553",0,0,0,0,0,0
"COG5557",1,0,4,0,2,2
"COG5561",1,3,1,0,1,0
"COG5562",0,0,3,0,0,0
"COG5564",0,0,3,0,0,0
"COG5565",0,0,0,0,1,0
"COG5566",0,0,2,0,0,0
"COG5567",0,0,0,0,1,0
"COG5569",0,0,2,0,0,0
"COG5571",1,0,0,0,1,0
"COG5577",6,7,2,7,3,9
"COG5578",0,1,0,0,0,0
"COG5579",0,2,1,0,10,2
"COG5581",0,0,3,0,0,0
"COG5585",7,5,43,8,2,3
"COG5586",0,0,3,0,0,0
"COG5587",5,18,10,16,29,16
"COG5595",1,0,0,0,0,0
"COG5598",0,0,1,0,0,0
"COG5606",0,0,0,0,0,0
"COG5610",43,6,24,3,12,11
"COG5614",0,0,1,0,0,0
"COG5617",2,7,0,2,1,10
"COG5618",0,1,0,0,0,0
"COG5619",1,1,0,2,0,0
"COG5620",1,2,0,11,19,16
"COG5632",27,8,14,24,5,21
"COG5633",0,0,0,0,1,0
"COG5635",13,3,0,2,21,7
"COG5640",0,0,2,0,0,0
"COG5642",0,0,0,0,0,0
"COG5645",2,0,0,0,2,0
"COG5646",0,0,0,0,0,0
"COG5651",0,0,0,1,0,0
"COG5652",16,11,4,14,7,18
"COG5654",0,0,0,0,0,0
"COG5655",5,13,27,0,2,0
"COG5658",13,6,8,4,0,4
"COG5659",0,0,0,0,0,0
"COG5663",7,6,6,2,6,10
