"","NOM022","NLF010","DOF004","DLF001","DLM023","NLM026"
"COG0001",35,59,107,26,59,51
"COG0002",214,214,261,26,37,30
"COG0003",14,129,36,96,45,14
"COG0004",320,146,248,97,309,327
"COG0005",144,80,119,117,91,146
"COG0006",741,709,642,611,598,560
"COG0007",36,57,88,28,62,45
"COG0008",745,499,626,363,743,752
"COG0009",266,366,320,49,48,35
"COG0010",39,58,69,56,132,120
"COG0011",4,2,4,3,9,7
"COG0012",234,168,242,167,269,289
"COG0013",498,465,553,393,596,647
"COG0014",232,268,296,190,275,252
"COG0015",299,249,288,212,313,371
"COG0016",238,238,274,201,244,261
"COG0017",323,271,286,273,462,380
"COG0018",454,481,402,304,403,439
"COG0019",538,541,560,378,491,473
"COG0020",221,182,186,160,170,169
"COG0021",288,270,319,196,168,144
"COG0022",9,81,73,125,45,23
"COG0023",39,75,45,88,29,33
"COG0024",383,318,268,286,286,350
"COG0025",29,28,79,24,24,81
"COG0026",9,3,19,1,20,18
"COG0027",182,151,125,159,56,80
"COG0028",511,432,576,536,628,459
"COG0029",323,293,302,205,173,266
"COG0030",289,416,365,152,329,354
"COG0031",248,277,326,210,319,304
"COG0033",4,2,12,0,1,1
"COG0034",570,489,449,360,430,592
"COG0035",183,229,191,146,239,208
"COG0036",181,182,146,141,181,251
"COG0037",551,396,532,358,503,578
"COG0038",404,450,470,411,400,346
"COG0039",314,499,369,320,289,310
"COG0040",180,196,180,200,209,147
"COG0041",170,159,129,81,127,141
"COG0042",357,390,441,266,437,372
"COG0043",18,30,65,29,61,19
"COG0044",264,299,375,227,361,350
"COG0045",9,37,21,68,25,13
"COG0046",569,528,593,393,661,707
"COG0047",577,431,530,318,622,660
"COG0048",103,57,81,42,70,140
"COG0049",125,127,134,104,122,162
"COG0050",321,286,292,184,253,434
"COG0051",16,24,21,79,97,120
"COG0052",194,104,161,111,125,202
"COG0053",270,232,206,210,266,317
"COG0054",122,87,149,12,15,12
"COG0055",289,222,370,141,481,369
"COG0056",334,283,385,207,581,477
"COG0057",224,157,219,180,228,335
"COG0058",586,525,724,100,138,160
"COG0059",225,211,221,210,209,214
"COG0060",612,382,610,405,583,830
"COG0061",33,26,37,139,206,188
"COG0062",246,173,252,26,27,35
"COG0063",239,185,228,163,207,234
"COG0064",39,58,102,46,97,188
"COG0065",199,174,332,198,275,254
"COG0066",110,155,162,128,135,109
"COG0067",428,302,540,235,610,650
"COG0068",13,77,51,25,26,34
"COG0069",418,344,496,354,594,582
"COG0070",375,253,445,325,557,553
"COG0071",225,232,177,233,150,181
"COG0072",368,265,394,323,370,560
"COG0073",889,596,748,619,772,931
"COG0074",10,49,35,76,20,42
"COG0075",99,253,141,162,81,76
"COG0076",66,153,143,184,73,75
"COG0077",162,160,167,108,245,174
"COG0078",237,229,250,173,381,272
"COG0079",442,467,542,618,698,433
"COG0080",137,153,123,130,102,164
"COG0081",156,200,161,140,169,214
"COG0082",216,179,240,134,256,235
"COG0083",0,3,10,14,98,58
"COG0084",269,324,271,303,255,248
"COG0085",990,922,739,616,843,1138
"COG0086",943,451,875,509,854,1136
"COG0087",133,191,155,149,171,264
"COG0088",220,182,166,132,138,224
"COG0089",120,101,87,112,91,152
"COG0090",170,117,160,122,165,285
"COG0091",125,135,100,73,113,152
"COG0092",140,115,135,89,154,233
"COG0093",69,82,79,77,58,152
"COG0094",169,177,133,128,150,205
"COG0095",33,65,43,68,37,35
"COG0096",129,92,99,78,65,146
"COG0097",147,85,126,99,124,215
"COG0098",168,169,146,116,159,190
"COG0099",109,117,96,79,79,123
"COG0100",138,64,86,42,93,145
"COG0101",218,232,276,156,241,240
"COG0102",148,90,117,72,93,156
"COG0103",136,147,105,86,93,130
"COG0104",334,276,260,209,444,348
"COG0105",9,6,3,63,23,33
"COG0106",114,187,167,149,172,129
"COG0107",148,115,144,108,196,167
"COG0108",38,61,39,205,159,203
"COG0109",3,0,6,1,2,0
"COG0110",453,1343,704,1052,583,548
"COG0111",333,306,411,336,418,475
"COG0112",200,237,219,193,261,270
"COG0113",44,34,102,19,28,22
"COG0114",17,5,33,14,35,43
"COG0115",262,302,308,301,315,340
"COG0116",225,120,213,100,172,247
"COG0117",254,185,194,124,147,164
"COG0118",133,147,143,91,153,126
"COG0119",424,498,603,594,543,635
"COG0120",11,22,35,70,12,19
"COG0121",2,2,4,1,4,4
"COG0122",19,23,60,20,61,94
"COG0123",5,12,16,4,17,7
"COG0124",319,312,279,242,310,326
"COG0125",30,61,49,18,82,134
"COG0126",215,209,226,168,263,368
"COG0127",167,160,179,133,170,206
"COG0128",40,39,51,176,255,250
"COG0129",422,411,435,72,101,60
"COG0130",177,109,156,100,181,228
"COG0131",152,158,178,23,30,20
"COG0132",59,102,112,110,57,46
"COG0133",105,176,183,121,123,163
"COG0134",88,175,139,18,25,20
"COG0135",78,88,70,35,49,61
"COG0136",230,140,184,132,209,247
"COG0137",54,43,35,204,361,295
"COG0138",351,412,351,373,327,321
"COG0139",152,200,168,145,165,120
"COG0140",138,179,106,114,167,133
"COG0141",236,215,242,183,254,214
"COG0142",513,383,290,51,38,47
"COG0143",520,348,371,298,389,540
"COG0144",270,312,365,279,433,426
"COG0145",27,8,26,40,33,47
"COG0146",5,0,3,0,1,5
"COG0147",226,458,431,364,255,228
"COG0148",220,233,324,182,302,433
"COG0149",128,144,195,113,232,247
"COG0150",198,183,238,175,209,253
"COG0151",281,164,243,149,250,283
"COG0152",197,194,204,132,215,198
"COG0153",289,318,279,233,340,301
"COG0154",66,72,128,27,85,225
"COG0155",25,9,29,27,21,3
"COG0156",78,82,88,495,351,256
"COG0157",164,170,157,147,109,186
"COG0158",1,2,8,4,6,1
"COG0159",78,146,140,136,94,107
"COG0160",13,33,62,12,25,60
"COG0161",124,200,206,190,139,90
"COG0162",270,213,248,150,273,310
"COG0163",12,16,19,2,3,1
"COG0164",31,21,23,125,148,146
"COG0165",293,237,286,206,306,260
"COG0166",280,307,309,254,344,346
"COG0167",277,358,303,332,279,317
"COG0168",531,677,730,682,648,703
"COG0169",200,130,210,147,254,258
"COG0170",0,0,0,0,0,1
"COG0171",333,241,276,214,393,345
"COG0172",265,264,265,181,325,381
"COG0173",364,298,419,293,301,611
"COG0174",124,176,266,158,223,197
"COG0175",402,360,290,257,245,210
"COG0176",66,147,191,135,92,128
"COG0177",147,125,142,120,164,163
"COG0178",1068,700,902,700,758,1013
"COG0179",186,82,108,72,141,63
"COG0180",251,295,263,216,262,280
"COG0181",31,26,67,16,42,24
"COG0182",19,11,43,8,38,92
"COG0183",62,35,112,42,168,159
"COG0184",83,110,82,77,74,77
"COG0185",90,98,90,75,75,122
"COG0186",77,42,75,47,77,119
"COG0187",781,637,790,75,155,154
"COG0188",1033,835,968,110,181,207
"COG0189",1,1,3,27,27,42
"COG0190",248,193,198,128,199,242
"COG0191",262,260,252,228,365,341
"COG0192",402,283,304,210,339,400
"COG0193",102,143,110,95,144,182
"COG0194",158,197,222,143,189,243
"COG0195",338,291,254,36,43,56
"COG0196",227,123,158,129,168,203
"COG0197",141,191,139,98,130,145
"COG0198",109,52,73,87,60,137
"COG0199",74,53,58,63,37,72
"COG0200",136,129,119,109,105,154
"COG0201",356,286,286,44,55,73
"COG0202",287,220,218,148,246,289
"COG0203",137,86,122,66,83,155
"COG0204",389,469,338,606,369,300
"COG0205",691,963,868,745,877,757
"COG0206",340,286,270,197,329,364
"COG0207",131,264,129,191,99,168
"COG0208",54,157,78,138,112,46
"COG0209",245,363,407,397,309,248
"COG0210",1259,1120,876,934,1033,1039
"COG0211",75,46,48,49,53,83
"COG0212",166,149,143,112,135,125
"COG0213",24,27,72,22,136,138
"COG0214",90,31,52,10,34,60
"COG0215",305,251,341,229,356,403
"COG0216",176,150,225,160,231,338
"COG0217",144,159,211,23,35,36
"COG0218",135,104,100,103,126,162
"COG0219",42,37,60,36,109,102
"COG0220",177,212,148,166,170,168
"COG0221",14,22,31,7,17,92
"COG0222",15,8,13,52,73,103
"COG0223",306,281,245,244,189,236
"COG0224",262,247,274,192,312,231
"COG0225",12,20,20,160,76,59
"COG0226",322,296,295,234,302,246
"COG0227",67,60,46,41,22,24
"COG0228",64,41,62,46,53,97
"COG0229",45,52,75,102,51,52
"COG0230",25,47,34,39,22,19
"COG0231",207,152,149,132,132,162
"COG0232",327,245,260,193,307,271
"COG0233",152,184,120,139,142,177
"COG0234",75,93,91,41,65,73
"COG0235",320,386,310,298,236,285
"COG0236",152,150,97,79,143,102
"COG0237",122,120,158,130,161,130
"COG0238",49,27,32,23,42,84
"COG0239",36,77,57,98,40,22
"COG0240",188,210,197,214,232,229
"COG0241",168,189,184,216,154,113
"COG0242",175,158,159,129,145,222
"COG0243",66,124,261,67,151,41
"COG0244",72,126,72,56,96,179
"COG0245",172,151,144,123,172,122
"COG0246",468,218,324,314,498,341
"COG0247",186,168,301,26,28,28
"COG0248",149,218,155,179,142,146
"COG0249",761,585,714,581,675,800
"COG0250",199,197,153,141,169,175
"COG0251",265,203,240,228,161,163
"COG0252",54,52,43,349,343,224
"COG0253",199,197,183,183,182,208
"COG0254",5,6,4,44,45,57
"COG0255",16,13,37,12,45,52
"COG0256",137,112,121,63,92,128
"COG0257",8,8,7,0,9,7
"COG0258",584,337,512,369,504,505
"COG0259",7,34,42,61,17,14
"COG0260",9,15,34,17,32,11
"COG0261",104,87,101,74,79,132
"COG0262",173,156,142,124,98,136
"COG0263",105,185,181,197,181,171
"COG0264",192,255,223,183,173,281
"COG0265",364,245,475,265,415,527
"COG0266",19,51,56,51,38,18
"COG0267",48,33,28,33,21,20
"COG0268",13,18,34,17,25,38
"COG0269",1,1,6,3,6,14
"COG0270",595,326,341,215,348,580
"COG0271",1,2,3,1,0,0
"COG0272",357,328,353,328,414,443
"COG0274",32,22,21,170,222,147
"COG0275",254,232,218,151,243,314
"COG0276",0,4,7,1,6,0
"COG0277",97,115,309,101,165,80
"COG0278",0,1,5,1,0,0
"COG0279",22,37,47,108,68,20
"COG0280",679,785,592,612,507,470
"COG0281",399,458,392,332,416,316
"COG0282",252,123,271,161,256,425
"COG0283",196,105,146,111,155,206
"COG0284",188,210,199,153,234,209
"COG0285",315,229,304,182,292,321
"COG0286",1076,403,646,529,631,523
"COG0287",45,89,144,87,209,168
"COG0288",86,80,93,88,29,40
"COG0289",196,242,215,152,181,169
"COG0290",131,137,149,115,103,180
"COG0291",6,11,6,45,43,38
"COG0292",87,65,78,71,86,127
"COG0293",1,7,10,0,0,2
"COG0294",210,173,149,225,102,107
"COG0295",125,86,105,80,115,133
"COG0296",319,501,545,487,598,686
"COG0297",41,25,43,219,292,349
"COG0298",6,12,12,3,0,0
"COG0299",125,192,159,119,167,160
"COG0300",138,121,151,163,173,192
"COG0301",42,40,113,19,189,191
"COG0302",144,143,128,104,57,102
"COG0303",48,66,99,21,211,85
"COG0304",428,501,341,462,345,373
"COG0305",446,355,525,416,527,473
"COG0306",24,144,36,114,46,38
"COG0307",143,114,116,108,129,83
"COG0308",83,63,108,64,41,17
"COG0309",29,64,105,31,51,76
"COG0310",9,31,17,15,39,25
"COG0311",89,24,41,11,24,42
"COG0312",81,115,232,56,116,64
"COG0313",265,328,289,245,263,237
"COG0314",0,5,12,0,2,0
"COG0315",38,27,29,7,76,46
"COG0316",3,8,11,3,4,0
"COG0317",691,591,608,498,614,694
"COG0318",383,487,476,469,455,392
"COG0319",140,108,113,65,153,172
"COG0320",85,193,115,24,9,10
"COG0321",50,82,86,96,50,38
"COG0322",496,313,402,312,369,424
"COG0323",441,358,344,277,300,352
"COG0324",52,60,50,373,266,310
"COG0325",192,159,170,149,194,162
"COG0326",387,448,390,605,416,433
"COG0327",145,94,149,140,163,132
"COG0328",1,3,6,6,77,64
"COG0329",364,454,350,494,452,384
"COG0330",299,199,227,165,388,392
"COG0331",187,199,225,163,227,201
"COG0332",300,294,427,535,211,245
"COG0333",35,26,25,28,16,36
"COG0334",389,496,493,405,415,440
"COG0335",80,95,98,63,68,132
"COG0336",215,147,170,28,30,42
"COG0337",207,177,187,164,217,230
"COG0338",126,323,122,31,241,140
"COG0339",637,570,495,517,312,256
"COG0340",230,196,230,201,300,238
"COG0341",82,88,99,194,254,213
"COG0342",560,261,343,298,383,404
"COG0343",197,197,238,196,217,305
"COG0344",53,49,97,29,133,176
"COG0345",225,231,207,212,212,199
"COG0346",186,361,261,367,216,195
"COG0347",130,128,198,111,270,280
"COG0348",147,143,260,219,204,257
"COG0349",2,1,6,2,3,4
"COG0350",83,145,145,161,151,99
"COG0351",315,215,206,112,192,160
"COG0352",148,120,180,74,178,137
"COG0353",159,136,146,88,167,193
"COG0354",0,6,7,0,4,0
"COG0355",47,56,85,22,107,60
"COG0356",236,260,264,185,265,232
"COG0357",177,111,172,116,190,189
"COG0358",857,536,540,516,1081,850
"COG0359",122,129,117,101,126,142
"COG0360",97,91,79,73,80,130
"COG0361",87,89,64,55,75,97
"COG0362",70,214,111,169,82,33
"COG0363",499,412,462,566,397,395
"COG0364",83,215,160,202,91,32
"COG0365",202,201,251,243,137,178
"COG0366",1580,825,1049,624,1065,1620
"COG0367",255,150,330,170,315,418
"COG0368",69,84,99,34,116,93
"COG0369",1,4,5,1,0,0
"COG0370",489,416,669,55,157,165
"COG0371",46,75,97,101,114,124
"COG0372",284,365,360,248,317,409
"COG0373",30,35,94,20,51,33
"COG0374",14,58,46,35,27,9
"COG0375",12,21,18,10,22,36
"COG0376",3,1,12,2,5,0
"COG0377",107,42,53,42,33,49
"COG0378",36,89,69,39,31,43
"COG0379",283,161,188,102,98,163
"COG0380",53,171,76,148,65,22
"COG0381",206,309,325,481,220,272
"COG0382",145,23,23,44,11,17
"COG0383",114,189,281,408,213,465
"COG0384",7,4,11,8,16,9
"COG0385",52,68,71,26,80,63
"COG0386",104,95,33,79,18,10
"COG0387",0,1,10,2,0,0
"COG0388",766,625,758,668,584,579
"COG0389",355,202,423,234,536,488
"COG0390",23,55,64,73,14,16
"COG0391",20,24,26,14,30,61
"COG0392",54,42,65,24,50,62
"COG0393",81,98,68,54,92,32
"COG0394",295,313,172,207,200,167
"COG0395",515,319,662,696,1130,1773
"COG0396",196,113,168,108,108,185
"COG0397",1,2,12,0,2,0
"COG0398",28,25,24,21,39,46
"COG0399",479,425,511,469,498,434
"COG0400",1,6,6,2,1,0
"COG0401",1,1,1,0,0,0
"COG0402",22,19,25,117,200,297
"COG0403",151,262,249,345,133,156
"COG0404",107,226,130,205,108,111
"COG0405",19,9,19,17,6,15
"COG0406",209,158,205,148,347,273
"COG0407",48,105,48,126,44,37
"COG0408",1,1,3,0,0,0
"COG0409",7,31,27,18,13,10
"COG0410",42,52,45,30,225,148
"COG0411",37,39,47,38,198,182
"COG0412",8,7,14,5,7,0
"COG0413",162,96,106,106,94,114
"COG0414",191,145,154,163,104,106
"COG0415",0,0,5,3,5,0
"COG0416",59,56,117,34,178,203
"COG0417",3,1,18,1,3,2
"COG0418",3,3,4,1,4,0
"COG0419",429,441,379,544,516,423
"COG0420",144,268,231,222,337,305
"COG0421",44,40,58,13,99,134
"COG0422",288,228,240,230,313,170
"COG0423",332,285,292,254,353,385
"COG0424",166,151,156,138,148,154
"COG0425",177,358,221,277,143,98
"COG0426",321,293,265,280,430,331
"COG0427",334,227,246,204,283,242
"COG0428",25,7,11,72,151,197
"COG0429",4,3,12,4,4,1
"COG0430",0,0,10,1,3,0
"COG0431",4,1,4,3,0,1
"COG0432",66,121,43,100,32,24
"COG0433",136,178,133,155,26,85
"COG0434",2,2,6,14,16,10
"COG0435",9,1,5,0,6,9
"COG0436",1197,1226,1200,1176,1109,1020
"COG0437",16,50,76,15,89,21
"COG0438",2986,5352,3087,5656,2772,2161
"COG0439",191,292,324,439,197,256
"COG0440",68,91,137,61,183,127
"COG0441",745,573,625,547,574,827
"COG0442",311,239,316,199,329,390
"COG0443",430,317,566,316,604,790
"COG0444",121,110,238,133,373,288
"COG0445",87,104,77,362,488,495
"COG0446",405,484,566,455,801,581
"COG0447",148,101,92,91,68,58
"COG0448",155,165,290,120,517,432
"COG0449",78,74,67,330,448,594
"COG0450",61,185,109,167,51,64
"COG0451",1254,1855,1149,1897,1040,823
"COG0452",304,165,239,152,354,275
"COG0454",559,748,611,877,658,622
"COG0455",16,15,43,0,2,44
"COG0456",45,41,61,65,61,133
"COG0457",1749,1892,1262,1924,1138,1019
"COG0458",986,670,900,623,918,987
"COG0459",54,36,68,220,329,457
"COG0460",323,334,418,267,366,317
"COG0461",33,30,24,93,147,137
"COG0462",233,175,276,161,307,315
"COG0463",4579,4888,3092,4932,2978,3092
"COG0464",63,41,152,86,186,302
"COG0465",460,398,656,301,696,882
"COG0466",477,236,469,312,424,550
"COG0468",261,238,251,626,268,275
"COG0469",328,194,347,211,418,406
"COG0470",16,8,49,18,102,44
"COG0471",576,495,662,612,1015,306
"COG0472",419,362,420,630,432,413
"COG0473",164,276,275,187,269,269
"COG0474",190,108,129,824,608,1073
"COG0475",629,768,731,1086,527,439
"COG0476",119,116,136,91,93,96
"COG0477",2448,2555,2076,2266,1193,978
"COG0479",215,151,88,85,54,97
"COG0480",281,274,276,2155,1525,1665
"COG0481",388,269,374,241,427,464
"COG0482",396,503,422,422,413,377
"COG0483",58,93,118,147,78,56
"COG0484",215,178,271,116,252,306
"COG0486",232,294,299,287,341,303
"COG0488",1751,1786,1800,1574,1298,1493
"COG0489",878,727,572,955,478,561
"COG0490",0,0,0,5,14,5
"COG0491",211,153,326,225,392,331
"COG0492",198,198,260,192,361,229
"COG0493",873,628,889,512,847,1104
"COG0494",311,386,421,281,494,652
"COG0495",572,541,589,461,528,723
"COG0496",156,169,100,127,63,64
"COG0497",283,228,324,212,335,378
"COG0498",270,298,294,192,319,321
"COG0499",36,58,76,122,71,71
"COG0500",81,116,116,649,801,767
"COG0501",206,145,189,243,195,123
"COG0502",221,338,346,287,265,169
"COG0503",325,307,336,240,281,225
"COG0504",300,275,345,269,339,417
"COG0505",228,201,246,151,270,245
"COG0506",12,39,15,268,66,17
"COG0507",1324,837,1226,903,1417,1194
"COG0508",18,48,63,63,41,12
"COG0509",10,23,9,108,30,34
"COG0510",41,27,36,12,38,48
"COG0511",190,329,169,267,125,184
"COG0512",117,127,133,106,75,92
"COG0513",609,938,810,765,743,436
"COG0514",1647,1443,1031,1055,831,690
"COG0515",493,580,432,279,480,889
"COG0516",396,298,299,245,289,361
"COG0517",576,367,342,291,415,480
"COG0518",342,408,412,430,395,335
"COG0519",357,411,426,446,413,343
"COG0520",380,292,313,199,309,345
"COG0521",31,37,47,28,99,39
"COG0522",168,101,145,115,171,235
"COG0523",173,148,128,101,236,227
"COG0524",1308,1239,1119,1002,1262,1094
"COG0525",460,426,480,52,116,115
"COG0526",1269,1876,929,1802,696,750
"COG0527",617,585,600,598,598,508
"COG0528",206,213,156,128,195,215
"COG0529",45,87,90,93,51,47
"COG0530",104,175,199,145,185,222
"COG0531",223,462,514,356,347,253
"COG0532",533,191,366,216,415,529
"COG0533",218,196,234,172,296,297
"COG0534",3038,2909,3850,2675,5125,4238
"COG0535",591,679,297,413,375,437
"COG0536",269,266,272,154,253,289
"COG0537",199,269,184,205,136,165
"COG0538",277,245,246,162,262,198
"COG0539",396,346,362,282,392,521
"COG0540",243,176,229,132,252,223
"COG0541",345,267,321,190,368,377
"COG0542",1242,1137,1242,869,1545,1636
"COG0543",589,480,490,436,464,409
"COG0544",428,462,416,339,676,487
"COG0545",696,492,365,418,178,152
"COG0546",381,337,390,233,332,426
"COG0547",104,177,186,117,142,144
"COG0548",160,162,195,127,233,157
"COG0549",22,29,67,26,61,73
"COG0550",1220,1125,1411,1230,1813,1828
"COG0551",110,86,235,95,310,340
"COG0552",210,124,174,160,196,225
"COG0553",1060,326,553,771,934,468
"COG0554",137,149,181,122,272,262
"COG0555",12,24,35,3,11,13
"COG0556",377,304,366,317,440,508
"COG0557",403,377,345,262,398,412
"COG0558",60,57,142,105,155,214
"COG0559",52,93,75,66,229,200
"COG0560",22,32,22,181,124,144
"COG0561",604,664,687,107,167,121
"COG0562",154,505,223,139,206,191
"COG0563",211,178,206,162,184,250
"COG0564",815,615,705,578,766,829
"COG0565",2,4,18,3,7,0
"COG0566",470,520,575,472,599,652
"COG0567",7,16,17,4,12,0
"COG0568",460,128,255,117,261,369
"COG0569",432,447,560,446,593,535
"COG0571",223,214,192,212,165,163
"COG0572",474,281,387,308,344,438
"COG0573",87,135,185,175,214,169
"COG0574",905,430,564,578,604,962
"COG0575",140,169,168,151,145,229
"COG0576",116,162,133,139,160,140
"COG0577",1318,1377,1788,1298,1685,1748
"COG0578",43,45,81,8,61,33
"COG0579",58,30,83,53,157,98
"COG0580",50,30,75,89,35,53
"COG0581",90,139,170,146,195,190
"COG0582",1417,1701,2266,2196,2819,3200
"COG0583",1057,844,1243,680,1496,977
"COG0584",147,352,369,734,419,289
"COG0585",0,7,10,2,6,2
"COG0586",117,159,138,169,97,55
"COG0587",829,648,758,580,709,783
"COG0588",45,179,108,242,55,63
"COG0589",344,416,344,581,233,182
"COG0590",233,139,125,142,156,191
"COG0591",428,508,590,649,500,413
"COG0592",245,260,269,218,320,330
"COG0593",41,117,111,153,62,130
"COG0594",19,39,54,18,81,70
"COG0595",118,76,181,49,273,374
"COG0596",223,99,228,204,278,274
"COG0597",31,44,81,30,64,108
"COG0598",258,367,270,380,214,210
"COG0599",89,106,131,103,84,89
"COG0600",82,83,188,78,227,204
"COG0601",187,152,251,156,426,361
"COG0602",274,216,270,158,171,207
"COG0603",24,14,33,93,57,88
"COG0604",5,15,16,9,8,19
"COG0605",15,9,16,43,59,64
"COG0606",345,375,362,248,336,334
"COG0607",341,463,333,363,331,288
"COG0608",446,296,404,270,283,415
"COG0609",398,339,425,240,365,348
"COG0610",858,253,674,397,599,727
"COG0611",45,67,62,83,24,54
"COG0612",950,876,889,775,765,804
"COG0613",62,66,155,57,191,189
"COG0614",470,546,508,364,459,372
"COG0615",62,229,144,224,64,82
"COG0616",270,150,214,302,119,85
"COG0617",303,167,279,168,269,331
"COG0618",292,237,236,176,234,324
"COG0619",85,129,215,83,326,317
"COG0620",139,118,216,53,99,79
"COG0621",875,756,773,668,811,901
"COG0622",203,164,166,174,223,216
"COG0623",178,59,83,100,54,62
"COG0624",392,404,476,344,599,471
"COG0625",10,9,34,12,10,1
"COG0626",38,49,47,8,6,18
"COG0627",165,198,188,388,122,198
"COG0628",458,445,614,483,536,601
"COG0629",147,166,243,143,222,326
"COG0630",5,15,32,0,7,3
"COG0631",179,136,123,68,158,307
"COG0632",153,163,179,113,157,164
"COG0633",2,2,11,7,3,0
"COG0634",173,164,180,147,136,168
"COG0635",344,312,457,384,494,437
"COG0636",65,134,92,125,87,93
"COG0637",61,71,81,407,443,439
"COG0639",60,153,124,218,61,111
"COG0640",57,37,95,58,144,151
"COG0641",1092,584,530,602,443,419
"COG0642",7645,10326,8759,14014,7900,6756
"COG0643",40,41,112,9,23,34
"COG0644",4,5,27,10,7,7
"COG0645",0,0,0,0,0,5
"COG0646",496,494,575,277,651,505
"COG0647",18,14,38,19,55,67
"COG0648",88,169,203,172,187,150
"COG0649",185,175,131,191,88,108
"COG0650",6,4,25,12,13,10
"COG0651",45,36,123,37,124,62
"COG0652",262,167,213,153,265,232
"COG0653",657,406,573,444,656,790
"COG0654",9,7,48,120,4,1
"COG0655",132,252,210,227,241,241
"COG0656",200,296,165,264,212,104
"COG0657",327,432,450,479,688,412
"COG0658",169,222,344,251,296,340
"COG0659",369,417,302,256,170,258
"COG0661",21,49,25,22,40,27
"COG0662",45,88,155,35,236,113
"COG0663",82,106,109,91,139,86
"COG0664",627,731,614,963,551,490
"COG0665",35,34,75,24,48,79
"COG0666",25,175,152,160,174,93
"COG0667",292,476,375,327,451,419
"COG0668",506,605,679,634,439,414
"COG0669",170,156,151,113,175,126
"COG0670",96,12,35,23,48,53
"COG0671",225,184,223,162,163,204
"COG0672",1,3,6,1,8,0
"COG0673",662,1296,904,1419,785,789
"COG0674",1056,818,921,768,793,918
"COG0675",250,634,260,142,243,152
"COG0676",3,0,12,1,2,2
"COG0677",54,105,243,167,124,98
"COG0678",0,1,0,0,0,0
"COG0679",131,138,256,76,379,311
"COG0680",13,30,16,10,3,3
"COG0681",477,611,542,628,372,463
"COG0682",261,233,204,160,248,223
"COG0683",75,98,102,81,219,220
"COG0684",15,9,40,23,118,84
"COG0685",261,305,249,34,46,42
"COG0686",185,174,127,154,78,61
"COG0687",249,177,274,186,295,305
"COG0688",194,223,128,142,111,100
"COG0689",13,14,25,5,11,8
"COG0690",3,0,0,0,1,0
"COG0691",127,120,126,85,126,125
"COG0692",178,107,135,99,91,119
"COG0693",218,256,215,224,172,175
"COG0694",4,1,7,0,2,1
"COG0695",1,1,3,2,3,0
"COG0696",440,234,342,209,376,429
"COG0697",989,1123,787,804,759,740
"COG0698",123,83,154,78,187,192
"COG0699",2,17,21,30,10,115
"COG0700",238,149,150,164,114,134
"COG0701",20,9,7,60,45,66
"COG0702",6,7,32,6,22,7
"COG0703",223,210,236,131,256,193
"COG0704",82,180,173,179,200,164
"COG0705",269,206,210,270,117,147
"COG0706",387,367,379,304,391,435
"COG0707",361,275,334,219,349,369
"COG0708",165,120,139,89,184,144
"COG0709",43,35,40,21,101,46
"COG0710",26,25,37,15,81,44
"COG0711",116,103,113,67,179,135
"COG0712",61,64,127,83,138,85
"COG0713",14,22,30,35,20,18
"COG0714",348,325,467,387,596,485
"COG0715",215,117,195,163,268,231
"COG0716",241,389,341,293,338,297
"COG0717",1,7,10,1,4,6
"COG0718",37,35,43,19,56,87
"COG0719",451,599,462,78,47,83
"COG0720",108,114,102,53,44,52
"COG0721",29,15,28,17,24,56
"COG0722",52,46,88,23,60,103
"COG0723",27,5,8,13,11,22
"COG0724",68,238,94,199,62,28
"COG0725",35,42,34,28,122,38
"COG0726",439,700,533,488,442,616
"COG0727",3,35,7,13,78,16
"COG0728",23,6,41,11,13,32
"COG0729",42,9,16,6,2,2
"COG0730",33,67,59,35,126,45
"COG0731",192,175,118,126,58,72
"COG0732",843,282,534,425,378,375
"COG0733",91,60,97,330,534,636
"COG0735",338,266,277,236,224,182
"COG0736",11,15,8,6,45,45
"COG0737",784,587,457,577,449,288
"COG0738",1016,954,602,1161,530,415
"COG0739",1003,1134,1073,1112,1120,1417
"COG0740",380,228,269,147,284,364
"COG0741",236,231,393,238,259,306
"COG0742",161,179,142,141,154,159
"COG0743",274,265,285,178,293,252
"COG0744",211,161,466,275,425,495
"COG0745",3647,4634,3159,3856,3240,3193
"COG0746",24,12,11,12,14,25
"COG0747",311,180,296,199,299,501
"COG0749",636,246,523,176,75,94
"COG0750",411,210,366,128,388,404
"COG0751",37,35,45,19,32,6
"COG0752",10,15,21,10,18,3
"COG0753",27,27,40,120,17,66
"COG0754",21,26,29,15,10,22
"COG0755",192,208,228,251,164,134
"COG0756",136,95,119,77,140,167
"COG0757",171,83,99,113,78,82
"COG0758",216,258,240,209,221,284
"COG0759",74,76,79,29,90,60
"COG0760",542,395,401,271,199,274
"COG0761",257,214,192,224,279,289
"COG0762",4,4,4,1,5,0
"COG0763",204,188,154,26,15,15
"COG0764",241,181,229,182,159,194
"COG0765",293,173,329,110,431,559
"COG0766",325,243,350,189,456,529
"COG0767",41,29,11,140,52,82
"COG0768",988,913,1165,802,1374,1331
"COG0769",71,45,72,264,411,541
"COG0770",723,590,562,511,481,477
"COG0771",372,219,365,195,316,342
"COG0772",681,491,589,380,739,856
"COG0773",360,255,378,243,363,381
"COG0774",212,184,154,177,98,99
"COG0775",250,317,290,256,259,258
"COG0776",372,345,255,327,226,166
"COG0777",46,58,104,25,153,154
"COG0778",780,768,676,695,494,444
"COG0779",35,45,61,21,57,90
"COG0780",124,160,114,113,61,60
"COG0781",169,99,170,116,130,146
"COG0782",204,208,212,125,196,202
"COG0783",26,79,63,66,35,12
"COG0784",1068,1391,1438,1427,2140,1224
"COG0785",4,5,8,18,16,19
"COG0786",73,71,141,16,21,15
"COG0787",492,405,393,348,377,393
"COG0788",30,98,71,97,61,21
"COG0789",234,281,342,260,272,256
"COG0790",88,84,126,329,82,160
"COG0791",204,221,486,37,117,103
"COG0792",118,161,105,121,88,112
"COG0793",1927,2083,1269,1962,874,930
"COG0794",178,185,121,133,84,95
"COG0795",508,287,267,308,151,116
"COG0796",234,214,235,157,207,228
"COG0797",62,4,24,9,6,3
"COG0798",134,37,6,2,4,3
"COG0799",120,129,98,119,96,104
"COG0800",198,129,158,157,170,196
"COG0801",93,79,101,68,59,121
"COG0802",129,106,86,58,105,157
"COG0803",130,139,184,81,127,150
"COG0804",17,29,17,18,21,16
"COG0805",160,157,88,109,99,52
"COG0806",147,43,80,10,15,23
"COG0807",231,206,244,153,176,173
"COG0809",587,443,356,342,306,372
"COG0810",2,9,5,5,4,1
"COG0811",345,420,293,299,198,151
"COG0812",221,166,186,133,189,259
"COG0813",28,39,66,5,20,8
"COG0814",20,31,86,23,26,37
"COG0815",3,6,32,3,8,14
"COG0816",129,100,126,78,114,123
"COG0817",117,115,89,115,95,110
"COG0818",47,84,64,59,43,59
"COG0819",12,4,21,1,26,20
"COG0820",244,192,232,202,235,276
"COG0821",73,49,50,173,273,298
"COG0822",177,128,201,115,182,352
"COG0823",33,452,82,137,170,140
"COG0824",85,183,122,116,88,84
"COG0825",51,49,115,32,166,164
"COG0826",673,678,678,526,698,784
"COG0827",84,147,89,571,1759,1124
"COG0828",15,10,15,4,42,28
"COG0829",8,22,7,8,18,9
"COG0830",6,25,12,10,15,14
"COG0831",6,15,4,1,4,9
"COG0832",4,13,9,2,11,10
"COG0833",20,36,41,10,0,0
"COG0834",384,345,543,231,590,582
"COG0835",34,67,66,11,17,79
"COG0836",447,394,305,290,341,221
"COG0837",4,2,6,6,2,1
"COG0838",80,99,57,39,31,39
"COG0839",112,167,63,103,65,50
"COG0840",121,119,133,31,131,976
"COG0841",2857,3411,3650,3198,2511,1676
"COG0842",633,906,723,934,470,379
"COG0843",3,2,8,2,0,1
"COG0845",2411,2774,2425,3017,1660,1238
"COG0846",196,154,228,103,481,213
"COG0847",275,208,211,219,106,125
"COG0848",27,26,20,19,12,5
"COG0849",339,89,185,85,84,195
"COG0850",23,19,51,8,22,72
"COG0851",13,18,23,10,7,38
"COG0852",43,32,20,190,100,142
"COG0853",67,81,76,75,37,52
"COG0854",61,138,102,111,65,64
"COG0855",389,512,345,408,458,384
"COG0857",4,2,15,8,5,1
"COG0858",161,98,94,97,112,121
"COG0859",362,228,162,299,92,53
"COG0860",294,323,380,245,356,396
"COG0861",112,50,39,14,11,2
"COG0863",202,314,208,159,308,328
"COG0864",1,4,13,1,3,1
"COG1001",67,29,96,47,180,115
"COG1002",774,328,354,372,484,221
"COG1003",26,32,47,327,163,159
"COG1004",249,349,345,565,298,262
"COG1005",171,117,96,24,9,17
"COG1006",7,3,6,2,3,8
"COG1007",262,267,121,36,16,21
"COG1008",213,144,171,151,84,131
"COG1009",365,180,133,139,114,115
"COG1010",66,41,134,56,119,85
"COG1011",104,82,53,437,382,355
"COG1012",223,513,479,410,342,318
"COG1013",842,797,834,601,689,798
"COG1014",1056,982,966,831,843,899
"COG1015",61,50,105,46,135,149
"COG1017",1,5,16,1,2,0
"COG1018",8,15,36,7,15,0
"COG1020",6,24,57,184,160,253
"COG1021",3,5,24,6,6,4
"COG1022",905,1009,790,899,607,599
"COG1023",0,0,0,0,0,0
"COG1024",55,59,110,28,145,98
"COG1025",4,4,15,12,4,0
"COG1026",116,121,210,69,339,214
"COG1027",271,118,144,126,90,68
"COG1028",823,1038,1281,1207,1196,1039
"COG1030",5,22,26,14,11,3
"COG1032",631,920,631,519,861,707
"COG1033",101,101,242,190,432,418
"COG1034",84,40,154,114,122,216
"COG1035",164,406,111,222,139,152
"COG1038",64,72,112,131,140,76
"COG1039",3,4,9,4,11,9
"COG1040",183,157,176,29,33,29
"COG1041",21,13,5,0,0,1
"COG1042",61,122,197,218,122,39
"COG1043",255,268,175,259,109,101
"COG1044",197,203,126,155,89,89
"COG1045",226,309,246,201,237,249
"COG1047",76,65,63,99,54,44
"COG1048",357,368,493,290,475,420
"COG1049",2,1,13,3,3,0
"COG1051",233,250,226,53,13,34
"COG1052",33,52,67,336,349,325
"COG1053",565,559,638,346,825,431
"COG1054",8,3,4,0,0,0
"COG1055",249,91,171,49,74,120
"COG1056",3,1,6,1,4,9
"COG1057",212,187,150,113,140,176
"COG1058",31,53,81,24,29,22
"COG1059",7,0,2,0,0,0
"COG1060",345,447,305,70,40,37
"COG1061",364,565,416,1246,479,584
"COG1062",2,2,9,5,4,0
"COG1063",480,276,315,395,469,362
"COG1064",5,4,9,26,9,1
"COG1066",308,245,239,185,263,321
"COG1067",12,50,46,22,20,79
"COG1069",7,26,89,15,41,36
"COG1070",729,759,667,774,518,618
"COG1071",17,78,63,156,37,26
"COG1072",2,2,6,0,0,0
"COG1073",679,799,496,671,655,479
"COG1074",537,302,561,229,525,620
"COG1075",0,8,38,4,63,16
"COG1076",16,28,20,60,56,50
"COG1077",320,290,330,208,358,471
"COG1078",56,174,87,177,55,45
"COG1079",41,26,96,47,201,245
"COG1080",129,125,280,68,451,317
"COG1082",138,218,335,374,310,312
"COG1083",41,53,90,167,110,75
"COG1085",6,27,12,3,24,3
"COG1086",634,552,516,762,429,491
"COG1087",252,202,218,163,271,327
"COG1088",434,456,293,415,268,258
"COG1089",216,195,116,179,170,151
"COG1090",11,15,36,70,8,10
"COG1091",328,342,287,229,296,275
"COG1092",239,250,308,242,349,367
"COG1098",4,13,14,8,58,45
"COG1099",0,0,0,0,0,1
"COG1101",69,34,90,33,220,195
"COG1102",0,0,0,0,4,17
"COG1104",32,20,47,64,436,481
"COG1105",55,67,108,40,225,123
"COG1106",711,590,276,400,267,334
"COG1108",174,194,149,104,130,151
"COG1109",700,676,735,599,960,1059
"COG1112",935,1076,826,1338,332,420
"COG1113",13,62,58,32,15,10
"COG1114",9,17,15,50,155,75
"COG1115",498,261,418,283,650,554
"COG1116",90,98,135,65,177,184
"COG1117",108,160,198,127,187,192
"COG1118",50,65,94,23,147,79
"COG1119",189,92,109,123,62,50
"COG1120",274,317,353,286,308,266
"COG1121",174,185,208,131,114,134
"COG1122",164,233,390,143,641,570
"COG1123",32,33,63,4,10,8
"COG1124",21,19,24,22,23,8
"COG1125",15,12,31,2,3,5
"COG1126",178,166,266,93,361,463
"COG1127",167,215,116,182,100,65
"COG1129",252,165,263,180,513,813
"COG1131",940,834,1204,893,1089,1325
"COG1132",1676,1613,2556,1457,3690,3593
"COG1133",2,1,11,2,2,0
"COG1134",123,285,159,104,182,226
"COG1135",55,44,65,39,174,136
"COG1136",1229,1093,1286,1033,1264,1398
"COG1137",193,174,100,24,9,9
"COG1138",1,15,44,3,17,7
"COG1139",142,206,98,178,63,59
"COG1140",11,6,15,2,9,1
"COG1141",1,2,5,0,34,7
"COG1142",6,15,59,34,17,17
"COG1143",72,33,49,59,26,36
"COG1144",13,3,10,1,6,27
"COG1145",85,68,82,524,499,669
"COG1146",79,58,75,9,12,8
"COG1148",24,28,33,14,27,70
"COG1149",10,0,6,7,4,0
"COG1150",5,5,8,1,7,16
"COG1151",151,283,289,260,309,405
"COG1152",8,7,10,3,23,90
"COG1154",566,465,554,398,487,524
"COG1155",141,236,232,235,256,270
"COG1156",103,166,184,238,176,246
"COG1157",8,34,38,11,25,39
"COG1158",295,125,231,132,133,218
"COG1159",206,146,189,145,182,233
"COG1160",439,546,400,417,459,465
"COG1161",55,39,72,4,14,17
"COG1162",205,176,185,312,222,253
"COG1164",94,64,148,5,41,72
"COG1165",246,313,150,164,73,84
"COG1166",291,173,143,207,101,127
"COG1167",154,191,329,285,467,372
"COG1168",448,514,368,492,342,253
"COG1169",204,114,92,101,57,52
"COG1171",253,212,157,138,254,205
"COG1172",157,112,160,145,218,477
"COG1173",159,168,276,144,437,381
"COG1174",16,11,41,14,40,12
"COG1175",450,288,609,81,166,300
"COG1176",178,157,172,156,196,239
"COG1177",152,99,195,139,254,247
"COG1178",58,59,70,76,79,257
"COG1179",29,33,27,74,183,204
"COG1180",181,211,274,205,240,241
"COG1181",272,210,244,326,232,313
"COG1182",2,3,7,2,5,4
"COG1183",179,229,123,173,78,112
"COG1184",0,0,1,10,1,1
"COG1185",467,404,395,321,497,539
"COG1186",348,235,264,173,245,313
"COG1187",224,101,276,15,47,65
"COG1188",56,100,81,88,56,73
"COG1189",44,31,75,24,130,137
"COG1190",336,360,424,311,378,467
"COG1191",129,134,328,91,529,537
"COG1192",545,403,689,851,893,864
"COG1193",487,204,350,270,481,532
"COG1194",213,145,172,15,28,33
"COG1195",372,355,328,235,309,276
"COG1196",117,134,267,80,510,492
"COG1197",99,76,114,431,676,727
"COG1198",573,413,479,349,410,495
"COG1199",121,101,204,79,215,335
"COG1200",486,272,438,313,374,416
"COG1201",0,0,38,7,19,46
"COG1203",90,117,162,136,335,177
"COG1204",134,73,149,302,63,47
"COG1205",212,42,105,93,34,46
"COG1206",24,21,35,15,142,134
"COG1207",8,11,13,42,107,73
"COG1208",338,506,312,605,362,218
"COG1209",275,220,196,354,220,215
"COG1210",104,33,86,47,90,31
"COG1211",446,202,265,172,201,225
"COG1212",142,137,125,148,70,105
"COG1213",18,17,27,43,56,17
"COG1214",190,201,165,133,171,199
"COG1215",219,306,370,440,232,217
"COG1216",706,676,595,659,643,406
"COG1217",445,427,394,56,63,96
"COG1218",57,141,91,121,66,49
"COG1219",352,279,356,238,318,483
"COG1220",18,34,15,15,8,7
"COG1221",35,149,29,63,52,22
"COG1225",105,131,130,25,9,9
"COG1226",114,200,122,140,79,96
"COG1227",57,93,173,54,257,213
"COG1228",125,157,222,185,196,197
"COG1230",7,16,36,69,16,58
"COG1232",20,71,45,128,21,55
"COG1233",26,95,18,117,53,10
"COG1234",246,182,222,155,200,190
"COG1235",411,285,282,277,261,254
"COG1236",76,67,115,32,185,261
"COG1237",24,42,44,54,40,23
"COG1238",98,64,60,90,39,33
"COG1239",9,1,5,6,10,31
"COG1240",4,4,5,1,4,24
"COG1242",207,112,165,156,112,148
"COG1243",20,7,16,3,14,48
"COG1246",11,11,13,5,19,5
"COG1247",108,112,118,65,139,111
"COG1249",239,413,395,476,234,175
"COG1250",9,4,19,28,117,136
"COG1251",10,9,32,16,16,3
"COG1252",52,55,60,64,29,34
"COG1253",688,566,724,525,507,514
"COG1254",9,9,19,4,14,20
"COG1256",65,83,168,9,25,108
"COG1257",0,0,4,0,2,4
"COG1259",43,45,49,76,21,26
"COG1260",174,178,94,132,76,79
"COG1261",0,0,6,0,1,0
"COG1262",299,311,213,298,106,89
"COG1263",246,282,425,236,966,342
"COG1264",211,211,431,187,793,326
"COG1266",47,30,33,217,190,203
"COG1267",42,25,68,28,22,15
"COG1268",38,53,97,29,114,102
"COG1269",183,253,266,297,273,282
"COG1270",76,74,142,35,139,112
"COG1271",164,140,149,144,87,110
"COG1272",117,154,105,126,100,121
"COG1273",2,0,1,1,0,0
"COG1274",2,2,15,9,35,36
"COG1275",9,19,24,9,25,5
"COG1276",1,1,4,1,1,0
"COG1277",31,53,102,142,137,97
"COG1278",34,23,28,16,8,13
"COG1279",15,25,12,5,11,3
"COG1280",40,53,106,35,58,22
"COG1281",49,66,107,26,135,162
"COG1282",1,5,11,2,2,1
"COG1283",671,579,557,398,693,575
"COG1284",705,526,493,427,631,562
"COG1285",94,91,72,83,42,112
"COG1286",1,5,14,3,0,2
"COG1287",0,1,2,2,2,6
"COG1288",72,43,121,102,67,42
"COG1289",15,23,60,16,19,8
"COG1290",0,2,0,0,2,0
"COG1291",12,12,43,6,16,25
"COG1292",39,39,69,37,42,23
"COG1293",69,85,191,39,293,222
"COG1294",184,229,178,164,115,93
"COG1295",236,187,215,182,128,189
"COG1296",51,55,85,36,135,138
"COG1297",230,132,232,152,160,158
"COG1298",36,35,100,13,25,79
"COG1299",87,136,184,62,202,274
"COG1300",20,26,33,54,18,19
"COG1301",323,269,290,192,361,220
"COG1302",45,39,100,28,125,158
"COG1304",16,13,52,19,126,75
"COG1305",79,124,308,150,222,323
"COG1306",3,4,10,5,14,33
"COG1307",160,135,380,82,568,573
"COG1309",178,324,374,379,413,478
"COG1310",13,7,86,3,3,4
"COG1312",313,172,268,240,319,189
"COG1313",34,40,56,28,114,127
"COG1314",3,5,8,2,1,2
"COG1315",32,26,110,9,12,58
"COG1316",107,142,289,98,187,436
"COG1317",2,2,13,1,6,2
"COG1319",42,41,60,41,89,73
"COG1320",7,2,3,2,4,1
"COG1321",37,25,60,38,109,132
"COG1322",194,136,180,173,210,139
"COG1323",55,39,81,22,192,206
"COG1324",2,1,3,3,0,4
"COG1327",46,40,51,11,57,98
"COG1328",551,496,558,474,633,810
"COG1329",10,1,5,3,9,20
"COG1330",1,8,29,2,6,0
"COG1331",0,3,0,7,6,1
"COG1332",20,1,5,4,3,10
"COG1333",17,35,53,20,30,5
"COG1335",46,50,117,34,110,109
"COG1336",0,0,0,0,0,1
"COG1337",30,1,6,2,3,10
"COG1338",22,21,26,8,7,15
"COG1342",51,33,43,25,41,65
"COG1343",24,31,22,39,69,30
"COG1344",132,124,236,6,26,201
"COG1345",41,47,69,13,14,64
"COG1346",180,105,182,98,176,124
"COG1347",93,117,71,88,51,56
"COG1348",11,23,31,32,53,18
"COG1349",152,345,241,189,212,198
"COG1350",230,158,178,209,104,95
"COG1351",107,20,28,12,82,69
"COG1352",19,24,39,7,11,43
"COG1353",35,4,8,6,4,24
"COG1354",28,39,78,18,76,129
"COG1355",0,0,4,0,0,1
"COG1357",54,61,106,87,90,91
"COG1358",20,26,45,13,19,44
"COG1359",64,25,39,18,25,25
"COG1360",133,39,70,139,26,55
"COG1361",2,0,12,7,6,35
"COG1362",308,138,210,66,368,422
"COG1363",60,28,86,5,19,31
"COG1364",47,70,110,21,193,185
"COG1366",25,26,61,7,62,87
"COG1368",661,354,469,569,420,620
"COG1372",0,0,0,1,0,3
"COG1373",5380,792,880,1212,913,1323
"COG1376",67,82,199,43,157,201
"COG1377",22,29,47,12,13,50
"COG1378",11,10,8,10,24,19
"COG1379",0,2,1,26,29,33
"COG1380",134,76,102,74,74,60
"COG1381",27,39,78,25,131,147
"COG1384",0,0,2,0,15,4
"COG1385",80,122,113,107,152,163
"COG1386",35,34,66,18,74,127
"COG1387",248,379,291,322,251,270
"COG1388",111,178,181,81,299,350
"COG1390",4,0,1,1,6,11
"COG1391",1,12,42,3,18,6
"COG1392",3,21,2,119,33,26
"COG1393",32,34,68,84,89,59
"COG1394",51,33,82,69,75,126
"COG1396",428,287,422,335,457,611
"COG1397",224,159,91,157,57,105
"COG1399",25,33,78,17,74,86
"COG1401",274,110,157,169,82,168
"COG1402",166,95,53,126,49,31
"COG1403",14,11,35,9,24,31
"COG1404",641,552,722,565,466,641
"COG1406",3,7,41,0,0,2
"COG1408",477,390,332,331,266,301
"COG1409",438,729,810,411,501,328
"COG1410",639,617,671,431,564,489
"COG1413",1,2,9,3,0,5
"COG1414",52,45,106,48,57,90
"COG1415",0,0,0,0,0,0
"COG1416",0,1,2,0,0,0
"COG1418",466,362,431,348,522,568
"COG1419",13,25,60,0,6,37
"COG1420",49,50,112,33,182,228
"COG1424",9,9,6,6,1,5
"COG1426",2,9,13,3,4,4
"COG1427",0,2,1,7,0,2
"COG1428",147,2,9,1,2,7
"COG1429",383,351,318,237,165,95
"COG1430",0,2,1,1,1,13
"COG1431",2,2,0,0,0,1
"COG1432",22,18,68,50,20,111
"COG1433",61,13,34,27,15,13
"COG1434",49,72,83,58,55,105
"COG1435",153,69,100,12,25,25
"COG1436",3,1,8,2,13,26
"COG1437",3,0,7,1,1,2
"COG1438",185,160,130,80,107,146
"COG1440",25,14,27,19,54,17
"COG1441",1,4,5,0,0,0
"COG1442",251,172,192,171,74,168
"COG1443",55,28,38,76,24,14
"COG1444",1,1,3,3,1,0
"COG1445",72,108,175,24,171,274
"COG1446",5,13,5,46,23,8
"COG1447",19,19,18,19,54,26
"COG1448",19,27,34,16,26,2
"COG1449",129,101,117,139,59,96
"COG1450",27,5,33,9,5,3
"COG1451",95,89,116,108,150,153
"COG1452",6,9,26,4,11,2
"COG1453",69,179,191,185,226,199
"COG1454",480,588,630,428,758,771
"COG1455",9,3,13,54,174,70
"COG1456",0,4,14,3,21,37
"COG1457",35,65,37,27,40,76
"COG1459",41,51,119,42,44,196
"COG1461",62,86,142,52,239,234
"COG1462",0,0,1,0,0,0
"COG1463",6,21,20,14,15,1
"COG1464",57,29,80,22,93,99
"COG1465",0,0,1,2,2,3
"COG1466",241,211,204,237,229,231
"COG1468",26,26,36,20,72,29
"COG1469",4,19,12,9,9,7
"COG1470",8,21,30,55,23,7
"COG1472",2304,2135,2096,538,337,514
"COG1473",150,125,323,161,333,138
"COG1475",443,541,731,536,1199,1006
"COG1476",21,44,48,35,34,68
"COG1477",341,189,251,337,251,273
"COG1479",642,374,437,404,199,278
"COG1480",288,384,210,327,166,161
"COG1481",54,32,119,27,113,181
"COG1482",223,224,324,266,371,285
"COG1483",1,7,38,223,49,9
"COG1484",847,923,719,393,580,848
"COG1485",1,0,7,3,0,0
"COG1486",63,37,101,99,123,62
"COG1487",2,23,2,7,3,6
"COG1488",114,120,210,165,280,270
"COG1489",9,5,31,15,69,48
"COG1490",128,159,135,117,131,135
"COG1492",171,214,251,109,262,175
"COG1493",49,45,95,18,149,124
"COG1494",11,4,16,5,25,5
"COG1495",1,8,5,2,6,0
"COG1496",215,138,139,113,108,158
"COG1501",867,1081,1018,275,147,137
"COG1502",620,635,607,520,630,568
"COG1505",24,25,13,155,29,56
"COG1506",281,265,211,1489,667,579
"COG1507",0,1,0,0,0,2
"COG1508",402,315,235,260,152,154
"COG1509",84,146,140,213,100,55
"COG1511",28,24,49,70,321,384
"COG1512",101,180,142,131,216,178
"COG1513",0,0,2,0,1,1
"COG1514",13,0,15,1,0,0
"COG1515",2,2,2,0,0,0
"COG1516",11,10,16,2,7,16
"COG1518",246,103,168,90,199,150
"COG1519",190,278,193,215,107,99
"COG1520",158,300,207,578,184,251
"COG1521",112,114,171,92,227,194
"COG1522",438,281,242,257,220,202
"COG1523",492,455,314,366,370,285
"COG1524",490,433,390,398,165,167
"COG1525",1,0,0,2,5,6
"COG1526",1,2,28,11,50,14
"COG1527",33,20,44,24,58,65
"COG1528",106,261,177,396,116,78
"COG1529",109,132,239,125,392,234
"COG1530",305,176,267,159,150,174
"COG1533",258,339,231,329,227,339
"COG1534",21,31,50,12,59,50
"COG1535",0,2,3,0,3,0
"COG1536",11,18,49,9,11,48
"COG1538",1646,2244,1818,1775,1174,843
"COG1539",19,17,12,110,78,81
"COG1540",9,5,12,4,16,27
"COG1541",180,425,314,380,247,206
"COG1543",0,0,0,0,0,40
"COG1544",77,63,90,36,63,119
"COG1545",2,0,0,0,0,0
"COG1546",112,100,141,169,211,133
"COG1550",1,0,2,0,3,0
"COG1551",7,6,12,3,2,7
"COG1553",3,4,3,2,4,2
"COG1554",87,129,103,212,66,339
"COG1555",267,90,123,109,72,96
"COG1556",31,83,14,34,8,15
"COG1558",13,14,28,2,6,24
"COG1559",206,136,186,14,23,33
"COG1560",189,137,133,115,70,59
"COG1561",224,182,190,158,201,224
"COG1562",0,0,1,0,0,2
"COG1564",92,124,134,97,84,82
"COG1565",0,0,0,0,0,0
"COG1566",236,112,158,212,85,145
"COG1567",11,1,5,2,2,9
"COG1568",60,23,0,0,0,12
"COG1569",0,0,5,4,3,0
"COG1570",255,306,250,206,265,280
"COG1573",63,68,108,114,126,85
"COG1574",62,41,101,61,125,58
"COG1575",153,91,126,108,73,60
"COG1576",145,141,137,115,146,108
"COG1577",0,0,1,0,0,0
"COG1578",4,3,4,4,6,9
"COG1579",142,120,88,93,74,30
"COG1580",0,0,4,2,0,0
"COG1582",4,4,4,1,1,5
"COG1583",5,0,25,0,0,18
"COG1584",1,1,2,4,7,3
"COG1585",35,10,37,19,45,113
"COG1586",2,17,20,7,18,10
"COG1587",45,40,71,34,55,37
"COG1589",4,13,23,6,40,53
"COG1592",346,344,269,246,313,337
"COG1593",178,129,242,150,485,191
"COG1595",1763,2722,1752,3400,1334,1290
"COG1596",603,545,376,509,211,174
"COG1597",389,266,340,291,293,339
"COG1598",15,10,12,9,53,38
"COG1600",16,13,51,57,16,29
"COG1604",0,0,0,0,0,0
"COG1605",28,29,107,26,152,106
"COG1606",20,37,20,22,51,28
"COG1607",3,8,25,6,19,17
"COG1609",1211,854,1047,1195,1164,1886
"COG1610",94,146,88,117,69,100
"COG1611",165,245,150,190,128,123
"COG1613",22,19,53,5,16,18
"COG1614",7,7,14,1,3,15
"COG1615",0,0,1,0,0,63
"COG1618",0,0,6,0,0,0
"COG1619",4,14,19,144,60,152
"COG1620",76,79,94,169,50,25
"COG1621",465,488,422,518,354,301
"COG1622",1,0,4,2,1,0
"COG1623",11,0,15,2,0,40
"COG1624",199,116,164,108,196,243
"COG1625",41,39,57,43,172,117
"COG1626",67,123,86,152,39,45
"COG1629",1141,1299,1121,1261,573,392
"COG1633",6,3,1,1,7,8
"COG1635",2,4,18,6,3,1
"COG1636",85,101,97,45,150,133
"COG1637",0,0,5,0,0,1
"COG1638",139,129,224,149,393,119
"COG1640",557,488,478,329,535,501
"COG1641",28,47,35,29,44,52
"COG1643",89,17,52,8,16,29
"COG1647",2,8,6,2,16,0
"COG1648",35,29,59,16,29,28
"COG1649",594,610,511,853,393,339
"COG1651",5,55,67,172,28,4
"COG1652",16,3,11,12,72,15
"COG1653",640,467,899,829,1454,2361
"COG1654",50,45,69,13,159,125
"COG1655",15,23,27,0,2,26
"COG1657",0,0,0,4,0,1
"COG1658",5,12,34,9,78,34
"COG1659",0,6,16,3,8,0
"COG1660",301,230,263,166,221,204
"COG1661",6,10,15,8,50,31
"COG1662",16,17,127,1,1,2
"COG1663",266,242,130,217,107,53
"COG1664",5,4,18,12,9,22
"COG1666",1,11,15,3,4,3
"COG1668",46,21,73,16,27,144
"COG1669",121,130,28,173,40,21
"COG1670",410,602,443,669,341,392
"COG1671",20,20,31,14,54,50
"COG1672",2353,344,306,291,226,226
"COG1674",356,250,399,271,530,624
"COG1677",15,11,18,4,6,17
"COG1678",29,73,66,85,32,31
"COG1679",2,0,1,0,11,38
"COG1680",404,381,559,567,298,377
"COG1682",108,116,130,29,128,205
"COG1683",12,8,36,5,55,44
"COG1684",20,22,38,10,12,28
"COG1686",169,190,477,118,715,684
"COG1687",10,9,15,6,14,32
"COG1688",0,0,0,0,0,2
"COG1690",53,34,43,192,69,110
"COG1691",19,27,32,17,33,33
"COG1692",7,22,9,8,18,67
"COG1694",170,196,131,172,82,106
"COG1695",111,110,131,115,224,174
"COG1696",247,302,555,62,68,116
"COG1699",20,15,21,0,0,1
"COG1700",37,43,4,0,0,3
"COG1702",185,149,221,154,237,192
"COG1703",116,158,154,133,91,68
"COG1704",163,157,133,163,88,120
"COG1705",358,227,159,140,85,94
"COG1706",0,0,8,0,4,1
"COG1708",18,28,21,162,20,30
"COG1712",20,111,23,12,8,2
"COG1713",43,33,59,14,77,103
"COG1714",23,22,16,12,3,2
"COG1715",7,8,14,16,41,19
"COG1716",13,25,7,1,0,6
"COG1719",0,0,0,1,0,0
"COG1720",98,10,42,8,97,61
"COG1721",227,154,169,272,96,112
"COG1722",4,2,7,0,12,16
"COG1724",6,1,1,2,2,3
"COG1725",161,110,191,140,163,217
"COG1726",180,88,110,135,68,78
"COG1728",18,11,15,0,1,19
"COG1729",3,4,10,3,3,1
"COG1732",11,9,26,9,30,19
"COG1733",19,34,20,193,197,135
"COG1734",11,0,3,6,6,20
"COG1735",0,9,12,5,14,3
"COG1737",163,153,184,145,368,241
"COG1738",129,68,65,85,95,34
"COG1739",140,144,143,13,26,35
"COG1740",8,33,15,21,16,4
"COG1741",63,161,101,254,77,35
"COG1742",0,0,2,3,2,0
"COG1743",1,6,36,138,33,16
"COG1744",83,69,247,74,379,403
"COG1747",0,0,0,0,0,0
"COG1748",204,243,212,209,205,231
"COG1749",17,27,58,1,3,50
"COG1751",0,0,0,0,0,0
"COG1752",306,477,413,796,350,283
"COG1754",408,251,224,261,138,153
"COG1755",0,4,8,11,0,0
"COG1757",603,479,576,490,606,427
"COG1758",0,0,6,1,3,10
"COG1760",292,170,291,167,326,263
"COG1762",147,301,290,158,425,369
"COG1763",14,15,28,8,28,37
"COG1764",2,0,2,2,0,0
"COG1765",2,2,12,6,4,5
"COG1766",22,14,11,4,14,71
"COG1767",15,9,23,7,27,5
"COG1768",12,7,26,8,87,79
"COG1770",1,1,18,1,0,1
"COG1773",46,29,49,34,78,48
"COG1774",172,189,185,153,219,238
"COG1775",33,28,97,39,103,58
"COG1776",17,21,68,11,14,54
"COG1778",145,100,80,140,70,58
"COG1780",0,0,2,3,0,1
"COG1781",113,106,103,74,114,98
"COG1782",0,0,0,0,0,18
"COG1783",19,42,34,194,60,101
"COG1785",149,256,281,264,214,126
"COG1786",0,0,0,1,0,0
"COG1787",4,1,8,0,2,6
"COG1788",16,13,24,13,21,8
"COG1791",1,0,0,0,0,0
"COG1792",248,178,194,182,231,206
"COG1793",2,0,3,59,4,9
"COG1794",7,16,52,14,16,29
"COG1797",109,132,222,82,207,169
"COG1799",6,3,7,24,109,107
"COG1801",3,2,13,1,1,0
"COG1802",169,170,260,127,345,170
"COG1803",21,31,27,186,138,130
"COG1804",33,13,53,32,113,53
"COG1805",149,112,89,125,67,66
"COG1806",3,5,22,9,6,2
"COG1807",273,230,240,247,127,83
"COG1808",106,215,177,141,88,71
"COG1811",23,39,33,22,133,61
"COG1814",5,10,22,42,7,2
"COG1815",13,9,29,5,4,24
"COG1816",31,32,44,20,26,23
"COG1817",33,31,40,0,28,4
"COG1819",52,134,78,216,79,49
"COG1820",217,289,307,389,414,292
"COG1823",6,15,22,4,4,1
"COG1825",111,171,100,100,79,77
"COG1826",3,14,9,7,40,1
"COG1827",30,27,49,13,78,45
"COG1830",89,235,157,282,81,52
"COG1832",3,1,2,0,0,0
"COG1834",2,35,7,16,6,7
"COG1835",179,163,214,140,148,181
"COG1837",10,13,31,10,43,65
"COG1838",282,292,216,202,165,191
"COG1840",65,68,49,61,64,162
"COG1841",9,11,23,10,17,27
"COG1842",1,14,41,10,6,18
"COG1843",6,16,21,2,9,30
"COG1845",0,1,5,1,1,0
"COG1846",267,331,306,239,369,278
"COG1847",46,55,97,35,110,151
"COG1850",0,1,0,4,1,14
"COG1852",19,10,5,16,6,8
"COG1853",232,282,206,267,227,323
"COG1854",109,70,98,33,90,103
"COG1857",2,1,6,1,6,24
"COG1858",26,28,63,79,21,44
"COG1859",13,8,12,3,3,1
"COG1861",12,24,7,40,26,7
"COG1862",84,123,84,90,68,33
"COG1863",4,3,3,1,8,5
"COG1864",309,146,129,179,84,83
"COG1865",4,6,7,12,10,2
"COG1866",381,400,264,228,291,376
"COG1868",19,33,40,6,11,44
"COG1869",8,7,16,11,14,14
"COG1871",12,17,21,2,1,35
"COG1872",3,2,6,0,1,2
"COG1873",13,12,33,4,38,38
"COG1874",415,730,476,953,379,387
"COG1875",41,77,104,154,42,31
"COG1876",20,24,100,5,22,23
"COG1877",50,180,109,154,52,20
"COG1878",16,18,50,16,23,17
"COG1879",1081,573,607,577,826,884
"COG1881",1,1,1,3,8,4
"COG1882",536,743,653,530,690,661
"COG1883",269,358,417,369,463,425
"COG1884",41,93,73,444,317,284
"COG1886",5,7,45,11,9,17
"COG1887",75,50,212,21,38,32
"COG1892",1,0,12,1,0,0
"COG1893",100,229,258,186,218,169
"COG1894",112,101,184,227,169,254
"COG1895",153,46,12,134,35,12
"COG1896",40,40,77,28,119,152
"COG1897",214,155,176,158,166,171
"COG1898",322,348,275,472,257,281
"COG1899",0,0,0,0,1,3
"COG1900",0,0,4,0,4,1
"COG1902",193,203,336,216,478,320
"COG1903",122,215,224,106,248,138
"COG1904",270,211,220,243,408,196
"COG1905",6,12,6,122,67,52
"COG1906",6,10,20,0,6,0
"COG1908",9,10,10,1,8,26
"COG1910",1,5,8,5,19,6
"COG1912",0,0,6,6,2,0
"COG1913",51,0,0,0,1,1
"COG1914",86,161,131,166,114,83
"COG1915",3,3,9,4,10,7
"COG1917",118,206,254,205,175,167
"COG1918",397,220,321,129,340,354
"COG1921",3,1,1,8,19,21
"COG1922",79,231,91,209,76,60
"COG1923",4,12,12,2,8,14
"COG1924",156,221,371,114,474,518
"COG1925",68,77,98,56,213,129
"COG1928",3,5,24,0,34,89
"COG1929",155,107,138,128,84,113
"COG1930",0,0,3,0,3,2
"COG1932",172,201,230,200,248,223
"COG1934",0,7,10,0,5,0
"COG1937",48,52,48,20,56,69
"COG1939",42,34,60,19,71,101
"COG1940",943,507,818,761,755,736
"COG1941",0,0,1,0,0,4
"COG1942",8,3,2,1,3,0
"COG1943",82,236,119,101,144,249
"COG1944",4,18,38,0,3,2
"COG1945",1,0,0,0,0,1
"COG1946",3,2,2,0,1,0
"COG1947",177,135,181,18,26,40
"COG1949",1,2,12,1,3,3
"COG1950",0,0,0,0,1,3
"COG1951",258,287,283,210,255,255
"COG1952",3,6,5,3,3,2
"COG1953",6,1,6,5,9,3
"COG1954",19,14,20,9,21,21
"COG1956",67,42,62,35,25,25
"COG1957",29,17,39,36,49,57
"COG1959",94,87,159,73,221,213
"COG1960",294,258,279,247,412,283
"COG1961",1132,1013,1669,1547,3518,3310
"COG1963",9,5,21,6,58,54
"COG1964",4,4,8,2,16,10
"COG1965",0,3,7,0,3,0
"COG1966",341,324,432,202,663,461
"COG1968",246,144,189,146,204,285
"COG1969",3,29,12,6,3,1
"COG1970",83,83,93,79,52,93
"COG1971",93,129,93,121,180,184
"COG1972",33,24,35,19,16,2
"COG1974",95,57,167,50,175,190
"COG1975",56,60,109,53,197,67
"COG1977",0,1,4,2,0,0
"COG1979",221,356,248,363,236,201
"COG1982",145,145,248,102,376,285
"COG1983",27,53,55,59,30,24
"COG1984",22,8,30,8,13,31
"COG1985",268,191,238,141,155,147
"COG1986",1,2,5,1,0,7
"COG1987",6,8,22,3,6,11
"COG1988",0,2,8,2,4,5
"COG1989",23,16,49,6,2,16
"COG1990",0,1,5,0,14,3
"COG1992",0,0,2,0,2,4
"COG1993",2,2,4,4,7,1
"COG1994",17,14,33,11,79,75
"COG1995",172,169,148,113,135,102
"COG2000",9,6,10,22,57,11
"COG2001",67,112,113,96,84,126
"COG2002",36,25,76,30,167,139
"COG2003",366,177,259,210,157,228
"COG2005",7,8,24,1,15,6
"COG2006",15,59,44,69,50,41
"COG2008",101,215,177,167,250,156
"COG2009",6,14,12,6,4,0
"COG2010",1,0,0,1,1,0
"COG2011",37,29,52,13,80,111
"COG2013",46,15,52,29,36,80
"COG2014",0,0,0,1,0,0
"COG2015",13,7,35,16,167,42
"COG2017",668,688,579,764,607,638
"COG2020",1,2,1,0,8,0
"COG2021",2,1,5,0,4,11
"COG2022",106,122,121,106,81,67
"COG2025",192,141,205,169,336,295
"COG2026",2,17,5,1,45,2
"COG2027",70,195,108,142,66,61
"COG2030",103,142,97,127,58,38
"COG2031",20,5,22,19,26,3
"COG2032",4,3,8,10,10,14
"COG2033",54,28,23,26,40,25
"COG2035",52,18,38,16,32,99
"COG2038",143,228,226,205,176,146
"COG2039",28,1,14,7,5,29
"COG2040",1,9,17,9,9,2
"COG2041",2,1,5,0,0,1
"COG2043",2,0,2,2,1,1
"COG2045",3,3,2,1,3,3
"COG2046",0,0,0,0,2,4
"COG2048",13,0,17,3,6,28
"COG2049",30,1,12,5,9,25
"COG2050",157,157,176,158,113,82
"COG2052",18,9,17,2,39,71
"COG2055",13,11,33,22,34,67
"COG2056",3,1,5,12,3,0
"COG2057",19,6,18,11,16,8
"COG2059",428,347,325,315,390,284
"COG2060",126,284,213,232,142,71
"COG2062",0,0,5,0,0,2
"COG2063",0,0,2,0,1,0
"COG2064",0,16,3,0,0,21
"COG2065",3,8,15,7,17,15
"COG2066",76,219,157,185,105,65
"COG2067",28,29,53,54,28,38
"COG2068",25,34,20,22,38,27
"COG2069",4,2,11,1,7,32
"COG2070",167,277,321,279,371,224
"COG2071",308,167,128,217,82,144
"COG2072",0,0,0,0,0,0
"COG2073",115,187,174,90,181,91
"COG2076",57,62,29,75,36,24
"COG2077",54,152,70,105,45,40
"COG2078",1,1,6,2,2,2
"COG2079",8,10,33,30,27,26
"COG2080",50,43,93,51,148,105
"COG2081",135,89,192,56,295,333
"COG2082",72,61,114,57,98,61
"COG2084",33,66,80,45,136,54
"COG2085",1,1,4,0,1,1
"COG2086",168,127,166,106,199,222
"COG2087",79,121,81,71,82,88
"COG2088",46,34,47,11,67,128
"COG2089",44,75,82,150,85,80
"COG2091",16,26,50,9,19,50
"COG2094",5,1,7,1,2,8
"COG2095",130,302,200,363,105,68
"COG2096",114,155,118,141,113,51
"COG2099",116,209,212,105,207,133
"COG2102",7,3,12,0,1,7
"COG2103",66,89,65,79,52,34
"COG2104",3,0,4,2,1,1
"COG2105",1,1,3,1,1,0
"COG2107",3,1,2,0,2,4
"COG2108",0,2,6,9,6,3
"COG2109",20,65,63,30,67,51
"COG2110",45,127,77,44,156,115
"COG2111",6,0,10,4,13,14
"COG2113",81,73,102,48,51,13
"COG2114",0,0,10,0,1,20
"COG2115",62,146,108,96,83,98
"COG2116",30,33,80,10,44,105
"COG2119",2,19,10,2,6,12
"COG2120",16,19,31,29,26,50
"COG2121",9,0,0,4,7,0
"COG2122",0,1,0,0,0,3
"COG2127",34,6,13,3,5,9
"COG2128",0,0,6,1,3,0
"COG2129",24,11,43,5,55,59
"COG2130",0,1,4,1,0,0
"COG2131",152,133,126,91,178,177
"COG2132",4,4,12,4,5,0
"COG2133",2,1,5,0,0,1
"COG2134",2,1,5,3,2,0
"COG2135",5,1,10,31,10,26
"COG2137",11,4,20,8,32,55
"COG2140",5,5,12,32,1,22
"COG2141",5,7,19,3,7,1
"COG2142",3,0,1,1,1,0
"COG2143",14,0,0,0,0,0
"COG2145",30,59,57,15,138,80
"COG2146",3,3,6,2,3,0
"COG2148",641,694,646,868,622,666
"COG2149",0,2,3,2,0,0
"COG2151",97,53,50,45,22,29
"COG2152",216,391,258,582,226,294
"COG2153",13,7,11,5,5,3
"COG2155",8,1,11,4,37,27
"COG2156",35,68,81,82,39,26
"COG2158",8,6,11,2,6,7
"COG2159",25,41,57,52,61,100
"COG2160",263,231,181,198,150,214
"COG2161",5,9,5,3,5,5
"COG2162",5,1,12,0,1,0
"COG2163",0,0,0,0,0,2
"COG2165",10,3,21,2,11,4
"COG2166",108,112,81,110,52,30
"COG2168",0,0,2,0,0,0
"COG2169",10,23,59,69,23,12
"COG2170",1,2,6,2,2,0
"COG2171",3,8,30,3,15,14
"COG2172",49,50,72,39,107,146
"COG2173",21,143,61,135,45,56
"COG2175",1,1,11,0,2,0
"COG2176",166,194,367,361,529,737
"COG2177",245,96,189,151,201,242
"COG2179",20,24,48,10,70,102
"COG2180",6,11,5,2,8,1
"COG2181",5,4,9,1,5,3
"COG2182",62,62,129,26,56,333
"COG2183",483,304,459,42,46,62
"COG2184",217,21,69,73,125,97
"COG2185",299,426,364,417,260,244
"COG2186",72,113,149,81,232,115
"COG2188",77,177,175,238,235,211
"COG2189",153,123,106,115,102,204
"COG2190",98,78,191,111,298,186
"COG2191",1,1,4,6,5,9
"COG2192",1,0,37,4,33,25
"COG2193",33,82,16,42,21,11
"COG2194",650,341,277,271,145,130
"COG2195",805,673,708,619,494,527
"COG2197",642,1263,680,2643,542,408
"COG2198",17,12,60,13,17,2
"COG2199",403,349,920,228,495,891
"COG2200",21,31,67,141,172,318
"COG2201",20,23,53,5,26,36
"COG2202",48,144,158,261,68,43
"COG2203",3,5,10,3,7,12
"COG2204",1051,1347,1295,1565,737,928
"COG2205",747,312,338,36,88,54
"COG2206",239,166,244,41,165,371
"COG2207",3867,7667,4265,1337,664,546
"COG2208",69,70,139,69,104,248
"COG2209",91,34,54,56,98,71
"COG2210",156,359,169,269,125,73
"COG2211",656,500,585,371,1129,860
"COG2212",0,1,1,0,0,1
"COG2213",10,52,39,34,34,12
"COG2214",92,126,150,111,97,147
"COG2215",0,1,0,1,3,0
"COG2216",82,240,219,300,137,119
"COG2217",578,775,1007,626,1221,1106
"COG2220",328,332,295,484,242,258
"COG2221",21,28,59,20,46,40
"COG2222",11,6,11,35,183,37
"COG2223",6,6,12,4,8,0
"COG2224",0,0,5,0,1,0
"COG2225",6,5,23,5,6,0
"COG2226",135,170,109,138,62,97
"COG2227",4,26,34,16,19,16
"COG2230",21,30,56,17,20,15
"COG2231",0,0,0,0,0,0
"COG2233",394,285,352,76,72,63
"COG2234",246,482,293,434,194,255
"COG2235",5,1,10,1,8,16
"COG2236",0,1,1,0,1,1
"COG2239",145,161,281,199,414,368
"COG2240",125,182,159,185,178,177
"COG2241",122,165,164,80,215,140
"COG2242",113,137,179,91,231,147
"COG2243",45,97,136,102,73,54
"COG2244",1019,1154,1100,1550,839,1076
"COG2246",23,11,24,9,55,58
"COG2247",0,0,4,0,0,0
"COG2249",32,56,53,11,4,2
"COG2250",0,0,0,0,1,0
"COG2252",126,103,209,85,286,262
"COG2253",17,0,4,0,0,1
"COG2255",231,172,228,126,251,266
"COG2256",248,162,291,175,283,326
"COG2257",4,8,14,0,2,2
"COG2258",30,29,37,7,90,32
"COG2259",40,105,51,86,24,26
"COG2261",2,0,2,1,3,0
"COG2262",316,278,313,191,289,266
"COG2264",165,185,218,187,233,231
"COG2265",332,260,375,249,361,469
"COG2267",5,9,15,51,200,159
"COG2268",23,54,125,145,38,127
"COG2269",2,6,6,0,3,0
"COG2270",31,16,63,19,129,79
"COG2271",82,81,127,284,107,70
"COG2272",212,55,90,28,60,159
"COG2273",255,208,156,378,95,179
"COG2274",974,418,251,264,323,144
"COG2301",26,20,32,30,27,15
"COG2302",35,38,77,10,97,135
"COG2303",3,2,16,3,1,2
"COG2304",380,317,334,491,142,235
"COG2306",0,0,3,0,0,5
"COG2307",1,0,4,0,1,1
"COG2308",1,0,5,0,1,2
"COG2309",73,82,126,53,199,167
"COG2310",237,8,42,4,25,56
"COG2311",174,309,142,459,86,31
"COG2312",8,6,16,0,20,2
"COG2313",0,1,7,4,14,13
"COG2314",1,0,0,1,7,10
"COG2315",146,144,123,183,82,81
"COG2316",9,31,32,13,32,19
"COG2317",53,18,25,13,100,81
"COG2318",1,0,0,0,0,0
"COG2319",234,18,34,31,9,4
"COG2320",52,6,6,4,14,1
"COG2321",0,2,6,2,6,0
"COG2323",16,9,46,38,101,111
"COG2326",9,2,10,96,68,78
"COG2327",23,104,66,28,54,35
"COG2329",0,0,2,0,4,1
"COG2331",0,2,5,0,0,0
"COG2332",2,4,7,1,5,0
"COG2333",75,132,257,61,269,275
"COG2334",7,2,17,8,12,7
"COG2335",0,0,0,0,0,0
"COG2336",1,1,6,1,0,0
"COG2337",53,95,285,922,484,200
"COG2339",1,1,2,0,13,32
"COG2340",13,21,61,4,11,67
"COG2342",4,0,0,0,0,0
"COG2344",106,241,175,162,153,151
"COG2346",0,0,6,0,0,0
"COG2348",0,0,14,0,13,45
"COG2350",2,2,3,2,3,1
"COG2351",5,0,3,17,2,6
"COG2352",1,3,17,2,4,8
"COG2353",0,1,2,2,0,0
"COG2354",0,1,1,0,0,0
"COG2355",291,142,131,202,204,139
"COG2356",32,13,6,2,2,29
"COG2357",121,87,137,56,147,188
"COG2358",20,33,77,22,73,93
"COG2359",0,8,2,4,1,12
"COG2360",71,25,20,14,8,15
"COG2361",93,9,32,37,20,35
"COG2362",6,2,4,14,16,16
"COG2363",0,1,6,1,2,0
"COG2364",49,91,137,92,103,159
"COG2365",51,114,165,175,208,83
"COG2366",0,1,9,0,0,0
"COG2367",503,214,166,127,160,94
"COG2368",7,6,15,5,12,7
"COG2369",13,13,2,7,0,10
"COG2371",6,4,7,2,6,8
"COG2372",0,1,4,1,0,0
"COG2373",820,548,549,811,360,309
"COG2374",39,135,12,0,23,8
"COG2375",1,2,1,2,2,0
"COG2376",40,59,44,58,48,26
"COG2377",3,12,41,11,12,25
"COG2378",14,9,27,97,52,103
"COG2379",0,17,38,2,121,51
"COG2382",345,210,202,130,99,146
"COG2384",25,34,52,25,54,91
"COG2385",23,37,49,191,323,323
"COG2386",0,3,3,0,0,1
"COG2388",19,74,36,73,20,11
"COG2390",25,69,32,32,41,42
"COG2391",1,8,14,6,3,2
"COG2404",14,0,0,0,2,0
"COG2405",1,0,4,2,2,1
"COG2406",6,19,8,62,10,6
"COG2407",423,498,393,456,301,419
"COG2409",0,0,0,0,0,0
"COG2414",8,9,36,6,113,14
"COG2421",1,6,2,8,9,3
"COG2423",6,23,39,16,21,42
"COG2425",117,119,46,166,51,59
"COG2426",2,0,2,4,9,7
"COG2431",176,245,130,229,80,75
"COG2440",0,0,3,1,3,1
"COG2452",24,30,33,7,34,17
"COG2453",0,2,5,0,0,0
"COG2454",1,0,4,0,0,0
"COG2461",13,29,22,10,11,40
"COG2501",21,15,35,21,48,36
"COG2502",211,116,157,139,183,142
"COG2503",0,2,0,3,0,0
"COG2508",134,112,210,85,335,371
"COG2509",370,261,424,200,554,552
"COG2510",12,8,22,12,78,54
"COG2513",81,28,22,88,13,17
"COG2514",0,0,0,0,0,0
"COG2515",2,5,16,21,13,6
"COG2516",0,0,0,0,0,9
"COG2518",2,1,3,2,1,1
"COG2519",0,1,2,0,1,5
"COG2602",23,69,24,13,5,1
"COG2603",9,1,9,0,3,0
"COG2604",58,40,3,0,0,0
"COG2605",39,43,29,451,166,139
"COG2606",65,83,155,105,117,147
"COG2607",9,20,21,50,206,160
"COG2608",31,36,77,14,79,100
"COG2609",5,6,13,2,5,1
"COG2610",84,128,178,165,227,76
"COG2703",30,29,45,0,6,25
"COG2704",97,187,207,30,19,10
"COG2706",153,191,141,225,69,137
"COG2707",0,12,4,6,0,0
"COG2710",68,31,60,51,100,47
"COG2715",316,146,143,128,116,153
"COG2716",0,1,3,1,0,0
"COG2717",1,4,44,0,9,6
"COG2718",3,3,12,2,0,0
"COG2719",1,1,10,0,0,0
"COG2720",59,23,56,21,81,243
"COG2721",302,225,218,113,691,182
"COG2723",186,128,256,119,561,326
"COG2730",109,141,280,160,139,443
"COG2731",132,118,150,173,131,90
"COG2732",2,0,3,1,0,1
"COG2733",1,11,2,16,3,0
"COG2738",95,144,113,95,102,134
"COG2739",33,19,49,22,104,77
"COG2740",14,22,32,15,36,59
"COG2746",14,19,31,12,9,7
"COG2747",0,0,2,0,0,0
"COG2755",1128,1067,899,839,752,665
"COG2759",283,255,316,282,303,405
"COG2761",2,0,0,0,0,1
"COG2764",1,1,4,0,2,0
"COG2766",5,6,23,6,3,0
"COG2768",59,119,127,53,233,146
"COG2770",3,0,2,0,0,0
"COG2771",29,15,46,27,15,7
"COG2801",623,620,503,902,666,790
"COG2804",28,57,102,40,45,207
"COG2805",20,50,103,37,40,192
"COG2807",2,1,14,12,4,3
"COG2812",532,579,455,435,400,552
"COG2813",0,5,29,0,9,24
"COG2814",24,33,26,186,114,87
"COG2815",36,23,119,26,94,170
"COG2816",159,115,145,103,126,71
"COG2818",58,119,100,25,4,9
"COG2819",39,127,119,48,227,119
"COG2820",176,127,166,180,165,146
"COG2821",4,3,27,4,6,1
"COG2822",2,0,4,1,2,0
"COG2823",2,8,15,5,4,0
"COG2824",1,1,10,7,4,0
"COG2825",4,9,17,41,11,2
"COG2826",241,294,220,117,1045,530
"COG2827",13,11,17,15,33,12
"COG2828",4,2,13,4,11,5
"COG2829",11,6,20,7,6,7
"COG2830",41,134,73,29,7,6
"COG2831",11,3,12,8,39,6
"COG2832",8,21,27,15,13,13
"COG2834",2,7,17,3,4,9
"COG2835",0,1,7,0,1,0
"COG2836",3,2,16,0,11,5
"COG2837",13,19,33,117,10,9
"COG2839",10,14,24,23,14,5
"COG2840",2,5,12,5,3,1
"COG2841",0,2,1,1,0,0
"COG2842",9,1,9,1,11,6
"COG2843",149,413,240,38,33,59
"COG2844",2,11,29,5,13,4
"COG2845",1,0,0,1,3,1
"COG2846",22,69,7,47,12,28
"COG2848",163,52,130,38,200,228
"COG2849",67,53,71,50,66,18
"COG2850",2,4,33,2,1,0
"COG2851",28,7,21,4,12,8
"COG2852",8,3,22,0,78,18
"COG2853",5,5,10,5,2,1
"COG2854",2,0,11,2,7,1
"COG2855",327,202,169,142,120,130
"COG2856",23,10,16,221,114,96
"COG2859",140,78,51,39,28,48
"COG2860",83,108,104,63,57,37
"COG2861",4,8,21,6,17,10
"COG2862",0,3,8,0,0,0
"COG2863",0,0,2,0,0,1
"COG2864",3,3,7,3,9,0
"COG2865",1143,501,430,425,400,668
"COG2866",16,34,78,6,41,78
"COG2867",1,3,2,0,1,0
"COG2868",29,25,32,8,23,58
"COG2869",88,57,49,37,37,55
"COG2870",28,34,41,23,46,15
"COG2871",148,109,77,133,68,91
"COG2872",50,7,38,20,152,86
"COG2873",516,420,504,448,502,403
"COG2875",87,181,160,113,153,126
"COG2876",34,39,33,158,397,172
"COG2877",142,163,126,146,66,56
"COG2878",99,110,152,84,212,180
"COG2879",0,1,7,0,0,0
"COG2882",1,1,5,0,1,0
"COG2884",163,151,181,100,188,220
"COG2885",538,256,305,469,176,167
"COG2887",0,7,7,0,0,7
"COG2890",238,213,182,151,190,205
"COG2891",8,2,16,0,4,0
"COG2893",25,49,49,31,195,21
"COG2894",6,8,20,20,62,158
"COG2895",73,100,194,147,100,114
"COG2896",54,74,64,28,95,91
"COG2897",5,7,18,10,8,2
"COG2898",4,1,22,7,13,5
"COG2900",1,1,1,0,2,0
"COG2901",0,1,8,3,0,1
"COG2904",4,1,5,4,5,1
"COG2906",4,0,5,2,1,0
"COG2907",0,0,0,0,0,0
"COG2908",216,187,132,199,87,87
"COG2909",20,17,111,3,42,54
"COG2910",10,7,8,58,9,7
"COG2911",26,83,50,35,30,11
"COG2912",4,4,1,1,4,0
"COG2913",1,2,8,2,0,0
"COG2914",2,1,3,1,0,0
"COG2915",0,0,5,0,1,0
"COG2916",4,4,6,2,5,0
"COG2917",3,2,7,0,2,0
"COG2918",1,57,15,141,1,3
"COG2919",1,1,3,3,1,2
"COG2920",2,2,2,5,0,0
"COG2921",1,0,3,2,2,0
"COG2922",1,0,3,3,3,0
"COG2923",0,1,3,0,0,0
"COG2924",1,0,1,1,0,0
"COG2925",5,4,12,0,7,0
"COG2926",3,2,3,1,1,0
"COG2927",3,3,5,1,2,0
"COG2928",10,12,0,3,0,0
"COG2929",0,5,7,0,0,1
"COG2931",5,20,29,166,18,38
"COG2932",33,17,42,18,78,33
"COG2933",1,4,3,4,1,1
"COG2935",0,0,6,0,0,0
"COG2936",67,208,60,133,49,115
"COG2937",6,5,21,6,1,1
"COG2938",1,0,0,2,2,0
"COG2939",0,0,1,0,0,4
"COG2942",249,263,239,394,137,184
"COG2943",4,2,18,10,7,2
"COG2944",3,10,3,2,48,1
"COG2945",0,0,0,0,0,0
"COG2946",35,42,84,109,176,86
"COG2947",0,2,5,2,4,0
"COG2948",6,12,1,0,4,3
"COG2949",7,21,29,84,19,48
"COG2951",4,8,14,6,9,0
"COG2954",256,92,115,93,108,113
"COG2956",4,7,8,2,2,0
"COG2957",238,346,152,206,79,122
"COG2958",2,15,0,3,41,0
"COG2959",1,3,0,0,1,0
"COG2960",1,0,3,1,1,0
"COG2961",5,38,9,95,13,7
"COG2962",15,6,21,9,18,3
"COG2963",85,147,141,165,85,150
"COG2964",13,8,43,27,31,31
"COG2965",1,2,7,0,4,1
"COG2966",47,45,39,198,252,203
"COG2967",1,0,4,2,2,0
"COG2968",5,16,16,11,14,30
"COG2969",0,2,7,1,1,0
"COG2971",6,4,16,18,26,26
"COG2972",748,695,1108,840,1320,1977
"COG2973",1,0,3,0,0,1
"COG2974",2,4,9,3,2,0
"COG2975",1,2,2,2,4,0
"COG2976",0,0,1,0,1,0
"COG2977",0,8,15,1,2,0
"COG2978",123,111,115,187,70,50
"COG2979",0,1,4,2,3,0
"COG2980",0,0,1,1,3,0
"COG2981",8,1,2,0,2,0
"COG2982",5,6,25,6,6,0
"COG2983",2,2,6,0,0,0
"COG2984",82,32,106,46,273,236
"COG2985",872,1011,803,993,494,385
"COG2986",152,275,144,306,125,114
"COG2987",134,227,194,189,150,105
"COG2988",0,0,1,3,1,0
"COG2989",98,23,30,57,11,5
"COG2990",7,6,16,5,10,2
"COG2991",0,1,0,0,0,0
"COG2992",10,2,12,6,1,0
"COG2994",0,0,2,0,4,1
"COG2995",1,4,8,1,3,0
"COG2996",203,256,177,191,91,89
"COG2998",3,0,6,1,5,3
"COG2999",0,1,3,2,1,0
"COG3001",1,1,1,0,2,1
"COG3004",63,146,135,90,58,43
"COG3005",8,18,40,71,8,20
"COG3006",0,7,12,1,5,0
"COG3007",3,10,11,5,9,23
"COG3008",6,16,18,9,12,2
"COG3009",1,1,4,2,0,0
"COG3010",8,4,9,37,64,43
"COG3012",7,2,8,4,3,4
"COG3013",3,1,6,2,0,1
"COG3014",3,2,0,0,1,1
"COG3015",112,83,37,145,18,13
"COG3016",7,25,20,16,19,12
"COG3017",0,0,7,0,0,0
"COG3019",0,0,0,0,0,0
"COG3021",207,217,132,122,69,70
"COG3022",204,129,137,142,73,63
"COG3023",262,217,148,400,165,127
"COG3024",2,2,1,0,0,0
"COG3025",3,20,38,12,33,20
"COG3026",1,0,4,0,1,0
"COG3027",2,4,7,7,10,9
"COG3028",2,6,5,4,4,0
"COG3029",2,0,1,0,1,0
"COG3030",0,0,5,2,1,0
"COG3031",1,2,4,3,0,0
"COG3033",60,31,58,26,37,48
"COG3034",1,1,3,2,7,0
"COG3036",1,6,0,1,0,0
"COG3037",18,31,28,35,30,33
"COG3038",0,2,11,0,0,0
"COG3039",228,800,137,70,120,201
"COG3040",12,14,38,76,13,25
"COG3041",123,9,48,10,12,39
"COG3042",0,0,2,0,0,0
"COG3043",2,4,7,3,1,0
"COG3044",47,29,55,16,47,31
"COG3045",2,1,8,0,0,0
"COG3047",0,0,3,3,0,0
"COG3048",0,10,26,4,8,5
"COG3049",152,237,232,349,172,235
"COG3050",1,0,2,1,3,0
"COG3051",25,14,34,22,48,20
"COG3052",4,6,17,6,10,9
"COG3053",13,15,20,8,21,13
"COG3054",4,1,3,3,1,0
"COG3055",103,138,103,115,31,28
"COG3056",4,1,4,3,0,0
"COG3057",4,3,4,0,1,0
"COG3058",5,4,13,4,8,0
"COG3059",41,138,85,103,48,13
"COG3060",0,2,3,1,0,0
"COG3061",0,0,0,0,1,0
"COG3062",0,0,0,0,0,0
"COG3063",0,0,0,0,0,0
"COG3064",2,2,12,5,1,0
"COG3065",1,0,2,2,2,0
"COG3066",0,2,7,3,0,0
"COG3067",2,4,7,3,2,0
"COG3068",0,1,8,0,0,0
"COG3069",32,34,86,22,75,11
"COG3070",10,10,12,8,23,26
"COG3071",0,5,4,2,5,0
"COG3072",6,6,12,4,5,1
"COG3073",2,5,4,3,0,0
"COG3074",0,0,5,0,2,0
"COG3075",37,37,48,1,32,23
"COG3076",2,1,5,1,2,1
"COG3077",30,19,44,14,64,109
"COG3078",0,2,2,0,0,0
"COG3079",1,2,5,2,1,0
"COG3080",0,1,0,2,1,0
"COG3081",2,2,5,0,0,0
"COG3082",1,0,1,1,0,0
"COG3083",0,26,41,8,25,3
"COG3084",0,0,1,3,2,0
"COG3085",1,1,8,2,1,0
"COG3086",5,3,3,1,1,0
"COG3087",6,5,16,4,2,2
"COG3088",3,5,12,3,5,1
"COG3089",0,2,3,1,2,0
"COG3090",85,66,118,46,181,73
"COG3091",2,1,3,0,0,0
"COG3092",1,0,5,2,2,0
"COG3093",25,53,29,54,28,22
"COG3094",1,3,4,0,0,0
"COG3095",2,2,4,0,0,0
"COG3096",6,4,17,6,2,0
"COG3097",0,0,3,1,1,0
"COG3098",1,0,4,3,0,0
"COG3099",1,0,4,2,1,0
"COG3100",0,1,1,1,1,0
"COG3101",1,1,4,2,2,0
"COG3102",0,2,3,1,2,0
"COG3103",35,26,66,18,65,156
"COG3104",242,208,230,59,23,21
"COG3105",2,3,4,0,2,0
"COG3106",0,3,12,3,1,0
"COG3107",1,0,2,3,3,0
"COG3108",0,1,4,1,1,0
"COG3109",1,2,7,2,0,0
"COG3110",0,1,6,2,3,1
"COG3111",3,14,10,2,2,2
"COG3112",0,0,3,0,1,1
"COG3113",0,0,1,0,1,0
"COG3114",0,0,0,0,0,0
"COG3115",0,0,2,0,1,0
"COG3116",0,0,2,0,0,0
"COG3117",0,7,10,1,1,0
"COG3118",0,1,6,0,0,1
"COG3119",1821,2270,1935,3527,1128,974
"COG3120",2,1,3,1,0,0
"COG3121",16,9,31,19,11,5
"COG3122",2,1,3,0,0,0
"COG3123",0,1,4,3,0,0
"COG3124",2,8,9,7,5,5
"COG3125",2,0,2,1,0,0
"COG3126",0,0,2,2,0,0
"COG3127",1,1,13,0,3,1
"COG3128",0,1,7,2,2,0
"COG3129",1,15,21,78,8,2
"COG3130",0,1,3,0,0,0
"COG3131",6,5,17,7,7,0
"COG3132",1,1,0,4,0,0
"COG3133",1,0,1,0,0,0
"COG3134",2,1,8,1,1,0
"COG3135",0,0,1,0,0,1
"COG3136",0,1,0,0,0,0
"COG3137",0,0,4,1,2,0
"COG3138",1,1,3,1,0,1
"COG3139",1,1,3,3,2,0
"COG3140",0,0,2,0,0,0
"COG3141",1,2,0,2,1,0
"COG3142",149,98,111,109,124,97
"COG3143",1,0,4,0,0,0
"COG3144",3,14,71,6,10,30
"COG3145",0,0,4,1,0,0
"COG3147",0,0,3,0,1,0
"COG3148",2,1,12,0,3,1
"COG3149",0,0,4,1,0,0
"COG3150",7,6,16,2,10,1
"COG3151",1,2,6,0,2,0
"COG3152",29,44,35,54,23,42
"COG3153",62,28,56,84,58,27
"COG3154",0,0,0,2,0,0
"COG3155",0,0,6,0,1,2
"COG3156",0,3,15,4,0,0
"COG3157",2,2,11,6,5,0
"COG3158",166,3,29,5,7,3
"COG3159",1,6,2,0,4,0
"COG3160",1,3,6,1,1,0
"COG3161",1,1,5,2,0,2
"COG3162",1,0,2,0,1,0
"COG3164",3,11,35,10,15,2
"COG3165",1,0,5,2,4,0
"COG3166",0,5,1,2,8,0
"COG3169",62,96,52,76,43,30
"COG3171",1,1,4,0,1,1
"COG3172",4,1,4,2,2,1
"COG3173",0,1,4,8,0,14
"COG3174",59,152,68,233,82,28
"COG3176",493,429,267,331,169,140
"COG3177",921,513,286,617,395,452
"COG3178",279,187,130,122,91,79
"COG3179",0,0,0,0,1,0
"COG3180",3,6,17,9,19,5
"COG3181",26,48,59,23,103,38
"COG3182",90,115,110,77,41,38
"COG3183",0,0,13,12,1,19
"COG3185",0,0,0,0,0,0
"COG3187",89,136,69,110,41,30
"COG3188",29,23,108,47,31,2
"COG3189",25,47,25,96,15,28
"COG3190",0,1,3,2,0,0
"COG3191",24,6,48,13,101,48
"COG3192",0,0,4,17,18,22
"COG3193",22,5,8,8,9,8
"COG3194",0,0,0,0,1,0
"COG3195",0,0,0,0,0,0
"COG3196",12,7,10,6,50,12
"COG3199",0,0,1,1,1,2
"COG3201",67,137,81,124,56,39
"COG3203",17,32,58,3,39,6
"COG3204",0,0,5,1,0,0
"COG3206",406,242,221,190,98,45
"COG3208",2,5,5,7,8,3
"COG3209",130,282,608,484,178,761
"COG3210",18,6,41,34,30,59
"COG3211",0,0,0,0,0,0
"COG3212",6,18,3,14,9,15
"COG3213",2,4,0,0,0,0
"COG3214",4,2,5,3,2,0
"COG3216",0,0,0,0,0,0
"COG3217",2,0,3,4,2,0
"COG3218",0,1,0,0,0,0
"COG3219",0,0,0,0,0,0
"COG3220",0,3,0,0,0,0
"COG3221",16,8,39,15,22,26
"COG3222",7,3,2,4,1,1
"COG3223",1,2,10,1,0,0
"COG3224",0,0,0,0,0,0
"COG3225",52,86,69,269,212,266
"COG3226",1,1,3,1,1,0
"COG3227",1,0,0,0,7,0
"COG3228",3,0,6,1,2,0
"COG3231",0,2,2,1,6,4
"COG3232",0,0,3,0,1,0
"COG3234",2,0,10,1,0,0
"COG3236",24,9,29,11,8,30
"COG3237",2,0,2,1,1,0
"COG3238",9,14,40,7,23,26
"COG3239",0,0,0,0,0,0
"COG3242",1,0,2,0,1,0
"COG3243",0,0,0,0,0,0
"COG3246",17,9,8,8,59,17
"COG3247",1,3,12,2,2,4
"COG3248",1,2,5,1,1,0
"COG3250",5466,6579,3936,6934,4176,3476
"COG3251",2,0,0,1,1,0
"COG3252",0,1,0,2,0,1
"COG3253",0,0,0,0,0,0
"COG3254",55,97,21,80,21,32
"COG3256",2,0,1,0,0,2
"COG3257",1,1,5,5,3,0
"COG3259",0,0,0,0,0,5
"COG3260",5,6,20,3,16,11
"COG3261",4,13,36,11,15,17
"COG3262",5,2,13,4,4,1
"COG3263",105,200,185,203,109,89
"COG3264",9,17,38,4,27,8
"COG3265",1,3,1,0,2,0
"COG3266",0,1,5,0,0,0
"COG3267",11,6,8,7,10,0
"COG3268",0,0,1,0,0,0
"COG3270",22,14,34,2,119,70
"COG3271",0,0,0,0,0,0
"COG3272",0,1,9,2,0,0
"COG3274",362,326,218,304,115,104
"COG3275",348,458,463,615,264,287
"COG3276",27,16,18,12,25,19
"COG3279",569,835,884,876,777,1043
"COG3283",2,36,4,7,2,0
"COG3284",17,40,8,30,20,13
"COG3287",20,16,7,0,0,12
"COG3288",2,2,6,4,11,3
"COG3290",15,21,69,17,28,77
"COG3291",14,76,51,39,14,95
"COG3292",4312,7255,3113,9068,2604,1826
"COG3293",147,47,17,67,90,76
"COG3294",6,5,11,4,12,10
"COG3296",0,0,0,6,0,0
"COG3297",0,0,6,1,1,0
"COG3299",25,12,14,14,138,29
"COG3301",2,8,17,1,9,0
"COG3302",2,3,4,2,6,0
"COG3303",25,37,65,166,40,33
"COG3304",62,58,54,70,36,19
"COG3306",1,5,1,0,7,1
"COG3307",15,34,24,28,21,20
"COG3309",73,5,0,32,1,0
"COG3311",0,0,4,0,2,0
"COG3312",1,2,6,1,1,0
"COG3313",0,2,2,2,0,0
"COG3314",37,46,105,26,122,129
"COG3315",33,26,46,20,55,96
"COG3316",11,4,113,5,9,1
"COG3317",0,2,5,1,3,0
"COG3318",0,0,2,3,1,0
"COG3319",2,5,11,4,15,0
"COG3320",15,20,53,12,36,63
"COG3321",0,0,2,1,28,61
"COG3323",57,113,103,134,44,43
"COG3324",9,10,9,68,6,1
"COG3325",53,122,99,75,63,123
"COG3326",21,9,21,38,15,50
"COG3327",0,0,0,2,0,0
"COG3328",212,219,271,285,292,328
"COG3330",0,0,0,0,0,9
"COG3331",18,24,50,11,35,39
"COG3333",43,72,94,28,186,65
"COG3335",10,11,6,79,127,130
"COG3338",1,1,1,0,0,0
"COG3339",3,17,6,5,12,12
"COG3340",45,93,187,122,96,98
"COG3341",23,28,23,115,79,66
"COG3343",0,1,0,0,0,0
"COG3344",1624,1455,1079,1933,2222,1152
"COG3345",529,504,502,699,441,504
"COG3347",0,0,0,1,9,5
"COG3350",0,3,0,0,1,0
"COG3359",32,32,42,14,17,77
"COG3366",0,2,1,2,1,2
"COG3369",2,2,0,17,6,2
"COG3376",0,0,0,0,0,0
"COG3378",105,90,122,100,600,228
"COG3379",0,0,0,0,0,0
"COG3381",1,3,13,1,2,0
"COG3382",43,52,65,61,42,38
"COG3383",11,43,39,26,53,85
"COG3384",5,2,7,1,1,0
"COG3385",2604,184,241,109,392,1087
"COG3386",35,10,39,30,39,18
"COG3387",25,114,62,84,30,71
"COG3391",73,65,136,366,52,100
"COG3392",13,132,14,9,12,18
"COG3393",0,2,1,4,5,7
"COG3394",11,13,56,14,257,14
"COG3395",15,69,30,28,77,30
"COG3396",1,2,7,4,0,0
"COG3397",0,0,1,0,6,1
"COG3401",19,7,13,0,31,55
"COG3402",17,25,19,3,10,12
"COG3404",94,146,134,112,128,68
"COG3405",148,35,56,5,41,32
"COG3407",0,0,0,0,0,0
"COG3408",62,60,37,312,181,324
"COG3409",61,13,76,35,237,131
"COG3410",20,45,9,5,23,17
"COG3411",5,4,11,16,16,7
"COG3412",18,10,13,11,4,2
"COG3414",3,27,14,13,8,12
"COG3415",1,0,0,0,4,0
"COG3416",0,0,0,0,0,0
"COG3417",2,3,3,0,3,2
"COG3418",0,0,0,0,0,0
"COG3420",0,2,4,0,3,1
"COG3421",1,1,2,0,4,33
"COG3422",0,0,0,1,0,0
"COG3423",2,1,2,2,0,0
"COG3425",1,0,1,0,0,1
"COG3426",126,150,147,108,105,164
"COG3428",19,20,27,0,12,35
"COG3429",0,0,1,0,0,2
"COG3433",1,4,4,3,13,0
"COG3434",9,4,3,0,8,44
"COG3435",0,0,0,0,0,0
"COG3436",1586,1920,752,2103,772,998
"COG3437",634,396,353,339,519,295
"COG3439",5,12,26,24,11,3
"COG3440",20,5,6,3,5,3
"COG3442",0,0,2,8,23,50
"COG3443",7,2,15,1,10,3
"COG3444",33,37,47,41,168,29
"COG3445",2,4,1,1,1,0
"COG3447",2,1,10,1,3,0
"COG3448",0,11,0,1,0,0
"COG3449",33,126,70,282,60,25
"COG3450",1,0,0,1,0,0
"COG3451",703,753,1143,1118,1769,2161
"COG3452",13,14,65,4,31,55
"COG3454",2,3,8,2,17,0
"COG3455",0,2,4,0,1,1
"COG3456",0,1,0,0,0,0
"COG3457",1,2,14,1,15,8
"COG3458",92,365,101,274,120,96
"COG3459",263,106,178,39,306,720
"COG3460",1,1,1,0,0,0
"COG3463",5,21,27,2,20,21
"COG3464",963,571,225,698,311,395
"COG3467",82,124,98,123,82,91
"COG3468",12,82,279,119,358,32
"COG3469",0,0,0,0,0,3
"COG3470",1,1,4,0,2,2
"COG3471",1,0,1,0,2,0
"COG3472",10,0,29,6,12,22
"COG3473",1,0,1,3,1,0
"COG3475",454,258,376,273,159,129
"COG3476",30,78,23,8,0,5
"COG3477",0,1,1,0,0,0
"COG3478",1,0,0,0,4,4
"COG3479",1,0,0,0,0,0
"COG3480",1,1,4,0,0,8
"COG3481",77,64,98,37,170,147
"COG3484",0,0,0,0,0,0
"COG3485",1,0,0,0,0,0
"COG3486",0,0,0,0,0,0
"COG3487",50,88,37,120,54,29
"COG3488",92,58,71,61,74,77
"COG3491",0,0,0,0,0,0
"COG3493",17,5,14,10,9,5
"COG3494",12,17,7,18,7,1
"COG3496",0,0,0,0,0,0
"COG3497",23,3,43,20,158,13
"COG3498",1,0,8,2,50,7
"COG3499",1,2,5,0,0,0
"COG3500",14,4,39,12,105,12
"COG3501",11,36,182,54,8,100
"COG3503",6,8,8,8,55,58
"COG3504",3,12,3,1,0,0
"COG3505",750,711,864,299,274,261
"COG3506",27,36,13,75,8,27
"COG3507",1833,1775,1015,1584,813,643
"COG3509",21,0,5,0,8,28
"COG3512",36,19,15,9,13,41
"COG3513",242,89,59,30,114,193
"COG3514",0,0,2,0,0,0
"COG3515",2,5,15,5,5,0
"COG3516",2,2,6,1,1,0
"COG3517",2,3,19,1,3,0
"COG3518",2,1,0,0,0,0
"COG3519",4,7,7,1,4,1
"COG3520",1,6,5,1,4,0
"COG3521",0,2,0,0,0,0
"COG3522",0,3,7,1,1,0
"COG3523",3,8,0,1,3,0
"COG3524",0,0,0,1,3,2
"COG3525",2087,2184,1761,409,167,144
"COG3526",1,0,0,0,0,0
"COG3527",0,2,0,0,0,0
"COG3528",0,0,1,0,0,0
"COG3529",1,0,1,1,1,0
"COG3530",0,0,1,1,1,0
"COG3533",793,1676,655,1378,586,485
"COG3534",858,503,401,610,328,321
"COG3535",0,1,1,0,0,2
"COG3536",0,3,7,0,2,0
"COG3537",282,567,291,3255,1376,1068
"COG3538",275,157,261,369,115,148
"COG3539",24,9,71,17,16,0
"COG3541",7,2,9,18,3,14
"COG3542",0,0,1,0,3,17
"COG3543",9,4,17,1,13,42
"COG3544",0,15,0,12,2,0
"COG3545",0,0,0,0,0,0
"COG3546",13,14,43,26,33,96
"COG3547",3163,250,949,478,736,540
"COG3548",0,1,0,0,0,0
"COG3549",1,1,1,0,3,0
"COG3550",616,245,317,854,113,149
"COG3552",0,0,0,0,1,27
"COG3555",1,0,0,0,0,0
"COG3557",0,1,1,1,1,4
"COG3558",1,0,0,0,0,0
"COG3560",49,129,64,106,57,25
"COG3561",18,17,8,2,4,7
"COG3562",0,0,0,1,3,1
"COG3563",0,1,0,0,1,0
"COG3566",1,1,1,6,7,0
"COG3567",0,0,0,7,7,8
"COG3568",211,377,321,585,294,175
"COG3570",0,2,2,0,0,5
"COG3572",1,1,6,0,5,22
"COG3575",0,0,0,0,0,0
"COG3576",0,0,3,0,0,0
"COG3579",324,345,248,282,216,175
"COG3580",116,169,275,106,378,468
"COG3581",143,181,288,94,287,403
"COG3583",19,22,33,17,130,116
"COG3584",18,35,68,91,132,141
"COG3585",1,1,3,2,2,0
"COG3586",21,15,30,70,1,19
"COG3587",137,67,127,140,67,136
"COG3588",0,1,0,1,1,11
"COG3589",5,18,6,6,0,12
"COG3590",455,284,212,178,144,147
"COG3591",3,8,16,0,30,7
"COG3592",0,0,4,2,2,0
"COG3593",67,27,67,98,48,102
"COG3594",278,80,101,285,109,123
"COG3595",2,0,7,4,3,6
"COG3596",20,5,28,0,3,1
"COG3597",0,0,2,0,0,0
"COG3598",0,0,3,10,58,10
"COG3599",2,2,7,6,51,87
"COG3600",3,3,0,3,13,13
"COG3601",23,40,67,13,103,112
"COG3602",0,6,0,0,1,0
"COG3603",3,4,0,7,8,1
"COG3604",45,151,187,49,128,122
"COG3605",2,0,5,2,1,0
"COG3608",32,14,61,19,55,91
"COG3609",0,0,2,0,0,1
"COG3610",45,40,61,95,98,51
"COG3611",1,2,1,0,2,13
"COG3613",0,0,6,1,2,8
"COG3615",5,2,3,2,1,0
"COG3616",12,4,15,16,12,12
"COG3617",187,32,163,71,110,115
"COG3618",0,3,1,4,4,1
"COG3619",58,39,80,26,96,100
"COG3621",0,0,0,0,0,0
"COG3622",14,4,24,7,9,6
"COG3623",4,4,18,10,11,11
"COG3624",0,2,1,3,2,1
"COG3625",0,3,4,2,16,1
"COG3626",0,1,14,6,9,2
"COG3627",1,3,15,1,5,0
"COG3628",0,0,5,1,1,4
"COG3629",2,4,10,16,3,4
"COG3630",0,0,1,0,0,1
"COG3633",43,47,81,18,197,59
"COG3634",112,192,181,197,85,65
"COG3635",185,145,155,113,112,127
"COG3636",0,2,2,0,2,0
"COG3637",1,1,2,1,4,3
"COG3638",12,10,45,10,20,31
"COG3639",27,7,49,24,32,44
"COG3640",7,13,52,12,48,94
"COG3641",29,17,65,2,19,11
"COG3643",49,79,64,110,48,46
"COG3645",172,28,74,56,60,113
"COG3646",0,3,70,5,61,13
"COG3647",0,0,1,1,1,0
"COG3649",31,28,7,20,128,35
"COG3650",9,0,0,0,0,0
"COG3653",16,7,29,21,29,51
"COG3654",37,6,22,34,7,47
"COG3655",55,82,40,62,70,99
"COG3657",0,0,0,0,1,0
"COG3659",0,0,0,0,1,0
"COG3660",0,0,0,0,0,0
"COG3661",182,146,83,320,74,32
"COG3662",1,0,0,0,0,0
"COG3663",124,123,109,91,91,73
"COG3664",33,23,39,19,56,57
"COG3665",12,0,0,1,0,2
"COG3666",2391,1292,960,1560,422,765
"COG3667",0,0,0,0,0,0
"COG3668",0,0,0,0,32,3
"COG3669",1060,1270,916,1222,552,563
"COG3671",0,1,4,0,1,0
"COG3672",0,0,0,1,1,2
"COG3675",0,39,0,10,0,0
"COG3676",25,22,11,23,115,21
"COG3677",19,15,92,1435,7,23
"COG3678",3,1,4,1,0,0
"COG3679",1,0,0,0,1,2
"COG3680",206,0,2,0,0,0
"COG3681",328,320,229,262,274,152
"COG3682",64,30,73,63,104,130
"COG3683",3,2,0,0,0,0
"COG3684",2,1,3,1,1,0
"COG3685",0,0,0,3,2,0
"COG3688",55,61,148,34,286,259
"COG3689",11,6,25,16,24,56
"COG3691",2,3,4,3,1,0
"COG3692",0,0,2,1,0,0
"COG3693",172,82,71,109,46,71
"COG3694",5,1,8,5,15,23
"COG3695",46,80,71,61,52,20
"COG3696",501,507,567,885,343,335
"COG3697",17,8,10,5,18,4
"COG3698",0,3,8,2,2,0
"COG3700",2,2,9,4,2,0
"COG3701",2,6,0,0,0,1
"COG3703",0,1,0,2,1,0
"COG3704",0,0,0,0,2,0
"COG3705",36,44,67,3,17,13
"COG3706",1712,2484,1264,2842,837,908
"COG3707",9,13,34,16,66,36
"COG3708",5,9,13,27,37,31
"COG3709",0,0,3,0,1,1
"COG3710",3,2,9,12,9,0
"COG3711",122,239,224,200,431,219
"COG3712",1086,2632,1437,4088,933,583
"COG3713",2,1,15,2,2,0
"COG3714",1,0,4,2,4,0
"COG3715",50,51,68,54,236,47
"COG3716",54,41,58,58,222,64
"COG3717",294,170,159,160,163,103
"COG3718",5,91,21,18,10,26
"COG3719",0,2,2,0,0,0
"COG3720",1,0,0,0,3,0
"COG3721",0,2,0,0,1,0
"COG3722",1,4,10,5,1,0
"COG3723",30,1,6,2,5,12
"COG3724",1,2,10,1,1,1
"COG3725",4,0,1,1,0,0
"COG3726",1,0,3,0,1,0
"COG3727",70,50,42,40,34,67
"COG3728",7,6,8,4,35,10
"COG3729",2,3,1,1,0,0
"COG3730",0,23,4,9,4,5
"COG3731",2,22,6,4,5,1
"COG3732",0,31,9,11,8,7
"COG3733",1,2,8,2,0,0
"COG3734",4,6,10,11,8,32
"COG3735",13,30,32,45,24,8
"COG3736",0,0,0,0,2,0
"COG3738",4,5,15,4,8,16
"COG3740",22,12,19,61,64,19
"COG3741",0,0,0,1,0,0
"COG3744",0,0,1,3,0,0
"COG3745",0,0,1,0,0,9
"COG3746",65,169,85,214,39,83
"COG3747",6,3,4,1,12,5
"COG3753",0,0,3,1,0,0
"COG3754",184,186,102,111,36,154
"COG3755",3,1,7,2,0,0
"COG3756",1,0,0,0,0,0
"COG3757",238,89,309,117,211,484
"COG3758",0,1,8,6,0,1
"COG3759",1,1,0,0,0,0
"COG3760",32,43,35,13,54,100
"COG3762",0,0,0,0,3,0
"COG3763",1,0,0,0,0,1
"COG3764",27,16,90,39,91,275
"COG3765",3,5,19,2,6,0
"COG3766",0,0,1,1,2,0
"COG3767",0,1,0,0,0,0
"COG3768",0,3,3,2,0,0
"COG3769",0,0,1,1,0,0
"COG3770",1,3,2,1,2,0
"COG3771",1,0,2,0,3,0
"COG3772",6,6,82,7,17,3
"COG3773",55,41,79,23,78,196
"COG3774",323,172,130,310,128,120
"COG3775",42,32,18,158,92,74
"COG3776",0,0,2,1,0,0
"COG3778",0,0,0,0,0,2
"COG3779",0,0,2,3,0,0
"COG3781",1,2,2,1,0,0
"COG3783",0,0,2,0,0,0
"COG3784",0,0,3,1,1,0
"COG3785",0,1,3,2,0,0
"COG3786",1,2,5,3,1,4
"COG3787",0,1,3,0,2,0
"COG3788",1,0,3,3,0,0
"COG3789",1,1,4,4,0,1
"COG3790",1,0,1,0,1,0
"COG3791",1,0,0,0,0,0
"COG3793",0,0,0,0,0,0
"COG3794",1,0,0,0,0,0
"COG3797",0,0,2,8,0,4
"COG3799",12,0,2,3,1,0
"COG3804",6,3,20,2,8,70
"COG3808",358,228,321,213,190,226
"COG3811",0,1,1,0,1,0
"COG3815",0,0,1,2,5,0
"COG3817",9,0,13,4,4,2
"COG3819",9,1,11,7,3,2
"COG3822",3,11,27,4,2,7
"COG3823",1,1,3,0,3,8
"COG3824",0,0,1,0,0,0
"COG3825",1,0,5,1,4,10
"COG3828",0,0,0,0,2,3
"COG3829",101,124,132,129,364,58
"COG3830",179,177,145,180,126,103
"COG3831",3,25,30,85,17,5
"COG3832",0,0,0,0,0,0
"COG3833",70,35,57,12,31,225
"COG3835",13,21,47,15,28,20
"COG3836",11,6,19,9,11,5
"COG3837",0,0,0,1,1,0
"COG3839",96,83,161,123,265,450
"COG3840",0,3,4,1,0,0
"COG3842",314,263,323,269,318,384
"COG3843",183,142,262,108,654,775
"COG3845",69,58,134,71,307,347
"COG3846",1,0,0,2,0,0
"COG3848",40,20,30,21,193,98
"COG3850",2,12,35,2,11,2
"COG3851",12,15,5,3,6,17
"COG3852",4,5,29,22,4,3
"COG3853",35,31,78,16,162,131
"COG3854",33,35,76,17,114,162
"COG3855",377,315,344,311,338,255
"COG3856",6,7,6,2,4,21
"COG3857",87,143,292,78,431,437
"COG3858",62,65,109,46,106,226
"COG3859",20,18,54,4,10,13
"COG3860",2,0,8,1,1,0
"COG3862",21,11,31,17,37,55
"COG3863",2,1,1,0,0,0
"COG3864",5,2,14,2,1,3
"COG3866",168,18,94,9,73,8
"COG3867",144,112,79,162,73,242
"COG3868",4,0,2,0,2,13
"COG3869",8,25,45,13,9,43
"COG3870",3,4,15,3,17,28
"COG3871",43,143,51,166,45,15
"COG3872",57,48,115,29,141,168
"COG3874",3,4,22,1,51,57
"COG3875",44,40,63,42,104,53
"COG3876",119,185,189,193,94,109
"COG3877",5,4,8,0,2,0
"COG3878",12,1,10,0,5,16
"COG3879",8,9,20,5,12,52
"COG3880",4,19,17,6,9,27
"COG3881",0,0,4,0,0,0
"COG3882",2,27,11,16,19,73
"COG3883",3,3,29,10,18,68
"COG3884",179,124,146,143,151,191
"COG3885",3,1,3,2,2,0
"COG3886",181,80,121,35,38,35
"COG3887",87,119,218,65,308,394
"COG3892",1,4,0,0,1,0
"COG3893",6,9,22,11,5,35
"COG3894",17,67,44,18,72,176
"COG3895",0,2,2,2,0,0
"COG3896",0,0,0,0,0,1
"COG3899",1,4,11,30,7,6
"COG3901",0,0,0,0,2,4
"COG3903",0,0,0,0,0,0
"COG3906",1,1,4,0,0,1
"COG3907",0,0,0,0,0,0
"COG3910",30,15,33,20,83,78
"COG3911",0,2,0,0,0,0
"COG3915",1,0,0,0,0,0
"COG3919",19,48,74,18,26,50
"COG3920",0,6,2,18,7,4
"COG3921",0,0,0,0,0,0
"COG3923",2,3,9,1,0,1
"COG3924",4,0,4,0,0,0
"COG3925",2,2,3,2,1,0
"COG3926",26,9,35,9,9,21
"COG3933",21,143,21,60,39,18
"COG3934",2,0,9,0,8,3
"COG3935",49,32,111,27,134,124
"COG3936",8,4,16,9,1,14
"COG3937",7,2,2,5,4,2
"COG3938",8,4,6,10,12,2
"COG3940",37,144,175,365,63,54
"COG3941",4,3,0,0,0,0
"COG3942",1,1,0,0,2,5
"COG3943",560,284,213,379,314,330
"COG3944",20,28,82,30,133,184
"COG3945",0,7,3,4,0,0
"COG3947",9,4,8,3,21,4
"COG3948",9,3,20,9,86,17
"COG3949",9,9,63,6,29,33
"COG3950",399,519,182,17,49,10
"COG3951",3,1,7,1,3,2
"COG3952",17,3,17,18,1,2
"COG3953",0,0,0,0,0,0
"COG3954",2,0,6,0,2,0
"COG3955",2,2,3,11,4,2
"COG3956",24,9,21,64,109,81
"COG3957",46,24,62,13,45,29
"COG3958",81,101,81,64,233,310
"COG3959",92,172,84,101,206,252
"COG3960",2,0,6,2,2,1
"COG3961",1,0,0,0,0,0
"COG3962",7,47,13,0,2,1
"COG3963",0,0,0,2,1,0
"COG3964",4,33,20,31,21,4
"COG3965",2,1,8,4,13,23
"COG3966",0,1,5,2,0,9
"COG3967",0,2,0,0,1,0
"COG3968",845,543,645,567,569,590
"COG3969",116,359,183,301,149,76
"COG3971",1,2,18,2,5,0
"COG3972",35,2,7,174,8,3
"COG3973",100,199,141,171,142,117
"COG3975",4,0,15,0,0,1
"COG3976",29,20,30,10,55,21
"COG3977",2,4,18,3,3,0
"COG3978",0,0,2,0,0,0
"COG3979",1,7,29,0,8,33
"COG3980",18,44,45,88,13,48
"COG3981",3,2,2,6,78,36
"COG4001",254,581,114,0,206,294
"COG4012",0,0,2,1,0,2
"COG4021",5,1,0,1,1,4
"COG4032",39,19,20,25,15,9
"COG4034",0,0,0,0,0,0
"COG4043",0,0,0,0,0,11
"COG4085",0,0,0,0,9,1
"COG4086",19,14,22,2,25,17
"COG4087",0,0,1,0,1,4
"COG4091",0,36,1,6,3,1
"COG4095",0,0,0,0,0,0
"COG4096",199,478,249,584,462,231
"COG4097",0,0,6,0,0,1
"COG4098",2,1,2,2,2,1
"COG4099",44,43,50,87,33,48
"COG4100",48,56,92,29,142,217
"COG4104",4,4,15,76,3,2
"COG4105",2,6,16,3,8,0
"COG4106",1,2,5,1,0,1
"COG4107",1,1,11,1,5,0
"COG4108",310,168,267,189,283,304
"COG4109",0,0,0,0,0,0
"COG4110",111,0,0,0,1,7
"COG4112",0,0,0,0,0,0
"COG4114",1,1,8,0,2,0
"COG4115",17,68,40,164,64,55
"COG4116",1,1,2,0,3,1
"COG4117",1,0,8,2,0,0
"COG4120",86,41,113,36,289,194
"COG4121",51,63,92,45,32,40
"COG4122",186,171,138,130,74,106
"COG4123",173,152,184,139,163,165
"COG4124",30,106,65,146,52,166
"COG4125",0,1,0,0,0,0
"COG4126",2,1,1,1,0,6
"COG4127",1,1,1,0,1,12
"COG4128",1,0,8,1,0,0
"COG4129",9,15,19,8,7,49
"COG4130",0,0,0,0,0,0
"COG4132",6,0,0,1,1,3
"COG4133",1,2,2,1,4,1
"COG4134",0,0,2,4,1,1
"COG4135",0,1,11,1,1,0
"COG4136",0,0,3,1,0,0
"COG4137",1,4,12,2,4,0
"COG4138",0,2,0,0,3,0
"COG4139",0,0,3,2,1,0
"COG4143",8,1,4,2,4,0
"COG4145",25,25,24,8,39,38
"COG4146",240,419,110,326,135,74
"COG4147",2,4,6,5,6,0
"COG4148",4,9,17,1,5,0
"COG4149",38,22,28,8,83,43
"COG4150",1,0,2,2,0,1
"COG4152",26,9,56,7,15,76
"COG4154",11,20,12,18,11,15
"COG4158",18,7,15,4,20,48
"COG4160",4,1,5,4,1,0
"COG4161",0,0,6,3,2,0
"COG4166",90,86,253,71,719,254
"COG4167",1,2,9,1,1,0
"COG4168",2,2,6,3,3,1
"COG4170",0,1,0,1,2,1
"COG4171",2,4,2,1,0,0
"COG4172",22,14,25,4,12,12
"COG4174",3,0,9,4,0,1
"COG4175",88,165,127,178,69,21
"COG4176",69,113,103,137,59,18
"COG4177",45,70,73,48,225,187
"COG4178",12,43,42,17,13,3
"COG4181",2,1,4,1,3,3
"COG4185",81,74,37,43,31,37
"COG4186",18,16,13,72,12,16
"COG4187",2,4,2,0,8,2
"COG4188",2,2,0,5,2,0
"COG4189",9,39,22,6,7,11
"COG4191",10,21,39,25,42,35
"COG4192",0,0,0,0,0,0
"COG4193",15,19,13,0,4,14
"COG4194",0,0,3,0,0,0
"COG4197",0,0,0,0,0,0
"COG4198",211,206,181,172,125,151
"COG4199",2,0,1,41,0,0
"COG4200",13,6,10,4,48,26
"COG4206",1231,1045,1015,1249,637,588
"COG4208",11,19,39,2,17,19
"COG4209",139,101,159,38,43,78
"COG4211",35,30,41,20,155,175
"COG4213",13,9,40,14,39,99
"COG4214",10,6,19,7,31,53
"COG4215",1,1,10,1,2,0
"COG4219",104,93,90,45,131,449
"COG4220",0,0,3,0,1,0
"COG4221",142,134,85,123,56,63
"COG4222",62,0,6,8,4,0
"COG4224",14,16,30,3,40,27
"COG4225",550,1229,481,1012,497,391
"COG4226",3,4,5,10,41,25
"COG4227",902,36,149,535,223,128
"COG4228",0,0,0,0,0,2
"COG4229",2,0,0,0,0,0
"COG4230",2,3,7,0,4,0
"COG4231",90,204,214,226,157,195
"COG4232",284,154,156,205,96,112
"COG4233",0,2,8,0,7,0
"COG4235",1,14,15,0,3,0
"COG4237",5,3,12,6,10,3
"COG4238",0,0,4,0,0,0
"COG4239",0,4,3,2,0,0
"COG4241",2,13,3,7,14,1
"COG4242",0,0,3,0,0,0
"COG4243",0,0,1,0,0,0
"COG4245",271,1,6,0,1,53
"COG4248",1,1,14,2,0,0
"COG4249",67,32,29,12,12,12
"COG4251",0,0,0,0,0,0
"COG4252",0,6,1,0,0,16
"COG4253",1,3,0,2,0,0
"COG4256",0,2,0,0,0,0
"COG4258",0,0,11,0,2,0
"COG4260",29,30,68,19,141,193
"COG4261",26,129,25,94,37,10
"COG4262",0,0,0,1,2,0
"COG4263",0,0,0,0,0,0
"COG4264",4,2,0,1,0,0
"COG4267",32,9,35,1,117,15
"COG4268",8,32,20,23,26,38
"COG4269",1,4,8,2,6,0
"COG4271",0,0,1,2,2,16
"COG4275",0,0,0,0,0,0
"COG4277",96,148,226,137,218,176
"COG4279",114,0,8,0,1,0
"COG4282",0,0,0,0,0,0
"COG4283",11,16,36,7,45,19
"COG4284",17,15,23,0,11,125
"COG4286",6,2,4,2,84,54
"COG4287",0,0,0,0,0,0
"COG4288",0,0,1,0,0,0
"COG4289",130,443,107,258,250,237
"COG4290",0,0,0,0,0,0
"COG4292",3,13,1,92,11,3
"COG4294",3,1,3,0,0,5
"COG4295",103,38,26,8,6,21
"COG4296",9,6,9,4,110,4
"COG4299",213,467,250,368,114,106
"COG4300",0,0,0,0,0,0
"COG4302",2,3,11,5,12,17
"COG4303",3,2,10,11,18,25
"COG4310",0,0,0,0,0,1
"COG4314",0,1,4,0,2,1
"COG4316",1,1,0,0,0,1
"COG4319",0,0,2,0,0,0
"COG4320",0,0,4,0,0,2
"COG4325",0,2,5,2,0,0
"COG4330",0,0,1,1,2,0
"COG4332",1,10,0,50,5,0
"COG4333",1,10,11,25,62,24
"COG4335",0,15,5,66,5,6
"COG4336",1,5,12,1,9,25
"COG4354",50,24,150,130,83,98
"COG4357",0,0,0,0,3,1
"COG4359",0,0,0,1,1,0
"COG4372",3,22,1,3,0,0
"COG4373",0,0,0,1,0,0
"COG4377",4,9,54,5,13,28
"COG4379",0,0,1,0,0,3
"COG4380",1,0,0,0,0,0
"COG4381",0,0,0,0,0,1
"COG4382",0,0,1,0,0,4
"COG4383",28,13,9,6,3,20
"COG4384",0,0,0,0,0,2
"COG4385",3,0,16,7,84,5
"COG4386",0,0,1,0,2,1
"COG4387",0,0,0,0,0,0
"COG4388",0,0,0,2,3,7
"COG4389",0,0,0,0,0,0
"COG4390",0,0,0,0,0,0
"COG4392",0,0,0,1,1,0
"COG4393",0,1,4,1,6,1
"COG4394",3,6,2,1,2,0
"COG4395",0,4,2,1,3,3
"COG4396",0,0,0,0,2,5
"COG4397",0,0,0,3,3,1
"COG4399",9,0,0,2,1,5
"COG4401",0,8,0,0,1,0
"COG4403",8,13,13,2,5,1
"COG4405",1,1,0,1,1,1
"COG4408",0,0,0,2,0,0
"COG4409",218,190,187,222,121,57
"COG4412",484,5,11,3,6,80
"COG4413",34,53,35,89,20,14
"COG4420",0,0,2,0,1,13
"COG4421",0,20,0,72,6,27
"COG4422",238,304,189,354,205,158
"COG4430",4,21,22,90,3,12
"COG4443",11,4,14,10,26,28
"COG4445",0,0,0,0,0,0
"COG4448",0,21,2,15,1,15
"COG4452",1,4,4,71,10,9
"COG4453",0,0,1,1,0,0
"COG4456",1,0,0,0,0,1
"COG4457",1,2,3,2,2,4
"COG4458",4,1,1,4,3,1
"COG4460",0,0,0,0,0,0
"COG4463",3,11,9,4,9,25
"COG4464",110,167,130,44,143,149
"COG4465",26,38,65,23,33,63
"COG4466",1,1,0,2,0,7
"COG4467",0,0,0,0,0,0
"COG4468",84,79,86,42,161,234
"COG4469",0,0,1,0,0,0
"COG4470",0,0,0,0,0,0
"COG4471",0,0,0,0,0,0
"COG4472",1,7,4,8,50,62
"COG4473",0,1,1,0,0,0
"COG4474",13,37,67,230,45,81
"COG4475",4,7,21,5,73,62
"COG4476",1,0,0,0,0,0
"COG4477",0,0,2,2,1,10
"COG4478",0,2,4,0,0,0
"COG4479",0,0,1,0,1,0
"COG4481",10,14,17,9,11,26
"COG4483",0,0,0,0,0,0
"COG4485",92,100,366,53,147,379
"COG4487",0,0,3,0,4,3
"COG4492",31,22,64,13,81,65
"COG4495",3,1,1,1,3,1
"COG4496",23,26,58,12,67,71
"COG4499",1,2,0,0,4,1
"COG4502",1,1,0,0,0,3
"COG4506",40,34,59,18,96,87
"COG4508",0,0,0,0,0,0
"COG4509",74,61,130,60,122,422
"COG4512",0,9,14,2,4,15
"COG4521",9,2,34,3,6,25
"COG4525",0,1,5,0,2,0
"COG4529",1,4,14,7,1,1
"COG4531",2,2,2,2,2,0
"COG4533",3,1,14,2,8,0
"COG4535",5,6,15,2,2,1
"COG4536",155,169,27,90,28,42
"COG4537",0,1,0,0,0,0
"COG4540",0,0,1,2,4,3
"COG4541",0,0,0,0,0,0
"COG4542",0,19,0,1,0,0
"COG4545",0,0,0,0,0,0
"COG4547",0,0,0,0,0,0
"COG4548",13,15,22,35,38,46
"COG4550",0,0,0,0,0,0
"COG4552",40,57,151,119,136,110
"COG4555",2,4,1,1,1,2
"COG4558",1,0,0,0,2,0
"COG4559",0,0,0,0,1,0
"COG4564",0,1,1,0,1,76
"COG4565",10,4,22,6,7,16
"COG4566",2,25,42,3,18,12
"COG4568",0,0,1,1,0,0
"COG4569",0,2,15,2,5,0
"COG4570",2,1,3,7,20,18
"COG4571",0,1,0,1,1,0
"COG4572",1,0,0,0,0,0
"COG4573",3,5,20,8,94,9
"COG4574",0,0,2,2,1,0
"COG4575",1,3,8,1,1,1
"COG4576",14,1,8,1,2,0
"COG4577",46,8,35,17,68,30
"COG4578",0,18,1,7,1,0
"COG4579",1,1,18,1,3,1
"COG4580",13,4,12,7,4,1
"COG4581",0,0,18,0,0,3
"COG4582",1,6,6,2,6,0
"COG4584",1094,1129,1011,478,225,751
"COG4585",70,101,146,66,58,157
"COG4586",3,1,8,3,11,27
"COG4587",1,2,4,3,10,22
"COG4589",5,14,18,70,13,4
"COG4590",0,0,0,0,0,0
"COG4591",493,304,250,298,155,184
"COG4592",0,0,4,0,1,0
"COG4594",0,0,2,0,0,0
"COG4597",5,3,13,2,8,1
"COG4598",0,0,1,2,1,0
"COG4603",46,36,112,54,198,246
"COG4604",4,14,7,5,2,1
"COG4605",7,10,7,6,5,1
"COG4606",5,12,10,7,5,1
"COG4607",4,6,11,10,3,0
"COG4608",156,126,181,98,350,281
"COG4615",2,1,6,1,5,0
"COG4618",0,0,0,0,0,2
"COG4619",0,1,6,3,1,0
"COG4623",74,151,160,190,69,72
"COG4624",269,380,516,357,555,542
"COG4625",0,5,39,6,4,1
"COG4626",68,46,77,194,80,98
"COG4627",2,0,4,0,0,0
"COG4628",0,0,0,0,0,1
"COG4631",0,0,1,0,0,0
"COG4632",11,28,9,318,148,163
"COG4633",2,0,5,0,6,4
"COG4635",4,5,4,20,9,1
"COG4636",30,11,40,33,18,20
"COG4637",36,152,65,0,27,22
"COG4638",4,0,8,1,1,0
"COG4639",1,2,0,0,1,17
"COG4640",0,0,2,1,0,0
"COG4641",100,208,141,3,3,32
"COG4642",158,115,94,124,43,44
"COG4643",1,1,3,0,6,1
"COG4644",9,14,15,0,5,1
"COG4646",450,452,707,676,2049,1280
"COG4648",0,0,1,0,3,0
"COG4650",1,0,6,4,4,0
"COG4651",0,10,14,6,9,2
"COG4652",2,0,0,5,8,1
"COG4653",36,5,19,76,27,13
"COG4656",245,157,276,171,333,349
"COG4657",138,99,142,90,193,155
"COG4658",205,190,210,137,371,274
"COG4659",146,138,163,125,188,148
"COG4660",173,138,155,114,278,201
"COG4662",1,0,3,1,2,1
"COG4663",0,0,3,0,4,2
"COG4664",0,0,1,0,7,4
"COG4665",0,0,2,0,1,0
"COG4666",18,37,47,12,88,106
"COG4667",243,188,213,162,161,163
"COG4668",14,48,41,2,4,4
"COG4669",0,2,2,10,5,1
"COG4670",18,5,34,26,31,35
"COG4672",0,0,89,0,0,0
"COG4674",0,5,0,5,2,0
"COG4675",5,0,0,1,0,4
"COG4676",0,0,5,0,0,1
"COG4677",584,556,442,489,312,162
"COG4678",0,0,0,3,0,0
"COG4679",6,4,1,2,7,18
"COG4680",4,36,10,31,17,8
"COG4681",0,0,9,3,1,0
"COG4682",1,1,10,3,1,0
"COG4683",2,1,0,0,0,0
"COG4684",21,6,15,19,26,12
"COG4685",0,1,5,2,0,0
"COG4687",0,1,1,0,0,0
"COG4688",0,0,6,0,0,0
"COG4690",268,154,265,20,50,41
"COG4692",26,54,9,313,97,121
"COG4693",0,0,1,4,0,5
"COG4694",0,77,2,0,6,9
"COG4695",48,15,66,153,35,27
"COG4696",2,3,3,0,1,1
"COG4698",0,0,0,0,2,0
"COG4699",0,0,0,0,0,0
"COG4700",0,0,0,0,0,0
"COG4701",0,0,0,0,0,0
"COG4702",1,5,4,0,4,2
"COG4703",0,1,0,0,1,0
"COG4704",0,9,0,15,9,1
"COG4706",1,0,4,0,3,0
"COG4708",1,2,9,11,54,72
"COG4709",11,8,12,5,25,7
"COG4710",0,1,0,0,0,0
"COG4712",4,1,4,0,1,1
"COG4713",4,22,71,14,10,15
"COG4715",0,1,0,18,0,0
"COG4716",66,47,107,24,284,287
"COG4717",17,23,28,19,52,66
"COG4718",1,0,58,0,5,0
"COG4720",30,12,47,12,65,52
"COG4721",5,0,12,1,0,2
"COG4722",0,0,8,0,4,0
"COG4723",0,0,67,1,5,0
"COG4724",65,20,15,14,1,76
"COG4725",8,12,32,18,56,81
"COG4728",48,20,36,6,9,3
"COG4729",1,0,2,0,0,0
"COG4731",0,0,0,0,0,0
"COG4732",15,9,29,9,101,15
"COG4733",5,1,251,1,10,1
"COG4734",3,12,8,24,52,52
"COG4735",15,4,23,1,3,17
"COG4737",1,0,0,0,0,0
"COG4739",39,95,75,78,45,42
"COG4744",37,44,25,8,1,3
"COG4747",9,21,13,81,61,57
"COG4748",0,1,37,2,20,18
"COG4750",57,78,125,74,141,129
"COG4752",5,3,4,2,8,0
"COG4753",1497,1742,1595,3133,1578,1726
"COG4757",0,0,0,0,0,0
"COG4758",0,1,0,0,0,0
"COG4760",0,8,0,4,0,5
"COG4763",2,1,1,0,1,1
"COG4766",4,0,5,2,5,1
"COG4767",38,54,71,26,41,109
"COG4768",0,0,0,0,0,0
"COG4769",23,34,57,22,70,98
"COG4770",13,0,9,0,0,1
"COG4771",740,1011,775,1288,486,268
"COG4772",10,7,24,43,11,0
"COG4773",1,1,7,0,3,0
"COG4774",2,3,9,3,5,1
"COG4775",516,346,253,339,141,172
"COG4776",1,3,5,0,1,0
"COG4778",0,3,9,3,9,1
"COG4779",0,0,9,0,1,0
"COG4781",0,0,1,0,0,0
"COG4783",3,46,26,17,27,2
"COG4784",15,12,29,17,7,25
"COG4785",2,4,3,0,1,0
"COG4786",58,32,66,14,24,50
"COG4787",0,1,3,1,6,0
"COG4789",1,0,1,6,5,5
"COG4790",1,3,4,8,4,2
"COG4791",0,1,3,6,4,1
"COG4792",0,1,0,1,0,3
"COG4794",0,0,0,1,0,0
"COG4795",2,1,14,0,0,0
"COG4796",2,24,20,12,21,4
"COG4797",0,0,0,0,0,0
"COG4799",319,512,439,501,414,378
"COG4803",0,0,0,0,0,0
"COG4804",1242,518,442,459,363,331
"COG4805",64,73,105,28,50,96
"COG4806",200,192,151,169,155,95
"COG4807",3,1,2,1,1,0
"COG4808",1,1,4,0,1,0
"COG4809",0,0,0,0,1,0
"COG4810",22,12,8,19,22,14
"COG4811",1,1,2,1,1,0
"COG4812",1,0,6,1,11,14
"COG4813",0,1,3,1,0,3
"COG4814",1,0,0,0,0,0
"COG4816",12,7,19,8,13,24
"COG4819",5,4,14,7,10,22
"COG4820",10,8,13,9,17,2
"COG4821",1,1,9,17,9,6
"COG4822",200,251,275,162,249,143
"COG4823",176,176,128,98,153,104
"COG4824",5,15,17,9,18,23
"COG4825",1,0,0,2,0,0
"COG4826",166,14,21,5,33,45
"COG4828",12,92,15,97,19,0
"COG4829",0,0,0,0,0,0
"COG4832",14,15,10,6,47,45
"COG4833",38,203,202,725,160,214
"COG4834",2,0,3,2,0,5
"COG4835",0,0,0,0,0,0
"COG4839",0,0,0,0,0,1
"COG4842",1,0,0,0,2,0
"COG4843",0,0,0,0,0,6
"COG4845",11,28,18,270,152,99
"COG4849",0,0,0,0,0,9
"COG4850",0,0,2,0,0,1
"COG4851",1,0,1,1,0,2
"COG4853",0,0,0,0,0,0
"COG4856",40,62,130,23,170,184
"COG4857",5,1,4,11,16,7
"COG4858",0,0,0,0,0,0
"COG4859",3,8,19,1,20,9
"COG4861",0,0,0,0,0,0
"COG4862",34,26,48,2,6,8
"COG4864",117,196,162,140,103,60
"COG4865",13,0,4,1,2,2
"COG4866",125,228,172,175,162,167
"COG4868",150,37,125,32,157,205
"COG4869",34,6,27,23,50,52
"COG4870",41,47,119,6,41,60
"COG4871",0,0,0,0,0,0
"COG4874",14,49,7,26,14,5
"COG4877",6,0,12,1,18,9
"COG4878",24,5,10,1,190,11
"COG4880",19,4,23,14,58,63
"COG4884",8,0,6,3,0,2
"COG4886",212,149,230,259,149,328
"COG4887",46,73,12,36,23,39
"COG4889",40,48,6,44,19,7
"COG4890",1,0,1,0,0,0
"COG4892",0,0,0,0,0,0
"COG4894",11,9,10,8,25,56
"COG4895",0,0,0,0,0,0
"COG4898",1,3,2,4,4,0
"COG4903",0,0,0,0,0,2
"COG4905",68,68,194,43,291,357
"COG4907",19,0,1,3,1,12
"COG4908",0,0,0,4,1,0
"COG4909",33,6,9,26,14,2
"COG4910",0,0,0,2,8,0
"COG4912",149,178,135,174,111,115
"COG4913",66,142,112,9,410,106
"COG4916",0,4,0,0,1,0
"COG4917",18,5,16,9,28,11
"COG4922",2,1,2,4,2,1
"COG4924",24,24,11,0,13,15
"COG4925",10,17,21,12,22,8
"COG4926",5,1,2,0,22,25
"COG4927",0,1,0,10,9,20
"COG4928",12,30,18,22,20,6
"COG4929",5,4,6,30,3,2
"COG4930",313,92,12,95,47,48
"COG4932",237,90,253,205,247,585
"COG4933",104,27,1,4,2,13
"COG4936",16,10,23,11,45,44
"COG4937",120,67,34,39,22,39
"COG4938",39,21,61,14,8,1
"COG4939",0,0,1,6,1,0
"COG4940",4,4,15,7,22,14
"COG4942",37,79,122,26,10,2
"COG4943",5,3,18,8,11,0
"COG4946",696,801,470,747,271,255
"COG4947",2,14,32,2,118,50
"COG4948",276,201,299,230,722,183
"COG4950",0,0,5,0,1,0
"COG4951",36,34,48,91,42,102
"COG4952",0,0,0,0,1,12
"COG4953",14,37,98,96,33,12
"COG4955",0,0,1,0,0,0
"COG4956",15,13,25,6,13,7
"COG4957",0,1,0,0,1,0
"COG4959",2,5,0,0,1,0
"COG4962",95,95,137,34,89,315
"COG4963",0,2,2,0,0,11
"COG4964",0,10,0,6,0,1
"COG4965",28,25,44,11,23,28
"COG4967",2,0,2,1,0,0
"COG4969",0,1,11,1,5,0
"COG4972",9,12,66,4,12,98
"COG4973",189,193,217,128,47,90
"COG4974",1090,1184,1164,195,125,123
"COG4975",0,0,1,0,0,0
"COG4977",171,361,268,504,185,120
"COG4978",51,59,65,71,46,17
"COG4981",0,0,15,0,0,5
"COG4982",0,0,14,0,0,10
"COG4983",0,2,3,8,5,10
"COG4984",4,15,10,63,10,6
"COG4985",9,3,21,0,6,48
"COG4986",0,0,0,0,0,0
"COG4987",1,37,10,12,4,0
"COG4988",37,39,77,35,174,72
"COG4989",4,11,29,11,35,7
"COG4990",5,8,50,11,59,58
"COG4992",276,443,324,213,428,278
"COG4993",1,1,3,3,1,0
"COG4995",10,24,5,95,17,61
"COG4997",0,0,1,0,2,7
"COG4999",612,1120,844,2,862,1183
"COG5000",312,511,325,631,190,151
"COG5001",275,238,488,204,528,478
"COG5002",1631,4100,1512,3688,1171,945
"COG5004",0,0,2,0,0,0
"COG5005",0,0,0,2,0,1
"COG5006",0,3,8,2,4,3
"COG5007",0,0,6,0,1,1
"COG5009",590,326,298,297,195,264
"COG5011",32,33,40,19,97,94
"COG5012",23,85,26,131,68,67
"COG5013",9,9,38,7,24,0
"COG5015",7,32,23,55,37,60
"COG5016",407,666,432,539,454,348
"COG5017",8,28,2,0,10,19
"COG5018",18,26,67,9,137,66
"COG5026",4,53,22,104,25,4
"COG5029",0,1,0,17,0,2
"COG5039",2,15,2,53,1,11
"COG5042",0,0,0,0,0,0
"COG5048",30,1,37,0,13,1
"COG5108",0,0,1,0,0,0
"COG5146",143,88,83,34,41,12
"COG5184",7,37,50,0,159,183
"COG5206",0,3,2,0,3,1
"COG5255",0,0,0,0,0,0
"COG5263",57,41,113,164,94,133
"COG5265",0,0,28,2,1,1
"COG5266",2,3,0,0,5,2
"COG5268",0,0,0,0,0,0
"COG5271",0,0,0,0,2,0
"COG5272",0,0,9,0,0,0
"COG5276",1,0,1,10,1,1
"COG5279",10,8,22,14,89,218
"COG5280",5,18,14,0,37,9
"COG5281",4,2,236,1,14,5
"COG5282",0,0,7,0,0,0
"COG5283",78,57,85,126,504,212
"COG5285",0,0,0,0,0,0
"COG5293",0,1,8,167,0,11
"COG5294",0,0,0,0,1,0
"COG5295",36,15,42,15,46,7
"COG5298",0,0,9,6,2,2
"COG5301",3,17,8,5,11,0
"COG5302",0,0,0,0,0,0
"COG5305",9,0,0,0,0,108
"COG5309",0,0,2,0,0,5
"COG5314",0,0,4,0,0,1
"COG5319",0,0,0,0,0,0
"COG5322",6,0,8,2,12,0
"COG5324",0,0,5,0,0,9
"COG5337",9,13,19,2,199,24
"COG5339",1,6,9,6,6,0
"COG5340",0,11,2,0,1,21
"COG5341",8,0,7,2,20,21
"COG5345",1,0,3,0,0,0
"COG5353",0,0,0,0,0,0
"COG5360",14,3,10,0,2,0
"COG5361",7,1,6,0,111,26
"COG5362",0,1,2,0,98,7
"COG5368",46,203,280,127,107,112
"COG5373",11,19,18,195,8,4
"COG5377",28,11,35,18,170,118
"COG5383",0,5,7,4,0,1
"COG5393",2,1,0,2,0,0
"COG5398",0,0,1,0,0,0
"COG5401",1,0,0,0,0,7
"COG5404",4,2,5,3,3,0
"COG5405",6,31,5,4,0,2
"COG5410",25,64,145,1,123,62
"COG5412",1,1,3,0,34,82
"COG5413",1,1,0,0,0,0
"COG5418",2,1,0,0,0,0
"COG5421",8,84,77,6,117,15
"COG5423",0,2,12,5,8,1
"COG5424",0,0,0,0,0,0
"COG5426",1,0,7,1,7,1
"COG5427",9,10,30,6,25,14
"COG5433",356,283,74,889,109,67
"COG5434",1520,1484,619,1264,741,689
"COG5437",5,1,0,0,0,0
"COG5438",26,35,88,34,63,77
"COG5441",4,3,2,1,7,27
"COG5444",9,17,4,3,2,29
"COG5445",0,1,13,0,3,0
"COG5449",0,0,1,0,1,0
"COG5455",0,0,1,0,2,0
"COG5457",0,0,1,0,0,0
"COG5459",0,0,0,0,0,6
"COG5463",0,0,6,0,2,0
"COG5464",67,22,32,10,10,7
"COG5470",0,0,0,3,0,0
"COG5471",0,0,1,0,0,0
"COG5474",0,0,0,0,0,0
"COG5475",0,0,2,0,0,0
"COG5476",6,0,14,14,12,3
"COG5482",1,1,0,0,10,1
"COG5483",0,0,6,0,0,9
"COG5484",1,7,20,4,2,0
"COG5485",1,2,3,1,0,3
"COG5492",70,159,450,142,180,258
"COG5493",0,0,0,1,2,0
"COG5495",27,30,43,10,43,33
"COG5496",44,44,48,56,82,55
"COG5498",259,104,148,94,49,67
"COG5499",2,3,4,0,1,1
"COG5503",0,0,0,0,0,0
"COG5504",3,4,6,5,2,0
"COG5505",8,9,46,14,25,37
"COG5506",0,1,0,0,0,0
"COG5507",0,0,5,1,2,0
"COG5510",0,0,4,2,2,0
"COG5511",13,0,26,5,145,17
"COG5512",4,40,10,7,10,0
"COG5514",0,3,4,0,0,0
"COG5517",0,0,5,0,2,0
"COG5518",0,2,14,0,111,1
"COG5519",4,4,14,2,167,18
"COG5520",69,476,171,566,159,207
"COG5521",0,0,0,0,0,0
"COG5522",7,5,11,0,8,2
"COG5523",56,54,35,50,153,120
"COG5525",8,6,44,12,182,23
"COG5527",22,5,151,9,70,123
"COG5529",1,1,5,0,8,0
"COG5532",1,1,0,0,0,0
"COG5542",2,8,23,0,34,93
"COG5544",2,0,2,1,0,0
"COG5545",1043,462,584,952,787,532
"COG5546",0,0,0,0,2,4
"COG5549",0,0,0,0,0,0
"COG5551",16,1,15,2,0,0
"COG5553",0,0,0,0,0,0
"COG5557",2,5,9,3,3,6
"COG5561",11,10,19,26,9,4
"COG5562",0,0,3,2,3,0
"COG5564",0,0,1,1,9,23
"COG5565",0,0,0,0,0,0
"COG5566",0,0,0,0,0,0
"COG5567",1,0,4,1,0,0
"COG5569",1,1,5,2,0,0
"COG5571",1,1,1,0,1,0
"COG5577",14,10,19,8,15,11
"COG5578",0,0,0,0,0,0
"COG5579",32,3,2,40,12,13
"COG5581",1,2,1,3,1,0
"COG5585",11,6,10,17,27,20
"COG5586",1,0,0,2,0,2
"COG5587",66,154,104,139,77,79
"COG5595",0,0,0,0,0,0
"COG5598",5,1,2,3,3,7
"COG5606",0,0,0,0,3,0
"COG5610",56,246,91,8,6,29
"COG5614",14,0,2,0,3,0
"COG5617",11,12,50,0,0,27
"COG5618",1,0,1,0,2,2
"COG5619",0,1,2,0,5,1
"COG5620",13,46,26,17,49,28
"COG5632",28,24,55,23,63,91
"COG5633",1,4,1,0,0,0
"COG5635",0,74,17,20,13,4
"COG5640",0,0,0,0,1,0
"COG5642",1,0,0,0,0,0
"COG5645",3,3,2,2,4,0
"COG5646",0,0,0,1,3,0
"COG5651",2,0,1,0,0,0
"COG5652",19,16,32,5,36,90
"COG5654",1,0,0,0,0,0
"COG5655",2,6,38,9,6,0
"COG5658",4,13,30,10,18,47
"COG5659",0,0,0,0,0,0
"COG5663",1,11,18,3,14,15
