"","NOF007","DOM013","DOM018","NOF009","NLM010","DLF014"
"COG0001",1,2,4,0,2,0
"COG0002",7,6,4,3,0,8
"COG0003",3,0,0,0,1,5
"COG0004",4,1,12,4,7,5
"COG0005",1,1,4,3,2,5
"COG0006",13,6,15,16,4,7
"COG0007",0,1,2,2,4,4
"COG0008",13,16,18,8,11,9
"COG0009",7,5,2,7,10,4
"COG0010",1,0,3,5,4,1
"COG0011",0,0,0,0,0,1
"COG0012",4,5,3,2,3,8
"COG0013",10,8,16,11,12,17
"COG0014",3,3,9,4,5,4
"COG0015",5,4,8,3,4,7
"COG0016",3,5,1,4,7,4
"COG0017",5,4,4,4,3,3
"COG0018",10,14,11,9,9,7
"COG0019",8,10,10,10,7,12
"COG0020",8,4,4,2,5,2
"COG0021",0,4,2,4,9,5
"COG0022",1,0,0,3,3,0
"COG0023",1,1,1,0,1,0
"COG0024",9,7,12,7,3,3
"COG0025",0,1,1,1,1,7
"COG0026",0,0,1,0,1,1
"COG0027",4,0,2,4,4,0
"COG0028",12,11,8,9,12,13
"COG0029",9,5,3,6,4,3
"COG0030",11,7,3,2,3,8
"COG0031",3,5,7,2,4,11
"COG0033",0,1,0,0,0,2
"COG0034",11,7,15,8,9,3
"COG0035",5,3,2,5,5,3
"COG0036",5,3,3,2,4,5
"COG0037",13,9,10,9,13,5
"COG0038",4,6,9,8,3,19
"COG0039",6,5,4,4,7,10
"COG0040",0,2,3,4,2,5
"COG0041",2,2,6,1,3,2
"COG0042",11,6,12,4,12,3
"COG0043",1,1,0,0,1,1
"COG0044",7,3,8,6,4,12
"COG0045",0,0,0,2,0,3
"COG0046",13,11,13,13,12,13
"COG0047",6,15,19,9,6,14
"COG0048",2,1,3,1,2,0
"COG0049",8,1,4,3,1,0
"COG0050",6,6,13,10,8,6
"COG0051",2,0,2,3,1,4
"COG0052",2,6,6,5,3,1
"COG0053",1,3,3,6,10,3
"COG0054",3,4,3,2,1,1
"COG0055",7,4,12,6,9,5
"COG0056",6,5,10,7,8,11
"COG0057",5,8,3,9,3,6
"COG0058",15,12,17,10,14,14
"COG0059",6,3,8,5,6,9
"COG0060",15,12,17,14,6,7
"COG0061",7,4,3,5,5,6
"COG0062",2,4,3,1,6,5
"COG0063",4,3,2,6,6,8
"COG0064",0,5,3,0,2,6
"COG0065",4,3,7,8,9,4
"COG0066",2,0,6,3,2,6
"COG0067",10,8,14,10,14,19
"COG0068",0,1,3,1,3,2
"COG0069",7,14,12,9,12,15
"COG0070",5,9,14,10,11,12
"COG0071",3,2,8,3,2,1
"COG0072",3,10,6,4,9,9
"COG0073",16,12,9,18,19,11
"COG0074",1,1,0,3,1,2
"COG0075",6,4,3,0,1,0
"COG0076",3,0,3,3,2,0
"COG0077",2,5,4,3,4,4
"COG0078",6,1,7,6,3,7
"COG0079",12,16,15,13,11,13
"COG0080",2,3,3,0,2,1
"COG0081",5,5,4,3,2,4
"COG0082",4,0,4,2,3,5
"COG0083",1,0,0,1,0,4
"COG0084",6,11,5,8,12,7
"COG0085",23,19,21,19,19,20
"COG0086",16,18,13,11,11,23
"COG0087",2,4,3,3,4,4
"COG0088",5,4,1,2,3,4
"COG0089",2,4,4,2,1,4
"COG0090",4,0,3,4,2,5
"COG0091",2,2,2,3,3,0
"COG0092",4,7,2,4,2,3
"COG0093",1,8,2,2,2,4
"COG0094",2,5,2,3,2,3
"COG0095",0,1,0,3,0,0
"COG0096",4,4,3,3,4,3
"COG0097",1,2,3,0,1,3
"COG0098",1,3,2,3,2,3
"COG0099",2,1,2,2,1,1
"COG0100",2,2,2,2,3,4
"COG0101",6,3,8,5,4,5
"COG0102",5,4,3,3,0,5
"COG0103",2,0,1,1,2,3
"COG0104",5,7,7,4,9,4
"COG0105",1,2,1,0,0,0
"COG0106",1,3,2,1,7,3
"COG0107",3,3,2,2,4,9
"COG0108",2,3,10,5,10,1
"COG0109",0,0,0,0,0,0
"COG0110",24,10,8,31,16,5
"COG0111",6,10,8,8,7,19
"COG0112",9,5,2,7,6,0
"COG0113",1,0,1,0,0,0
"COG0114",0,0,0,2,1,4
"COG0115",2,10,9,5,5,8
"COG0116",3,4,5,6,6,3
"COG0117",7,5,2,0,3,2
"COG0118",0,2,2,2,3,3
"COG0119",13,5,13,13,11,12
"COG0120",0,1,0,4,0,5
"COG0121",0,0,0,0,0,0
"COG0122",0,0,1,0,1,2
"COG0123",0,0,0,0,0,0
"COG0124",8,11,3,8,7,6
"COG0125",0,3,2,0,1,4
"COG0126",7,9,4,6,7,8
"COG0127",3,1,3,6,4,2
"COG0128",6,5,5,5,8,4
"COG0129",5,7,13,4,8,14
"COG0130",2,4,7,3,4,4
"COG0131",2,0,5,3,3,2
"COG0132",1,3,3,5,2,0
"COG0133",3,0,4,3,3,7
"COG0134",4,2,2,4,4,3
"COG0135",0,0,0,0,3,0
"COG0136",3,7,7,3,1,7
"COG0137",7,6,4,5,11,3
"COG0138",7,6,10,11,8,6
"COG0139",6,2,8,2,1,4
"COG0140",6,3,4,4,3,0
"COG0141",4,5,6,7,3,4
"COG0142",5,6,6,10,4,4
"COG0143",8,11,9,12,16,12
"COG0144",8,4,7,6,7,9
"COG0145",2,0,0,1,0,0
"COG0146",0,0,0,0,1,0
"COG0147",5,6,9,7,7,4
"COG0148",5,5,6,5,10,6
"COG0149",6,1,3,4,2,5
"COG0150",3,3,2,5,5,4
"COG0151",3,5,6,4,3,5
"COG0152",8,4,3,4,5,2
"COG0153",1,7,6,5,6,3
"COG0154",4,6,3,1,2,5
"COG0155",1,0,0,0,0,1
"COG0156",8,7,16,7,7,2
"COG0157",2,2,2,8,3,6
"COG0158",0,1,0,0,1,0
"COG0159",0,3,6,3,4,4
"COG0160",0,2,3,0,0,2
"COG0161",1,2,4,4,5,2
"COG0162",5,6,12,3,9,6
"COG0163",1,1,0,0,0,2
"COG0164",3,4,2,1,2,5
"COG0165",5,4,6,2,6,6
"COG0166",6,10,4,7,9,6
"COG0167",3,5,5,6,4,5
"COG0168",22,10,9,14,14,8
"COG0169",4,4,2,3,3,9
"COG0170",0,0,0,0,0,0
"COG0171",6,7,5,3,6,7
"COG0172",9,5,7,4,4,3
"COG0173",8,9,9,6,9,6
"COG0174",4,3,3,3,3,8
"COG0175",6,4,4,3,6,2
"COG0176",2,3,2,2,5,3
"COG0177",1,2,0,1,3,3
"COG0178",10,15,19,20,14,21
"COG0179",3,2,2,3,2,3
"COG0180",4,10,5,4,5,6
"COG0181",3,2,1,1,0,2
"COG0182",1,1,0,3,1,1
"COG0183",2,0,2,1,6,2
"COG0184",0,2,2,3,0,2
"COG0185",0,1,1,0,1,1
"COG0186",1,0,2,2,0,1
"COG0187",14,21,19,21,21,18
"COG0188",17,18,20,14,15,19
"COG0189",1,0,0,0,0,1
"COG0190",5,7,7,2,3,6
"COG0191",7,7,4,8,6,9
"COG0192",4,7,6,9,7,3
"COG0193",6,2,3,3,3,4
"COG0194",1,5,1,1,3,0
"COG0195",3,4,5,6,5,10
"COG0196",0,1,5,2,0,5
"COG0197",1,2,3,3,2,3
"COG0198",3,1,1,4,0,2
"COG0199",2,1,0,1,0,0
"COG0200",3,5,4,2,2,4
"COG0201",4,22,5,7,6,11
"COG0202",8,4,3,4,7,4
"COG0203",2,3,2,1,1,3
"COG0204",9,8,6,13,12,5
"COG0205",16,16,20,12,11,7
"COG0206",4,7,3,4,5,6
"COG0207",5,5,2,3,2,8
"COG0208",2,1,1,5,2,2
"COG0209",4,7,6,11,7,8
"COG0210",26,25,23,13,10,18
"COG0211",2,3,1,0,2,1
"COG0212",5,0,3,3,2,5
"COG0213",0,3,2,0,0,4
"COG0214",0,1,2,1,2,1
"COG0215",6,6,5,4,6,7
"COG0216",3,8,6,2,3,8
"COG0217",1,4,5,1,1,2
"COG0218",3,4,1,1,0,1
"COG0219",2,2,0,0,0,1
"COG0220",2,6,5,2,7,8
"COG0221",0,1,1,1,0,0
"COG0222",3,2,2,0,0,1
"COG0223",4,2,4,2,2,7
"COG0224",8,5,4,4,6,7
"COG0225",0,2,1,1,1,3
"COG0226",6,2,3,6,6,5
"COG0227",0,2,3,1,0,0
"COG0228",5,0,0,1,0,1
"COG0229",1,1,0,0,0,1
"COG0230",1,0,1,0,1,0
"COG0231",4,6,1,3,1,4
"COG0232",2,4,5,5,1,2
"COG0233",3,4,1,4,2,5
"COG0234",3,1,2,1,1,2
"COG0235",6,5,7,6,2,3
"COG0236",2,3,1,3,6,2
"COG0237",3,2,3,5,2,1
"COG0238",2,1,2,0,0,0
"COG0239",4,1,0,1,0,0
"COG0240",3,3,5,4,6,5
"COG0241",3,5,6,1,3,4
"COG0242",2,3,4,2,7,5
"COG0243",3,4,5,4,6,11
"COG0244",3,5,0,2,2,3
"COG0245",0,3,1,3,5,2
"COG0246",2,6,7,2,9,8
"COG0247",3,5,5,10,4,0
"COG0248",1,3,3,6,2,16
"COG0249",15,12,21,23,11,8
"COG0250",4,8,2,2,4,2
"COG0251",3,6,6,7,4,1
"COG0252",9,11,5,5,3,2
"COG0253",6,5,3,6,5,1
"COG0254",2,2,2,1,1,1
"COG0255",1,2,1,1,3,2
"COG0256",0,3,2,3,3,5
"COG0257",0,0,0,0,0,0
"COG0258",11,13,19,11,15,13
"COG0259",1,1,0,2,0,0
"COG0260",0,0,3,1,2,2
"COG0261",1,3,3,1,2,2
"COG0262",6,4,2,3,1,7
"COG0263",3,4,5,5,5,6
"COG0264",2,6,4,3,5,2
"COG0265",13,9,18,3,7,6
"COG0266",0,0,0,0,1,1
"COG0267",1,1,0,0,0,0
"COG0268",1,0,0,0,0,2
"COG0269",0,0,0,0,0,1
"COG0270",8,14,12,1,9,11
"COG0271",0,0,0,0,0,0
"COG0272",7,24,9,6,8,8
"COG0274",5,0,4,3,5,4
"COG0275",3,11,8,7,6,10
"COG0276",0,0,0,1,0,1
"COG0277",3,5,4,2,2,16
"COG0278",0,0,0,0,0,0
"COG0279",0,0,0,0,0,1
"COG0280",11,14,5,11,5,12
"COG0281",6,5,7,13,7,7
"COG0282",2,7,6,3,2,7
"COG0283",2,1,1,1,1,7
"COG0284",4,2,10,5,5,5
"COG0285",6,2,1,10,6,4
"COG0286",14,15,21,12,9,10
"COG0287",3,4,2,2,6,7
"COG0288",3,2,2,0,1,3
"COG0289",2,2,5,5,3,3
"COG0290",3,6,5,2,1,2
"COG0291",1,3,1,2,0,1
"COG0292",3,1,4,3,4,6
"COG0293",0,0,0,0,0,0
"COG0294",4,1,2,1,3,5
"COG0295",1,7,3,2,1,3
"COG0296",6,6,8,9,16,13
"COG0297",1,11,8,5,7,4
"COG0298",0,0,0,1,0,0
"COG0299",3,1,2,6,1,2
"COG0300",1,5,3,1,4,5
"COG0301",1,2,3,0,2,1
"COG0302",3,1,0,6,3,3
"COG0303",2,4,2,1,3,3
"COG0304",9,11,5,10,12,17
"COG0305",13,11,5,14,8,12
"COG0306",1,2,2,3,1,3
"COG0307",1,1,3,1,2,0
"COG0308",0,2,2,1,1,7
"COG0309",5,0,1,1,5,3
"COG0310",0,0,0,0,0,0
"COG0311",0,1,2,0,0,3
"COG0312",7,2,5,5,3,0
"COG0313",3,11,9,4,5,3
"COG0314",0,0,0,0,0,0
"COG0315",1,5,1,2,0,4
"COG0316",0,0,0,0,0,0
"COG0317",11,10,9,4,14,14
"COG0318",9,3,10,5,16,2
"COG0319",3,6,5,2,0,1
"COG0320",3,1,2,7,3,1
"COG0321",2,0,3,1,1,0
"COG0322",8,15,13,4,9,4
"COG0323",5,13,8,7,7,6
"COG0324",6,5,7,8,4,5
"COG0325",2,2,5,4,4,7
"COG0326",7,14,7,6,12,5
"COG0327",1,3,4,7,2,3
"COG0328",0,4,1,2,1,3
"COG0329",4,11,5,8,8,12
"COG0330",2,1,3,3,6,7
"COG0331",4,4,6,4,5,12
"COG0332",8,3,8,3,6,3
"COG0333",0,1,1,1,1,0
"COG0334",6,5,11,11,13,9
"COG0335",3,3,1,4,0,1
"COG0336",3,4,6,0,3,4
"COG0337",6,1,4,3,2,6
"COG0338",5,9,2,1,3,2
"COG0339",7,9,12,14,8,0
"COG0340",3,2,3,3,3,5
"COG0341",3,2,2,0,3,1
"COG0342",9,2,3,7,9,6
"COG0343",3,4,7,6,6,6
"COG0344",3,2,0,1,1,2
"COG0345",5,1,5,8,4,4
"COG0346",4,6,6,7,4,2
"COG0347",4,4,5,1,8,5
"COG0348",7,1,4,3,2,6
"COG0349",0,0,0,0,0,1
"COG0350",2,7,1,4,3,0
"COG0351",6,4,3,2,3,1
"COG0352",5,3,3,4,3,4
"COG0353",2,6,1,2,3,2
"COG0354",0,0,0,0,0,0
"COG0355",1,1,4,1,1,3
"COG0356",9,2,5,4,8,11
"COG0357",3,7,1,3,2,5
"COG0358",11,14,10,13,10,10
"COG0359",2,2,1,3,4,7
"COG0360",2,2,2,2,2,2
"COG0361",0,4,1,1,1,6
"COG0362",1,1,3,1,5,6
"COG0363",9,9,13,9,9,11
"COG0364",1,5,6,7,3,4
"COG0365",4,3,8,4,3,0
"COG0366",33,18,29,15,14,43
"COG0367",4,3,3,6,3,3
"COG0368",0,2,3,3,3,2
"COG0369",0,0,0,0,0,0
"COG0370",12,18,14,3,11,11
"COG0371",3,3,3,2,1,1
"COG0372",4,7,7,4,5,2
"COG0373",1,0,3,1,0,1
"COG0374",0,1,1,0,0,0
"COG0375",1,0,0,0,1,0
"COG0376",0,0,0,0,0,0
"COG0377",2,2,1,0,0,0
"COG0378",1,4,2,0,1,0
"COG0379",2,5,6,4,1,4
"COG0380",1,0,2,3,2,0
"COG0381",7,4,4,6,5,2
"COG0382",0,0,0,0,1,0
"COG0383",5,6,4,6,4,2
"COG0384",0,0,1,1,0,0
"COG0385",0,2,1,1,2,6
"COG0386",1,1,2,1,1,1
"COG0387",0,0,0,0,0,0
"COG0388",14,13,11,11,9,15
"COG0389",7,8,4,2,8,10
"COG0390",0,1,1,0,0,2
"COG0391",0,2,0,0,0,1
"COG0392",0,4,0,1,2,8
"COG0393",2,3,3,3,1,2
"COG0394",3,4,2,7,8,5
"COG0395",21,7,20,7,17,42
"COG0396",5,7,6,3,5,2
"COG0397",0,0,0,0,0,0
"COG0398",1,2,0,0,0,7
"COG0399",4,10,6,7,11,1
"COG0400",0,0,0,0,0,0
"COG0401",0,0,0,0,0,0
"COG0402",4,0,2,4,2,9
"COG0403",6,6,6,7,4,0
"COG0404",6,5,0,0,3,0
"COG0405",1,1,0,2,1,0
"COG0406",2,4,9,2,5,17
"COG0407",0,0,1,3,0,1
"COG0408",0,0,0,0,0,0
"COG0409",0,1,0,0,0,0
"COG0410",0,2,1,1,3,6
"COG0411",2,0,3,1,2,4
"COG0412",0,0,0,0,0,0
"COG0413",0,0,2,3,1,1
"COG0414",3,2,5,3,0,2
"COG0415",0,0,0,0,0,0
"COG0416",2,3,0,2,2,1
"COG0417",0,0,0,0,1,0
"COG0418",0,0,0,0,0,0
"COG0419",6,9,9,5,8,5
"COG0420",9,3,5,6,8,4
"COG0421",3,2,2,0,5,1
"COG0422",4,4,4,3,4,6
"COG0423",5,8,10,6,7,5
"COG0424",1,3,4,1,4,5
"COG0425",3,4,5,3,4,2
"COG0426",5,9,4,8,5,5
"COG0427",5,6,5,5,6,7
"COG0428",3,2,0,1,0,2
"COG0429",0,0,0,1,0,0
"COG0430",0,0,0,0,0,0
"COG0431",0,0,0,0,0,1
"COG0432",1,2,5,1,0,1
"COG0433",3,5,8,4,8,0
"COG0434",0,0,0,1,0,0
"COG0435",0,0,0,0,0,0
"COG0436",27,20,29,32,17,36
"COG0437",2,2,1,0,0,0
"COG0438",70,46,52,72,50,47
"COG0439",6,5,6,11,8,7
"COG0440",3,4,2,3,1,9
"COG0441",15,15,11,9,13,11
"COG0442",4,5,5,5,7,4
"COG0443",4,14,12,6,9,8
"COG0444",2,3,7,1,11,7
"COG0445",12,13,12,13,10,11
"COG0446",5,11,11,12,9,17
"COG0447",0,2,2,5,1,0
"COG0448",5,14,10,1,7,16
"COG0449",11,4,7,7,9,10
"COG0450",1,2,3,2,5,2
"COG0451",32,18,21,34,21,20
"COG0452",6,8,7,3,3,0
"COG0454",11,16,15,16,14,9
"COG0455",2,0,0,0,0,0
"COG0456",1,3,0,0,0,4
"COG0457",33,22,31,41,34,14
"COG0458",11,16,20,10,6,9
"COG0459",12,12,8,8,6,5
"COG0460",4,8,8,11,10,8
"COG0461",4,3,1,0,4,4
"COG0462",5,3,7,5,2,9
"COG0463",84,67,60,74,66,59
"COG0464",1,5,1,2,3,3
"COG0465",12,21,6,11,7,19
"COG0466",6,11,8,9,5,7
"COG0468",8,26,7,10,10,5
"COG0469",2,11,7,4,7,11
"COG0470",0,0,0,1,1,2
"COG0471",18,12,15,17,12,12
"COG0472",11,8,11,18,7,6
"COG0473",3,5,3,4,8,9
"COG0474",12,32,19,12,10,19
"COG0475",15,11,16,23,11,1
"COG0476",0,0,3,3,2,2
"COG0477",29,32,26,51,36,80
"COG0479",2,1,2,3,1,3
"COG0480",31,21,29,25,28,30
"COG0481",6,12,7,9,11,4
"COG0482",8,11,12,10,4,5
"COG0483",1,0,2,1,4,4
"COG0484",7,6,9,3,6,6
"COG0486",7,9,7,6,8,4
"COG0488",44,23,31,42,34,30
"COG0489",8,9,12,11,10,9
"COG0490",0,0,0,0,0,0
"COG0491",2,8,3,3,6,7
"COG0492",8,5,11,5,7,10
"COG0493",15,11,17,16,14,27
"COG0494",11,11,9,6,9,28
"COG0495",8,13,27,15,12,12
"COG0496",2,3,0,4,3,0
"COG0497",4,9,5,5,8,10
"COG0498",3,11,8,5,11,7
"COG0499",1,2,1,5,3,0
"COG0500",18,18,15,6,21,11
"COG0501",1,3,3,5,0,0
"COG0502",11,6,10,6,3,4
"COG0503",3,7,5,6,4,4
"COG0504",5,14,6,10,9,5
"COG0505",4,5,3,4,4,5
"COG0506",4,1,3,1,2,0
"COG0507",34,26,22,11,30,17
"COG0508",0,2,0,1,2,0
"COG0509",2,1,3,8,0,0
"COG0510",4,2,1,0,0,4
"COG0511",3,3,3,10,2,4
"COG0512",3,0,1,1,3,5
"COG0513",14,8,10,15,16,10
"COG0514",21,22,12,37,21,14
"COG0515",12,17,7,3,18,25
"COG0516",5,3,8,5,5,13
"COG0517",8,6,6,12,8,15
"COG0518",13,9,7,11,9,8
"COG0519",5,11,7,6,5,8
"COG0520",7,8,8,4,3,9
"COG0521",0,1,1,0,0,1
"COG0522",0,5,6,3,4,2
"COG0523",3,1,3,2,2,3
"COG0524",19,15,24,14,18,16
"COG0525",9,9,11,8,13,7
"COG0526",28,16,8,35,32,25
"COG0527",13,4,11,10,6,8
"COG0528",2,6,4,6,2,5
"COG0529",4,1,2,0,0,0
"COG0530",3,2,7,1,7,4
"COG0531",8,11,11,14,3,22
"COG0532",3,10,10,7,2,11
"COG0533",4,7,1,1,4,7
"COG0534",75,55,73,63,84,39
"COG0535",7,10,13,12,13,7
"COG0536",5,5,6,7,5,5
"COG0537",6,2,2,5,4,7
"COG0538",5,3,5,8,4,9
"COG0539",7,7,11,6,5,6
"COG0540",5,5,3,7,7,4
"COG0541",9,8,7,7,5,4
"COG0542",23,33,39,16,20,26
"COG0543",9,8,12,15,9,11
"COG0544",7,11,11,11,8,8
"COG0545",11,2,4,6,4,1
"COG0546",9,5,10,5,14,12
"COG0547",2,1,6,0,1,4
"COG0548",6,7,4,2,6,6
"COG0549",1,1,2,1,2,1
"COG0550",17,39,32,26,26,25
"COG0551",0,8,8,0,9,13
"COG0552",2,5,4,1,4,5
"COG0553",11,34,8,8,14,10
"COG0554",3,3,7,4,8,2
"COG0555",1,0,1,1,1,2
"COG0556",4,12,9,6,13,11
"COG0557",12,8,7,5,7,7
"COG0558",1,4,3,0,2,5
"COG0559",2,6,1,1,4,4
"COG0560",4,1,5,2,2,4
"COG0561",17,12,21,14,11,23
"COG0562",5,4,3,6,7,12
"COG0563",7,3,4,1,3,5
"COG0564",11,17,12,6,12,6
"COG0565",0,0,0,0,0,0
"COG0566",10,14,12,13,8,13
"COG0567",0,1,0,0,0,0
"COG0568",3,7,4,2,6,7
"COG0569",8,10,13,15,7,11
"COG0571",2,4,5,2,1,4
"COG0572",7,7,7,12,7,1
"COG0573",1,3,2,1,6,6
"COG0574",10,13,23,14,14,4
"COG0575",6,6,1,1,2,9
"COG0576",1,2,3,6,2,5
"COG0577",32,35,40,18,39,55
"COG0578",3,1,0,4,1,0
"COG0579",0,6,1,1,1,4
"COG0580",2,0,2,1,1,4
"COG0581",1,2,1,4,6,6
"COG0582",59,48,42,52,49,52
"COG0583",20,24,36,15,22,57
"COG0584",6,9,5,3,7,3
"COG0585",0,0,0,0,0,0
"COG0586",0,4,4,0,1,2
"COG0587",16,40,18,12,16,16
"COG0588",6,1,4,3,3,1
"COG0589",9,4,7,7,7,14
"COG0590",3,7,4,2,2,4
"COG0591",6,7,9,5,8,14
"COG0592",8,6,7,7,10,7
"COG0593",2,3,3,4,0,5
"COG0594",2,2,2,0,2,5
"COG0595",2,8,4,1,3,5
"COG0596",6,4,3,0,5,11
"COG0597",0,3,1,0,1,5
"COG0598",7,4,9,3,4,7
"COG0599",3,3,6,4,3,5
"COG0600",4,7,3,0,0,6
"COG0601",6,3,4,3,7,19
"COG0602",4,9,2,4,2,2
"COG0603",3,0,2,2,3,1
"COG0604",0,0,0,0,0,5
"COG0605",1,1,2,2,3,1
"COG0606",7,6,3,7,4,9
"COG0607",7,5,7,8,4,3
"COG0608",7,13,13,7,8,5
"COG0609",8,8,6,7,6,2
"COG0610",20,12,18,14,9,11
"COG0611",4,1,1,3,1,2
"COG0612",12,18,15,21,17,4
"COG0613",0,2,2,1,2,2
"COG0614",6,9,3,11,8,6
"COG0615",4,2,1,1,1,0
"COG0616",2,3,2,10,4,0
"COG0617",6,4,5,3,7,6
"COG0618",9,6,7,2,3,4
"COG0619",5,4,4,0,6,18
"COG0620",5,2,2,3,6,11
"COG0621",17,12,6,14,19,13
"COG0622",4,3,2,2,4,2
"COG0623",3,4,0,4,1,2
"COG0624",11,8,9,12,9,13
"COG0625",1,0,0,1,0,0
"COG0626",0,1,1,0,1,2
"COG0627",4,3,1,3,4,0
"COG0628",14,12,10,4,12,6
"COG0629",6,7,5,2,1,10
"COG0630",0,0,0,0,3,0
"COG0631",4,2,5,1,3,7
"COG0632",7,4,4,2,1,0
"COG0633",0,0,0,0,0,0
"COG0634",2,4,2,3,3,6
"COG0635",12,7,11,7,14,6
"COG0636",1,1,1,1,0,0
"COG0637",12,9,8,5,18,5
"COG0639",1,4,2,4,1,4
"COG0640",1,0,3,2,4,4
"COG0641",16,4,16,7,12,9
"COG0642",190,154,128,223,200,90
"COG0643",4,1,0,1,2,1
"COG0644",0,0,0,0,0,1
"COG0645",0,0,0,0,0,0
"COG0646",12,10,10,10,9,9
"COG0647",0,0,2,0,0,4
"COG0648",2,3,5,7,4,16
"COG0649",1,0,4,3,0,1
"COG0650",0,0,0,0,0,0
"COG0651",1,5,0,2,0,0
"COG0652",4,7,5,13,4,4
"COG0653",12,21,18,15,7,10
"COG0654",0,0,0,0,0,0
"COG0655",4,5,3,3,7,3
"COG0656",4,5,0,4,4,16
"COG0657",8,5,4,9,10,7
"COG0658",7,6,5,5,5,2
"COG0659",7,4,6,7,6,2
"COG0661",1,2,0,1,0,6
"COG0662",4,2,1,1,3,0
"COG0663",3,1,2,5,2,0
"COG0664",8,12,9,17,16,10
"COG0665",0,0,1,3,3,0
"COG0666",2,5,1,2,1,0
"COG0667",4,2,11,6,9,6
"COG0668",18,7,12,10,7,8
"COG0669",2,1,5,2,1,3
"COG0670",0,1,0,0,2,3
"COG0671",2,7,4,3,2,8
"COG0672",0,0,0,0,0,8
"COG0673",22,12,10,25,22,6
"COG0674",14,30,16,19,10,27
"COG0675",4,32,6,0,6,21
"COG0676",0,0,0,0,0,1
"COG0677",4,2,2,2,2,1
"COG0678",0,0,0,0,0,0
"COG0679",2,8,8,1,6,16
"COG0680",0,0,0,0,0,0
"COG0681",13,8,8,10,13,4
"COG0682",2,8,6,7,6,11
"COG0683",1,4,3,1,4,7
"COG0684",0,1,0,1,2,0
"COG0685",5,4,10,2,9,5
"COG0686",2,2,2,3,1,1
"COG0687",10,4,9,4,3,6
"COG0688",4,1,3,6,2,1
"COG0689",0,0,0,0,1,0
"COG0690",0,0,0,0,0,0
"COG0691",4,1,4,5,3,3
"COG0692",6,2,2,3,0,5
"COG0693",5,5,1,8,3,2
"COG0694",0,0,0,0,0,0
"COG0695",0,0,0,0,0,2
"COG0696",5,10,8,1,2,5
"COG0697",15,7,17,21,13,24
"COG0698",5,5,2,3,3,3
"COG0699",0,0,2,1,2,1
"COG0700",2,4,4,3,0,2
"COG0701",0,1,1,0,2,4
"COG0702",1,0,0,0,0,0
"COG0703",4,5,2,4,4,8
"COG0704",7,3,3,4,3,1
"COG0705",5,8,2,2,7,4
"COG0706",12,12,7,11,5,7
"COG0707",11,12,7,7,9,10
"COG0708",2,0,4,2,6,5
"COG0709",2,0,1,0,1,0
"COG0710",1,2,1,1,2,2
"COG0711",1,4,0,5,2,4
"COG0712",0,1,3,1,3,4
"COG0713",0,0,0,3,0,0
"COG0714",7,9,6,4,8,7
"COG0715",1,6,4,1,1,7
"COG0716",5,8,9,6,4,11
"COG0717",0,1,1,0,0,2
"COG0718",1,0,0,0,1,2
"COG0719",10,10,13,8,9,12
"COG0720",0,1,3,5,5,0
"COG0721",1,0,2,0,0,2
"COG0722",0,0,4,0,0,9
"COG0723",0,4,0,0,0,0
"COG0724",3,0,3,5,3,1
"COG0725",0,3,0,1,0,3
"COG0726",11,16,7,5,14,12
"COG0727",0,0,0,0,0,0
"COG0728",2,0,3,0,1,9
"COG0729",0,0,0,0,1,0
"COG0730",1,2,0,1,1,1
"COG0731",2,4,1,1,1,1
"COG0732",7,11,4,6,7,5
"COG0733",10,9,10,7,10,2
"COG0735",5,4,4,6,6,2
"COG0736",3,4,0,2,0,3
"COG0737",11,7,12,7,10,3
"COG0738",11,5,9,18,13,3
"COG0739",12,34,23,21,25,9
"COG0740",14,7,11,6,3,4
"COG0741",7,6,4,9,8,4
"COG0742",3,2,3,3,1,4
"COG0743",4,4,9,9,7,2
"COG0744",5,9,4,4,16,10
"COG0745",83,74,79,67,84,38
"COG0746",1,0,0,0,0,4
"COG0747",2,8,8,12,5,18
"COG0749",13,15,13,13,13,20
"COG0750",6,9,8,1,7,3
"COG0751",1,1,0,0,0,2
"COG0752",0,0,0,0,0,1
"COG0753",0,2,2,0,1,0
"COG0754",0,1,1,0,0,0
"COG0755",7,1,4,3,11,0
"COG0756",16,8,1,6,2,1
"COG0757",2,0,0,1,2,0
"COG0758",8,9,4,2,8,6
"COG0759",1,3,2,4,3,1
"COG0760",9,9,8,6,6,0
"COG0761",3,4,5,5,7,8
"COG0762",0,0,1,0,0,0
"COG0763",1,6,4,3,7,2
"COG0764",5,3,4,5,6,2
"COG0765",5,5,10,5,15,19
"COG0766",7,12,10,3,8,10
"COG0767",1,2,4,1,1,2
"COG0768",29,35,25,22,33,25
"COG0769",10,14,8,4,5,9
"COG0770",14,12,14,19,15,9
"COG0771",5,10,6,5,5,5
"COG0772",14,13,7,5,13,16
"COG0773",9,7,7,4,4,6
"COG0774",4,5,1,4,6,3
"COG0775",6,4,6,4,6,2
"COG0776",3,11,4,2,6,4
"COG0777",1,2,4,1,1,2
"COG0778",13,10,15,9,6,17
"COG0779",0,0,1,0,0,1
"COG0780",3,1,0,4,1,1
"COG0781",2,3,4,4,2,1
"COG0782",4,4,4,3,3,3
"COG0783",1,0,0,2,0,3
"COG0784",30,38,19,22,37,19
"COG0785",0,0,0,2,0,0
"COG0786",2,2,3,2,1,3
"COG0787",4,10,4,12,7,7
"COG0788",1,1,1,1,1,0
"COG0789",3,2,4,6,9,8
"COG0790",3,5,8,3,3,4
"COG0791",5,11,12,6,5,7
"COG0792",5,2,3,2,1,1
"COG0793",29,23,26,36,28,12
"COG0794",3,5,2,2,5,5
"COG0795",8,5,3,6,8,2
"COG0796",1,9,2,6,5,4
"COG0797",0,0,0,0,1,0
"COG0798",0,0,0,0,1,0
"COG0799",1,1,2,2,1,2
"COG0800",2,2,7,3,3,4
"COG0801",3,0,1,2,1,0
"COG0802",3,2,3,2,2,5
"COG0803",7,3,1,4,0,7
"COG0804",1,2,0,0,1,0
"COG0805",0,5,0,2,6,3
"COG0806",1,3,2,1,6,2
"COG0807",3,2,3,2,7,3
"COG0809",5,8,8,7,8,7
"COG0810",0,0,0,0,0,0
"COG0811",8,2,8,9,3,3
"COG0812",4,1,3,2,2,4
"COG0813",3,0,1,1,0,2
"COG0814",0,0,0,0,0,5
"COG0815",0,1,0,0,0,0
"COG0816",3,1,2,2,3,5
"COG0817",2,1,3,0,1,2
"COG0818",1,2,1,2,2,1
"COG0819",0,0,0,0,0,0
"COG0820",4,5,6,4,4,4
"COG0821",5,3,7,5,5,3
"COG0822",3,6,4,2,2,3
"COG0823",3,2,5,7,3,0
"COG0824",1,0,1,3,6,2
"COG0825",2,2,0,1,1,3
"COG0826",13,17,8,7,9,13
"COG0827",22,8,14,3,15,7
"COG0828",0,0,0,0,0,0
"COG0829",0,0,0,1,0,1
"COG0830",0,0,0,0,0,0
"COG0831",0,0,0,1,0,0
"COG0832",0,0,1,0,0,0
"COG0833",0,0,0,0,0,3
"COG0834",7,9,14,7,18,22
"COG0835",3,1,0,0,1,0
"COG0836",4,9,7,6,8,0
"COG0837",0,0,0,0,0,0
"COG0838",0,2,1,0,1,0
"COG0839",1,1,0,3,4,0
"COG0840",16,2,19,5,16,9
"COG0841",45,50,52,70,58,16
"COG0842",12,8,17,24,10,10
"COG0843",0,0,0,0,0,0
"COG0845",46,32,49,60,33,27
"COG0846",4,6,9,7,4,8
"COG0847",3,1,3,6,2,1
"COG0848",0,3,0,2,1,0
"COG0849",5,6,1,2,4,0
"COG0850",1,0,0,0,0,0
"COG0851",0,1,0,0,0,0
"COG0852",3,1,2,3,3,0
"COG0853",4,3,2,2,1,0
"COG0854",5,2,1,5,1,0
"COG0855",9,9,12,4,11,8
"COG0857",0,0,0,0,0,2
"COG0858",1,3,0,2,2,2
"COG0859",4,6,2,2,4,4
"COG0860",5,10,10,5,5,5
"COG0861",0,1,1,1,0,5
"COG0863",3,2,4,3,2,3
"COG0864",0,0,1,1,0,0
"COG1001",0,3,1,0,0,3
"COG1002",0,4,2,10,4,10
"COG1003",5,8,3,8,3,0
"COG1004",6,11,8,7,7,3
"COG1005",1,1,2,4,1,0
"COG1006",0,0,0,0,0,0
"COG1007",4,3,0,6,2,1
"COG1008",1,2,5,6,0,0
"COG1009",4,4,3,3,3,0
"COG1010",1,2,4,3,1,1
"COG1011",13,9,9,7,9,3
"COG1012",12,8,9,9,16,19
"COG1013",12,18,11,21,17,23
"COG1014",22,19,22,30,16,29
"COG1015",0,3,4,0,4,2
"COG1017",0,0,0,0,0,0
"COG1018",0,0,2,0,0,0
"COG1020",4,4,1,2,4,3
"COG1021",0,1,0,0,0,0
"COG1022",14,20,10,25,13,14
"COG1023",0,0,0,0,0,0
"COG1024",2,2,1,2,1,3
"COG1025",0,0,0,0,0,0
"COG1026",7,6,7,0,3,10
"COG1027",3,5,3,7,0,8
"COG1028",15,21,20,31,16,23
"COG1030",0,0,0,0,0,2
"COG1032",13,23,23,8,14,13
"COG1033",3,6,2,0,10,1
"COG1034",0,4,2,2,2,4
"COG1035",2,3,1,6,1,1
"COG1038",2,5,1,1,2,8
"COG1039",0,1,0,0,0,0
"COG1040",7,3,8,3,3,3
"COG1041",1,2,2,0,0,0
"COG1042",6,2,2,7,5,0
"COG1043",4,3,6,8,3,2
"COG1044",3,5,0,1,5,2
"COG1045",6,11,4,7,12,5
"COG1047",1,1,3,3,3,0
"COG1048",6,7,4,4,7,9
"COG1049",0,0,0,1,0,0
"COG1051",4,1,2,3,3,4
"COG1052",8,7,6,9,9,4
"COG1053",15,14,17,21,10,13
"COG1054",0,0,0,0,0,0
"COG1055",2,0,3,2,7,4
"COG1056",0,0,0,0,1,0
"COG1057",3,3,2,0,0,2
"COG1058",4,0,0,1,2,3
"COG1059",0,0,0,0,0,0
"COG1060",10,7,6,9,2,2
"COG1061",8,16,7,7,6,12
"COG1062",0,0,0,1,0,0
"COG1063",3,11,5,4,2,12
"COG1064",0,0,1,1,0,0
"COG1066",7,4,6,5,2,6
"COG1067",0,3,0,0,0,0
"COG1069",2,0,1,0,1,0
"COG1070",5,6,5,13,13,10
"COG1071",0,0,0,1,2,2
"COG1072",0,0,0,0,0,0
"COG1073",12,12,10,20,13,10
"COG1074",12,10,6,2,5,8
"COG1075",0,1,1,0,2,0
"COG1076",3,1,1,3,0,1
"COG1077",4,13,5,5,2,4
"COG1078",1,1,2,2,0,0
"COG1079",1,0,1,1,1,3
"COG1080",3,6,8,2,10,8
"COG1082",5,3,1,3,6,4
"COG1083",2,0,1,2,3,2
"COG1085",0,0,0,0,0,4
"COG1086",7,9,6,15,10,2
"COG1087",2,5,5,8,4,8
"COG1088",4,3,5,6,10,5
"COG1089",4,2,6,3,4,1
"COG1090",0,0,1,3,0,0
"COG1091",4,4,5,3,1,3
"COG1092",7,4,13,4,5,5
"COG1098",0,0,0,0,0,0
"COG1099",0,0,0,0,0,0
"COG1101",11,2,3,3,1,2
"COG1102",0,0,0,0,0,0
"COG1104",7,5,3,2,1,6
"COG1105",1,4,4,1,3,4
"COG1106",8,12,8,8,8,0
"COG1108",4,3,4,2,1,3
"COG1109",12,22,26,13,13,15
"COG1112",9,14,11,30,13,15
"COG1113",0,1,1,0,0,9
"COG1114",2,2,1,1,0,7
"COG1115",5,8,6,7,13,14
"COG1116",1,6,2,2,6,6
"COG1117",3,0,4,5,5,5
"COG1118",2,0,3,0,3,4
"COG1119",3,2,3,3,2,1
"COG1120",5,5,10,4,8,2
"COG1121",1,2,1,4,4,8
"COG1122",5,15,7,2,11,27
"COG1123",1,0,1,0,0,15
"COG1124",0,0,0,0,1,1
"COG1125",0,0,0,1,0,3
"COG1126",7,6,12,2,9,15
"COG1127",1,2,4,4,3,0
"COG1129",5,2,9,7,4,12
"COG1131",19,27,20,19,26,25
"COG1132",43,48,59,32,78,53
"COG1133",0,0,0,0,0,0
"COG1134",1,2,5,2,5,4
"COG1135",2,3,5,2,1,3
"COG1136",24,18,21,14,25,34
"COG1137",4,2,4,1,2,1
"COG1138",0,0,1,0,1,0
"COG1139",0,2,0,1,0,2
"COG1140",0,0,3,0,1,0
"COG1141",0,0,0,0,0,0
"COG1142",0,0,0,1,0,0
"COG1143",1,1,0,2,0,0
"COG1144",1,1,3,1,3,0
"COG1145",4,10,4,12,12,7
"COG1146",2,0,4,0,4,2
"COG1148",0,0,1,2,0,0
"COG1149",0,0,0,0,0,0
"COG1150",0,0,0,0,0,0
"COG1151",9,3,3,9,1,6
"COG1152",0,0,1,0,0,0
"COG1154",8,15,8,13,7,8
"COG1155",6,8,1,6,5,3
"COG1156",5,6,5,1,2,0
"COG1157",1,0,1,0,0,0
"COG1158",3,4,2,4,2,2
"COG1159",3,11,5,3,4,7
"COG1160",7,6,9,12,7,9
"COG1161",1,1,1,2,1,3
"COG1162",1,4,3,5,7,2
"COG1164",2,3,2,1,2,6
"COG1165",0,0,1,2,2,7
"COG1166",4,2,4,3,3,0
"COG1167",5,10,8,5,10,17
"COG1168",9,8,8,13,6,16
"COG1169",0,3,0,3,2,0
"COG1171",3,7,5,5,3,9
"COG1172",6,1,4,5,2,4
"COG1173",3,10,4,7,3,19
"COG1174",0,0,0,1,0,3
"COG1175",19,9,25,4,12,41
"COG1176",2,4,5,3,2,3
"COG1177",2,4,5,4,1,6
"COG1178",0,3,2,3,0,2
"COG1179",2,3,2,2,4,6
"COG1180",4,9,2,5,3,10
"COG1181",3,6,9,4,1,8
"COG1182",0,0,0,0,0,0
"COG1183",1,2,3,3,1,4
"COG1184",0,0,0,0,0,0
"COG1185",9,13,6,8,6,10
"COG1186",4,6,6,8,9,8
"COG1187",4,7,5,4,7,7
"COG1188",2,4,3,0,3,1
"COG1189",2,0,2,1,2,5
"COG1190",4,11,7,9,5,6
"COG1191",9,10,5,3,9,5
"COG1192",12,16,10,13,13,11
"COG1193",8,15,13,3,8,6
"COG1194",5,5,5,7,7,4
"COG1195",5,7,2,2,3,8
"COG1196",2,11,3,1,7,14
"COG1197",9,17,10,9,12,20
"COG1198",4,9,9,7,6,10
"COG1199",4,2,1,3,4,5
"COG1200",6,9,12,8,6,13
"COG1201",0,0,2,0,0,8
"COG1203",2,2,2,5,5,2
"COG1204",2,4,1,0,1,1
"COG1205",0,3,0,0,0,0
"COG1206",0,1,1,0,2,4
"COG1207",1,0,0,1,4,7
"COG1208",11,5,13,7,6,2
"COG1209",6,2,3,8,2,3
"COG1210",2,0,1,1,0,5
"COG1211",3,4,5,4,3,3
"COG1212",3,3,1,1,3,7
"COG1213",1,0,0,0,0,0
"COG1214",6,4,3,3,1,3
"COG1215",5,5,9,6,4,12
"COG1216",19,9,10,13,10,8
"COG1217",10,6,8,7,10,4
"COG1218",3,2,1,2,0,0
"COG1219",12,5,8,3,9,7
"COG1220",0,0,0,1,0,3
"COG1221",0,1,0,1,0,2
"COG1225",7,2,3,1,2,1
"COG1226",3,2,2,0,0,0
"COG1227",1,2,3,4,3,3
"COG1228",4,3,6,7,6,2
"COG1230",1,0,1,3,0,1
"COG1232",0,2,2,2,1,4
"COG1233",0,1,1,1,3,0
"COG1234",2,2,5,3,6,6
"COG1235",7,6,2,10,7,2
"COG1236",1,7,1,0,1,0
"COG1237",2,1,1,2,0,0
"COG1238",0,2,1,1,1,0
"COG1239",0,1,0,0,0,0
"COG1240",0,0,0,0,0,0
"COG1242",6,4,4,2,4,3
"COG1243",1,2,0,2,0,2
"COG1246",0,1,0,1,0,0
"COG1247",6,2,2,2,2,4
"COG1249",5,6,10,8,6,5
"COG1250",4,4,0,2,1,2
"COG1251",1,0,1,0,0,0
"COG1252",1,0,0,2,5,0
"COG1253",11,10,14,10,13,9
"COG1254",1,0,0,0,0,0
"COG1256",2,0,3,0,2,0
"COG1257",0,0,0,0,0,2
"COG1259",4,1,2,1,0,1
"COG1260",2,1,1,3,4,1
"COG1261",0,0,0,0,0,0
"COG1262",4,1,3,13,10,0
"COG1263",5,13,6,5,3,13
"COG1264",6,4,4,1,7,21
"COG1266",11,3,4,4,4,0
"COG1267",0,1,2,0,1,1
"COG1268",2,1,3,1,0,6
"COG1269",7,5,5,4,6,3
"COG1270",2,2,4,0,2,2
"COG1271",5,2,4,9,1,0
"COG1272",3,3,2,1,3,4
"COG1273",0,0,0,0,0,0
"COG1274",0,0,0,0,0,0
"COG1275",1,1,0,0,0,0
"COG1276",0,0,0,0,0,0
"COG1277",2,2,0,1,1,0
"COG1278",0,0,0,0,0,3
"COG1279",0,0,0,1,1,0
"COG1280",2,1,3,3,0,0
"COG1281",3,3,6,0,3,1
"COG1282",0,0,0,0,0,2
"COG1283",16,4,7,9,7,4
"COG1284",11,15,7,8,9,5
"COG1285",0,2,0,3,1,1
"COG1286",0,0,0,0,0,1
"COG1287",0,0,0,0,0,0
"COG1288",2,1,0,2,1,6
"COG1289",0,0,0,0,0,0
"COG1290",0,0,0,0,0,0
"COG1291",0,1,0,0,2,0
"COG1292",1,2,1,2,0,4
"COG1293",2,3,2,0,4,4
"COG1294",3,4,5,4,4,0
"COG1295",4,7,5,5,4,2
"COG1296",4,2,1,3,1,1
"COG1297",3,2,5,5,4,6
"COG1298",3,1,1,0,4,0
"COG1299",1,2,0,1,1,2
"COG1300",1,4,0,0,2,0
"COG1301",5,9,7,5,1,6
"COG1302",2,3,1,1,2,2
"COG1304",0,0,1,0,2,5
"COG1305",5,2,3,2,3,4
"COG1306",0,0,0,0,0,0
"COG1307",9,2,8,3,6,5
"COG1309",1,13,7,5,2,16
"COG1310",1,0,1,0,0,1
"COG1312",8,4,9,6,8,4
"COG1313",2,3,3,0,1,2
"COG1314",0,0,0,0,0,0
"COG1315",2,2,1,0,3,0
"COG1316",5,15,6,2,9,12
"COG1317",0,0,0,0,1,0
"COG1319",0,4,2,0,0,2
"COG1320",0,0,0,0,0,0
"COG1321",4,2,0,1,3,1
"COG1322",2,3,7,4,2,6
"COG1323",1,2,2,1,1,7
"COG1324",0,0,0,0,0,0
"COG1327",4,1,1,0,1,0
"COG1328",10,24,13,17,14,17
"COG1329",0,1,0,0,0,1
"COG1330",0,1,0,0,0,0
"COG1331",0,0,0,1,0,0
"COG1332",1,0,0,0,0,2
"COG1333",1,0,0,3,0,1
"COG1335",1,3,1,1,3,6
"COG1336",0,0,0,0,0,0
"COG1337",0,0,0,0,0,1
"COG1338",1,0,0,0,0,0
"COG1342",1,1,1,1,0,3
"COG1343",1,3,1,2,0,0
"COG1344",7,1,2,2,2,2
"COG1345",3,0,0,0,2,0
"COG1346",3,3,3,1,4,0
"COG1347",1,2,3,4,0,0
"COG1348",2,2,1,1,1,2
"COG1349",5,8,5,10,3,13
"COG1350",4,4,1,2,4,0
"COG1351",0,1,2,0,1,0
"COG1352",0,0,1,2,0,0
"COG1353",0,2,0,0,1,3
"COG1354",1,2,1,1,6,3
"COG1355",0,0,0,0,0,3
"COG1357",2,6,3,5,3,0
"COG1358",0,2,0,0,2,1
"COG1359",0,0,0,1,0,0
"COG1360",1,2,1,1,1,1
"COG1361",0,0,0,0,0,0
"COG1362",6,4,3,1,5,8
"COG1363",2,2,1,1,0,1
"COG1364",1,1,4,0,2,2
"COG1366",0,4,3,2,2,1
"COG1368",13,12,8,8,12,18
"COG1372",0,0,0,0,0,0
"COG1373",23,19,12,14,25,35
"COG1376",0,6,3,2,6,3
"COG1377",0,0,0,0,0,0
"COG1378",0,0,2,1,0,0
"COG1379",1,0,0,0,0,1
"COG1380",4,3,1,1,1,0
"COG1381",0,0,1,0,0,2
"COG1384",0,0,0,0,0,0
"COG1385",1,2,3,3,2,4
"COG1386",0,2,0,0,2,2
"COG1387",6,3,8,9,3,5
"COG1388",3,7,7,1,4,3
"COG1390",0,2,0,0,0,0
"COG1391",0,1,0,0,1,6
"COG1392",0,2,1,1,0,3
"COG1393",2,1,0,0,1,4
"COG1394",3,2,2,2,1,0
"COG1396",11,12,7,9,14,13
"COG1397",1,1,2,1,2,1
"COG1399",0,3,1,0,0,6
"COG1401",8,2,3,4,1,5
"COG1402",0,1,0,1,3,3
"COG1403",1,6,3,2,0,0
"COG1404",14,12,12,13,11,11
"COG1406",0,0,0,0,0,0
"COG1408",7,10,7,6,6,3
"COG1409",10,11,9,10,6,6
"COG1410",7,11,15,15,10,6
"COG1413",0,0,0,0,0,0
"COG1414",3,4,0,2,2,4
"COG1415",0,0,0,0,0,0
"COG1416",0,0,0,0,0,0
"COG1418",9,8,6,8,10,13
"COG1419",1,0,0,0,3,1
"COG1420",3,2,3,2,1,2
"COG1424",1,1,0,0,0,0
"COG1426",0,1,0,1,0,0
"COG1427",1,2,0,0,0,0
"COG1428",0,0,0,0,0,0
"COG1429",6,4,3,3,3,1
"COG1430",0,1,0,0,0,0
"COG1431",0,0,0,0,0,0
"COG1432",2,0,2,0,0,3
"COG1433",2,1,1,0,0,0
"COG1434",1,3,3,0,3,4
"COG1435",4,1,3,4,2,0
"COG1436",0,0,0,0,0,0
"COG1437",0,0,0,0,0,0
"COG1438",2,1,4,2,1,2
"COG1440",0,1,0,0,0,0
"COG1441",0,0,0,0,0,0
"COG1442",4,6,6,7,2,3
"COG1443",0,1,1,0,1,0
"COG1444",0,0,0,1,0,0
"COG1445",1,3,2,0,6,11
"COG1446",0,0,0,1,2,0
"COG1447",0,0,0,0,0,1
"COG1448",2,0,0,1,0,1
"COG1449",4,3,4,2,0,0
"COG1450",0,0,0,0,1,0
"COG1451",3,4,3,2,2,3
"COG1452",0,0,0,3,0,0
"COG1453",5,1,2,5,2,3
"COG1454",11,19,13,13,17,24
"COG1455",0,3,1,0,1,3
"COG1456",1,0,0,0,0,0
"COG1457",0,1,2,0,1,1
"COG1459",2,7,0,0,5,2
"COG1461",4,2,0,0,3,0
"COG1462",0,0,0,0,0,0
"COG1463",0,2,0,0,0,0
"COG1464",2,2,5,0,2,11
"COG1465",0,0,0,0,0,0
"COG1466",5,3,1,4,2,8
"COG1468",2,1,0,1,2,0
"COG1469",0,2,0,0,0,0
"COG1470",0,0,0,4,3,0
"COG1472",38,36,36,48,51,30
"COG1473",5,10,3,10,9,23
"COG1475",12,13,16,7,17,18
"COG1476",4,0,0,0,0,1
"COG1477",4,3,5,8,3,2
"COG1479",12,8,6,8,7,4
"COG1480",5,6,6,6,9,2
"COG1481",1,0,1,2,2,10
"COG1482",6,6,2,7,4,3
"COG1483",0,0,0,2,0,0
"COG1484",14,12,8,29,5,30
"COG1485",0,0,0,0,0,0
"COG1486",0,2,2,1,0,4
"COG1487",0,0,0,0,0,1
"COG1488",0,3,3,2,6,3
"COG1489",0,0,1,1,2,3
"COG1490",4,2,5,2,4,0
"COG1492",3,4,1,3,5,7
"COG1493",3,1,3,0,4,1
"COG1494",0,0,0,1,0,0
"COG1495",0,0,1,0,1,0
"COG1496",2,3,3,7,1,5
"COG1501",15,12,21,24,22,11
"COG1502",7,10,7,7,15,7
"COG1505",1,2,0,1,2,0
"COG1506",23,18,21,36,22,9
"COG1507",0,0,0,0,0,1
"COG1508",4,3,10,11,0,3
"COG1509",3,1,2,1,6,0
"COG1511",7,3,10,1,12,23
"COG1512",4,3,5,2,6,1
"COG1513",0,0,0,0,0,0
"COG1514",0,0,0,0,0,0
"COG1515",0,0,0,0,0,0
"COG1516",0,0,2,0,0,0
"COG1518",5,4,1,2,1,4
"COG1519",11,5,4,6,3,2
"COG1520",3,4,7,5,6,1
"COG1521",6,3,1,0,1,6
"COG1522",8,5,4,6,2,1
"COG1523",4,4,7,11,12,20
"COG1524",9,4,5,6,6,4
"COG1525",0,0,0,0,0,0
"COG1526",0,0,0,0,0,1
"COG1527",1,0,2,0,0,1
"COG1528",9,5,4,4,2,4
"COG1529",1,8,8,2,5,11
"COG1530",2,4,4,4,5,4
"COG1533",3,6,8,5,5,3
"COG1534",1,1,2,0,1,2
"COG1535",0,0,0,0,0,0
"COG1536",0,0,1,0,1,0
"COG1538",34,28,25,42,27,8
"COG1539",0,1,2,2,0,4
"COG1540",0,2,0,0,0,0
"COG1541",7,9,2,8,8,2
"COG1543",0,1,0,0,0,0
"COG1544",0,3,0,1,0,2
"COG1545",0,0,0,0,0,0
"COG1546",2,4,8,3,3,4
"COG1550",0,0,0,0,0,0
"COG1551",0,0,0,1,0,0
"COG1553",0,0,0,0,0,0
"COG1554",4,3,2,2,3,0
"COG1555",5,0,3,3,4,2
"COG1556",2,0,1,0,1,1
"COG1558",0,1,0,0,0,0
"COG1559",3,2,6,4,2,4
"COG1560",1,2,0,2,2,2
"COG1561",4,11,4,3,3,2
"COG1562",0,0,0,0,0,0
"COG1564",4,2,0,1,4,2
"COG1565",0,0,0,0,0,0
"COG1566",4,1,3,9,1,0
"COG1567",0,0,0,0,0,2
"COG1568",0,0,1,0,0,0
"COG1569",0,0,0,0,0,0
"COG1570",6,6,5,6,4,11
"COG1573",2,1,3,2,3,0
"COG1574",1,1,0,4,1,3
"COG1575",1,0,0,1,2,1
"COG1576",1,2,3,5,2,3
"COG1577",0,0,0,0,0,0
"COG1578",0,0,0,0,0,0
"COG1579",2,5,3,3,0,0
"COG1580",0,0,0,0,0,0
"COG1582",0,0,0,0,0,0
"COG1583",0,0,0,0,0,0
"COG1584",0,0,0,0,0,0
"COG1585",1,2,0,0,1,4
"COG1586",0,1,0,0,1,0
"COG1587",1,1,2,2,1,4
"COG1589",0,3,0,0,0,1
"COG1592",5,8,2,5,5,1
"COG1593",6,3,7,4,5,5
"COG1595",35,22,28,39,23,10
"COG1596",3,4,5,10,6,2
"COG1597",5,7,8,9,5,13
"COG1598",0,0,0,0,0,2
"COG1600",0,0,1,2,0,2
"COG1604",0,0,0,0,0,0
"COG1605",0,3,1,1,3,3
"COG1606",0,0,0,1,0,2
"COG1607",1,0,1,0,0,0
"COG1609",31,25,26,13,24,70
"COG1610",4,4,2,0,1,2
"COG1611",1,5,1,2,4,2
"COG1613",0,0,3,0,1,0
"COG1614",1,0,2,0,1,0
"COG1615",0,1,0,0,0,4
"COG1618",0,0,0,0,0,0
"COG1619",4,3,3,2,0,5
"COG1620",1,0,0,0,3,1
"COG1621",8,4,9,7,10,11
"COG1622",0,0,0,0,0,0
"COG1623",0,2,0,1,0,0
"COG1624",2,6,3,4,2,2
"COG1625",1,1,1,0,1,0
"COG1626",2,3,5,8,1,1
"COG1629",12,19,18,23,28,4
"COG1633",0,1,0,0,0,0
"COG1635",0,0,0,0,0,0
"COG1636",3,1,1,2,4,0
"COG1637",0,0,0,0,0,0
"COG1638",6,3,4,4,5,6
"COG1640",9,18,16,10,12,16
"COG1641",0,0,1,1,1,4
"COG1643",0,1,1,0,0,8
"COG1647",0,0,0,0,1,0
"COG1648",0,1,0,0,1,1
"COG1649",13,10,7,10,11,4
"COG1651",0,0,0,0,1,1
"COG1652",0,0,0,0,0,1
"COG1653",19,17,30,6,24,49
"COG1654",1,6,3,0,4,3
"COG1655",1,0,0,0,0,0
"COG1657",0,0,0,0,0,0
"COG1658",0,0,0,0,1,0
"COG1659",0,0,1,0,0,0
"COG1660",5,5,3,6,3,3
"COG1661",0,0,0,0,1,1
"COG1662",0,0,0,2,1,0
"COG1663",0,3,3,5,3,2
"COG1664",0,0,0,1,0,0
"COG1666",0,1,0,0,0,0
"COG1668",1,2,1,0,5,0
"COG1669",1,0,1,2,0,1
"COG1670",12,6,9,5,7,5
"COG1671",0,1,2,0,0,1
"COG1672",11,3,7,9,7,10
"COG1674",9,19,10,4,18,17
"COG1677",1,0,0,0,0,1
"COG1678",0,0,3,4,1,0
"COG1679",1,2,0,0,1,0
"COG1680",10,3,9,13,13,6
"COG1682",3,2,5,1,1,6
"COG1683",0,1,0,1,0,1
"COG1684",0,0,0,0,1,0
"COG1686",9,7,9,1,8,15
"COG1687",0,0,0,1,0,1
"COG1688",0,0,0,0,0,0
"COG1690",3,0,2,1,1,1
"COG1691",0,0,1,2,1,1
"COG1692",0,2,1,1,0,0
"COG1694",3,2,1,4,2,0
"COG1695",4,1,4,4,5,3
"COG1696",15,5,9,4,13,3
"COG1699",1,1,0,0,0,0
"COG1700",0,0,1,0,0,1
"COG1702",4,6,2,3,6,6
"COG1703",3,1,3,5,3,0
"COG1704",1,6,2,3,1,3
"COG1705",3,6,2,6,3,2
"COG1706",0,0,0,0,0,0
"COG1708",0,1,0,0,1,0
"COG1712",3,0,0,2,0,1
"COG1713",0,1,0,1,1,2
"COG1714",1,0,1,2,0,0
"COG1715",0,0,1,2,0,0
"COG1716",0,0,0,0,2,4
"COG1719",0,0,0,0,0,0
"COG1720",0,0,2,0,3,0
"COG1721",4,2,4,4,4,0
"COG1722",0,1,0,0,0,0
"COG1724",1,0,0,0,0,0
"COG1725",2,1,5,1,2,1
"COG1726",1,3,2,3,1,0
"COG1728",0,1,0,1,0,1
"COG1729",0,0,0,0,1,0
"COG1732",0,0,0,3,0,2
"COG1733",2,2,1,5,2,3
"COG1734",0,0,0,1,0,0
"COG1735",1,0,2,1,0,0
"COG1737",4,7,4,2,5,2
"COG1738",1,2,1,3,2,0
"COG1739",3,3,0,6,4,4
"COG1740",0,0,0,0,0,0
"COG1741",4,3,1,2,1,2
"COG1742",0,0,0,0,0,0
"COG1743",0,0,0,1,0,0
"COG1744",2,5,8,1,8,6
"COG1747",0,0,0,0,0,0
"COG1748",3,3,4,4,3,2
"COG1749",1,0,0,0,2,0
"COG1751",0,0,0,0,0,0
"COG1752",7,3,5,12,11,2
"COG1754",5,5,4,4,6,6
"COG1755",0,0,0,0,0,0
"COG1757",9,8,5,31,10,8
"COG1758",0,1,1,0,0,1
"COG1760",5,3,7,7,8,6
"COG1762",3,7,6,3,9,14
"COG1763",1,0,1,0,0,1
"COG1764",0,0,0,0,0,0
"COG1765",0,0,0,0,0,3
"COG1766",0,0,1,0,1,0
"COG1767",0,0,0,0,0,0
"COG1768",0,1,0,0,0,2
"COG1770",0,0,0,0,0,8
"COG1773",1,1,1,5,0,2
"COG1774",5,5,2,3,5,2
"COG1775",1,2,2,4,2,3
"COG1776",2,1,3,0,2,0
"COG1778",3,6,6,1,0,0
"COG1780",0,0,0,0,0,2
"COG1781",1,2,2,1,1,2
"COG1782",0,0,1,0,1,1
"COG1783",3,3,2,1,2,2
"COG1785",5,4,7,12,1,3
"COG1786",0,0,0,0,0,0
"COG1787",1,1,0,0,0,0
"COG1788",0,1,0,1,0,4
"COG1791",0,0,0,0,0,0
"COG1792",3,1,0,1,5,2
"COG1793",0,1,0,0,0,0
"COG1794",0,0,1,0,0,0
"COG1797",2,5,4,2,1,2
"COG1799",1,2,0,0,1,2
"COG1801",0,0,0,0,0,1
"COG1802",5,5,6,1,3,7
"COG1803",5,1,4,1,3,1
"COG1804",0,0,0,0,0,4
"COG1805",0,1,0,5,3,1
"COG1806",0,0,0,0,0,1
"COG1807",9,1,11,4,4,5
"COG1808",2,3,2,2,4,2
"COG1811",2,2,0,2,0,1
"COG1814",1,0,1,2,0,0
"COG1815",0,1,0,0,0,0
"COG1816",0,0,1,0,0,1
"COG1817",2,0,3,0,1,0
"COG1819",2,0,1,3,2,0
"COG1820",6,4,8,8,4,7
"COG1823",0,0,0,1,0,1
"COG1825",3,1,4,0,2,2
"COG1826",0,0,0,0,0,0
"COG1827",0,2,1,0,1,4
"COG1830",1,3,4,7,2,3
"COG1832",0,1,0,0,0,0
"COG1834",0,0,0,0,0,0
"COG1835",3,2,3,1,4,4
"COG1837",0,2,1,0,0,4
"COG1838",3,5,8,6,3,2
"COG1840",1,0,2,1,2,3
"COG1841",0,2,0,0,0,3
"COG1842",0,0,0,0,0,0
"COG1843",0,0,0,0,1,0
"COG1845",0,0,0,0,0,0
"COG1846",13,7,7,8,7,5
"COG1847",2,0,1,0,3,4
"COG1850",0,0,0,0,0,1
"COG1852",0,0,0,0,0,0
"COG1853",4,4,4,7,7,8
"COG1854",1,5,3,0,1,0
"COG1857",0,0,0,1,1,0
"COG1858",0,0,1,0,1,0
"COG1859",0,0,0,0,0,2
"COG1861",1,1,0,0,0,0
"COG1862",3,3,1,3,1,0
"COG1863",0,0,0,0,0,0
"COG1864",11,4,3,7,3,0
"COG1865",1,0,0,0,0,0
"COG1866",5,5,10,3,8,7
"COG1868",1,1,0,0,1,0
"COG1869",0,1,0,0,0,0
"COG1871",0,0,0,0,1,0
"COG1872",0,0,0,0,0,0
"COG1873",3,0,0,0,1,0
"COG1874",15,1,8,15,14,13
"COG1875",0,7,0,3,1,3
"COG1876",0,1,2,1,0,0
"COG1877",2,0,1,1,2,0
"COG1878",0,0,1,0,2,0
"COG1879",18,12,24,11,9,12
"COG1881",0,0,0,0,0,1
"COG1882",14,6,17,17,9,15
"COG1883",7,14,6,5,9,1
"COG1884",10,4,6,6,13,0
"COG1886",0,0,0,1,0,0
"COG1887",9,1,2,3,6,2
"COG1892",0,0,0,0,0,0
"COG1893",5,4,11,4,4,4
"COG1894",2,4,2,5,8,0
"COG1895",0,1,0,1,1,0
"COG1896",3,3,3,0,3,1
"COG1897",3,5,4,2,4,7
"COG1898",6,4,3,7,4,8
"COG1899",0,0,0,1,0,0
"COG1900",0,0,0,0,0,0
"COG1902",5,8,8,0,3,10
"COG1903",6,2,3,8,2,3
"COG1904",10,1,3,6,3,5
"COG1905",1,3,1,2,3,3
"COG1906",0,0,0,0,0,0
"COG1908",1,0,0,0,0,1
"COG1910",0,1,1,0,1,0
"COG1912",0,0,0,0,0,0
"COG1913",0,0,0,0,0,0
"COG1914",2,2,1,3,3,3
"COG1915",0,0,0,0,0,0
"COG1917",3,7,7,4,4,3
"COG1918",6,3,6,4,3,5
"COG1921",0,0,0,0,0,1
"COG1922",5,5,0,6,1,3
"COG1923",0,1,0,0,0,0
"COG1924",7,8,8,1,11,15
"COG1925",3,2,2,0,3,4
"COG1928",0,0,0,0,0,2
"COG1929",3,2,4,3,4,5
"COG1930",0,0,0,0,0,0
"COG1932",9,2,5,0,2,5
"COG1934",0,0,0,0,0,0
"COG1937",2,2,1,0,0,3
"COG1939",2,1,2,1,3,1
"COG1940",13,15,13,13,16,26
"COG1941",0,0,0,0,0,0
"COG1942",0,0,0,0,0,0
"COG1943",2,3,2,1,3,8
"COG1944",0,0,0,0,1,0
"COG1945",0,0,0,0,0,0
"COG1946",0,0,0,0,0,1
"COG1947",1,2,2,2,3,5
"COG1949",0,0,0,0,0,1
"COG1950",0,0,0,0,0,0
"COG1951",6,9,9,7,3,4
"COG1952",0,4,0,0,1,0
"COG1953",0,0,0,1,0,0
"COG1954",3,0,0,0,1,0
"COG1956",0,0,1,2,1,0
"COG1957",2,1,0,1,0,6
"COG1959",7,6,4,1,7,2
"COG1960",11,6,6,4,3,10
"COG1961",50,41,54,7,54,31
"COG1963",0,2,1,2,1,0
"COG1964",0,1,0,0,0,0
"COG1965",0,0,0,0,0,0
"COG1966",5,7,10,6,7,7
"COG1968",1,3,2,5,3,7
"COG1969",0,0,1,0,0,0
"COG1970",2,5,2,1,3,2
"COG1971",3,3,0,3,2,4
"COG1972",0,0,0,0,0,0
"COG1974",5,4,2,0,5,5
"COG1975",0,1,2,0,1,6
"COG1977",0,0,0,0,0,0
"COG1979",7,4,4,11,3,7
"COG1982",4,8,5,3,9,4
"COG1983",0,1,0,1,0,1
"COG1984",1,0,0,0,0,0
"COG1985",3,0,2,4,5,4
"COG1986",0,1,0,0,0,0
"COG1987",2,0,0,0,1,0
"COG1988",0,0,0,0,1,0
"COG1989",1,0,1,0,2,1
"COG1990",1,0,0,0,0,0
"COG1992",0,0,0,0,0,0
"COG1993",0,0,0,0,0,0
"COG1994",0,4,2,0,1,0
"COG1995",2,4,4,1,0,2
"COG2000",0,1,0,1,1,1
"COG2001",1,1,3,0,1,3
"COG2002",0,4,3,0,0,0
"COG2003",3,1,2,3,5,2
"COG2005",0,1,0,0,0,0
"COG2006",0,4,0,0,0,0
"COG2008",7,3,2,2,5,3
"COG2009",0,0,0,0,0,0
"COG2010",0,0,0,0,0,0
"COG2011",0,2,2,0,1,3
"COG2013",1,2,0,0,0,1
"COG2014",0,0,0,0,0,0
"COG2015",0,0,0,0,0,1
"COG2017",15,11,8,13,5,9
"COG2020",0,0,0,0,0,2
"COG2021",0,1,0,0,0,0
"COG2022",2,2,2,4,2,2
"COG2025",5,5,5,5,5,3
"COG2026",0,0,0,0,1,0
"COG2027",2,2,2,2,4,5
"COG2030",0,3,3,0,1,9
"COG2031",1,0,0,0,0,0
"COG2032",0,0,0,0,0,0
"COG2033",1,0,0,2,1,0
"COG2035",2,4,0,1,1,1
"COG2038",2,4,7,6,3,3
"COG2039",0,0,0,0,1,1
"COG2040",0,0,0,1,0,2
"COG2041",0,0,0,0,0,0
"COG2043",0,0,1,0,0,0
"COG2045",0,0,0,0,0,0
"COG2046",0,0,0,0,0,0
"COG2048",0,1,0,0,0,1
"COG2049",2,2,0,0,1,0
"COG2050",2,4,3,5,2,1
"COG2052",1,0,0,0,0,1
"COG2055",0,1,0,1,0,2
"COG2056",0,0,0,0,0,0
"COG2057",0,0,2,1,0,0
"COG2059",4,7,4,7,7,1
"COG2060",5,2,3,8,5,2
"COG2062",0,0,0,0,0,0
"COG2063",0,0,0,0,0,0
"COG2064",0,0,0,0,0,0
"COG2065",1,1,0,0,0,0
"COG2066",3,3,0,4,1,0
"COG2067",1,2,0,1,0,0
"COG2068",0,0,1,0,0,1
"COG2069",0,0,0,0,0,1
"COG2070",6,3,4,4,7,4
"COG2071",3,3,5,7,3,2
"COG2072",0,0,0,0,0,0
"COG2073",2,0,2,3,2,4
"COG2076",0,1,0,1,0,0
"COG2077",1,3,0,4,0,0
"COG2078",0,1,0,0,0,3
"COG2079",0,1,0,0,1,1
"COG2080",1,2,0,2,2,3
"COG2081",3,4,0,2,7,6
"COG2082",2,0,2,1,0,1
"COG2084",2,1,1,0,0,4
"COG2085",0,0,0,0,0,0
"COG2086",6,3,2,1,4,2
"COG2087",1,3,2,3,3,3
"COG2088",1,4,3,1,3,1
"COG2089",2,0,4,2,1,0
"COG2091",0,1,0,0,2,1
"COG2094",0,0,1,1,0,1
"COG2095",3,1,4,8,2,1
"COG2096",3,2,3,5,2,1
"COG2099",4,4,6,0,4,4
"COG2102",0,0,0,0,0,0
"COG2103",0,3,4,2,1,0
"COG2104",0,0,0,0,0,1
"COG2105",0,0,0,0,0,0
"COG2107",0,0,0,0,1,0
"COG2108",0,0,0,0,0,0
"COG2109",1,3,1,2,0,1
"COG2110",2,0,2,1,3,3
"COG2111",0,0,0,0,0,0
"COG2113",1,1,1,0,0,1
"COG2114",0,1,0,0,0,0
"COG2115",4,2,3,3,2,2
"COG2116",3,3,2,0,1,2
"COG2119",0,0,0,0,0,0
"COG2120",0,0,0,1,0,0
"COG2121",0,0,0,0,0,0
"COG2122",0,0,0,0,0,0
"COG2127",0,0,0,0,0,0
"COG2128",0,0,0,0,0,0
"COG2129",0,0,1,0,0,0
"COG2130",0,0,0,0,0,0
"COG2131",1,2,5,1,4,1
"COG2132",0,0,0,0,0,1
"COG2133",0,1,0,0,0,0
"COG2134",0,0,0,0,0,0
"COG2135",0,0,0,0,1,2
"COG2137",0,0,1,0,0,0
"COG2140",3,0,0,1,0,1
"COG2141",0,0,0,0,0,0
"COG2142",0,0,0,0,0,0
"COG2143",0,0,0,0,0,0
"COG2145",0,0,1,1,1,5
"COG2146",0,0,0,0,0,0
"COG2148",17,15,17,10,8,7
"COG2149",0,0,0,0,0,0
"COG2151",0,0,0,5,0,1
"COG2152",3,5,10,7,8,2
"COG2153",0,0,0,0,0,0
"COG2155",0,0,1,0,0,0
"COG2156",0,1,2,1,1,0
"COG2158",1,0,1,1,0,0
"COG2159",3,2,0,2,1,0
"COG2160",3,2,2,8,2,1
"COG2161",0,0,0,0,0,0
"COG2162",0,0,0,0,0,0
"COG2163",0,0,0,0,0,0
"COG2165",0,0,0,0,0,1
"COG2166",1,3,2,3,3,0
"COG2168",0,0,0,0,0,0
"COG2169",0,1,1,2,0,0
"COG2170",0,0,0,1,0,0
"COG2171",0,0,0,1,0,5
"COG2172",3,1,0,1,1,0
"COG2173",4,0,0,3,0,0
"COG2175",0,0,0,0,0,0
"COG2176",4,9,4,1,6,10
"COG2177",3,8,2,1,5,2
"COG2179",0,2,3,1,0,0
"COG2180",0,1,0,0,0,0
"COG2181",0,0,0,0,0,0
"COG2182",4,1,8,0,0,6
"COG2183",12,6,6,13,10,3
"COG2184",1,1,0,1,0,1
"COG2185",7,5,8,9,4,1
"COG2186",4,2,4,0,6,9
"COG2188",2,6,3,3,2,5
"COG2189",6,2,1,3,2,2
"COG2190",2,0,1,2,4,12
"COG2191",0,0,0,0,0,0
"COG2192",0,0,2,0,0,1
"COG2193",0,0,1,1,0,0
"COG2194",8,11,4,7,4,6
"COG2195",6,10,13,16,13,13
"COG2197",15,14,8,23,16,8
"COG2198",0,0,0,0,0,0
"COG2199",10,13,18,6,17,7
"COG2200",6,4,7,2,14,12
"COG2201",0,0,2,1,2,0
"COG2202",2,3,1,2,5,0
"COG2203",0,0,0,0,0,0
"COG2204",15,19,16,25,22,3
"COG2205",11,4,4,8,5,2
"COG2206",5,3,8,1,8,2
"COG2207",97,63,82,124,91,52
"COG2208",1,4,6,1,3,2
"COG2209",1,2,1,1,0,0
"COG2210",5,2,5,5,4,0
"COG2211",12,18,17,5,19,14
"COG2212",0,0,0,0,0,0
"COG2213",0,1,0,0,0,2
"COG2214",0,5,2,3,2,3
"COG2215",0,0,0,0,0,0
"COG2216",5,4,3,7,2,0
"COG2217",23,24,20,17,29,29
"COG2220",3,4,6,7,3,4
"COG2221",0,0,2,0,2,2
"COG2222",2,1,1,3,2,2
"COG2223",0,0,1,0,0,0
"COG2224",0,0,0,0,0,0
"COG2225",0,1,0,0,0,0
"COG2226",1,2,2,2,0,2
"COG2227",2,0,0,0,0,0
"COG2230",0,0,0,1,0,5
"COG2231",0,0,0,0,0,0
"COG2233",4,12,4,6,7,12
"COG2234",8,4,2,10,7,1
"COG2235",0,1,0,0,0,0
"COG2236",0,0,0,1,0,0
"COG2239",5,5,10,2,8,4
"COG2240",1,3,5,3,4,2
"COG2241",6,2,3,2,0,3
"COG2242",4,5,5,4,2,5
"COG2243",0,2,2,5,3,0
"COG2244",31,25,17,22,11,21
"COG2246",0,1,0,0,0,2
"COG2247",0,0,0,0,0,0
"COG2249",1,1,2,1,0,1
"COG2250",0,0,0,0,0,0
"COG2252",0,3,4,1,2,14
"COG2253",0,0,0,0,0,0
"COG2255",5,10,0,2,2,4
"COG2256",6,8,5,4,6,9
"COG2257",0,0,1,0,0,0
"COG2258",1,0,2,1,0,0
"COG2259",0,1,1,0,1,0
"COG2261",0,0,0,0,0,1
"COG2262",4,4,8,4,1,7
"COG2264",2,2,4,6,3,1
"COG2265",8,12,9,4,9,10
"COG2267",0,3,2,1,3,6
"COG2268",0,1,1,4,3,3
"COG2269",0,0,0,0,0,0
"COG2270",0,1,4,1,2,2
"COG2271",3,4,8,5,4,0
"COG2272",2,1,2,0,2,10
"COG2273",7,5,4,2,1,1
"COG2274",7,9,17,13,5,2
"COG2301",1,0,0,0,0,1
"COG2302",2,5,2,0,1,1
"COG2303",0,0,0,0,0,0
"COG2304",5,4,8,13,9,3
"COG2306",0,0,0,0,0,0
"COG2307",0,0,0,0,0,5
"COG2308",1,0,0,0,0,4
"COG2309",3,1,3,2,1,1
"COG2310",0,1,2,0,0,0
"COG2311",2,1,2,7,2,2
"COG2312",0,0,0,0,0,0
"COG2313",0,1,0,0,0,0
"COG2314",0,0,0,0,0,0
"COG2315",4,1,0,2,1,1
"COG2316",1,1,0,0,0,0
"COG2317",0,0,1,0,0,1
"COG2318",0,0,0,0,0,0
"COG2319",0,0,0,1,0,0
"COG2320",0,0,0,0,0,0
"COG2321",0,0,0,1,0,0
"COG2323",2,1,1,0,0,0
"COG2326",1,1,2,2,0,4
"COG2327",1,2,0,3,0,5
"COG2329",0,1,0,0,0,0
"COG2331",0,0,1,0,0,0
"COG2332",1,1,0,0,0,0
"COG2333",3,13,1,6,1,9
"COG2334",0,0,0,0,0,2
"COG2335",0,0,0,0,0,0
"COG2336",0,0,0,0,0,0
"COG2337",4,4,2,0,3,4
"COG2339",0,1,1,0,0,2
"COG2340",0,0,2,0,1,0
"COG2342",0,0,0,0,0,0
"COG2344",7,0,2,4,3,3
"COG2346",0,0,0,0,0,0
"COG2348",0,0,0,0,1,2
"COG2350",0,0,0,0,0,0
"COG2351",0,0,0,0,0,0
"COG2352",0,0,0,0,0,3
"COG2353",0,0,0,0,0,0
"COG2354",0,0,0,0,0,0
"COG2355",5,3,0,7,3,1
"COG2356",0,0,0,0,0,0
"COG2357",2,5,7,1,5,4
"COG2358",2,0,1,4,2,5
"COG2359",0,0,1,0,0,0
"COG2360",0,1,0,1,1,0
"COG2361",1,0,1,1,0,0
"COG2362",0,0,0,1,0,1
"COG2363",0,0,0,0,0,0
"COG2364",1,3,2,0,3,3
"COG2365",3,0,2,4,1,1
"COG2366",0,0,0,0,0,0
"COG2367",0,3,0,6,1,1
"COG2368",0,1,0,1,0,1
"COG2369",2,0,0,0,0,0
"COG2371",0,0,0,0,0,0
"COG2372",0,0,0,0,0,0
"COG2373",9,13,2,17,9,1
"COG2374",0,1,0,0,3,2
"COG2375",0,0,0,0,0,0
"COG2376",3,3,0,2,1,2
"COG2377",1,0,1,0,0,1
"COG2378",3,4,4,1,3,0
"COG2379",0,1,2,1,1,0
"COG2382",6,4,8,6,4,0
"COG2384",1,0,1,0,0,0
"COG2385",4,6,9,2,5,6
"COG2386",0,1,0,0,0,0
"COG2388",1,0,1,0,2,0
"COG2390",2,1,0,2,0,3
"COG2391",0,0,0,1,0,0
"COG2404",0,2,0,0,0,0
"COG2405",0,0,0,0,0,0
"COG2406",0,0,0,1,0,0
"COG2407",10,6,12,9,4,1
"COG2409",0,0,0,0,0,0
"COG2414",2,0,0,1,0,0
"COG2421",0,0,0,0,0,2
"COG2423",2,0,1,1,1,0
"COG2425",1,0,1,1,1,0
"COG2426",0,0,0,0,0,0
"COG2431",3,5,5,7,1,0
"COG2440",0,0,0,0,0,0
"COG2452",0,2,1,1,0,2
"COG2453",0,0,0,0,0,0
"COG2454",0,0,0,0,0,0
"COG2461",1,0,0,0,2,1
"COG2501",0,0,0,0,2,0
"COG2502",8,4,3,2,0,4
"COG2503",0,0,0,0,0,0
"COG2508",8,6,5,1,3,11
"COG2509",7,9,10,1,2,2
"COG2510",0,1,1,0,0,0
"COG2513",2,2,0,0,0,0
"COG2514",0,0,0,0,0,0
"COG2515",0,2,0,0,0,1
"COG2516",0,0,0,0,0,0
"COG2518",0,0,0,1,0,0
"COG2519",0,0,0,0,0,4
"COG2602",2,1,0,1,0,0
"COG2603",0,0,0,0,0,0
"COG2604",1,1,1,0,2,1
"COG2605",3,3,4,5,4,4
"COG2606",2,4,5,0,3,3
"COG2607",1,2,4,0,3,2
"COG2608",2,0,2,0,0,0
"COG2609",0,0,0,0,0,0
"COG2610",2,1,1,6,2,7
"COG2703",0,0,1,0,0,0
"COG2704",2,3,7,2,1,1
"COG2706",3,3,0,0,0,3
"COG2707",0,0,0,0,0,0
"COG2710",0,2,4,2,1,2
"COG2715",7,4,3,4,6,3
"COG2716",0,0,0,0,0,0
"COG2717",0,0,0,1,1,0
"COG2718",0,0,0,0,1,0
"COG2719",0,0,0,0,0,0
"COG2720",1,2,0,3,0,4
"COG2721",2,3,4,4,7,2
"COG2723",2,6,3,2,7,16
"COG2730",9,1,4,4,6,3
"COG2731",2,1,2,4,3,1
"COG2732",0,0,0,0,0,0
"COG2733",0,3,0,0,0,4
"COG2738",5,3,3,4,1,0
"COG2739",1,1,1,0,0,0
"COG2740",1,1,1,0,0,2
"COG2746",0,0,0,0,2,0
"COG2747",0,0,0,0,0,0
"COG2755",15,12,13,13,19,6
"COG2759",1,5,1,3,8,8
"COG2761",0,0,0,0,0,0
"COG2764",0,0,0,0,0,0
"COG2766",0,0,0,0,0,0
"COG2768",3,5,4,2,4,2
"COG2770",0,0,0,0,0,0
"COG2771",1,0,0,0,0,1
"COG2801",13,12,22,8,23,39
"COG2804",0,6,1,2,5,5
"COG2805",1,3,1,0,3,4
"COG2807",0,0,0,0,0,0
"COG2812",9,16,9,8,9,11
"COG2813",0,0,0,0,0,1
"COG2814",1,0,2,2,3,8
"COG2815",0,1,1,1,3,5
"COG2816",2,2,2,2,2,2
"COG2818",4,4,1,2,1,0
"COG2819",2,1,2,2,3,2
"COG2820",1,3,5,8,1,2
"COG2821",0,0,0,1,0,0
"COG2822",0,0,0,0,0,0
"COG2823",0,0,0,0,1,0
"COG2824",0,0,0,0,0,0
"COG2825",0,0,0,0,1,0
"COG2826",4,8,7,2,2,13
"COG2827",0,0,2,0,0,0
"COG2828",0,0,0,0,0,0
"COG2829",0,0,0,0,0,0
"COG2830",0,2,4,2,0,1
"COG2831",0,1,0,1,0,0
"COG2832",0,0,0,1,0,0
"COG2834",0,1,0,0,0,0
"COG2835",0,0,0,0,0,0
"COG2836",1,0,0,0,2,0
"COG2837",0,0,0,1,1,0
"COG2839",0,0,1,1,2,0
"COG2840",0,1,0,0,0,0
"COG2841",0,0,0,0,0,0
"COG2842",0,0,0,0,1,0
"COG2843",3,5,3,5,4,1
"COG2844",0,0,1,0,0,4
"COG2845",0,0,0,0,0,0
"COG2846",1,0,1,2,0,2
"COG2848",2,8,8,0,3,7
"COG2849",0,1,5,3,1,0
"COG2850",0,0,0,0,0,0
"COG2851",0,0,1,0,0,0
"COG2852",0,1,0,1,0,0
"COG2853",0,1,0,0,0,0
"COG2854",0,0,0,0,0,0
"COG2855",5,5,2,3,4,0
"COG2856",5,5,1,2,0,3
"COG2859",2,3,0,1,1,2
"COG2860",4,0,2,3,3,1
"COG2861",0,0,1,0,0,0
"COG2862",0,0,0,0,0,0
"COG2863",0,0,0,0,0,0
"COG2864",0,0,2,1,1,0
"COG2865",12,11,6,8,10,15
"COG2866",2,3,0,0,3,0
"COG2867",0,0,0,0,0,0
"COG2868",1,1,0,0,0,0
"COG2869",3,0,3,2,0,0
"COG2870",2,1,1,1,0,0
"COG2871",2,1,2,1,2,1
"COG2872",0,0,2,0,4,1
"COG2873",13,6,13,1,10,9
"COG2875",3,5,3,3,6,4
"COG2876",3,8,8,2,2,1
"COG2877",3,4,3,2,3,2
"COG2878",1,0,3,2,5,2
"COG2879",0,0,0,0,0,0
"COG2882",0,0,0,0,0,0
"COG2884",3,5,1,4,0,2
"COG2885",4,8,6,9,7,3
"COG2887",0,0,0,0,0,12
"COG2890",6,5,5,5,6,3
"COG2891",0,0,0,0,0,0
"COG2893",1,2,0,1,0,4
"COG2894",2,1,2,0,4,3
"COG2895",7,2,6,2,4,3
"COG2896",1,3,3,0,1,4
"COG2897",1,0,0,0,1,1
"COG2898",0,0,0,0,0,8
"COG2900",0,0,0,0,0,0
"COG2901",0,0,0,0,0,0
"COG2904",1,1,0,0,0,0
"COG2906",0,0,0,0,0,0
"COG2907",0,0,0,0,0,0
"COG2908",4,1,1,3,3,0
"COG2909",0,1,3,1,2,1
"COG2910",0,1,0,1,1,0
"COG2911",0,4,0,0,0,2
"COG2912",0,0,0,0,0,0
"COG2913",0,0,0,1,0,0
"COG2914",0,0,0,0,0,0
"COG2915",0,0,0,0,0,0
"COG2916",0,0,0,0,0,0
"COG2917",0,0,0,0,0,0
"COG2918",0,0,0,0,1,2
"COG2919",0,0,0,0,0,1
"COG2920",0,0,0,0,0,0
"COG2921",0,0,0,0,0,0
"COG2922",0,0,0,0,0,0
"COG2923",0,0,0,0,1,0
"COG2924",0,0,0,0,0,0
"COG2925",1,0,0,1,0,0
"COG2926",0,0,0,0,0,0
"COG2927",0,0,0,0,0,0
"COG2928",0,0,0,0,0,0
"COG2929",0,0,0,0,1,0
"COG2931",0,2,0,2,0,0
"COG2932",3,2,1,0,2,0
"COG2933",0,0,0,1,0,0
"COG2935",0,0,0,0,0,0
"COG2936",1,2,3,3,1,2
"COG2937",0,0,0,0,0,0
"COG2938",0,0,0,0,0,0
"COG2939",0,0,0,0,0,0
"COG2942",6,2,3,7,4,2
"COG2943",0,0,0,0,0,0
"COG2944",0,0,1,0,0,0
"COG2945",0,0,0,0,0,0
"COG2946",1,1,1,0,1,1
"COG2947",0,0,0,0,0,0
"COG2948",0,0,0,0,0,1
"COG2949",0,0,0,0,2,0
"COG2951",0,0,0,0,0,0
"COG2954",2,4,0,3,2,2
"COG2956",0,0,0,0,0,0
"COG2957",4,2,7,5,3,4
"COG2958",0,0,0,0,0,0
"COG2959",0,0,0,0,0,0
"COG2960",1,0,0,0,0,0
"COG2961",0,0,0,0,0,0
"COG2962",1,0,0,1,0,3
"COG2963",1,4,2,2,2,7
"COG2964",1,1,1,0,1,1
"COG2965",0,0,0,0,0,0
"COG2966",1,3,3,3,2,2
"COG2967",1,0,0,0,0,0
"COG2968",0,1,0,0,1,0
"COG2969",0,0,0,0,0,0
"COG2971",1,0,0,0,0,0
"COG2972",22,20,42,4,37,26
"COG2973",0,0,0,0,0,0
"COG2974",0,0,0,0,0,0
"COG2975",0,0,0,0,0,0
"COG2976",0,0,0,0,0,0
"COG2977",0,0,0,0,0,0
"COG2978",0,1,0,6,1,3
"COG2979",0,0,0,0,0,0
"COG2980",0,0,0,0,0,0
"COG2981",0,0,0,0,0,0
"COG2982",0,0,0,0,1,0
"COG2983",0,0,0,0,0,0
"COG2984",4,2,2,1,3,4
"COG2985",18,8,14,24,16,2
"COG2986",5,1,3,5,2,1
"COG2987",10,1,1,7,2,0
"COG2988",0,0,0,1,0,0
"COG2989",0,0,0,0,0,0
"COG2990",1,0,0,0,0,1
"COG2991",0,0,0,0,0,0
"COG2992",0,0,0,0,0,0
"COG2994",0,0,0,0,0,0
"COG2995",0,0,0,0,0,0
"COG2996",4,4,5,3,5,4
"COG2998",0,0,0,0,0,0
"COG2999",0,0,0,0,0,0
"COG3001",0,0,0,0,0,5
"COG3004",1,1,2,5,1,2
"COG3005",1,0,0,1,1,0
"COG3006",0,0,0,0,0,0
"COG3007",0,0,0,0,0,0
"COG3008",0,0,0,1,0,0
"COG3009",0,0,0,1,0,0
"COG3010",0,1,1,2,1,3
"COG3012",0,0,0,0,0,0
"COG3013",0,0,0,0,0,0
"COG3014",0,0,0,1,0,0
"COG3015",3,0,0,1,1,0
"COG3016",0,0,0,2,1,0
"COG3017",0,0,0,0,0,0
"COG3019",0,0,0,0,0,0
"COG3021",3,3,3,3,5,0
"COG3022",6,2,1,5,1,0
"COG3023",1,0,6,5,5,1
"COG3024",0,0,0,0,0,0
"COG3025",0,0,0,1,0,0
"COG3026",0,0,0,0,0,0
"COG3027",0,1,0,0,0,0
"COG3028",0,0,3,0,0,0
"COG3029",0,0,0,0,0,0
"COG3030",0,0,0,0,0,0
"COG3031",0,0,0,0,0,0
"COG3033",2,1,0,0,1,0
"COG3034",0,0,0,0,0,0
"COG3036",0,0,0,0,0,0
"COG3037",0,0,0,0,0,5
"COG3038",0,0,0,0,0,0
"COG3039",2,4,1,22,1,0
"COG3040",0,0,0,0,1,0
"COG3041",0,1,0,1,0,0
"COG3042",0,0,0,0,0,0
"COG3043",0,0,0,0,0,0
"COG3044",2,0,0,1,1,1
"COG3045",1,0,0,0,0,0
"COG3047",0,0,0,0,0,0
"COG3048",0,1,1,1,1,0
"COG3049",6,3,4,7,6,6
"COG3050",0,0,0,0,0,0
"COG3051",0,1,0,0,0,2
"COG3052",0,0,0,0,0,0
"COG3053",0,0,0,0,0,1
"COG3054",0,0,0,0,0,0
"COG3055",1,0,0,3,0,0
"COG3056",0,0,0,0,0,0
"COG3057",0,0,0,0,0,0
"COG3058",0,1,0,0,0,0
"COG3059",3,0,1,2,3,0
"COG3060",0,0,0,0,0,0
"COG3061",0,0,0,0,0,0
"COG3062",0,0,0,0,0,0
"COG3063",0,0,0,0,0,0
"COG3064",0,0,0,0,0,0
"COG3065",0,0,0,0,0,0
"COG3066",0,0,0,0,0,0
"COG3067",0,0,0,0,0,0
"COG3068",0,0,0,0,0,0
"COG3069",0,2,3,1,1,0
"COG3070",0,0,1,0,1,1
"COG3071",0,0,0,0,0,0
"COG3072",0,0,0,0,0,0
"COG3073",0,0,0,0,0,0
"COG3074",0,0,0,0,0,0
"COG3075",0,2,3,4,1,0
"COG3076",0,0,0,0,0,0
"COG3077",1,1,0,0,1,1
"COG3078",0,0,0,0,0,0
"COG3079",0,0,0,0,0,0
"COG3080",0,0,0,0,0,0
"COG3081",1,0,0,0,0,0
"COG3082",0,0,0,0,0,0
"COG3083",1,1,0,0,0,0
"COG3084",0,0,0,0,0,0
"COG3085",0,0,0,0,0,0
"COG3086",0,0,0,0,0,0
"COG3087",0,0,0,0,0,0
"COG3088",1,0,1,0,0,0
"COG3089",0,0,0,0,0,0
"COG3090",3,1,3,2,3,3
"COG3091",0,0,0,0,0,1
"COG3092",0,0,0,0,0,0
"COG3093",0,1,1,2,1,0
"COG3094",0,0,0,0,0,0
"COG3095",0,0,0,0,0,0
"COG3096",0,0,0,0,0,0
"COG3097",0,0,0,0,0,0
"COG3098",0,0,0,0,0,0
"COG3099",0,0,0,0,0,0
"COG3100",0,0,0,0,0,0
"COG3101",0,0,0,0,0,0
"COG3102",0,0,0,0,0,0
"COG3103",1,3,4,1,1,1
"COG3104",7,2,5,7,3,5
"COG3105",0,0,0,0,0,0
"COG3106",0,0,0,0,0,0
"COG3107",0,0,0,0,0,0
"COG3108",0,0,0,0,0,0
"COG3109",0,0,0,0,0,0
"COG3110",0,0,0,0,0,0
"COG3111",1,0,0,0,0,0
"COG3112",0,0,0,0,0,0
"COG3113",0,0,1,0,0,0
"COG3114",0,0,0,0,0,0
"COG3115",0,0,0,0,0,0
"COG3116",0,0,0,0,0,0
"COG3117",0,0,0,0,0,0
"COG3118",0,0,0,0,0,1
"COG3119",44,23,35,64,43,10
"COG3120",0,0,0,0,0,0
"COG3121",0,0,0,0,0,0
"COG3122",0,0,0,0,0,0
"COG3123",0,0,0,0,0,0
"COG3124",0,0,0,0,0,0
"COG3125",0,0,0,0,0,0
"COG3126",0,0,0,0,0,0
"COG3127",0,0,0,0,0,0
"COG3128",0,0,0,0,0,0
"COG3129",0,0,0,2,1,0
"COG3130",0,0,0,0,0,0
"COG3131",0,0,0,0,0,0
"COG3132",0,0,0,0,0,0
"COG3133",0,0,0,0,0,0
"COG3134",0,0,0,0,0,0
"COG3135",0,0,0,0,0,0
"COG3136",0,0,0,0,0,0
"COG3137",0,0,0,0,0,0
"COG3138",0,0,0,0,0,0
"COG3139",0,0,0,0,0,0
"COG3140",0,0,0,0,0,0
"COG3141",0,0,0,0,0,0
"COG3142",2,2,3,3,2,1
"COG3143",0,0,0,0,1,0
"COG3144",0,0,0,0,1,0
"COG3145",0,0,0,0,0,0
"COG3147",0,0,0,0,0,0
"COG3148",0,0,0,0,0,0
"COG3149",0,0,0,0,0,0
"COG3150",2,0,0,0,0,0
"COG3151",0,0,0,0,0,0
"COG3152",0,1,1,0,1,0
"COG3153",0,0,0,1,1,0
"COG3154",0,0,0,0,0,0
"COG3155",0,0,0,0,0,0
"COG3156",0,0,0,0,0,0
"COG3157",0,0,0,0,0,0
"COG3158",0,0,0,1,0,4
"COG3159",0,0,0,0,0,0
"COG3160",0,0,0,0,0,0
"COG3161",0,0,0,0,0,0
"COG3162",0,0,0,0,0,0
"COG3164",0,1,0,0,0,0
"COG3165",0,0,0,0,0,0
"COG3166",0,0,0,0,0,0
"COG3169",1,1,1,1,3,0
"COG3171",0,0,0,0,0,0
"COG3172",0,0,0,0,0,1
"COG3173",0,0,1,0,0,0
"COG3174",2,1,0,0,4,0
"COG3176",9,4,4,5,2,0
"COG3177",8,12,7,8,5,8
"COG3178",4,1,3,6,1,0
"COG3179",0,0,0,0,0,0
"COG3180",0,0,0,0,0,0
"COG3181",0,0,1,1,1,0
"COG3182",0,0,0,1,2,1
"COG3183",1,0,0,0,0,0
"COG3185",0,0,0,0,0,0
"COG3187",1,3,1,6,1,1
"COG3188",0,0,1,1,0,0
"COG3189",0,1,0,1,1,0
"COG3190",0,0,0,0,0,0
"COG3191",1,1,3,0,0,1
"COG3192",0,0,0,0,1,0
"COG3193",0,0,0,0,1,0
"COG3194",0,0,0,0,0,0
"COG3195",0,0,0,0,0,0
"COG3196",0,0,0,0,1,0
"COG3199",0,0,0,0,0,0
"COG3201",2,1,2,0,1,0
"COG3203",2,1,2,4,3,0
"COG3204",0,0,0,0,0,0
"COG3206",4,5,6,5,4,1
"COG3208",1,0,0,0,0,0
"COG3209",28,9,12,1,3,6
"COG3210",0,0,0,1,0,1
"COG3211",0,0,0,0,0,0
"COG3212",0,0,0,0,0,0
"COG3213",0,0,0,0,0,0
"COG3214",0,0,0,1,0,0
"COG3216",0,0,0,0,0,0
"COG3217",0,0,0,0,0,0
"COG3218",0,0,0,0,0,0
"COG3219",0,0,0,0,0,0
"COG3220",0,0,0,0,0,0
"COG3221",0,0,0,0,3,3
"COG3222",0,0,0,0,0,0
"COG3223",0,0,0,0,0,0
"COG3224",0,0,0,0,0,0
"COG3225",4,5,6,0,2,8
"COG3226",0,0,0,0,0,0
"COG3227",0,0,0,0,0,0
"COG3228",0,0,0,0,0,0
"COG3231",0,0,0,1,0,0
"COG3232",0,0,0,0,0,0
"COG3234",0,0,0,0,0,0
"COG3236",1,1,0,0,0,0
"COG3237",0,0,0,0,0,0
"COG3238",0,0,0,0,1,0
"COG3239",0,0,0,0,0,0
"COG3242",0,0,0,0,0,0
"COG3243",0,0,0,0,0,0
"COG3246",0,0,1,1,1,1
"COG3247",0,0,0,0,0,2
"COG3248",0,0,0,0,0,0
"COG3250",87,51,78,130,101,34
"COG3251",0,0,0,0,0,0
"COG3252",0,0,0,0,0,0
"COG3253",0,0,0,0,0,0
"COG3254",1,1,1,1,0,0
"COG3256",0,0,0,0,0,0
"COG3257",0,0,0,1,0,0
"COG3259",0,0,0,0,0,0
"COG3260",0,1,0,0,0,0
"COG3261",0,0,1,0,0,0
"COG3262",0,0,0,0,0,0
"COG3263",5,4,3,4,4,1
"COG3264",0,1,1,1,1,0
"COG3265",0,0,0,0,0,0
"COG3266",0,0,0,0,0,0
"COG3267",0,0,0,0,1,0
"COG3268",0,0,0,0,0,0
"COG3270",0,0,0,0,0,1
"COG3271",0,0,0,0,0,0
"COG3272",0,0,0,0,0,0
"COG3274",3,5,5,1,3,1
"COG3275",7,8,14,10,6,1
"COG3276",0,1,0,0,0,2
"COG3279",18,16,18,15,11,11
"COG3283",0,1,0,0,0,0
"COG3284",0,2,1,0,0,0
"COG3287",1,1,1,0,0,2
"COG3288",0,0,0,0,0,2
"COG3290",0,1,0,1,1,0
"COG3291",1,0,1,2,1,0
"COG3292",87,45,57,103,94,8
"COG3293",0,2,1,1,1,0
"COG3294",0,0,0,0,1,0
"COG3296",0,0,0,0,0,0
"COG3297",0,0,0,0,0,0
"COG3299",0,1,0,1,1,6
"COG3301",0,0,0,1,0,0
"COG3302",0,0,0,0,0,0
"COG3303",0,1,1,0,1,0
"COG3304",0,1,0,0,0,0
"COG3306",0,0,0,0,0,0
"COG3307",1,1,0,0,1,2
"COG3309",0,1,0,0,0,0
"COG3311",0,0,0,0,0,0
"COG3312",0,0,0,0,0,0
"COG3313",0,0,0,0,0,0
"COG3314",5,1,0,0,3,4
"COG3315",1,0,0,0,2,0
"COG3316",0,0,0,0,0,0
"COG3317",0,0,0,0,0,0
"COG3318",0,0,0,0,0,0
"COG3319",0,0,0,0,0,0
"COG3320",1,2,0,0,1,0
"COG3321",1,1,0,0,0,0
"COG3323",2,2,1,3,2,0
"COG3324",0,0,0,0,0,0
"COG3325",2,2,2,4,3,0
"COG3326",0,0,1,1,1,0
"COG3327",0,0,0,0,0,0
"COG3328",10,8,5,30,7,11
"COG3330",0,2,0,0,0,0
"COG3331",0,0,3,0,1,0
"COG3333",0,1,2,2,0,0
"COG3335",3,1,1,0,0,0
"COG3338",0,0,0,0,0,0
"COG3339",0,0,0,0,0,0
"COG3340",6,4,2,0,0,1
"COG3341",5,1,3,1,1,1
"COG3343",0,0,0,0,0,1
"COG3344",29,15,10,15,19,16
"COG3345",7,5,9,6,9,14
"COG3347",0,0,0,0,0,0
"COG3350",0,0,0,0,0,0
"COG3359",3,0,1,1,1,2
"COG3366",0,1,0,0,0,0
"COG3369",0,0,0,0,0,0
"COG3376",0,0,0,0,0,0
"COG3378",7,6,1,2,2,1
"COG3379",0,0,0,0,0,0
"COG3381",0,0,0,0,0,0
"COG3382",0,3,2,1,0,3
"COG3383",0,0,1,1,0,0
"COG3384",0,0,0,1,0,2
"COG3385",6,12,4,4,2,1
"COG3386",1,3,1,1,1,0
"COG3387",1,4,0,1,0,1
"COG3391",1,2,0,5,1,0
"COG3392",0,1,0,0,0,0
"COG3393",0,0,0,0,0,0
"COG3394",1,3,0,2,1,2
"COG3395",2,4,1,2,0,0
"COG3396",0,0,0,0,0,0
"COG3397",0,0,0,0,0,0
"COG3401",2,0,0,0,0,0
"COG3402",1,0,0,1,0,0
"COG3404",3,2,2,3,0,3
"COG3405",1,0,3,2,0,0
"COG3407",0,0,0,0,0,0
"COG3408",9,2,4,10,8,6
"COG3409",0,7,5,3,1,4
"COG3410",1,0,0,1,1,1
"COG3411",0,0,0,0,0,0
"COG3412",0,0,0,0,0,0
"COG3414",0,0,0,0,0,3
"COG3415",0,0,0,0,0,0
"COG3416",0,0,0,0,0,0
"COG3417",0,0,0,0,0,0
"COG3418",0,0,0,0,0,0
"COG3420",0,0,0,0,0,0
"COG3421",0,0,0,1,2,0
"COG3422",0,0,0,0,0,0
"COG3423",0,0,0,0,0,0
"COG3425",0,0,0,0,2,1
"COG3426",2,5,1,5,3,0
"COG3428",0,0,0,2,0,0
"COG3429",0,0,0,0,0,1
"COG3433",0,0,0,0,0,0
"COG3434",0,0,1,0,0,0
"COG3435",0,0,0,0,0,0
"COG3436",28,19,19,26,19,16
"COG3437",4,0,7,3,9,1
"COG3439",0,0,0,2,0,0
"COG3440",0,0,0,0,0,0
"COG3442",0,3,0,0,0,3
"COG3443",1,0,0,0,0,0
"COG3444",0,2,1,0,1,5
"COG3445",0,0,0,0,0,0
"COG3447",0,0,0,0,0,0
"COG3448",0,0,0,0,0,0
"COG3449",2,1,1,4,1,0
"COG3450",0,0,0,0,0,0
"COG3451",23,25,44,19,31,12
"COG3452",1,0,2,1,2,2
"COG3454",0,0,0,0,0,0
"COG3455",0,0,0,0,0,0
"COG3456",0,0,0,0,0,0
"COG3457",0,0,0,0,0,0
"COG3458",4,1,4,12,1,2
"COG3459",3,4,3,1,9,11
"COG3460",0,0,0,0,0,0
"COG3463",0,0,0,0,1,0
"COG3464",16,27,9,33,6,10
"COG3467",0,2,4,3,3,7
"COG3468",1,3,2,8,2,1
"COG3469",1,0,0,0,0,0
"COG3470",0,0,0,0,0,3
"COG3471",0,0,0,0,0,0
"COG3472",0,2,0,0,0,0
"COG3473",0,0,0,0,0,0
"COG3475",6,0,2,3,2,6
"COG3476",2,1,1,2,0,1
"COG3477",0,0,0,0,0,0
"COG3478",0,0,0,0,0,0
"COG3479",0,0,0,0,0,0
"COG3480",0,0,0,0,0,0
"COG3481",5,3,5,0,0,1
"COG3484",0,0,0,0,0,0
"COG3485",0,0,0,0,0,0
"COG3486",0,0,0,0,0,0
"COG3487",1,1,2,1,1,0
"COG3488",3,0,3,2,3,0
"COG3491",0,0,0,0,0,0
"COG3493",0,0,1,1,0,1
"COG3494",1,0,0,0,0,1
"COG3496",0,0,0,0,0,0
"COG3497",0,0,1,1,0,0
"COG3498",0,1,0,0,0,0
"COG3499",0,0,0,0,0,0
"COG3500",0,0,0,3,3,0
"COG3501",7,3,13,0,3,0
"COG3503",0,0,0,0,0,0
"COG3504",0,0,0,0,0,1
"COG3505",16,21,24,12,26,7
"COG3506",1,0,0,3,0,0
"COG3507",37,23,31,36,24,9
"COG3509",0,0,1,0,0,0
"COG3512",0,0,0,0,0,1
"COG3513",4,2,0,7,1,5
"COG3514",0,0,0,0,0,0
"COG3515",0,0,0,0,0,0
"COG3516",0,0,0,0,0,0
"COG3517",0,0,0,0,0,0
"COG3518",0,0,0,0,0,0
"COG3519",0,0,0,0,0,0
"COG3520",0,0,0,0,0,0
"COG3521",0,0,0,0,0,0
"COG3522",0,0,0,0,0,1
"COG3523",0,0,2,0,0,0
"COG3524",0,0,0,0,0,0
"COG3525",43,30,27,44,27,15
"COG3526",0,0,0,0,0,0
"COG3527",0,0,0,0,0,3
"COG3528",0,0,0,0,0,0
"COG3529",0,0,0,0,0,0
"COG3530",0,0,0,0,0,0
"COG3533",11,8,14,25,23,8
"COG3534",15,4,14,12,14,4
"COG3535",0,0,0,0,0,0
"COG3536",0,0,1,0,0,0
"COG3537",34,27,24,71,31,8
"COG3538",7,3,4,5,0,7
"COG3539",0,2,0,1,0,0
"COG3541",1,0,0,1,0,0
"COG3542",0,0,0,0,0,0
"COG3543",0,0,0,1,0,1
"COG3544",0,0,0,0,0,0
"COG3545",0,0,0,0,0,0
"COG3546",2,1,2,1,1,1
"COG3547",20,17,27,18,16,4
"COG3548",0,0,0,1,0,0
"COG3549",0,0,0,0,0,0
"COG3550",11,2,4,11,8,1
"COG3552",0,0,0,0,0,0
"COG3555",0,0,0,0,0,0
"COG3557",0,0,0,0,0,0
"COG3558",0,0,0,0,0,0
"COG3560",3,0,1,2,3,0
"COG3561",0,0,0,0,2,0
"COG3562",0,0,0,0,0,0
"COG3563",1,0,0,0,0,0
"COG3566",1,1,0,0,1,0
"COG3567",1,0,0,1,0,0
"COG3568",6,6,1,6,8,1
"COG3570",0,0,0,0,0,0
"COG3572",0,1,1,0,1,2
"COG3575",0,0,0,0,0,0
"COG3576",0,0,0,0,0,0
"COG3579",2,4,4,11,5,11
"COG3580",6,10,4,4,7,21
"COG3581",9,4,4,1,8,14
"COG3583",1,5,0,1,2,3
"COG3584",0,3,2,0,1,2
"COG3585",1,0,0,0,0,0
"COG3586",0,4,0,0,1,1
"COG3587",3,0,2,10,3,2
"COG3588",0,1,0,0,0,0
"COG3589",0,1,0,0,0,2
"COG3590",4,3,4,7,6,6
"COG3591",1,0,1,0,0,0
"COG3592",0,0,0,0,0,0
"COG3593",0,0,3,4,1,6
"COG3594",2,5,2,1,2,1
"COG3595",0,1,0,0,0,0
"COG3596",0,0,0,0,0,0
"COG3597",0,0,0,0,1,0
"COG3598",0,2,1,0,1,0
"COG3599",0,1,3,1,1,1
"COG3600",0,0,0,0,0,0
"COG3601",2,0,3,0,2,2
"COG3602",0,0,0,0,1,0
"COG3603",0,0,1,0,0,0
"COG3604",1,1,2,1,4,0
"COG3605",0,0,0,1,1,0
"COG3608",2,0,1,2,3,0
"COG3609",0,0,0,0,0,0
"COG3610",1,0,1,1,0,1
"COG3611",0,0,0,0,0,0
"COG3613",0,0,1,0,0,0
"COG3615",0,0,0,0,0,0
"COG3616",0,0,0,0,0,0
"COG3617",1,0,1,2,4,0
"COG3618",0,0,0,0,0,3
"COG3619",1,1,0,1,3,3
"COG3621",0,0,0,1,0,0
"COG3622",0,0,0,0,0,0
"COG3623",0,1,0,0,0,1
"COG3624",0,0,0,0,0,0
"COG3625",0,1,0,0,0,0
"COG3626",0,1,0,0,0,0
"COG3627",0,0,0,0,0,0
"COG3628",0,0,0,0,0,0
"COG3629",0,1,0,0,0,0
"COG3630",0,0,0,0,0,0
"COG3633",5,0,2,3,2,1
"COG3634",3,3,3,2,1,1
"COG3635",3,2,3,3,3,2
"COG3636",0,0,0,0,0,1
"COG3637",0,0,0,0,0,0
"COG3638",0,0,1,0,2,0
"COG3639",1,1,0,1,2,0
"COG3640",0,0,3,0,2,1
"COG3641",0,0,0,0,2,0
"COG3643",3,0,1,2,3,0
"COG3645",5,6,2,2,2,0
"COG3646",2,1,1,2,2,1
"COG3647",0,0,0,0,0,0
"COG3649",1,1,0,0,1,1
"COG3650",1,0,0,0,0,0
"COG3653",1,0,0,2,0,0
"COG3654",0,1,1,0,0,0
"COG3655",2,2,1,1,1,0
"COG3657",0,0,1,0,0,0
"COG3659",0,0,0,0,0,0
"COG3660",0,0,0,0,0,0
"COG3661",6,2,4,1,6,0
"COG3662",0,0,0,0,0,0
"COG3663",9,2,1,3,2,1
"COG3664",3,0,1,0,0,0
"COG3665",0,0,0,0,0,0
"COG3666",19,30,27,20,18,21
"COG3667",0,0,0,0,0,0
"COG3668",0,0,0,0,0,0
"COG3669",14,9,27,13,20,8
"COG3671",0,0,0,0,1,0
"COG3672",0,0,0,0,0,0
"COG3675",0,0,0,0,0,0
"COG3676",0,3,1,1,0,0
"COG3677",0,0,0,1,0,0
"COG3678",0,0,0,0,0,0
"COG3679",0,0,0,0,0,0
"COG3680",0,0,0,0,0,0
"COG3681",6,4,8,3,4,7
"COG3682",1,0,2,0,2,0
"COG3683",0,0,0,0,0,0
"COG3684",0,0,0,0,0,0
"COG3685",0,0,0,0,0,0
"COG3688",3,0,5,0,5,3
"COG3689",0,0,0,0,0,0
"COG3691",0,0,0,0,0,0
"COG3692",0,0,0,0,0,0
"COG3693",3,2,3,1,2,0
"COG3694",0,0,0,0,0,0
"COG3695",0,3,0,1,2,0
"COG3696",15,3,7,13,15,2
"COG3697",0,0,1,0,0,1
"COG3698",0,0,0,0,0,0
"COG3700",0,0,0,0,0,0
"COG3701",0,0,0,0,0,0
"COG3703",0,0,0,0,0,0
"COG3704",0,0,0,0,0,0
"COG3705",5,3,2,0,1,3
"COG3706",22,15,22,33,35,2
"COG3707",1,0,0,1,1,3
"COG3708",0,1,1,0,0,0
"COG3709",0,0,0,0,0,0
"COG3710",0,0,0,1,0,0
"COG3711",7,5,0,6,2,7
"COG3712",41,16,21,37,37,9
"COG3713",0,0,0,0,0,0
"COG3714",0,0,0,0,0,0
"COG3715",1,0,1,0,1,7
"COG3716",1,0,1,1,1,2
"COG3717",0,3,6,1,7,1
"COG3718",0,2,0,0,0,2
"COG3719",0,0,0,0,0,0
"COG3720",0,0,0,0,0,0
"COG3721",0,0,0,0,0,0
"COG3722",0,0,0,0,0,0
"COG3723",1,0,1,4,0,0
"COG3724",0,0,0,0,0,0
"COG3725",0,0,0,0,0,0
"COG3726",0,0,0,0,0,0
"COG3727",0,1,0,1,0,4
"COG3728",0,1,1,0,0,0
"COG3729",0,0,0,0,0,0
"COG3730",0,0,0,0,0,1
"COG3731",0,1,0,0,0,0
"COG3732",0,0,0,0,0,1
"COG3733",0,0,0,0,0,0
"COG3734",0,0,0,0,0,1
"COG3735",0,0,1,0,2,0
"COG3736",0,0,0,0,0,0
"COG3738",0,1,0,1,0,0
"COG3740",1,0,0,0,1,3
"COG3741",0,0,0,0,0,0
"COG3744",0,0,0,0,0,0
"COG3745",0,0,0,0,0,0
"COG3746",2,0,3,3,1,0
"COG3747",0,0,0,0,0,0
"COG3753",0,0,0,0,0,0
"COG3754",3,1,0,2,4,6
"COG3755",0,0,0,0,0,0
"COG3756",0,0,0,0,0,0
"COG3757",5,1,13,1,3,5
"COG3758",0,0,0,0,0,0
"COG3759",0,0,0,0,0,0
"COG3760",0,0,2,2,1,3
"COG3762",0,0,0,0,0,0
"COG3763",0,1,0,0,0,0
"COG3764",1,1,3,0,1,9
"COG3765",0,0,0,0,0,0
"COG3766",0,0,0,0,0,0
"COG3767",0,0,0,0,0,0
"COG3768",0,0,0,0,0,0
"COG3769",0,0,0,0,0,0
"COG3770",0,0,0,0,0,0
"COG3771",0,0,0,0,0,0
"COG3772",0,0,0,0,0,0
"COG3773",2,5,1,0,4,1
"COG3774",5,1,2,4,6,0
"COG3775",2,3,2,2,2,4
"COG3776",0,0,0,0,0,0
"COG3778",0,0,0,0,0,0
"COG3779",0,0,0,0,0,0
"COG3781",0,0,0,0,0,0
"COG3783",0,0,0,0,0,0
"COG3784",0,0,0,0,0,0
"COG3785",0,0,0,0,0,0
"COG3786",0,0,0,0,1,0
"COG3787",0,0,0,0,0,0
"COG3788",0,0,0,0,0,0
"COG3789",0,0,0,0,0,0
"COG3790",0,0,0,0,0,0
"COG3791",0,0,0,0,0,0
"COG3793",0,0,0,0,0,0
"COG3794",0,0,0,0,0,0
"COG3797",0,0,0,0,0,0
"COG3799",0,0,0,0,0,0
"COG3804",0,0,0,0,0,0
"COG3808",3,1,11,6,5,1
"COG3811",0,0,0,0,0,0
"COG3815",0,0,0,0,0,1
"COG3817",0,0,0,0,0,0
"COG3819",0,1,0,1,0,0
"COG3822",0,0,0,0,0,0
"COG3823",0,0,0,0,0,0
"COG3824",0,0,0,0,0,0
"COG3825",0,0,0,1,0,0
"COG3828",0,0,0,0,0,0
"COG3829",2,3,2,7,2,13
"COG3830",3,5,1,5,7,1
"COG3831",0,0,0,0,0,0
"COG3832",0,0,0,0,0,0
"COG3833",4,0,5,0,1,2
"COG3835",0,0,0,1,0,2
"COG3836",0,2,1,0,0,0
"COG3837",0,0,0,0,0,0
"COG3839",4,1,5,1,0,5
"COG3840",0,0,0,0,0,0
"COG3842",6,11,6,6,5,4
"COG3843",6,10,6,5,12,9
"COG3845",2,5,1,1,1,5
"COG3846",0,0,0,0,1,0
"COG3848",0,2,1,0,1,1
"COG3850",0,0,0,1,0,0
"COG3851",2,0,0,0,0,0
"COG3852",0,0,0,1,0,0
"COG3853",2,0,2,0,1,3
"COG3854",3,1,6,1,2,0
"COG3855",5,6,7,6,5,4
"COG3856",0,1,0,0,0,0
"COG3857",2,7,3,0,9,9
"COG3858",0,3,4,0,0,3
"COG3859",0,3,0,0,1,0
"COG3860",0,0,0,0,0,0
"COG3862",0,1,0,0,1,0
"COG3863",0,0,0,0,0,0
"COG3864",0,2,0,0,0,1
"COG3866",1,1,0,0,0,2
"COG3867",4,2,2,5,0,10
"COG3868",0,0,0,0,0,0
"COG3869",2,6,2,0,1,3
"COG3870",0,1,0,0,0,0
"COG3871",3,1,0,3,0,0
"COG3872",1,1,2,0,2,1
"COG3874",1,1,0,0,0,0
"COG3875",1,2,1,1,1,3
"COG3876",3,1,3,5,3,0
"COG3877",0,0,0,1,0,0
"COG3878",0,0,1,0,0,0
"COG3879",1,4,0,0,0,9
"COG3880",0,4,0,0,1,1
"COG3881",0,0,0,0,0,0
"COG3882",1,0,1,0,2,0
"COG3883",0,0,1,0,0,1
"COG3884",2,5,2,2,2,0
"COG3885",0,0,1,0,0,0
"COG3886",2,0,1,1,1,3
"COG3887",2,6,3,1,1,6
"COG3892",0,0,0,0,0,0
"COG3893",0,0,0,2,0,0
"COG3894",2,4,1,0,3,1
"COG3895",0,0,0,0,0,0
"COG3896",0,0,0,0,0,0
"COG3899",0,0,0,0,0,0
"COG3901",0,2,0,0,0,1
"COG3903",0,0,0,0,0,0
"COG3906",0,0,0,0,0,0
"COG3907",0,0,0,0,0,0
"COG3910",1,1,1,0,0,2
"COG3911",0,0,0,0,0,0
"COG3915",0,0,0,0,0,0
"COG3919",0,0,0,2,1,0
"COG3920",0,0,0,1,0,5
"COG3921",0,0,0,0,0,0
"COG3923",0,0,0,0,0,0
"COG3924",0,0,0,0,0,0
"COG3925",0,0,0,1,0,0
"COG3926",9,1,0,4,0,0
"COG3933",0,0,1,1,0,5
"COG3934",0,0,0,0,0,3
"COG3935",1,6,3,0,3,1
"COG3936",0,0,1,0,0,0
"COG3937",0,0,0,0,0,2
"COG3938",0,1,0,0,0,0
"COG3940",2,1,1,4,1,1
"COG3941",0,0,0,0,0,0
"COG3942",0,0,0,0,0,3
"COG3943",7,5,7,10,3,1
"COG3944",1,0,4,0,0,3
"COG3945",0,0,0,0,0,2
"COG3947",1,0,0,0,0,0
"COG3948",2,1,1,1,0,0
"COG3949",0,1,1,0,1,7
"COG3950",8,2,3,4,3,4
"COG3951",0,0,0,0,0,0
"COG3952",0,0,0,0,1,0
"COG3953",0,0,0,0,0,0
"COG3954",0,0,0,0,0,0
"COG3955",0,0,0,0,0,0
"COG3956",1,2,1,5,1,1
"COG3957",1,1,1,0,0,7
"COG3958",2,7,0,3,3,3
"COG3959",3,3,2,3,1,6
"COG3960",0,0,0,0,0,0
"COG3961",0,0,0,0,0,0
"COG3962",1,3,0,0,0,1
"COG3963",0,0,0,0,0,0
"COG3964",1,1,0,0,0,0
"COG3965",0,0,0,0,0,0
"COG3966",1,0,0,0,0,1
"COG3967",0,0,0,1,0,0
"COG3968",20,9,12,21,17,4
"COG3969",5,2,5,5,4,0
"COG3971",0,0,0,0,0,0
"COG3972",5,0,2,0,0,0
"COG3973",7,2,5,4,1,5
"COG3975",0,0,0,0,0,0
"COG3976",2,1,1,3,1,1
"COG3977",0,1,0,0,0,0
"COG3978",0,0,0,0,0,0
"COG3979",0,0,1,0,0,0
"COG3980",0,0,1,0,1,0
"COG3981",0,0,3,0,0,0
"COG4001",7,4,8,2,7,8
"COG4012",0,0,0,0,0,0
"COG4021",0,0,0,0,0,1
"COG4032",0,0,0,0,0,0
"COG4034",0,1,0,0,0,0
"COG4043",0,0,0,0,0,0
"COG4085",0,0,0,0,0,0
"COG4086",0,0,0,0,0,1
"COG4087",0,0,0,0,0,0
"COG4091",0,0,0,0,0,0
"COG4095",0,0,0,0,0,0
"COG4096",5,5,14,10,7,0
"COG4097",0,0,0,0,0,0
"COG4098",0,0,0,0,0,0
"COG4099",1,0,0,0,0,6
"COG4100",1,1,3,2,1,3
"COG4104",0,0,0,0,0,0
"COG4105",0,0,0,0,0,0
"COG4106",0,0,0,0,0,3
"COG4107",0,0,0,0,0,0
"COG4108",3,6,5,6,9,3
"COG4109",0,0,0,0,0,0
"COG4110",0,0,0,0,0,0
"COG4112",0,0,0,0,0,0
"COG4114",0,0,0,0,0,0
"COG4115",2,3,0,0,0,1
"COG4116",0,0,0,0,0,0
"COG4117",0,0,0,0,0,0
"COG4120",5,1,6,0,4,4
"COG4121",1,1,2,1,0,1
"COG4122",4,3,1,6,4,2
"COG4123",1,5,4,6,1,2
"COG4124",0,1,4,1,1,2
"COG4125",0,0,0,0,0,0
"COG4126",0,0,0,0,0,0
"COG4127",0,0,0,0,0,1
"COG4128",0,0,0,0,0,0
"COG4129",0,0,1,0,0,0
"COG4130",0,0,0,0,0,0
"COG4132",0,0,0,0,0,2
"COG4133",1,0,0,0,2,0
"COG4134",0,0,0,0,0,0
"COG4135",0,0,0,0,0,0
"COG4136",0,0,0,0,0,0
"COG4137",0,0,1,1,0,0
"COG4138",0,0,0,0,0,0
"COG4139",0,0,0,0,0,0
"COG4143",0,1,0,1,0,0
"COG4145",0,0,0,0,2,0
"COG4146",3,2,3,5,3,1
"COG4147",0,0,0,0,0,0
"COG4148",0,0,0,2,3,0
"COG4149",1,0,1,0,0,1
"COG4150",0,0,0,1,0,0
"COG4152",0,3,0,0,1,0
"COG4154",0,0,0,0,0,4
"COG4158",1,0,0,1,2,1
"COG4160",0,0,0,0,0,0
"COG4161",0,0,0,0,0,0
"COG4166",2,6,8,2,6,15
"COG4167",0,0,0,0,0,0
"COG4168",0,0,0,0,0,0
"COG4170",0,0,0,0,0,0
"COG4171",0,0,0,0,0,0
"COG4172",0,0,1,0,0,7
"COG4174",0,0,0,0,0,0
"COG4175",1,2,2,5,2,0
"COG4176",3,2,0,4,2,2
"COG4177",1,1,1,0,2,6
"COG4178",0,0,0,0,1,0
"COG4181",0,1,0,0,0,0
"COG4185",1,2,0,1,1,0
"COG4186",0,2,0,2,0,1
"COG4187",0,0,1,0,0,1
"COG4188",0,0,0,0,0,0
"COG4189",0,1,1,0,1,1
"COG4191",0,0,0,2,0,0
"COG4192",0,0,0,0,0,0
"COG4193",0,0,0,0,0,2
"COG4194",0,0,0,0,0,0
"COG4197",0,0,0,0,0,0
"COG4198",4,2,3,2,4,3
"COG4199",0,0,0,0,0,1
"COG4200",0,1,0,0,0,0
"COG4206",20,12,13,22,14,1
"COG4208",0,0,3,0,1,0
"COG4209",2,5,4,1,4,5
"COG4211",1,2,4,0,2,0
"COG4213",1,1,0,0,0,0
"COG4214",1,0,1,0,0,0
"COG4215",0,0,0,0,0,0
"COG4219",3,1,6,1,8,3
"COG4220",0,0,0,0,0,0
"COG4221",0,1,1,5,0,0
"COG4222",0,0,0,0,0,0
"COG4224",1,0,0,1,0,0
"COG4225",12,6,9,18,14,4
"COG4226",1,0,0,0,0,0
"COG4227",3,4,0,1,3,0
"COG4228",0,0,0,0,0,0
"COG4229",0,0,0,0,0,0
"COG4230",0,0,0,0,0,0
"COG4231",1,8,2,7,10,4
"COG4232",4,4,1,5,1,0
"COG4233",0,0,0,0,1,0
"COG4235",1,0,0,0,0,0
"COG4237",0,0,0,0,0,0
"COG4238",0,0,0,0,0,0
"COG4239",0,0,0,0,0,0
"COG4241",0,0,1,0,0,1
"COG4242",0,0,0,0,0,0
"COG4243",0,0,0,0,0,0
"COG4245",0,0,1,0,1,0
"COG4248",0,0,0,0,0,2
"COG4249",2,0,0,0,0,0
"COG4251",0,0,0,0,0,0
"COG4252",0,0,0,0,0,0
"COG4253",0,0,0,0,0,0
"COG4256",0,0,0,0,0,0
"COG4258",1,0,0,0,0,0
"COG4260",2,4,1,0,2,5
"COG4261",0,1,0,4,5,0
"COG4262",0,0,0,0,0,0
"COG4263",0,0,0,0,0,0
"COG4264",0,0,0,0,0,0
"COG4267",1,0,1,0,0,2
"COG4268",1,1,0,0,2,0
"COG4269",0,0,0,0,0,0
"COG4271",0,0,0,0,1,0
"COG4275",0,0,0,0,0,0
"COG4277",2,1,3,3,2,1
"COG4279",0,0,0,0,0,0
"COG4282",0,0,0,0,0,0
"COG4283",0,0,1,0,0,0
"COG4284",3,6,0,0,2,3
"COG4286",1,2,0,0,0,0
"COG4287",0,0,0,0,0,0
"COG4288",0,0,0,0,0,0
"COG4289",5,0,3,8,8,1
"COG4290",0,0,0,0,0,0
"COG4292",0,0,0,1,0,0
"COG4294",0,0,0,0,0,0
"COG4295",0,0,0,0,0,1
"COG4296",2,0,0,1,0,1
"COG4299",3,3,3,7,3,0
"COG4300",0,0,0,0,0,1
"COG4302",0,0,0,0,0,0
"COG4303",0,2,1,1,0,0
"COG4310",0,0,0,0,0,0
"COG4314",0,0,0,0,0,0
"COG4316",0,0,0,0,0,0
"COG4319",0,0,0,0,0,0
"COG4320",0,0,0,0,0,2
"COG4325",0,0,0,0,0,0
"COG4330",0,0,0,0,0,0
"COG4332",0,0,1,0,0,0
"COG4333",0,0,0,0,0,0
"COG4335",1,0,0,0,2,0
"COG4336",0,0,0,0,0,1
"COG4354",5,0,0,3,3,0
"COG4357",0,0,0,0,0,0
"COG4359",0,0,0,0,0,0
"COG4372",0,0,0,0,0,2
"COG4373",0,0,0,0,0,0
"COG4377",0,0,1,0,0,1
"COG4379",0,0,0,0,0,0
"COG4380",0,0,0,0,0,0
"COG4381",0,0,0,0,0,0
"COG4382",0,0,0,0,0,0
"COG4383",1,1,0,1,1,0
"COG4384",0,0,0,0,0,0
"COG4385",0,0,0,0,1,0
"COG4386",0,0,0,0,0,0
"COG4387",0,0,0,0,0,0
"COG4388",0,0,0,0,0,0
"COG4389",0,0,0,0,0,0
"COG4390",0,0,0,0,0,0
"COG4392",0,0,0,0,0,0
"COG4393",0,0,1,0,1,1
"COG4394",0,0,0,0,0,0
"COG4395",0,0,0,0,0,0
"COG4396",0,0,0,0,0,0
"COG4397",0,0,0,0,0,0
"COG4399",0,0,0,0,0,0
"COG4401",0,0,0,0,0,0
"COG4403",0,3,2,2,0,0
"COG4405",0,0,0,0,0,0
"COG4408",0,0,0,0,0,0
"COG4409",1,1,3,4,2,4
"COG4412",0,1,0,0,0,0
"COG4413",2,0,3,1,0,0
"COG4420",0,1,0,0,0,0
"COG4421",0,0,0,0,0,0
"COG4422",5,6,5,3,7,2
"COG4430",0,0,0,2,0,0
"COG4443",1,1,2,1,1,0
"COG4445",0,0,0,0,0,0
"COG4448",0,1,0,0,0,0
"COG4452",0,0,1,0,2,0
"COG4453",0,0,0,0,0,0
"COG4456",0,0,0,0,0,0
"COG4457",0,2,0,0,0,0
"COG4458",0,1,0,0,0,0
"COG4460",0,0,0,0,0,0
"COG4463",0,1,1,0,0,3
"COG4464",3,4,6,1,1,1
"COG4465",2,0,1,0,2,0
"COG4466",0,1,0,0,0,1
"COG4467",0,0,0,0,0,1
"COG4468",3,2,8,2,7,5
"COG4469",0,0,0,0,0,0
"COG4470",0,0,0,0,0,0
"COG4471",0,0,0,0,0,0
"COG4472",0,2,0,0,1,1
"COG4473",0,0,0,0,0,0
"COG4474",0,0,2,0,1,0
"COG4475",1,1,1,1,2,1
"COG4476",0,0,0,0,0,0
"COG4477",0,0,0,0,0,1
"COG4478",0,0,0,0,0,0
"COG4479",0,0,0,0,0,0
"COG4481",0,2,0,0,0,0
"COG4483",0,0,0,0,0,0
"COG4485",6,4,2,0,8,5
"COG4487",0,0,1,0,0,0
"COG4492",2,1,2,0,0,0
"COG4495",0,0,0,0,0,0
"COG4496",2,2,1,2,1,3
"COG4499",0,0,0,0,0,0
"COG4502",0,0,0,0,0,0
"COG4506",2,0,1,0,0,1
"COG4508",0,0,0,0,0,0
"COG4509",1,12,11,0,4,1
"COG4512",0,0,0,0,0,0
"COG4521",1,0,0,0,0,0
"COG4525",0,0,0,0,0,0
"COG4529",0,0,0,0,0,0
"COG4531",0,0,0,0,0,0
"COG4533",0,0,0,0,0,0
"COG4535",0,0,0,1,0,0
"COG4536",1,0,1,1,1,1
"COG4537",0,0,0,0,0,0
"COG4540",0,0,0,0,1,0
"COG4541",0,0,0,0,0,0
"COG4542",0,1,0,0,0,3
"COG4545",0,0,0,0,0,0
"COG4547",0,0,0,0,0,0
"COG4548",1,3,0,1,0,0
"COG4550",0,0,0,0,0,0
"COG4552",2,3,1,0,1,3
"COG4555",0,0,0,0,1,0
"COG4558",0,0,0,0,0,0
"COG4559",0,0,0,0,0,0
"COG4564",0,0,0,1,0,0
"COG4565",0,0,1,0,0,0
"COG4566",1,0,0,1,0,0
"COG4568",0,0,0,0,0,0
"COG4569",0,0,0,0,0,0
"COG4570",1,1,0,0,0,0
"COG4571",0,0,0,1,0,0
"COG4572",0,0,0,0,0,0
"COG4573",0,0,0,0,0,0
"COG4574",0,0,0,0,0,0
"COG4575",0,0,1,0,0,0
"COG4576",0,0,1,0,0,0
"COG4577",0,0,0,1,0,0
"COG4578",0,0,0,0,0,1
"COG4579",0,0,0,0,1,0
"COG4580",0,0,0,0,0,0
"COG4581",1,0,1,0,0,7
"COG4582",0,0,0,1,0,0
"COG4584",16,4,10,25,8,26
"COG4585",2,4,4,1,0,10
"COG4586",0,0,0,0,0,0
"COG4587",0,0,1,0,0,1
"COG4589",0,0,0,0,0,0
"COG4590",0,0,0,0,0,0
"COG4591",2,5,2,5,4,0
"COG4592",0,0,0,0,0,0
"COG4594",0,0,0,0,0,0
"COG4597",0,0,0,1,0,0
"COG4598",0,0,0,0,0,0
"COG4603",1,1,2,0,1,1
"COG4604",0,0,0,0,0,1
"COG4605",0,0,0,0,0,0
"COG4606",0,0,0,0,0,0
"COG4607",0,0,0,0,0,0
"COG4608",4,7,1,4,2,9
"COG4615",0,0,0,0,0,0
"COG4618",0,0,0,0,0,0
"COG4619",0,0,0,0,0,1
"COG4623",5,3,4,1,3,0
"COG4624",7,13,10,6,7,7
"COG4625",0,0,1,3,0,0
"COG4626",3,2,1,2,2,3
"COG4627",0,0,0,0,0,0
"COG4628",0,0,0,0,0,0
"COG4631",0,0,0,0,0,0
"COG4632",1,5,0,2,2,1
"COG4633",0,0,1,0,0,5
"COG4635",0,0,0,1,0,0
"COG4636",3,0,1,1,2,0
"COG4637",1,0,0,0,0,0
"COG4638",0,0,0,0,0,0
"COG4639",0,2,0,0,0,0
"COG4640",0,0,0,0,0,0
"COG4641",3,1,0,1,5,0
"COG4642",3,1,1,6,4,0
"COG4643",0,0,0,1,0,0
"COG4644",0,0,0,0,1,1
"COG4646",12,21,25,10,32,7
"COG4648",0,0,0,0,0,0
"COG4650",0,0,0,0,0,0
"COG4651",1,0,1,2,0,0
"COG4652",0,0,0,0,0,0
"COG4653",0,0,0,0,2,2
"COG4656",4,9,5,4,5,11
"COG4657",2,5,4,1,7,3
"COG4658",2,4,5,6,5,2
"COG4659",2,3,5,4,2,2
"COG4660",5,1,1,1,3,4
"COG4662",0,0,0,0,0,0
"COG4663",0,0,0,0,0,0
"COG4664",0,0,0,0,0,0
"COG4665",0,0,0,0,0,0
"COG4666",0,3,1,2,1,0
"COG4667",8,1,4,5,4,3
"COG4668",0,1,1,0,0,3
"COG4669",0,0,0,0,0,0
"COG4670",0,0,0,0,0,9
"COG4672",0,0,0,0,0,1
"COG4674",0,1,0,0,0,0
"COG4675",0,4,0,0,0,0
"COG4676",0,0,0,0,0,0
"COG4677",11,0,6,7,10,4
"COG4678",0,0,0,0,0,0
"COG4679",2,0,0,0,1,0
"COG4680",1,0,0,0,0,0
"COG4681",0,0,1,0,0,0
"COG4682",0,0,0,0,0,0
"COG4683",0,0,0,0,0,0
"COG4684",0,0,2,0,0,0
"COG4685",0,0,0,0,0,0
"COG4687",0,0,0,0,0,0
"COG4688",0,0,0,0,0,0
"COG4690",5,1,7,6,2,9
"COG4692",3,0,1,4,4,2
"COG4693",0,0,0,0,0,0
"COG4694",1,1,0,0,1,0
"COG4695",1,2,0,3,0,1
"COG4696",0,0,0,0,0,0
"COG4698",0,0,0,0,0,0
"COG4699",0,0,0,0,0,0
"COG4700",0,0,0,0,0,0
"COG4701",0,0,0,0,0,0
"COG4702",0,0,0,0,0,0
"COG4703",0,0,0,0,0,0
"COG4704",0,0,0,0,0,0
"COG4706",0,0,1,0,0,0
"COG4708",1,2,1,0,0,0
"COG4709",0,0,0,0,0,0
"COG4710",0,0,0,0,0,0
"COG4712",1,0,0,0,0,0
"COG4713",0,1,0,0,5,0
"COG4715",0,0,0,0,0,0
"COG4716",3,5,3,0,2,3
"COG4717",1,7,2,1,3,2
"COG4718",0,0,0,0,0,0
"COG4720",1,0,1,1,1,0
"COG4721",0,0,0,0,0,3
"COG4722",0,0,0,0,0,0
"COG4723",0,0,0,0,0,0
"COG4724",1,0,0,0,0,0
"COG4725",0,1,0,0,0,0
"COG4728",2,1,1,0,0,1
"COG4729",0,1,0,0,0,0
"COG4731",0,0,0,0,0,0
"COG4732",0,2,0,0,2,1
"COG4733",0,0,0,1,0,3
"COG4734",6,0,1,0,1,0
"COG4735",0,0,0,0,0,0
"COG4737",0,0,0,0,0,0
"COG4739",4,1,2,0,0,0
"COG4744",0,0,0,0,0,0
"COG4747",5,2,2,2,1,1
"COG4748",0,0,3,0,0,1
"COG4750",5,1,1,1,6,3
"COG4752",0,0,0,0,0,1
"COG4753",47,34,34,28,30,24
"COG4757",0,0,0,0,0,0
"COG4758",0,0,0,0,0,0
"COG4760",0,0,0,0,0,0
"COG4763",0,0,0,0,0,0
"COG4766",0,0,0,0,0,0
"COG4767",1,0,1,0,4,6
"COG4768",0,0,0,0,0,0
"COG4769",0,1,1,0,0,0
"COG4770",2,0,1,0,0,4
"COG4771",15,10,18,26,18,1
"COG4772",0,0,0,0,0,0
"COG4773",0,0,0,0,0,0
"COG4774",0,0,0,0,0,0
"COG4775",12,5,7,7,4,1
"COG4776",0,0,0,0,0,0
"COG4778",0,0,1,0,0,0
"COG4779",0,0,0,0,0,0
"COG4781",0,0,0,0,0,0
"COG4783",0,1,0,2,1,2
"COG4784",0,0,1,0,0,0
"COG4785",0,0,0,0,0,0
"COG4786",3,0,1,1,2,0
"COG4787",0,0,0,0,0,0
"COG4789",0,0,1,0,0,0
"COG4790",0,0,0,0,0,0
"COG4791",0,0,0,0,0,0
"COG4792",0,0,0,0,0,0
"COG4794",0,0,0,0,0,0
"COG4795",0,0,0,0,0,0
"COG4796",1,0,0,0,1,4
"COG4797",0,0,0,0,0,0
"COG4799",8,9,6,12,4,4
"COG4803",0,1,0,0,0,0
"COG4804",13,7,11,20,8,1
"COG4805",4,0,1,0,5,3
"COG4806",2,4,4,4,2,0
"COG4807",0,0,0,0,0,0
"COG4808",0,0,0,1,0,0
"COG4809",0,0,0,0,0,0
"COG4810",1,0,0,0,0,0
"COG4811",0,0,0,1,0,0
"COG4812",0,0,0,0,0,0
"COG4813",0,0,0,0,0,0
"COG4814",0,0,0,0,0,0
"COG4816",0,0,0,0,1,0
"COG4819",0,0,0,0,0,0
"COG4820",0,0,0,0,0,0
"COG4821",0,0,0,0,0,0
"COG4822",0,3,14,6,1,6
"COG4823",3,2,3,6,3,2
"COG4824",3,0,0,0,0,2
"COG4825",0,0,0,0,0,0
"COG4826",0,0,3,0,0,0
"COG4828",0,0,0,0,1,0
"COG4829",0,0,0,0,0,0
"COG4832",0,3,0,0,2,1
"COG4833",4,0,0,8,6,0
"COG4834",0,0,0,0,0,0
"COG4835",0,0,0,0,0,0
"COG4839",0,0,0,0,0,0
"COG4842",0,1,0,0,0,0
"COG4843",0,0,0,0,0,0
"COG4845",2,1,4,2,2,1
"COG4849",0,0,0,0,0,0
"COG4850",0,0,0,0,0,2
"COG4851",0,0,0,0,0,0
"COG4853",0,0,0,0,0,0
"COG4856",3,3,1,0,2,2
"COG4857",0,0,0,0,0,0
"COG4858",0,0,0,0,0,0
"COG4859",0,0,0,0,0,0
"COG4861",0,0,0,0,0,0
"COG4862",2,2,0,0,0,1
"COG4864",3,4,3,4,0,3
"COG4865",0,0,0,0,0,0
"COG4866",4,3,3,1,5,3
"COG4868",2,0,1,2,1,0
"COG4869",0,3,0,1,0,2
"COG4870",6,2,3,1,4,5
"COG4871",0,0,0,0,0,0
"COG4874",0,0,0,0,0,0
"COG4877",0,0,0,0,0,0
"COG4878",1,0,1,0,0,7
"COG4880",2,0,2,0,1,1
"COG4884",0,0,0,0,0,0
"COG4886",2,7,8,2,5,0
"COG4887",0,0,1,2,1,0
"COG4889",0,1,0,0,5,0
"COG4890",0,0,0,0,0,0
"COG4892",0,0,0,0,0,0
"COG4894",0,0,1,0,0,0
"COG4895",0,0,0,0,0,0
"COG4898",0,0,0,1,0,1
"COG4903",0,0,0,0,0,0
"COG4905",7,8,0,0,4,4
"COG4907",0,0,2,0,0,0
"COG4908",0,0,0,0,0,0
"COG4909",0,0,0,1,0,0
"COG4910",0,0,0,0,0,0
"COG4912",2,3,3,2,4,3
"COG4913",3,4,4,4,6,2
"COG4916",0,0,0,0,0,0
"COG4917",0,0,0,0,0,0
"COG4922",0,0,0,0,0,0
"COG4924",0,0,0,1,0,0
"COG4925",1,1,2,0,0,0
"COG4926",0,0,0,0,0,0
"COG4927",0,0,0,0,0,0
"COG4928",1,3,0,1,1,5
"COG4929",0,0,0,0,0,0
"COG4930",0,0,2,1,1,5
"COG4932",3,10,7,2,12,10
"COG4933",0,0,0,0,0,0
"COG4936",0,1,0,0,3,0
"COG4937",0,1,0,1,1,1
"COG4938",5,0,3,1,2,2
"COG4939",0,0,0,0,0,0
"COG4940",1,0,0,0,0,0
"COG4942",0,0,2,1,0,0
"COG4943",0,0,0,0,0,0
"COG4946",11,6,7,14,11,0
"COG4947",1,1,0,1,1,1
"COG4948",4,3,4,2,5,7
"COG4950",0,0,0,0,0,0
"COG4951",0,2,7,0,0,0
"COG4952",1,0,0,0,0,0
"COG4953",1,1,0,3,1,0
"COG4955",0,0,0,0,0,0
"COG4956",0,0,0,0,0,1
"COG4957",0,0,1,0,0,0
"COG4959",0,0,0,0,0,0
"COG4962",1,5,2,0,2,9
"COG4963",0,0,0,0,0,1
"COG4964",0,0,0,0,0,0
"COG4965",1,2,1,0,3,1
"COG4967",0,0,0,0,0,0
"COG4969",0,0,0,0,1,0
"COG4972",1,3,4,1,4,1
"COG4973",3,4,0,5,7,0
"COG4974",25,11,18,22,25,4
"COG4975",0,0,0,0,0,1
"COG4977",8,1,2,8,12,1
"COG4978",1,1,1,0,1,0
"COG4981",0,0,0,0,0,11
"COG4982",0,0,1,0,0,14
"COG4983",1,0,0,0,1,1
"COG4984",0,0,0,1,1,0
"COG4985",0,0,1,0,1,0
"COG4986",0,0,0,0,0,4
"COG4987",0,1,0,0,0,1
"COG4988",1,1,1,0,0,5
"COG4989",0,1,1,0,0,0
"COG4990",0,1,1,0,0,0
"COG4992",6,9,7,8,8,11
"COG4993",0,0,0,0,0,0
"COG4995",0,0,0,1,2,0
"COG4997",0,0,1,0,0,0
"COG4999",16,20,16,22,24,11
"COG5000",4,4,3,6,11,0
"COG5001",7,11,15,1,12,3
"COG5002",27,15,32,67,42,13
"COG5004",0,0,0,0,0,0
"COG5005",0,0,0,0,0,0
"COG5006",0,0,0,0,0,1
"COG5007",0,0,0,0,0,0
"COG5009",10,4,5,8,9,1
"COG5011",1,2,0,0,1,1
"COG5012",0,2,5,2,2,0
"COG5013",0,0,0,1,0,0
"COG5015",0,2,2,0,1,1
"COG5016",13,9,11,11,6,4
"COG5017",0,1,0,0,0,2
"COG5018",0,1,1,0,3,1
"COG5026",2,1,0,0,0,2
"COG5029",0,0,0,0,0,0
"COG5039",0,1,0,0,1,0
"COG5042",0,0,0,0,0,0
"COG5048",0,0,0,0,0,0
"COG5108",0,0,0,0,0,0
"COG5146",2,0,4,3,2,1
"COG5184",0,0,1,0,0,3
"COG5206",0,0,4,0,0,0
"COG5255",0,0,0,0,0,0
"COG5263",3,3,5,2,1,5
"COG5265",0,0,0,0,0,0
"COG5266",0,0,0,0,0,0
"COG5268",0,0,0,0,0,0
"COG5271",0,0,0,0,0,0
"COG5272",0,0,0,0,0,0
"COG5276",0,0,0,0,0,0
"COG5279",3,4,2,1,2,1
"COG5280",0,0,1,0,1,0
"COG5281",0,3,2,1,1,0
"COG5282",0,0,2,0,0,2
"COG5283",1,1,2,0,2,4
"COG5285",0,0,0,0,0,0
"COG5293",0,0,0,0,0,0
"COG5294",0,0,0,0,0,0
"COG5295",0,2,2,0,0,9
"COG5298",0,0,0,0,0,0
"COG5301",0,0,0,0,0,0
"COG5302",0,0,0,0,0,0
"COG5305",1,2,0,0,0,0
"COG5309",1,0,0,0,0,0
"COG5314",0,0,0,0,0,0
"COG5319",1,0,0,0,0,0
"COG5322",0,0,0,0,0,0
"COG5324",0,3,0,0,0,0
"COG5337",0,0,0,0,0,4
"COG5339",0,0,0,0,0,0
"COG5340",0,0,0,0,0,0
"COG5341",0,0,0,0,0,0
"COG5345",0,0,0,0,0,0
"COG5353",0,0,0,0,0,0
"COG5360",1,0,0,0,0,0
"COG5361",0,0,0,0,0,0
"COG5362",0,0,0,0,0,0
"COG5368",7,3,2,4,3,0
"COG5373",1,0,0,0,0,0
"COG5377",1,4,2,0,0,0
"COG5383",0,0,0,0,0,0
"COG5393",0,0,0,0,0,0
"COG5398",0,0,0,0,0,0
"COG5401",0,0,0,0,0,0
"COG5404",0,0,0,0,0,0
"COG5405",0,0,0,0,0,0
"COG5410",0,20,3,0,2,0
"COG5412",0,6,1,1,1,0
"COG5413",0,0,0,0,0,0
"COG5418",0,0,0,0,0,0
"COG5421",0,2,10,0,1,1
"COG5423",1,0,0,0,0,0
"COG5424",0,0,0,0,0,0
"COG5426",0,0,0,0,0,1
"COG5427",0,0,1,0,1,0
"COG5433",15,7,2,5,2,0
"COG5434",18,10,10,43,24,4
"COG5437",0,0,0,0,0,0
"COG5438",2,2,0,0,0,0
"COG5441",0,0,0,0,0,0
"COG5444",1,1,3,0,1,0
"COG5445",0,0,0,0,0,0
"COG5449",0,0,1,0,0,0
"COG5455",0,0,0,0,0,0
"COG5457",0,0,0,0,0,0
"COG5459",0,1,0,0,0,0
"COG5463",0,0,0,0,0,0
"COG5464",1,2,0,1,0,0
"COG5470",0,0,0,0,0,0
"COG5471",0,0,0,0,0,0
"COG5474",0,0,0,0,0,0
"COG5475",0,0,0,0,0,0
"COG5476",0,0,0,0,4,0
"COG5482",0,0,0,0,0,0
"COG5483",0,0,0,0,0,0
"COG5484",0,0,0,0,0,0
"COG5485",0,0,0,0,0,0
"COG5492",6,0,1,1,16,0
"COG5493",0,0,0,0,0,0
"COG5495",2,1,0,1,1,1
"COG5496",1,2,2,0,3,0
"COG5498",6,1,4,3,1,0
"COG5499",0,0,0,0,0,0
"COG5503",0,0,0,0,0,0
"COG5504",0,0,0,0,0,0
"COG5505",0,1,1,0,2,1
"COG5506",0,0,0,0,0,1
"COG5507",0,0,0,0,0,0
"COG5510",0,0,0,0,0,0
"COG5511",0,1,0,0,1,0
"COG5512",0,2,1,0,0,5
"COG5514",0,0,0,0,0,0
"COG5517",0,0,0,0,0,0
"COG5518",0,0,0,0,0,0
"COG5519",0,0,0,0,1,0
"COG5520",7,4,1,6,11,6
"COG5521",0,0,0,0,0,0
"COG5522",0,0,1,0,0,0
"COG5523",0,2,0,1,0,0
"COG5525",0,2,1,0,5,0
"COG5527",0,2,0,0,1,1
"COG5529",0,0,0,0,0,0
"COG5532",0,0,0,1,0,0
"COG5542",0,1,0,0,0,0
"COG5544",0,0,0,0,0,0
"COG5545",11,12,15,12,20,7
"COG5546",0,0,0,0,0,0
"COG5549",0,0,0,0,0,2
"COG5551",0,0,0,0,0,0
"COG5553",0,0,0,0,0,0
"COG5557",0,0,0,0,0,0
"COG5561",0,0,0,1,0,0
"COG5562",0,0,0,0,0,0
"COG5564",0,0,0,0,0,0
"COG5565",0,0,0,0,0,0
"COG5566",0,0,0,0,0,0
"COG5567",0,0,0,0,0,0
"COG5569",0,0,0,0,0,0
"COG5571",0,0,0,0,0,0
"COG5577",1,0,1,1,1,0
"COG5578",0,0,0,0,0,0
"COG5579",0,0,0,0,0,0
"COG5581",0,0,0,0,0,0
"COG5585",0,0,1,0,0,1
"COG5586",0,0,0,0,0,0
"COG5587",1,0,1,2,1,0
"COG5595",0,0,0,0,0,0
"COG5598",0,0,0,0,0,0
"COG5606",0,0,0,0,0,0
"COG5610",4,1,2,0,1,4
"COG5614",0,0,0,0,0,0
"COG5617",1,0,0,1,1,0
"COG5618",0,0,0,0,0,0
"COG5619",3,1,0,0,0,0
"COG5620",1,1,3,0,0,0
"COG5632",1,1,1,0,0,3
"COG5633",0,0,0,0,0,0
"COG5635",0,0,0,2,0,1
"COG5640",0,0,0,0,0,0
"COG5642",0,0,0,0,0,0
"COG5645",0,0,0,0,0,0
"COG5646",0,0,0,0,0,0
"COG5651",0,0,0,0,0,1
"COG5652",0,1,1,0,1,2
"COG5654",0,0,0,0,0,0
"COG5655",0,0,1,0,0,1
"COG5658",2,0,1,0,0,0
"COG5659",0,0,0,0,0,0
"COG5663",0,0,0,0,0,0
