"","DOF009","NLM001","DLM005","NLF008","DOM013","NOF005"
"COG0001",1,1,4,2,3,0
"COG0002",3,2,4,1,2,1
"COG0003",0,0,2,0,1,1
"COG0004",6,9,4,4,4,5
"COG0005",5,3,6,0,4,1
"COG0006",11,15,1,11,13,12
"COG0007",2,0,2,3,3,2
"COG0008",13,14,15,15,11,15
"COG0009",4,5,3,8,6,16
"COG0010",0,0,0,0,1,0
"COG0011",0,0,1,0,0,1
"COG0012",6,4,2,4,8,3
"COG0013",12,13,11,16,8,8
"COG0014",3,5,5,2,1,2
"COG0015",2,1,4,6,5,3
"COG0016",3,6,1,6,10,4
"COG0017",6,6,4,8,4,8
"COG0018",3,9,9,10,15,10
"COG0019",11,7,7,8,17,15
"COG0020",5,4,1,6,4,5
"COG0021",5,10,7,7,3,8
"COG0022",1,0,0,7,0,3
"COG0023",1,0,0,2,1,0
"COG0024",8,14,4,3,6,7
"COG0025",3,0,2,0,2,1
"COG0026",0,0,0,0,0,0
"COG0027",7,2,2,5,3,2
"COG0028",8,12,11,9,11,16
"COG0029",4,6,5,6,6,4
"COG0030",2,10,7,6,6,8
"COG0031",6,3,3,9,6,6
"COG0033",1,0,0,0,0,0
"COG0034",5,10,8,13,7,7
"COG0035",3,2,5,4,3,9
"COG0036",4,1,1,3,4,2
"COG0037",4,8,9,2,11,7
"COG0038",14,5,8,6,1,1
"COG0039",5,3,7,3,7,9
"COG0040",2,5,3,1,1,8
"COG0041",3,3,2,3,6,2
"COG0042",11,7,7,8,10,6
"COG0043",0,0,2,2,0,1
"COG0044",4,8,12,10,6,9
"COG0045",0,0,0,2,0,0
"COG0046",11,17,13,10,9,9
"COG0047",11,18,17,18,15,12
"COG0048",0,3,3,1,1,1
"COG0049",1,4,3,3,5,4
"COG0050",6,7,6,5,7,10
"COG0051",3,6,1,0,4,2
"COG0052",5,3,8,2,1,3
"COG0053",3,6,7,3,5,4
"COG0054",3,2,4,0,0,2
"COG0055",1,1,2,5,5,5
"COG0056",8,10,9,9,7,9
"COG0057",7,5,7,8,6,5
"COG0058",13,20,8,12,12,10
"COG0059",4,6,1,5,5,10
"COG0060",13,15,11,16,16,10
"COG0061",4,4,1,2,4,2
"COG0062",6,7,7,3,5,4
"COG0063",2,6,5,6,5,9
"COG0064",2,3,2,0,1,2
"COG0065",7,7,5,4,6,4
"COG0066",6,2,1,2,1,1
"COG0067",6,7,10,7,8,10
"COG0068",2,2,1,1,3,1
"COG0069",15,10,3,13,8,12
"COG0070",12,9,6,12,4,12
"COG0071",4,3,2,4,4,2
"COG0072",12,11,8,8,12,4
"COG0073",22,9,15,19,20,10
"COG0074",1,0,1,4,0,0
"COG0075",4,4,0,5,1,3
"COG0076",2,2,3,4,2,2
"COG0077",4,5,3,2,4,3
"COG0078",10,5,4,6,8,5
"COG0079",9,10,13,11,8,11
"COG0080",1,4,3,4,4,4
"COG0081",5,2,8,3,2,1
"COG0082",3,7,4,8,1,2
"COG0083",1,0,0,0,2,2
"COG0084",5,5,5,13,5,7
"COG0085",16,19,17,17,19,21
"COG0086",23,21,17,16,16,12
"COG0087",1,2,6,4,5,3
"COG0088",2,1,2,1,3,2
"COG0089",3,3,2,3,4,4
"COG0090",3,7,5,3,3,2
"COG0091",3,2,1,1,3,4
"COG0092",5,3,4,4,4,2
"COG0093",4,6,6,1,2,1
"COG0094",2,3,6,3,2,4
"COG0095",2,2,0,3,0,0
"COG0096",1,3,4,2,10,2
"COG0097",3,2,4,2,3,2
"COG0098",6,4,5,1,7,2
"COG0099",3,4,3,2,1,3
"COG0100",2,1,2,2,1,4
"COG0101",8,7,4,3,4,3
"COG0102",1,3,5,3,4,2
"COG0103",3,2,5,2,3,2
"COG0104",9,9,7,7,6,9
"COG0105",1,2,2,1,1,0
"COG0106",3,0,4,3,2,3
"COG0107",3,4,5,1,5,3
"COG0108",1,4,2,3,8,3
"COG0109",0,0,0,0,0,0
"COG0110",16,9,12,15,9,14
"COG0111",11,3,9,9,5,5
"COG0112",5,2,6,5,5,5
"COG0113",1,0,1,0,0,2
"COG0114",0,0,2,0,0,0
"COG0115",10,7,5,3,5,11
"COG0116",2,10,5,5,3,4
"COG0117",3,1,7,0,1,3
"COG0118",3,2,3,0,1,1
"COG0119",14,9,3,5,15,12
"COG0120",1,0,1,1,1,2
"COG0121",0,0,0,0,0,0
"COG0122",0,3,1,0,0,3
"COG0123",0,0,0,1,1,0
"COG0124",8,3,5,4,14,4
"COG0125",1,2,1,1,1,0
"COG0126",5,3,5,2,8,5
"COG0127",6,3,2,4,2,4
"COG0128",4,6,2,5,4,6
"COG0129",7,4,9,5,11,9
"COG0130",6,5,3,3,4,3
"COG0131",1,2,4,1,0,3
"COG0132",1,0,3,0,1,3
"COG0133",8,2,3,5,5,4
"COG0134",4,0,4,3,3,1
"COG0135",2,1,4,2,0,3
"COG0136",1,7,1,3,1,4
"COG0137",8,5,6,6,3,7
"COG0138",6,6,9,8,6,8
"COG0139",2,7,3,1,5,3
"COG0140",2,3,3,5,2,3
"COG0141",5,2,4,7,5,3
"COG0142",5,5,7,9,4,4
"COG0143",8,17,9,7,7,7
"COG0144",5,9,4,2,3,6
"COG0145",0,0,0,0,1,1
"COG0146",0,0,0,0,0,0
"COG0147",8,7,5,5,9,7
"COG0148",2,8,7,9,4,8
"COG0149",2,2,5,1,3,3
"COG0150",9,6,7,2,7,1
"COG0151",5,5,2,0,6,6
"COG0152",5,7,4,2,0,4
"COG0153",9,4,3,9,6,3
"COG0154",3,4,2,3,6,2
"COG0155",1,0,0,0,2,0
"COG0156",11,6,10,4,2,6
"COG0157",3,4,4,1,0,1
"COG0158",0,0,2,1,0,0
"COG0159",2,3,2,2,4,8
"COG0160",0,0,1,0,1,0
"COG0161",3,0,2,3,0,2
"COG0162",5,8,2,8,9,10
"COG0163",0,1,1,0,1,0
"COG0164",3,1,3,4,2,3
"COG0165",7,6,4,5,2,7
"COG0166",8,9,12,11,9,15
"COG0167",8,7,8,3,3,2
"COG0168",13,11,11,16,11,21
"COG0169",7,4,6,1,2,6
"COG0170",0,0,0,0,0,0
"COG0171",7,6,4,9,5,3
"COG0172",2,8,8,3,2,9
"COG0173",9,12,8,8,11,8
"COG0174",3,1,2,2,1,6
"COG0175",4,4,4,3,1,3
"COG0176",2,2,3,4,4,3
"COG0177",2,1,7,1,8,3
"COG0178",16,21,21,6,9,6
"COG0179",6,3,3,5,4,2
"COG0180",3,4,4,2,7,7
"COG0181",0,1,2,0,0,1
"COG0182",0,0,1,4,0,0
"COG0183",3,1,6,1,2,1
"COG0184",2,1,4,2,5,4
"COG0185",0,2,3,1,4,0
"COG0186",0,3,0,1,4,2
"COG0187",19,18,21,20,18,22
"COG0188",16,22,17,15,18,15
"COG0189",1,0,3,1,1,0
"COG0190",3,2,2,5,5,4
"COG0191",2,4,6,8,12,7
"COG0192",7,12,5,5,10,8
"COG0193",3,0,3,6,4,3
"COG0194",2,0,2,3,0,4
"COG0195",8,7,13,5,6,3
"COG0196",1,3,3,5,6,7
"COG0197",1,5,2,0,4,4
"COG0198",0,1,2,1,2,0
"COG0199",2,1,2,1,1,0
"COG0200",3,4,5,2,1,2
"COG0201",6,2,5,5,7,8
"COG0202",0,2,0,3,11,8
"COG0203",2,3,2,2,4,1
"COG0204",12,5,5,9,9,9
"COG0205",15,14,12,12,14,15
"COG0206",4,7,5,3,9,7
"COG0207",4,2,4,2,7,2
"COG0208",0,2,0,0,2,4
"COG0209",6,2,7,8,4,6
"COG0210",19,28,31,3,7,3
"COG0211",1,3,1,2,1,0
"COG0212",1,2,4,5,4,3
"COG0213",1,1,2,1,5,3
"COG0214",1,2,1,0,0,2
"COG0215",9,11,6,9,8,11
"COG0216",8,2,7,4,5,5
"COG0217",7,7,4,7,2,2
"COG0218",6,7,2,0,3,2
"COG0219",1,1,0,0,4,2
"COG0220",4,4,3,4,4,5
"COG0221",0,0,1,0,4,0
"COG0222",2,3,4,0,0,0
"COG0223",2,1,1,5,5,2
"COG0224",5,3,3,3,4,4
"COG0225",2,2,0,6,4,1
"COG0226",9,2,0,5,1,6
"COG0227",0,2,2,0,1,2
"COG0228",1,0,1,0,2,3
"COG0229",1,0,1,0,1,1
"COG0230",0,0,2,0,0,2
"COG0231",5,2,5,4,3,3
"COG0232",1,7,5,2,4,3
"COG0233",3,2,6,2,2,3
"COG0234",2,0,2,2,3,1
"COG0235",4,3,3,3,5,9
"COG0236",3,4,1,1,0,2
"COG0237",5,1,6,4,3,1
"COG0238",2,1,5,1,0,1
"COG0239",2,0,1,6,1,0
"COG0240",5,7,3,8,8,5
"COG0241",0,4,5,4,1,3
"COG0242",3,4,4,4,2,3
"COG0243",4,1,5,10,3,2
"COG0244",3,2,1,3,0,2
"COG0245",1,0,1,6,1,6
"COG0246",6,11,8,8,4,2
"COG0247",5,4,8,7,5,2
"COG0248",2,4,6,4,3,5
"COG0249",11,9,12,17,10,15
"COG0250",4,1,3,0,10,1
"COG0251",4,5,5,5,0,3
"COG0252",6,8,6,7,5,3
"COG0253",0,5,9,5,0,5
"COG0254",0,1,0,0,1,1
"COG0255",2,0,0,0,0,1
"COG0256",1,3,2,1,5,3
"COG0257",2,0,0,0,0,1
"COG0258",10,9,14,12,10,8
"COG0259",0,1,1,0,0,0
"COG0260",1,1,3,1,2,0
"COG0261",1,3,0,1,4,4
"COG0262",2,9,1,5,1,2
"COG0263",7,5,1,8,4,6
"COG0264",7,1,7,2,6,2
"COG0265",13,5,9,5,16,8
"COG0266",0,0,3,1,0,2
"COG0267",1,1,1,0,1,0
"COG0268",3,1,1,0,1,2
"COG0269",0,0,1,0,0,0
"COG0270",11,12,38,10,15,10
"COG0271",0,0,0,0,0,0
"COG0272",10,9,9,4,15,16
"COG0274",2,5,3,2,5,1
"COG0275",5,5,1,5,7,8
"COG0276",0,0,1,0,0,0
"COG0277",1,0,10,6,5,6
"COG0278",0,0,0,0,0,0
"COG0279",2,1,2,1,2,0
"COG0280",11,9,11,11,6,9
"COG0281",4,4,8,6,3,11
"COG0282",4,3,9,3,9,4
"COG0283",4,6,3,1,5,5
"COG0284",8,1,2,3,5,3
"COG0285",7,6,5,7,5,10
"COG0286",20,16,20,10,11,10
"COG0287",1,3,1,1,2,4
"COG0288",2,0,2,2,0,0
"COG0289",8,4,4,3,3,5
"COG0290",5,1,2,1,6,2
"COG0291",1,1,2,2,0,3
"COG0292",2,3,2,2,5,3
"COG0293",0,0,0,0,0,1
"COG0294",2,1,6,6,1,1
"COG0295",1,2,2,3,1,1
"COG0296",4,8,13,6,8,10
"COG0297",4,6,5,4,4,5
"COG0298",0,0,1,0,0,0
"COG0299",3,6,3,8,1,2
"COG0300",3,2,0,1,1,5
"COG0301",0,1,3,1,0,2
"COG0302",2,2,3,1,0,0
"COG0303",2,1,3,2,1,3
"COG0304",6,4,11,18,6,11
"COG0305",6,8,9,7,12,11
"COG0306",2,0,4,5,0,1
"COG0307",1,0,3,4,0,2
"COG0308",4,0,2,3,1,0
"COG0309",0,1,1,0,0,0
"COG0310",0,0,0,1,2,0
"COG0311",0,0,1,2,0,0
"COG0312",1,0,0,5,3,2
"COG0313",5,6,5,3,5,6
"COG0314",0,0,1,1,0,0
"COG0315",2,0,2,1,2,1
"COG0316",0,1,0,0,0,0
"COG0317",15,13,16,23,13,11
"COG0318",14,10,8,6,9,16
"COG0319",0,1,0,3,7,4
"COG0320",0,0,1,1,3,6
"COG0321",0,0,0,3,2,2
"COG0322",8,14,9,9,14,7
"COG0323",5,9,12,10,11,5
"COG0324",6,4,4,3,7,2
"COG0325",7,10,4,1,2,2
"COG0326",8,11,4,10,11,5
"COG0327",4,3,4,2,3,1
"COG0328",2,1,1,0,8,0
"COG0329",10,8,4,10,7,7
"COG0330",5,6,5,2,6,6
"COG0331",2,2,5,2,6,6
"COG0332",4,4,5,7,1,10
"COG0333",1,0,0,1,2,0
"COG0334",11,6,6,8,6,8
"COG0335",0,1,2,0,2,1
"COG0336",4,5,4,3,8,5
"COG0337",3,1,2,2,2,3
"COG0338",9,1,6,2,1,4
"COG0339",15,16,9,4,2,2
"COG0340",5,5,5,1,4,10
"COG0341",8,0,4,8,3,1
"COG0342",8,17,6,6,3,3
"COG0343",7,4,6,3,5,3
"COG0344",1,2,2,2,4,2
"COG0345",4,4,2,6,5,3
"COG0346",6,3,6,10,5,10
"COG0347",0,3,5,1,5,3
"COG0348",1,4,7,6,0,6
"COG0349",0,0,0,0,1,0
"COG0350",3,6,1,5,4,3
"COG0351",4,7,3,5,0,6
"COG0352",2,1,1,2,4,1
"COG0353",4,5,6,2,5,1
"COG0354",0,0,1,0,0,0
"COG0355",2,0,2,2,1,1
"COG0356",5,3,6,6,7,4
"COG0357",1,2,4,5,4,1
"COG0358",17,22,15,9,10,19
"COG0359",3,5,3,3,0,5
"COG0360",0,3,1,1,3,2
"COG0361",4,4,1,2,0,1
"COG0362",2,2,3,3,0,1
"COG0363",10,17,10,12,8,9
"COG0364",3,0,0,1,1,3
"COG0365",7,3,2,4,2,1
"COG0366",24,27,22,26,24,19
"COG0367",5,5,4,3,6,4
"COG0368",2,0,0,4,0,1
"COG0369",0,0,0,0,0,0
"COG0370",15,13,6,1,9,4
"COG0371",1,1,6,0,0,2
"COG0372",6,5,2,7,5,6
"COG0373",1,1,1,2,2,2
"COG0374",1,1,1,1,0,0
"COG0375",0,0,0,1,1,1
"COG0376",0,0,1,2,0,0
"COG0377",0,0,0,0,0,0
"COG0378",2,3,0,0,4,1
"COG0379",1,2,5,5,7,4
"COG0380",0,0,2,5,2,1
"COG0381",4,1,9,10,5,5
"COG0382",0,0,0,0,0,0
"COG0383",6,4,3,3,5,5
"COG0384",0,1,1,2,0,0
"COG0385",5,0,5,0,3,2
"COG0386",0,0,0,0,0,1
"COG0387",0,0,0,0,0,0
"COG0388",20,18,8,25,20,19
"COG0389",13,11,8,3,6,4
"COG0390",0,2,2,1,4,0
"COG0391",1,0,0,0,2,1
"COG0392",4,2,0,1,1,1
"COG0393",0,3,3,1,2,0
"COG0394",7,10,5,3,2,4
"COG0395",19,25,20,3,7,20
"COG0396",5,6,5,7,6,2
"COG0397",0,0,0,0,0,0
"COG0398",0,0,2,0,1,0
"COG0399",5,9,5,6,4,15
"COG0400",1,0,1,0,1,0
"COG0401",0,0,0,0,0,0
"COG0402",7,4,2,1,3,5
"COG0403",5,2,4,8,3,2
"COG0404",5,1,2,6,1,2
"COG0405",0,0,0,0,0,0
"COG0406",4,3,9,2,4,9
"COG0407",3,0,1,0,0,0
"COG0408",0,0,0,0,0,0
"COG0409",0,1,0,2,4,0
"COG0410",4,3,2,2,0,1
"COG0411",0,3,2,1,2,1
"COG0412",0,1,0,1,0,0
"COG0413",1,4,2,6,1,2
"COG0414",3,3,4,2,2,2
"COG0415",0,0,0,0,0,0
"COG0416",2,0,2,1,2,4
"COG0417",0,0,0,2,0,0
"COG0418",0,0,0,1,0,0
"COG0419",2,1,4,8,8,10
"COG0420",1,3,5,6,4,6
"COG0421",1,0,3,1,3,0
"COG0422",4,7,7,3,4,5
"COG0423",9,4,11,4,11,7
"COG0424",4,0,5,6,2,2
"COG0425",5,3,0,5,1,4
"COG0426",5,6,5,7,2,9
"COG0427",7,6,8,4,7,4
"COG0428",1,4,2,2,5,2
"COG0429",0,0,0,0,0,0
"COG0430",0,0,0,0,0,0
"COG0431",0,0,0,0,0,0
"COG0432",2,2,2,1,2,1
"COG0433",1,1,1,2,5,4
"COG0434",1,0,0,1,0,0
"COG0435",0,0,0,0,0,1
"COG0436",20,14,20,27,16,29
"COG0437",1,1,2,4,0,1
"COG0438",54,33,68,65,43,63
"COG0439",0,2,2,6,5,6
"COG0440",0,1,2,0,1,5
"COG0441",12,19,16,22,16,12
"COG0442",3,6,6,7,11,3
"COG0443",2,5,2,10,16,15
"COG0444",8,2,3,2,4,6
"COG0445",7,14,9,9,11,9
"COG0446",7,9,10,7,13,13
"COG0447",3,2,0,4,2,1
"COG0448",7,10,4,4,10,3
"COG0449",12,12,15,8,8,6
"COG0450",7,1,4,1,2,4
"COG0451",27,31,21,27,23,13
"COG0452",6,2,2,3,6,3
"COG0454",16,12,20,9,10,15
"COG0455",0,0,0,0,0,1
"COG0456",2,1,5,0,3,1
"COG0457",46,25,25,34,24,29
"COG0458",26,24,16,16,15,12
"COG0459",7,9,4,6,11,9
"COG0460",8,4,12,7,2,5
"COG0461",5,1,3,1,6,2
"COG0462",8,4,4,2,2,3
"COG0463",74,64,65,51,62,59
"COG0464",2,8,7,0,3,1
"COG0465",9,15,10,12,11,17
"COG0466",8,8,10,8,4,7
"COG0468",4,3,6,8,18,3
"COG0469",9,4,6,7,7,7
"COG0470",0,2,1,2,4,1
"COG0471",6,15,9,9,8,7
"COG0472",11,10,10,13,8,5
"COG0473",4,5,6,10,7,9
"COG0474",14,14,14,12,19,17
"COG0475",6,12,13,9,8,10
"COG0476",5,10,1,4,5,1
"COG0477",46,42,50,71,45,27
"COG0479",3,2,0,3,2,2
"COG0480",29,41,32,27,27,36
"COG0481",6,9,8,7,3,8
"COG0482",14,8,12,2,2,1
"COG0483",1,0,2,7,0,2
"COG0484",4,2,1,8,8,8
"COG0486",3,5,7,2,6,3
"COG0488",28,43,36,34,33,28
"COG0489",14,14,15,10,12,11
"COG0490",0,0,0,0,0,0
"COG0491",7,6,6,1,3,4
"COG0492",2,1,6,8,5,6
"COG0493",13,17,22,22,18,13
"COG0494",6,7,17,5,13,7
"COG0495",4,5,3,18,8,7
"COG0496",0,1,2,2,3,1
"COG0497",3,5,6,8,8,5
"COG0498",8,5,12,5,8,5
"COG0499",1,0,1,3,4,2
"COG0500",12,12,10,13,9,26
"COG0501",3,3,1,1,2,1
"COG0502",4,1,4,9,5,7
"COG0503",7,11,4,4,4,6
"COG0504",8,3,6,8,5,7
"COG0505",5,5,4,5,3,3
"COG0506",0,2,2,3,0,5
"COG0507",16,23,25,29,31,21
"COG0508",0,0,4,2,1,1
"COG0509",3,1,3,2,0,1
"COG0510",0,5,0,0,3,2
"COG0511",4,2,0,2,2,4
"COG0512",2,4,2,0,3,2
"COG0513",11,15,16,18,9,13
"COG0514",16,30,24,25,16,23
"COG0515",12,10,15,5,12,11
"COG0516",7,7,4,14,15,1
"COG0517",7,10,14,7,5,10
"COG0518",12,8,11,6,8,11
"COG0519",5,3,10,7,4,8
"COG0520",6,5,6,7,10,10
"COG0521",2,1,0,0,1,1
"COG0522",4,4,5,2,4,1
"COG0523",6,4,2,3,1,4
"COG0524",28,36,23,14,15,16
"COG0525",9,8,5,10,9,12
"COG0526",29,26,27,19,24,29
"COG0527",14,14,15,10,13,9
"COG0528",3,2,2,4,3,5
"COG0529",2,1,0,1,1,0
"COG0530",2,5,1,3,3,5
"COG0531",4,16,15,6,8,10
"COG0532",8,14,6,4,12,6
"COG0533",4,7,2,5,6,3
"COG0534",24,23,22,57,54,76
"COG0535",6,9,11,11,11,12
"COG0536",4,7,6,4,8,7
"COG0537",0,6,10,1,3,5
"COG0538",8,7,4,3,4,5
"COG0539",6,12,14,7,12,3
"COG0540",6,5,9,4,5,4
"COG0541",5,6,7,7,3,5
"COG0542",21,29,17,29,29,23
"COG0543",7,12,9,5,9,8
"COG0544",1,9,3,7,12,10
"COG0545",2,8,3,11,6,3
"COG0546",8,7,11,6,8,12
"COG0547",3,4,1,4,6,2
"COG0548",1,3,6,6,2,4
"COG0549",1,1,1,0,3,0
"COG0550",12,3,2,46,35,29
"COG0551",4,1,5,2,5,6
"COG0552",4,7,3,5,3,6
"COG0553",4,2,2,18,23,19
"COG0554",4,4,3,3,6,1
"COG0555",1,0,0,0,2,0
"COG0556",9,3,9,8,16,9
"COG0557",9,7,4,14,6,9
"COG0558",5,2,2,1,3,1
"COG0559",2,1,3,1,3,1
"COG0560",7,2,4,5,3,3
"COG0561",19,6,11,13,17,7
"COG0562",6,5,4,6,6,4
"COG0563",4,5,4,2,5,5
"COG0564",20,18,12,10,12,19
"COG0565",0,0,0,1,0,0
"COG0566",11,11,11,9,11,8
"COG0567",0,0,1,1,0,0
"COG0568",6,9,9,1,7,3
"COG0569",9,7,12,8,8,6
"COG0571",2,1,11,2,6,4
"COG0572",7,11,12,7,4,6
"COG0573",4,3,3,2,1,2
"COG0574",21,19,18,17,13,10
"COG0575",3,2,5,3,6,2
"COG0576",3,4,3,2,1,2
"COG0577",34,32,41,25,47,36
"COG0578",0,0,0,4,2,0
"COG0579",1,1,3,0,3,2
"COG0580",2,0,0,1,0,0
"COG0581",2,1,1,3,2,4
"COG0582",50,29,59,39,51,55
"COG0583",24,18,31,24,29,25
"COG0584",13,8,9,11,8,10
"COG0585",0,0,0,1,0,0
"COG0586",5,4,2,7,1,2
"COG0587",9,20,11,16,26,13
"COG0588",4,1,4,2,1,0
"COG0589",8,6,14,11,8,5
"COG0590",0,5,4,1,4,4
"COG0591",8,10,17,12,24,11
"COG0592",8,5,11,7,7,6
"COG0593",0,3,5,6,3,1
"COG0594",0,0,3,0,1,1
"COG0595",3,7,1,1,3,5
"COG0596",5,4,6,8,4,10
"COG0597",1,1,1,2,1,2
"COG0598",0,2,2,6,3,7
"COG0599",4,1,4,6,1,3
"COG0600",3,2,2,3,5,3
"COG0601",4,3,5,4,7,2
"COG0602",5,9,5,3,15,1
"COG0603",3,2,2,5,1,0
"COG0604",0,0,1,0,0,0
"COG0605",3,1,0,0,0,0
"COG0606",2,5,3,6,8,2
"COG0607",10,2,2,5,7,4
"COG0608",6,12,3,4,14,12
"COG0609",3,5,5,2,1,4
"COG0610",9,20,15,10,15,10
"COG0611",3,0,2,0,5,1
"COG0612",23,14,17,19,19,13
"COG0613",3,2,8,2,4,2
"COG0614",2,13,6,9,7,5
"COG0615",1,6,0,1,2,3
"COG0616",6,5,2,9,2,1
"COG0617",6,5,6,5,7,9
"COG0618",6,5,4,5,5,6
"COG0619",10,3,7,0,3,3
"COG0620",2,4,1,1,0,6
"COG0621",17,15,25,14,13,18
"COG0622",2,5,9,2,4,2
"COG0623",1,6,1,4,2,1
"COG0624",14,8,9,6,11,6
"COG0625",1,0,2,0,0,0
"COG0626",2,3,3,0,0,1
"COG0627",8,3,1,1,0,0
"COG0628",11,8,10,8,21,6
"COG0629",4,5,6,5,7,11
"COG0630",0,0,0,0,0,0
"COG0631",1,2,3,1,2,4
"COG0632",4,3,4,3,6,6
"COG0633",0,1,0,0,0,0
"COG0634",2,6,5,3,2,2
"COG0635",6,6,9,10,12,8
"COG0636",5,1,3,3,1,2
"COG0637",9,12,6,14,8,4
"COG0639",2,5,2,1,1,0
"COG0640",3,1,3,1,2,2
"COG0641",9,9,10,1,12,16
"COG0642",141,138,122,198,171,181
"COG0643",0,1,1,1,1,0
"COG0644",1,0,2,0,0,0
"COG0645",0,0,0,0,0,0
"COG0646",4,2,2,13,6,9
"COG0647",1,0,2,0,0,0
"COG0648",2,4,0,4,7,6
"COG0649",4,4,2,7,1,3
"COG0650",0,0,0,0,0,0
"COG0651",0,0,3,2,0,1
"COG0652",2,10,4,3,6,5
"COG0653",13,17,3,7,19,8
"COG0654",0,0,3,0,0,0
"COG0655",2,4,7,8,7,6
"COG0656",1,8,5,5,1,7
"COG0657",6,8,5,10,8,13
"COG0658",4,3,5,5,7,3
"COG0659",5,7,7,6,4,14
"COG0661",3,0,7,1,1,1
"COG0662",4,3,6,1,3,1
"COG0663",3,1,1,1,3,3
"COG0664",9,10,10,7,15,12
"COG0665",0,1,0,0,1,1
"COG0666",3,2,2,1,4,0
"COG0667",9,9,4,9,7,5
"COG0668",4,16,14,10,12,8
"COG0669",2,1,8,3,2,4
"COG0670",2,2,2,0,0,0
"COG0671",2,5,6,0,5,5
"COG0672",0,2,0,0,0,0
"COG0673",17,24,19,18,14,11
"COG0674",21,17,23,21,17,19
"COG0675",2,3,15,13,36,3
"COG0676",0,0,0,0,0,0
"COG0677",1,2,2,4,1,1
"COG0678",0,0,0,0,0,0
"COG0679",5,2,4,6,5,4
"COG0680",1,0,0,0,0,0
"COG0681",12,6,9,11,12,11
"COG0682",3,3,2,1,3,2
"COG0683",1,0,0,0,3,3
"COG0684",1,1,0,1,1,0
"COG0685",7,5,11,4,3,3
"COG0686",1,1,2,2,2,1
"COG0687",4,1,2,1,2,6
"COG0688",3,1,4,0,5,5
"COG0689",0,1,0,0,1,0
"COG0690",0,0,0,0,0,0
"COG0691",5,1,3,1,4,1
"COG0692",2,1,1,2,2,3
"COG0693",2,8,3,6,4,3
"COG0694",0,0,2,0,0,0
"COG0695",0,0,0,0,0,0
"COG0696",4,12,8,9,5,11
"COG0697",23,22,21,21,16,22
"COG0698",2,2,2,0,2,1
"COG0699",0,3,0,1,1,1
"COG0700",3,3,2,4,3,6
"COG0701",1,4,0,4,0,3
"COG0702",0,1,3,0,0,0
"COG0703",4,9,2,6,10,2
"COG0704",4,2,1,1,4,4
"COG0705",6,7,2,5,4,3
"COG0706",11,10,5,5,12,9
"COG0707",4,6,6,7,18,7
"COG0708",0,6,1,3,5,1
"COG0709",1,0,1,0,1,3
"COG0710",1,0,1,1,0,2
"COG0711",3,2,1,6,3,4
"COG0712",3,0,2,4,1,1
"COG0713",0,0,0,0,0,1
"COG0714",6,8,1,9,8,4
"COG0715",1,3,5,5,2,3
"COG0716",11,3,7,10,11,7
"COG0717",0,1,0,0,1,0
"COG0718",0,0,0,3,1,2
"COG0719",11,9,10,11,10,12
"COG0720",1,1,3,4,2,1
"COG0721",0,2,1,0,2,0
"COG0722",2,3,0,0,1,1
"COG0723",0,1,0,0,1,1
"COG0724",1,0,3,2,1,0
"COG0725",1,1,0,1,2,1
"COG0726",7,9,9,12,12,9
"COG0727",0,1,0,0,0,0
"COG0728",0,2,2,0,1,1
"COG0729",1,0,1,1,0,0
"COG0730",1,2,2,1,5,3
"COG0731",1,1,2,3,1,2
"COG0732",12,13,8,2,10,6
"COG0733",9,13,11,8,11,13
"COG0735",3,10,9,8,4,3
"COG0736",1,0,0,2,0,0
"COG0737",11,16,6,20,5,8
"COG0738",24,8,12,14,13,19
"COG0739",26,15,21,19,25,25
"COG0740",5,2,7,9,6,8
"COG0741",6,4,7,9,3,7
"COG0742",8,6,2,0,5,3
"COG0743",3,2,1,4,8,4
"COG0744",12,2,3,3,12,6
"COG0745",75,74,71,70,58,80
"COG0746",1,1,0,0,1,1
"COG0747",10,8,3,7,7,9
"COG0749",6,15,13,19,20,12
"COG0750",3,7,3,9,14,6
"COG0751",1,0,1,1,0,0
"COG0752",2,1,2,0,0,0
"COG0753",2,1,0,0,2,1
"COG0754",0,0,0,1,1,1
"COG0755",7,2,5,8,0,4
"COG0756",1,1,4,1,5,3
"COG0757",1,3,2,0,1,1
"COG0758",5,4,3,5,11,6
"COG0759",0,0,0,3,2,1
"COG0760",2,11,5,16,4,3
"COG0761",8,8,7,5,7,5
"COG0762",0,0,0,0,0,0
"COG0763",3,3,7,1,3,2
"COG0764",5,5,3,0,3,3
"COG0765",7,12,8,0,9,13
"COG0766",4,11,6,10,6,6
"COG0767",4,4,1,1,1,0
"COG0768",17,26,19,27,28,30
"COG0769",5,7,12,5,16,14
"COG0770",16,15,8,11,10,12
"COG0771",4,10,4,5,8,5
"COG0772",10,17,14,11,19,10
"COG0773",7,11,5,4,4,2
"COG0774",4,2,4,3,3,5
"COG0775",5,1,1,7,3,4
"COG0776",2,9,7,7,6,5
"COG0777",0,1,2,1,2,2
"COG0778",18,7,14,10,12,8
"COG0779",0,0,0,0,1,0
"COG0780",1,2,3,4,0,6
"COG0781",5,1,6,1,4,1
"COG0782",4,5,5,1,6,2
"COG0783",1,1,1,2,1,0
"COG0784",18,22,12,6,11,8
"COG0785",0,0,0,1,0,0
"COG0786",2,2,3,1,3,6
"COG0787",6,11,8,5,8,10
"COG0788",1,0,0,1,1,0
"COG0789",10,8,6,2,4,11
"COG0790",2,7,1,4,2,3
"COG0791",1,1,2,14,13,7
"COG0792",2,4,1,2,4,0
"COG0793",38,28,22,30,18,30
"COG0794",2,2,1,2,1,0
"COG0795",5,3,7,5,4,2
"COG0796",4,1,2,3,5,4
"COG0797",0,0,1,1,0,0
"COG0798",1,2,3,0,0,1
"COG0799",1,4,1,0,0,3
"COG0800",5,8,3,3,6,3
"COG0801",2,3,3,0,1,1
"COG0802",2,6,5,2,4,3
"COG0803",3,5,4,7,3,2
"COG0804",0,1,1,0,1,0
"COG0805",3,4,2,3,1,2
"COG0806",0,6,3,0,6,1
"COG0807",7,3,8,5,3,2
"COG0809",9,6,10,10,15,7
"COG0810",0,0,0,0,0,0
"COG0811",7,5,2,4,4,3
"COG0812",3,6,0,5,5,2
"COG0813",0,0,1,0,6,0
"COG0814",2,0,0,0,0,0
"COG0815",2,0,0,0,0,0
"COG0816",1,2,8,0,3,3
"COG0817",6,3,2,0,0,1
"COG0818",1,0,1,3,2,2
"COG0819",1,0,0,0,0,0
"COG0820",7,6,3,3,6,5
"COG0821",1,10,6,6,0,4
"COG0822",8,2,4,2,6,1
"COG0823",0,1,2,4,1,2
"COG0824",3,1,1,4,0,1
"COG0825",1,0,0,0,1,6
"COG0826",15,14,8,14,10,12
"COG0827",17,11,23,12,14,19
"COG0828",0,0,0,0,3,0
"COG0829",0,0,1,0,0,0
"COG0830",1,1,0,0,1,1
"COG0831",0,0,0,0,0,0
"COG0832",0,0,0,0,0,0
"COG0833",0,1,1,1,0,0
"COG0834",18,11,12,5,13,11
"COG0835",0,2,2,0,2,1
"COG0836",9,13,6,3,5,7
"COG0837",0,0,0,0,0,0
"COG0838",2,0,1,0,0,1
"COG0839",0,2,2,3,1,2
"COG0840",7,15,10,0,5,13
"COG0841",72,52,35,78,41,57
"COG0842",18,13,13,21,14,9
"COG0843",0,0,0,0,0,0
"COG0845",47,39,35,61,38,52
"COG0846",6,6,8,7,9,3
"COG0847",4,1,5,4,3,2
"COG0848",2,0,0,1,1,0
"COG0849",4,7,0,1,2,0
"COG0850",0,2,0,1,0,1
"COG0851",0,1,0,0,0,1
"COG0852",7,3,1,4,2,4
"COG0853",1,2,1,1,0,0
"COG0854",2,1,0,2,1,0
"COG0855",14,5,7,7,8,8
"COG0857",2,0,0,0,0,0
"COG0858",2,1,4,2,6,1
"COG0859",0,4,2,7,4,2
"COG0860",7,7,8,4,7,9
"COG0861",2,2,5,2,1,0
"COG0863",3,6,7,3,6,8
"COG0864",0,0,0,0,1,0
"COG1001",2,3,2,2,4,1
"COG1002",10,15,11,4,7,2
"COG1003",6,2,4,8,6,3
"COG1004",6,4,4,13,4,10
"COG1005",3,2,6,2,3,0
"COG1006",1,0,0,0,0,0
"COG1007",6,2,2,1,1,0
"COG1008",3,2,2,7,1,3
"COG1009",3,4,4,6,1,2
"COG1010",1,1,2,2,0,2
"COG1011",7,4,9,9,6,12
"COG1012",3,2,4,3,17,11
"COG1013",18,16,25,24,23,16
"COG1014",25,23,9,24,25,15
"COG1015",1,1,0,3,2,4
"COG1017",1,0,0,1,1,0
"COG1018",0,0,0,2,0,0
"COG1020",5,3,9,1,3,4
"COG1021",1,0,1,0,0,0
"COG1022",10,4,3,22,19,17
"COG1023",0,0,0,0,0,0
"COG1024",3,0,1,1,1,3
"COG1025",0,0,1,0,0,0
"COG1026",1,1,6,0,3,6
"COG1027",1,5,5,2,6,0
"COG1028",16,20,29,23,18,28
"COG1030",0,0,1,0,0,0
"COG1032",5,15,10,17,17,14
"COG1033",2,5,4,3,6,9
"COG1034",2,1,1,1,1,2
"COG1035",2,2,4,2,4,4
"COG1038",3,2,5,1,2,3
"COG1039",0,0,0,0,0,1
"COG1040",3,3,2,2,5,4
"COG1041",0,0,0,0,0,0
"COG1042",2,0,2,0,1,1
"COG1043",5,2,4,4,5,2
"COG1044",4,6,6,8,4,5
"COG1045",6,7,3,8,5,4
"COG1047",1,2,2,2,1,2
"COG1048",6,13,9,8,5,10
"COG1049",0,0,0,1,0,0
"COG1051",5,6,2,4,2,0
"COG1052",2,8,8,9,9,10
"COG1053",9,25,7,13,15,13
"COG1054",0,0,0,0,0,1
"COG1055",5,7,4,6,12,5
"COG1056",0,0,1,0,0,0
"COG1057",2,2,2,0,1,2
"COG1058",1,0,3,1,3,0
"COG1059",0,0,0,0,0,0
"COG1060",5,7,3,9,4,5
"COG1061",11,8,7,4,20,11
"COG1062",0,0,1,0,0,0
"COG1063",6,7,3,12,8,5
"COG1064",0,0,0,0,0,1
"COG1066",3,7,4,6,9,3
"COG1067",0,1,0,0,2,1
"COG1069",0,0,2,2,0,2
"COG1070",11,21,14,25,9,16
"COG1071",1,1,0,4,2,2
"COG1072",0,0,0,0,0,0
"COG1073",12,4,9,11,17,9
"COG1074",8,10,13,6,13,11
"COG1075",0,0,0,0,1,0
"COG1076",3,3,3,4,0,3
"COG1077",8,3,6,5,10,5
"COG1078",0,0,0,0,1,2
"COG1079",1,1,2,0,1,1
"COG1080",4,2,9,6,2,4
"COG1082",4,2,3,2,5,6
"COG1083",4,2,0,3,3,1
"COG1085",0,0,0,0,0,1
"COG1086",10,4,13,4,6,12
"COG1087",3,6,7,4,13,4
"COG1088",5,5,7,7,2,7
"COG1089",3,4,1,11,1,3
"COG1090",1,0,2,1,0,2
"COG1091",7,3,2,3,2,0
"COG1092",5,4,9,4,7,3
"COG1098",0,0,0,2,1,0
"COG1099",0,0,0,0,0,0
"COG1101",1,1,1,1,2,2
"COG1102",0,0,0,0,0,0
"COG1104",3,5,5,2,4,10
"COG1105",0,0,2,1,2,3
"COG1106",5,11,6,5,10,9
"COG1108",1,5,3,1,3,1
"COG1109",19,13,11,13,24,22
"COG1112",19,10,20,9,22,11
"COG1113",0,1,6,4,3,0
"COG1114",2,1,5,1,1,2
"COG1115",6,9,14,5,8,10
"COG1116",0,0,1,0,3,2
"COG1117",3,1,2,2,2,4
"COG1118",2,0,2,2,1,0
"COG1119",2,3,1,3,4,3
"COG1120",5,6,4,10,2,8
"COG1121",2,3,0,4,2,3
"COG1122",19,10,5,2,12,13
"COG1123",2,1,2,0,0,2
"COG1124",1,0,1,0,1,0
"COG1125",0,2,1,1,0,1
"COG1126",7,5,8,2,3,5
"COG1127",8,3,4,4,5,4
"COG1129",8,6,6,5,1,7
"COG1131",19,25,12,19,20,29
"COG1132",69,44,32,26,49,45
"COG1133",0,0,1,0,0,0
"COG1134",3,8,9,3,3,3
"COG1135",0,1,3,0,1,1
"COG1136",27,19,14,10,31,25
"COG1137",0,4,6,4,2,5
"COG1138",0,1,2,0,0,0
"COG1139",5,1,1,1,1,1
"COG1140",0,0,0,0,1,0
"COG1141",1,0,0,0,0,1
"COG1142",0,1,4,1,0,0
"COG1143",1,2,2,0,1,0
"COG1144",0,0,0,0,2,0
"COG1145",10,7,9,10,9,9
"COG1146",1,1,2,0,1,2
"COG1148",1,0,0,1,1,0
"COG1149",0,0,0,0,0,0
"COG1150",0,0,1,1,0,0
"COG1151",5,4,6,2,0,11
"COG1152",0,0,0,0,0,0
"COG1154",9,11,10,11,8,4
"COG1155",4,6,6,3,2,4
"COG1156",1,2,6,2,1,7
"COG1157",0,1,0,0,0,0
"COG1158",4,1,2,1,4,2
"COG1159",1,0,1,3,5,4
"COG1160",6,9,12,6,9,11
"COG1161",3,1,2,0,2,1
"COG1162",2,4,3,4,3,3
"COG1164",1,3,0,3,2,3
"COG1165",6,6,2,7,2,1
"COG1166",6,3,4,7,4,0
"COG1167",4,4,5,3,5,6
"COG1168",12,3,12,7,5,9
"COG1169",2,1,1,6,0,2
"COG1171",2,2,6,2,2,6
"COG1172",1,2,7,1,0,4
"COG1173",7,6,5,6,4,4
"COG1174",0,0,1,0,0,0
"COG1175",14,17,11,6,6,11
"COG1176",3,8,4,1,4,7
"COG1177",3,5,5,4,5,3
"COG1178",0,2,0,1,1,5
"COG1179",6,2,3,3,2,2
"COG1180",3,7,7,4,3,12
"COG1181",8,2,6,0,6,10
"COG1182",0,0,1,1,0,0
"COG1183",4,4,5,2,3,1
"COG1184",0,0,0,1,0,0
"COG1185",9,12,6,7,15,9
"COG1186",6,2,4,2,5,5
"COG1187",3,6,2,5,2,9
"COG1188",1,3,2,1,4,1
"COG1189",0,1,4,2,0,3
"COG1190",13,11,5,5,10,5
"COG1191",6,8,6,1,9,4
"COG1192",16,11,13,8,7,18
"COG1193",8,13,5,12,5,8
"COG1194",4,8,2,4,3,0
"COG1195",5,2,5,4,3,4
"COG1196",0,3,9,2,15,12
"COG1197",8,10,12,8,13,15
"COG1198",8,9,8,3,4,0
"COG1199",1,1,5,4,4,3
"COG1200",14,5,5,4,11,5
"COG1201",1,0,1,0,0,0
"COG1203",3,1,3,3,3,1
"COG1204",2,0,2,0,0,1
"COG1205",5,6,3,0,0,2
"COG1206",2,1,0,2,0,2
"COG1207",0,1,2,2,3,0
"COG1208",9,4,8,6,4,11
"COG1209",4,5,6,5,1,1
"COG1210",2,1,2,1,3,2
"COG1211",8,10,6,3,5,3
"COG1212",2,1,4,1,0,0
"COG1213",0,1,0,0,0,0
"COG1214",2,3,4,3,5,2
"COG1215",5,4,5,10,9,3
"COG1216",12,6,11,9,8,10
"COG1217",8,15,4,8,10,10
"COG1218",3,1,1,2,1,4
"COG1219",5,7,6,5,12,8
"COG1220",0,2,1,0,1,0
"COG1221",1,0,0,5,2,2
"COG1225",4,0,1,0,0,4
"COG1226",2,1,2,2,6,1
"COG1227",5,4,6,3,3,6
"COG1228",6,1,8,5,3,3
"COG1230",3,1,1,0,0,0
"COG1232",1,0,1,2,1,0
"COG1233",0,0,0,1,1,0
"COG1234",2,6,8,3,5,6
"COG1235",5,3,4,2,11,1
"COG1236",0,2,0,2,1,6
"COG1237",0,0,0,3,1,0
"COG1238",0,3,3,0,1,2
"COG1239",1,0,0,0,0,0
"COG1240",0,1,0,0,0,0
"COG1242",1,3,2,3,11,4
"COG1243",0,1,1,0,1,0
"COG1246",0,1,0,2,0,0
"COG1247",0,1,2,2,3,4
"COG1249",4,3,4,15,5,7
"COG1250",2,6,1,1,1,3
"COG1251",1,1,0,2,0,0
"COG1252",1,1,0,2,0,0
"COG1253",20,11,21,21,10,9
"COG1254",0,0,2,0,0,2
"COG1256",1,5,2,0,0,3
"COG1257",0,0,0,0,0,0
"COG1259",1,0,0,0,0,3
"COG1260",3,6,1,3,1,2
"COG1261",0,0,0,0,0,0
"COG1262",1,2,2,5,5,6
"COG1263",6,7,13,7,9,7
"COG1264",6,6,11,8,7,10
"COG1266",3,7,5,2,4,7
"COG1267",0,0,1,0,2,1
"COG1268",0,1,2,3,1,1
"COG1269",5,1,5,4,11,5
"COG1270",3,2,4,3,0,0
"COG1271",2,4,1,5,2,2
"COG1272",3,1,3,4,3,3
"COG1273",0,0,0,0,0,0
"COG1274",2,0,3,0,1,0
"COG1275",0,0,2,0,0,0
"COG1276",0,0,0,1,0,0
"COG1277",3,0,0,2,4,1
"COG1278",1,1,0,0,1,0
"COG1279",0,0,1,0,1,0
"COG1280",2,0,7,3,1,0
"COG1281",4,1,0,1,5,0
"COG1282",0,0,0,0,0,0
"COG1283",7,13,7,8,12,8
"COG1284",2,3,2,11,10,11
"COG1285",1,0,3,3,3,0
"COG1286",0,0,0,1,1,0
"COG1287",0,0,0,0,1,0
"COG1288",0,2,2,0,0,2
"COG1289",0,1,1,0,0,0
"COG1290",0,0,0,0,0,0
"COG1291",0,0,1,0,0,0
"COG1292",3,6,0,3,2,0
"COG1293",1,2,3,0,4,1
"COG1294",4,2,6,3,7,3
"COG1295",6,8,5,2,3,1
"COG1296",1,1,0,1,1,4
"COG1297",5,6,5,3,1,2
"COG1298",1,1,2,0,1,2
"COG1299",4,4,4,7,3,4
"COG1300",0,0,0,0,0,2
"COG1301",1,4,2,12,8,7
"COG1302",3,1,2,0,4,3
"COG1304",3,0,2,0,1,1
"COG1305",2,3,8,4,3,5
"COG1306",0,0,0,0,1,0
"COG1307",3,6,2,0,3,8
"COG1309",9,8,12,5,11,11
"COG1310",0,0,0,0,1,0
"COG1312",3,7,3,4,2,2
"COG1313",3,0,3,0,3,1
"COG1314",0,0,0,0,0,0
"COG1315",1,2,0,0,1,2
"COG1316",5,3,5,4,11,5
"COG1317",0,0,0,0,0,0
"COG1319",1,0,3,4,1,1
"COG1320",0,1,0,0,0,0
"COG1321",5,0,1,0,2,3
"COG1322",5,4,2,4,5,3
"COG1323",0,4,2,0,2,1
"COG1324",0,0,0,0,0,0
"COG1327",2,0,2,1,0,0
"COG1328",8,16,12,13,18,9
"COG1329",0,0,1,0,0,0
"COG1330",0,0,0,0,0,0
"COG1331",0,0,0,0,0,0
"COG1332",1,0,0,0,0,0
"COG1333",0,0,0,0,0,0
"COG1335",1,3,2,2,5,3
"COG1336",0,0,0,0,0,0
"COG1337",1,0,1,0,0,0
"COG1338",0,0,0,0,0,0
"COG1342",0,2,0,0,2,1
"COG1343",2,0,1,0,1,2
"COG1344",1,13,2,0,1,6
"COG1345",0,1,0,0,0,2
"COG1346",1,3,1,4,1,2
"COG1347",1,0,3,1,3,0
"COG1348",2,0,0,1,2,1
"COG1349",1,4,9,6,7,8
"COG1350",6,3,0,3,4,0
"COG1351",1,0,1,1,3,2
"COG1352",1,0,0,0,0,1
"COG1353",0,1,1,0,0,0
"COG1354",1,0,2,2,3,1
"COG1355",0,0,1,0,0,0
"COG1357",0,0,0,2,5,4
"COG1358",0,0,1,0,1,0
"COG1359",0,0,0,0,1,0
"COG1360",3,6,2,2,1,2
"COG1361",1,1,0,0,0,0
"COG1362",5,6,4,3,8,5
"COG1363",1,2,3,2,1,2
"COG1364",2,2,1,1,3,6
"COG1366",0,1,1,0,2,0
"COG1368",14,17,12,10,9,10
"COG1372",1,0,0,0,0,2
"COG1373",26,70,45,20,17,25
"COG1376",4,1,4,0,1,4
"COG1377",0,1,1,0,2,0
"COG1378",0,0,0,0,0,0
"COG1379",0,2,0,0,1,1
"COG1380",2,1,4,0,1,1
"COG1381",1,1,1,0,3,0
"COG1384",0,0,0,0,0,0
"COG1385",0,6,5,2,1,3
"COG1386",1,2,0,2,2,1
"COG1387",8,3,3,8,0,3
"COG1388",4,7,3,3,9,4
"COG1390",1,0,0,0,0,0
"COG1391",2,0,0,0,0,0
"COG1392",2,2,0,2,0,0
"COG1393",0,0,1,1,1,0
"COG1394",1,0,2,2,4,0
"COG1396",12,9,10,4,8,5
"COG1397",5,3,4,0,2,1
"COG1399",2,0,1,0,6,5
"COG1401",6,5,5,4,6,1
"COG1402",1,4,2,0,0,0
"COG1403",0,0,0,0,3,0
"COG1404",18,17,8,9,17,14
"COG1406",0,0,0,0,0,0
"COG1408",9,9,6,5,2,2
"COG1409",10,9,9,15,16,10
"COG1410",8,14,15,10,7,9
"COG1413",0,0,0,0,0,0
"COG1414",1,2,5,3,0,2
"COG1415",0,0,0,0,0,0
"COG1416",0,0,0,0,0,0
"COG1418",9,10,6,2,5,5
"COG1419",1,0,0,0,1,0
"COG1420",1,4,2,1,4,2
"COG1424",0,0,0,0,1,0
"COG1426",1,0,0,0,0,0
"COG1427",0,0,1,1,1,0
"COG1428",0,2,1,0,0,0
"COG1429",5,10,8,5,8,6
"COG1430",0,0,0,0,0,0
"COG1431",0,0,0,0,0,0
"COG1432",2,1,1,2,0,1
"COG1433",3,1,0,0,2,0
"COG1434",0,0,0,1,3,0
"COG1435",1,1,6,3,5,5
"COG1436",0,0,0,1,0,0
"COG1437",0,0,0,0,0,0
"COG1438",2,5,1,2,2,3
"COG1440",0,0,0,0,1,0
"COG1441",0,0,0,0,0,0
"COG1442",2,3,7,2,3,0
"COG1443",0,1,2,0,0,0
"COG1444",0,0,1,1,0,0
"COG1445",3,0,3,4,5,4
"COG1446",1,0,0,0,0,2
"COG1447",0,1,2,0,1,0
"COG1448",0,0,0,1,0,1
"COG1449",1,1,5,1,0,4
"COG1450",0,0,1,0,0,0
"COG1451",4,1,2,1,1,8
"COG1452",1,0,0,0,0,0
"COG1453",6,2,4,6,4,6
"COG1454",4,7,5,15,23,13
"COG1455",0,3,1,1,4,1
"COG1456",0,0,0,0,0,1
"COG1457",1,1,1,1,2,3
"COG1459",2,2,2,0,4,1
"COG1461",4,3,3,3,3,2
"COG1462",0,0,0,0,0,0
"COG1463",0,0,0,2,1,1
"COG1464",1,2,4,2,2,1
"COG1465",0,0,0,1,0,0
"COG1466",9,6,1,5,7,3
"COG1468",1,2,2,0,1,0
"COG1469",1,0,0,0,1,0
"COG1470",0,0,1,0,0,0
"COG1472",48,43,45,42,32,51
"COG1473",4,4,6,5,5,6
"COG1475",23,13,16,9,18,12
"COG1476",3,0,1,1,0,1
"COG1477",2,4,7,3,2,9
"COG1479",11,17,11,10,11,4
"COG1480",2,2,2,5,3,6
"COG1481",1,2,3,0,2,3
"COG1482",8,3,4,9,6,8
"COG1483",1,0,1,0,0,0
"COG1484",9,10,11,4,8,9
"COG1485",0,0,0,1,0,0
"COG1486",2,0,1,1,2,3
"COG1487",0,0,0,0,0,0
"COG1488",6,5,1,9,8,7
"COG1489",4,0,2,2,0,0
"COG1490",5,1,4,1,5,2
"COG1492",4,0,2,4,7,4
"COG1493",0,1,1,0,3,2
"COG1494",0,0,0,0,0,0
"COG1495",0,1,0,1,0,0
"COG1496",1,3,5,5,2,2
"COG1501",17,17,17,23,13,13
"COG1502",6,15,8,2,2,5
"COG1505",0,1,4,0,1,1
"COG1506",21,16,25,36,20,15
"COG1507",0,0,0,0,0,0
"COG1508",4,4,4,3,3,1
"COG1509",2,3,2,3,3,4
"COG1511",2,2,1,0,4,13
"COG1512",0,1,2,0,2,1
"COG1513",0,0,0,0,0,0
"COG1514",0,0,0,0,0,0
"COG1515",0,0,0,0,0,0
"COG1516",0,0,1,0,0,0
"COG1518",3,2,2,1,1,8
"COG1519",6,5,4,6,3,1
"COG1520",7,2,2,4,5,6
"COG1521",2,4,4,5,4,0
"COG1522",6,9,4,5,3,4
"COG1523",9,6,4,6,6,7
"COG1524",13,1,4,5,8,4
"COG1525",0,0,0,0,0,0
"COG1526",1,0,0,1,0,0
"COG1527",0,0,2,0,0,1
"COG1528",4,0,5,3,7,7
"COG1529",3,3,6,3,6,1
"COG1530",1,6,5,0,2,4
"COG1533",5,3,2,6,7,12
"COG1534",0,0,0,0,0,1
"COG1535",0,0,0,1,0,0
"COG1536",0,0,0,0,0,0
"COG1538",40,21,18,56,18,23
"COG1539",3,1,1,2,1,1
"COG1540",0,0,0,0,0,0
"COG1541",1,2,2,9,6,2
"COG1543",0,0,0,0,2,0
"COG1544",1,0,3,1,2,0
"COG1545",0,0,0,0,0,0
"COG1546",4,2,2,4,3,5
"COG1550",0,0,0,0,0,0
"COG1551",0,0,0,0,0,1
"COG1553",0,0,0,0,0,0
"COG1554",3,4,3,2,2,2
"COG1555",3,2,7,0,1,2
"COG1556",3,0,0,0,1,1
"COG1558",0,2,0,0,0,1
"COG1559",2,2,4,4,3,1
"COG1560",4,2,2,2,4,1
"COG1561",7,2,4,5,3,4
"COG1562",0,0,0,0,0,0
"COG1564",4,1,0,3,3,5
"COG1565",0,0,0,0,0,0
"COG1566",1,2,2,3,1,2
"COG1567",1,0,0,0,0,0
"COG1568",1,0,0,1,0,0
"COG1569",0,0,0,0,0,0
"COG1570",8,3,10,6,8,8
"COG1573",2,0,0,3,3,3
"COG1574",0,0,1,3,5,4
"COG1575",3,1,0,3,2,1
"COG1576",3,1,6,0,8,3
"COG1577",0,1,0,0,0,0
"COG1578",0,0,0,0,0,0
"COG1579",4,2,3,2,2,1
"COG1580",0,0,0,0,0,0
"COG1582",0,0,0,0,0,0
"COG1583",0,0,2,0,0,0
"COG1584",0,0,1,0,0,0
"COG1585",2,3,0,0,2,1
"COG1586",0,1,0,0,0,0
"COG1587",1,2,1,1,1,2
"COG1589",1,0,1,1,1,0
"COG1592",6,5,6,2,6,6
"COG1593",3,3,5,5,5,4
"COG1595",52,27,53,44,32,38
"COG1596",9,8,5,15,5,6
"COG1597",4,5,7,5,11,3
"COG1598",1,1,0,0,2,0
"COG1600",0,0,1,2,1,0
"COG1604",0,0,0,0,0,0
"COG1605",2,2,1,0,3,1
"COG1606",3,0,1,0,1,0
"COG1607",0,0,0,0,1,0
"COG1609",23,17,21,24,15,17
"COG1610",3,1,1,4,4,2
"COG1611",0,0,0,2,5,1
"COG1613",1,1,0,0,0,1
"COG1614",0,0,0,0,0,0
"COG1615",1,0,0,0,2,0
"COG1618",0,0,0,1,0,0
"COG1619",1,1,3,6,2,2
"COG1620",1,1,4,1,1,1
"COG1621",8,7,7,5,8,6
"COG1622",0,0,0,0,0,0
"COG1623",0,0,0,0,1,0
"COG1624",6,6,2,5,3,2
"COG1625",2,1,0,2,2,1
"COG1626",2,1,3,3,1,1
"COG1629",19,31,27,26,10,25
"COG1633",0,0,0,0,1,0
"COG1635",0,0,0,0,0,0
"COG1636",0,1,3,1,3,2
"COG1637",1,0,0,0,0,0
"COG1638",1,2,1,5,3,2
"COG1640",11,5,7,8,11,13
"COG1641",1,0,0,1,1,0
"COG1643",1,0,1,3,1,0
"COG1647",0,0,0,0,0,0
"COG1648",0,0,3,0,1,0
"COG1649",17,11,7,12,12,5
"COG1651",1,0,1,0,0,0
"COG1652",1,1,0,0,0,0
"COG1653",22,20,21,9,15,32
"COG1654",1,2,2,2,1,2
"COG1655",0,0,0,0,0,3
"COG1657",0,0,0,0,0,0
"COG1658",0,0,0,0,1,0
"COG1659",0,0,0,0,0,0
"COG1660",4,4,4,5,5,3
"COG1661",1,1,0,1,0,0
"COG1662",3,4,0,3,0,1
"COG1663",0,2,2,3,3,4
"COG1664",0,0,0,0,0,1
"COG1666",0,1,1,0,0,0
"COG1668",3,3,1,2,2,0
"COG1669",1,0,0,1,0,3
"COG1670",8,11,7,14,6,4
"COG1671",0,1,0,0,2,0
"COG1672",7,49,8,9,3,6
"COG1674",8,9,9,14,4,10
"COG1677",1,0,2,0,0,0
"COG1678",1,1,0,0,0,1
"COG1679",0,0,0,0,1,0
"COG1680",3,12,7,13,9,11
"COG1682",1,3,2,1,8,3
"COG1683",3,0,1,0,0,0
"COG1684",0,0,1,0,0,1
"COG1686",5,11,6,4,9,6
"COG1687",0,0,0,0,0,0
"COG1688",0,0,0,0,0,0
"COG1690",1,2,2,1,0,0
"COG1691",0,0,0,1,1,0
"COG1692",0,0,1,0,3,0
"COG1694",4,1,1,6,0,2
"COG1695",1,0,1,1,1,1
"COG1696",9,5,6,6,5,8
"COG1699",1,1,0,0,0,1
"COG1700",0,0,1,2,0,0
"COG1702",4,8,2,6,4,7
"COG1703",4,0,0,3,4,1
"COG1704",0,2,5,3,4,2
"COG1705",8,4,8,4,0,3
"COG1706",0,0,0,0,0,0
"COG1708",2,0,2,1,0,2
"COG1712",2,0,1,0,1,0
"COG1713",1,1,0,1,2,2
"COG1714",1,0,0,3,1,1
"COG1715",1,3,1,0,0,1
"COG1716",1,0,3,0,1,0
"COG1719",0,0,0,0,0,0
"COG1720",0,1,0,0,1,0
"COG1721",5,1,7,6,1,4
"COG1722",0,0,1,0,1,0
"COG1724",0,0,0,0,1,0
"COG1725",5,2,2,0,0,1
"COG1726",1,2,4,5,1,1
"COG1728",1,0,0,0,0,0
"COG1729",0,0,0,0,0,0
"COG1732",1,0,0,0,0,1
"COG1733",3,2,5,3,3,5
"COG1734",0,1,2,1,1,0
"COG1735",0,0,0,0,0,0
"COG1737",3,1,9,2,8,4
"COG1738",0,5,0,2,1,2
"COG1739",3,7,3,3,5,3
"COG1740",0,1,0,0,0,0
"COG1741",2,1,2,1,5,6
"COG1742",0,0,1,0,0,0
"COG1743",1,0,0,0,0,0
"COG1744",2,3,3,1,4,3
"COG1747",0,0,0,0,0,0
"COG1748",5,3,5,4,6,6
"COG1749",1,2,0,0,0,1
"COG1751",0,0,0,0,0,0
"COG1752",4,5,10,8,5,11
"COG1754",4,3,4,3,7,6
"COG1755",0,0,0,0,0,0
"COG1757",13,18,11,17,5,7
"COG1758",1,0,0,0,0,0
"COG1760",3,6,3,11,3,7
"COG1762",1,6,6,12,7,7
"COG1763",2,1,0,0,0,1
"COG1764",0,0,0,0,0,0
"COG1765",0,0,0,0,0,0
"COG1766",0,1,0,0,0,0
"COG1767",1,0,0,0,0,0
"COG1768",0,1,0,1,0,0
"COG1770",2,0,1,0,0,0
"COG1773",2,2,2,1,0,0
"COG1774",5,8,4,2,2,4
"COG1775",4,5,6,0,0,0
"COG1776",0,2,1,0,0,1
"COG1778",4,0,1,3,1,4
"COG1780",0,0,0,0,0,0
"COG1781",2,2,2,2,1,3
"COG1782",0,0,0,0,0,0
"COG1783",3,0,11,3,3,0
"COG1785",5,2,7,4,4,3
"COG1786",1,0,0,0,0,0
"COG1787",0,0,0,0,1,0
"COG1788",1,0,1,0,0,0
"COG1791",0,0,0,0,0,0
"COG1792",4,0,5,3,9,4
"COG1793",1,0,0,1,1,0
"COG1794",0,0,4,2,0,1
"COG1797",1,3,4,2,2,2
"COG1799",1,2,1,1,3,1
"COG1801",0,0,0,0,0,0
"COG1802",2,2,3,2,9,7
"COG1803",4,1,2,4,4,6
"COG1804",0,1,1,0,2,1
"COG1805",2,1,2,4,2,1
"COG1806",1,1,0,1,0,0
"COG1807",5,3,9,5,5,5
"COG1808",5,1,8,2,1,2
"COG1811",0,0,2,3,0,0
"COG1814",0,0,0,0,1,0
"COG1815",0,1,0,0,0,0
"COG1816",0,1,1,0,1,1
"COG1817",2,0,0,0,0,0
"COG1819",0,0,2,0,0,0
"COG1820",7,6,5,6,7,10
"COG1823",0,0,0,0,0,0
"COG1825",3,2,3,3,1,2
"COG1826",1,1,0,0,0,0
"COG1827",2,1,1,0,0,0
"COG1830",3,0,1,3,1,1
"COG1832",0,0,0,0,0,0
"COG1834",0,0,0,2,0,0
"COG1835",5,1,8,4,2,3
"COG1837",0,0,2,0,1,0
"COG1838",2,4,5,4,5,4
"COG1840",0,2,3,0,7,2
"COG1841",0,0,1,0,1,0
"COG1842",0,0,0,0,0,0
"COG1843",0,1,0,0,1,0
"COG1845",0,0,0,0,0,0
"COG1846",3,6,6,6,8,10
"COG1847",0,0,0,2,4,4
"COG1850",0,0,0,0,0,0
"COG1852",1,0,1,1,0,0
"COG1853",3,2,3,2,3,9
"COG1854",2,1,0,1,0,1
"COG1857",0,0,0,0,0,0
"COG1858",2,3,0,3,0,0
"COG1859",0,0,0,0,0,0
"COG1861",1,0,1,0,1,0
"COG1862",1,1,4,1,3,2
"COG1863",0,0,0,0,0,0
"COG1864",3,3,7,2,5,2
"COG1865",1,1,0,1,0,0
"COG1866",1,7,3,7,7,5
"COG1868",2,3,2,0,0,1
"COG1869",0,0,0,0,0,0
"COG1871",0,1,0,0,1,0
"COG1872",0,0,1,0,0,0
"COG1873",1,0,0,0,1,2
"COG1874",18,5,3,12,4,13
"COG1875",1,0,0,1,4,0
"COG1876",0,0,0,1,3,0
"COG1877",0,1,2,2,1,5
"COG1878",0,3,1,0,0,2
"COG1879",13,19,17,8,9,16
"COG1881",0,0,0,0,1,0
"COG1882",3,8,3,16,13,22
"COG1883",13,8,5,10,6,6
"COG1884",6,4,10,16,5,8
"COG1886",1,0,0,0,1,0
"COG1887",1,6,1,1,4,4
"COG1892",0,0,0,0,0,0
"COG1893",4,3,4,4,1,3
"COG1894",6,1,2,0,3,5
"COG1895",0,0,3,3,3,1
"COG1896",2,3,3,1,1,0
"COG1897",5,2,6,4,3,4
"COG1898",8,7,2,8,7,3
"COG1899",0,0,1,0,0,0
"COG1900",0,0,0,0,0,0
"COG1902",13,2,8,3,0,5
"COG1903",4,3,1,4,7,3
"COG1904",3,2,6,4,3,0
"COG1905",2,0,0,1,2,1
"COG1906",1,0,0,0,0,0
"COG1908",0,0,0,0,1,1
"COG1910",0,0,0,0,0,0
"COG1912",0,0,0,0,0,0
"COG1913",0,0,0,0,0,0
"COG1914",2,3,0,2,3,2
"COG1915",0,0,0,0,0,0
"COG1917",7,2,2,6,5,2
"COG1918",5,5,8,7,16,2
"COG1921",1,0,2,2,0,1
"COG1922",4,2,0,4,0,1
"COG1923",0,1,1,0,0,0
"COG1924",8,8,12,5,5,3
"COG1925",4,6,2,1,3,1
"COG1928",1,0,1,0,0,0
"COG1929",4,3,0,3,4,3
"COG1930",0,0,0,0,0,0
"COG1932",5,5,2,7,4,2
"COG1934",1,2,0,0,0,0
"COG1937",1,2,2,0,2,2
"COG1939",0,0,0,1,1,0
"COG1940",4,14,12,6,16,15
"COG1941",0,0,0,0,0,0
"COG1942",0,0,0,0,0,0
"COG1943",0,5,7,1,5,2
"COG1944",2,0,0,1,0,0
"COG1945",0,0,0,0,0,0
"COG1946",0,0,0,0,0,0
"COG1947",4,3,6,2,5,5
"COG1949",1,0,0,0,1,0
"COG1950",0,0,0,0,0,0
"COG1951",5,6,6,2,6,6
"COG1952",0,0,1,1,0,0
"COG1953",1,0,0,0,0,2
"COG1954",0,0,1,1,1,0
"COG1956",0,1,0,2,0,1
"COG1957",0,0,2,0,0,2
"COG1959",0,2,3,2,2,3
"COG1960",11,11,5,7,10,11
"COG1961",41,32,54,27,45,55
"COG1963",1,0,1,0,0,1
"COG1964",0,0,0,0,0,0
"COG1965",0,1,0,0,0,0
"COG1966",9,16,10,11,8,6
"COG1968",5,4,6,4,7,6
"COG1969",0,0,1,0,0,0
"COG1970",2,1,4,0,2,2
"COG1971",3,2,1,1,1,1
"COG1972",0,0,4,1,1,1
"COG1974",1,3,5,1,3,3
"COG1975",2,0,3,3,6,3
"COG1977",0,0,0,0,0,0
"COG1979",5,4,2,2,3,8
"COG1982",1,5,7,6,4,6
"COG1983",1,1,0,0,1,1
"COG1984",2,0,0,0,2,0
"COG1985",2,5,3,5,6,6
"COG1986",0,0,0,0,1,0
"COG1987",0,1,0,0,0,1
"COG1988",1,0,0,0,0,1
"COG1989",1,0,1,1,1,1
"COG1990",0,0,0,0,0,0
"COG1992",0,0,0,0,0,0
"COG1993",0,0,0,0,0,0
"COG1994",1,1,1,1,3,2
"COG1995",3,5,3,3,4,3
"COG2000",0,0,0,0,2,1
"COG2001",1,3,2,1,3,1
"COG2002",0,3,0,1,5,3
"COG2003",2,1,2,6,3,4
"COG2005",0,1,0,0,0,0
"COG2006",2,2,1,0,2,0
"COG2008",3,2,4,6,7,3
"COG2009",1,0,0,1,0,0
"COG2010",0,0,0,0,0,0
"COG2011",2,2,2,0,2,0
"COG2013",1,0,0,0,1,1
"COG2014",0,0,0,0,0,0
"COG2015",1,0,0,0,1,3
"COG2017",10,17,11,6,8,7
"COG2020",0,0,0,0,1,1
"COG2021",0,0,1,0,0,0
"COG2022",2,3,2,5,3,1
"COG2025",5,6,8,5,5,1
"COG2026",0,0,0,0,0,0
"COG2027",0,1,1,5,2,3
"COG2030",4,1,4,1,1,0
"COG2031",1,0,0,0,0,0
"COG2032",0,0,0,0,1,1
"COG2033",0,1,1,1,1,0
"COG2035",1,0,1,0,2,4
"COG2038",6,2,2,3,2,3
"COG2039",2,0,0,0,0,0
"COG2040",0,0,0,0,0,1
"COG2041",0,0,0,0,0,0
"COG2043",0,0,0,1,0,0
"COG2045",0,0,0,1,0,1
"COG2046",0,0,0,0,0,0
"COG2048",0,0,0,0,1,0
"COG2049",0,0,0,0,1,2
"COG2050",3,0,2,7,1,4
"COG2052",0,0,0,0,1,1
"COG2055",2,0,1,0,1,0
"COG2056",0,0,1,0,0,0
"COG2057",1,0,1,0,0,0
"COG2059",5,10,7,9,3,6
"COG2060",6,2,0,2,1,1
"COG2062",0,0,0,0,0,0
"COG2063",0,0,0,0,0,0
"COG2064",0,0,0,0,0,0
"COG2065",0,0,1,2,1,0
"COG2066",2,0,3,3,1,3
"COG2067",1,0,0,2,2,1
"COG2068",0,1,2,0,1,1
"COG2069",0,0,0,0,0,0
"COG2070",3,9,5,10,6,5
"COG2071",0,3,3,4,1,2
"COG2072",0,1,0,0,0,0
"COG2073",2,2,2,6,4,4
"COG2076",0,0,2,2,1,0
"COG2077",1,1,0,0,1,1
"COG2078",0,0,1,0,0,0
"COG2079",2,0,1,0,1,0
"COG2080",1,0,2,2,2,2
"COG2081",5,8,4,0,2,2
"COG2082",1,0,2,1,2,2
"COG2084",1,0,2,2,2,0
"COG2085",0,0,0,0,0,0
"COG2086",6,7,4,2,2,5
"COG2087",2,2,0,1,0,0
"COG2088",1,2,0,0,1,1
"COG2089",3,1,4,4,1,3
"COG2091",1,2,1,0,0,0
"COG2094",0,0,0,0,0,0
"COG2095",4,1,5,5,2,8
"COG2096",3,0,1,2,2,4
"COG2099",2,1,0,3,0,5
"COG2102",1,1,0,0,0,0
"COG2103",1,2,0,2,4,1
"COG2104",1,0,0,0,0,0
"COG2105",0,0,0,0,0,0
"COG2107",0,0,0,0,1,0
"COG2108",0,0,0,1,0,0
"COG2109",1,0,2,2,1,0
"COG2110",0,3,2,3,3,1
"COG2111",1,0,0,0,0,0
"COG2113",1,1,0,0,2,0
"COG2114",0,0,0,0,0,0
"COG2115",2,0,4,2,3,1
"COG2116",0,2,1,1,0,4
"COG2119",0,0,1,1,1,0
"COG2120",1,0,1,3,0,0
"COG2121",0,0,0,0,0,0
"COG2122",1,0,0,0,0,0
"COG2127",0,1,0,0,0,0
"COG2128",0,0,0,0,0,0
"COG2129",2,1,0,0,0,0
"COG2130",0,0,0,0,0,0
"COG2131",5,3,0,2,2,1
"COG2132",0,0,0,1,0,0
"COG2133",0,1,0,0,0,0
"COG2134",0,0,0,0,0,0
"COG2135",0,0,1,0,0,0
"COG2137",0,2,1,0,1,0
"COG2140",0,0,0,2,0,1
"COG2141",0,0,0,1,0,0
"COG2142",0,0,0,1,0,0
"COG2143",0,0,0,0,0,0
"COG2145",2,3,3,1,1,1
"COG2146",0,0,1,1,0,0
"COG2148",13,11,15,9,14,15
"COG2149",0,1,0,0,0,0
"COG2151",4,1,3,1,1,0
"COG2152",2,2,0,3,2,7
"COG2153",1,0,0,0,0,0
"COG2155",0,0,0,0,1,0
"COG2156",2,0,0,1,1,0
"COG2158",0,0,0,0,0,1
"COG2159",1,1,1,2,0,1
"COG2160",2,5,2,4,3,1
"COG2161",0,0,0,0,0,0
"COG2162",0,0,0,0,0,0
"COG2163",0,0,0,0,0,0
"COG2165",0,1,0,0,0,0
"COG2166",4,3,3,2,4,0
"COG2168",0,0,0,0,0,0
"COG2169",0,0,0,1,1,0
"COG2170",0,0,0,0,0,0
"COG2171",1,0,1,0,1,1
"COG2172",1,2,2,0,1,1
"COG2173",0,1,1,1,0,1
"COG2175",0,0,0,0,0,0
"COG2176",6,7,7,6,16,7
"COG2177",5,3,3,3,4,6
"COG2179",3,2,0,0,1,2
"COG2180",0,0,0,0,0,0
"COG2181",0,0,0,2,0,0
"COG2182",1,3,1,0,2,4
"COG2183",5,7,1,6,10,9
"COG2184",2,1,1,1,2,0
"COG2185",14,2,6,5,1,2
"COG2186",1,3,1,2,4,4
"COG2188",3,4,5,7,2,3
"COG2189",1,1,3,1,2,9
"COG2190",5,3,3,2,1,1
"COG2191",0,1,0,0,0,0
"COG2192",0,0,0,1,1,0
"COG2193",2,0,2,1,1,2
"COG2194",1,12,5,4,2,4
"COG2195",12,19,14,5,13,8
"COG2197",23,11,16,30,18,15
"COG2198",0,0,3,0,0,0
"COG2199",12,15,19,7,10,19
"COG2200",3,6,9,5,4,8
"COG2201",0,0,0,2,0,2
"COG2202",3,4,3,3,2,3
"COG2203",0,0,0,0,1,0
"COG2204",21,10,29,39,23,16
"COG2205",4,11,4,10,6,2
"COG2206",2,6,4,0,3,5
"COG2207",110,57,67,112,67,113
"COG2208",0,2,4,0,9,3
"COG2209",2,2,0,2,0,0
"COG2210",4,2,1,1,6,3
"COG2211",16,16,11,12,19,12
"COG2212",0,0,0,0,0,0
"COG2213",0,0,0,2,2,0
"COG2214",1,5,0,0,1,3
"COG2215",0,0,1,0,0,0
"COG2216",2,1,3,7,3,3
"COG2217",14,25,13,21,31,18
"COG2220",6,4,10,10,6,8
"COG2221",1,2,2,2,0,1
"COG2222",1,0,0,0,0,0
"COG2223",1,1,1,0,0,0
"COG2224",0,0,1,0,0,0
"COG2225",0,0,0,0,0,0
"COG2226",0,3,3,1,5,1
"COG2227",1,0,0,1,3,0
"COG2230",0,1,2,0,3,1
"COG2231",0,0,0,0,0,0
"COG2233",5,12,16,8,6,5
"COG2234",8,5,7,5,7,2
"COG2235",0,0,0,0,1,2
"COG2236",0,0,0,0,0,0
"COG2239",7,4,5,4,9,4
"COG2240",2,1,5,7,4,2
"COG2241",1,2,2,4,6,5
"COG2242",2,1,2,2,3,2
"COG2243",3,0,2,4,1,4
"COG2244",23,16,19,9,20,24
"COG2246",2,0,0,0,1,1
"COG2247",0,0,0,0,0,0
"COG2249",0,0,1,2,0,0
"COG2250",0,0,0,0,1,0
"COG2252",1,3,1,5,1,5
"COG2253",0,0,1,1,0,0
"COG2255",5,4,1,5,6,7
"COG2256",4,5,10,2,7,3
"COG2257",0,0,0,0,1,0
"COG2258",0,0,0,0,1,2
"COG2259",2,1,0,2,0,0
"COG2261",0,0,0,1,0,0
"COG2262",10,5,3,7,4,8
"COG2264",4,11,3,6,1,3
"COG2265",4,8,7,2,8,10
"COG2267",4,4,1,1,4,3
"COG2268",0,1,1,0,4,0
"COG2269",0,0,0,0,0,0
"COG2270",0,2,4,2,1,2
"COG2271",1,1,0,1,0,0
"COG2272",2,7,0,1,0,2
"COG2273",6,1,3,6,6,5
"COG2274",5,22,2,9,8,7
"COG2301",0,0,0,0,0,1
"COG2302",0,1,1,2,2,2
"COG2303",1,1,0,0,0,0
"COG2304",3,12,4,8,7,5
"COG2306",0,0,0,0,0,0
"COG2307",2,0,1,0,0,0
"COG2308",1,0,0,0,0,0
"COG2309",2,2,3,1,0,4
"COG2310",0,0,0,5,0,1
"COG2311",4,1,5,6,4,0
"COG2312",0,0,1,0,1,0
"COG2313",0,0,0,0,0,0
"COG2314",0,0,1,0,0,0
"COG2315",0,1,2,1,1,0
"COG2316",0,2,1,1,0,0
"COG2317",0,0,1,0,0,2
"COG2318",0,0,0,0,0,0
"COG2319",0,3,0,0,0,0
"COG2320",0,1,0,0,0,0
"COG2321",0,0,0,0,0,0
"COG2323",0,0,0,0,0,0
"COG2326",2,0,1,1,3,3
"COG2327",1,0,0,2,1,2
"COG2329",0,0,0,0,0,1
"COG2331",1,0,0,0,0,0
"COG2332",0,0,0,0,0,0
"COG2333",0,0,5,1,5,1
"COG2334",1,0,1,0,1,0
"COG2335",0,0,0,0,0,0
"COG2336",0,0,0,0,1,0
"COG2337",1,1,6,0,7,7
"COG2339",0,0,0,0,0,1
"COG2340",0,1,0,0,1,0
"COG2342",0,0,0,0,0,0
"COG2344",3,1,3,0,3,2
"COG2346",0,0,0,0,0,0
"COG2348",0,0,0,1,1,0
"COG2350",0,0,0,0,0,0
"COG2351",1,0,0,0,0,0
"COG2352",1,0,0,1,1,0
"COG2353",0,0,0,0,0,0
"COG2354",0,0,0,0,0,0
"COG2355",1,1,1,8,3,5
"COG2356",0,2,2,4,0,0
"COG2357",4,3,2,2,1,5
"COG2358",0,6,0,0,3,0
"COG2359",0,0,1,0,0,0
"COG2360",0,1,0,2,1,1
"COG2361",1,3,1,0,0,3
"COG2362",0,0,0,0,0,0
"COG2363",0,0,0,0,0,0
"COG2364",3,2,2,1,3,2
"COG2365",5,0,2,1,1,4
"COG2366",0,0,5,0,0,0
"COG2367",4,2,3,4,3,1
"COG2368",1,0,3,0,0,0
"COG2369",0,0,0,0,0,0
"COG2371",0,0,0,0,0,0
"COG2372",0,0,0,0,0,0
"COG2373",10,19,9,10,10,6
"COG2374",0,0,0,0,0,0
"COG2375",0,0,0,0,0,0
"COG2376",0,1,1,1,0,2
"COG2377",1,3,0,1,0,0
"COG2378",2,1,3,0,1,1
"COG2379",1,0,0,0,2,2
"COG2382",0,1,0,2,1,4
"COG2384",1,1,1,0,1,3
"COG2385",7,3,7,4,5,6
"COG2386",0,0,0,0,0,0
"COG2388",1,0,0,1,2,0
"COG2390",0,0,3,4,1,0
"COG2391",0,0,1,0,0,0
"COG2404",0,0,0,0,1,0
"COG2405",0,0,0,0,0,0
"COG2406",0,0,1,1,0,0
"COG2407",11,15,10,11,6,8
"COG2409",0,0,0,0,0,0
"COG2414",0,0,0,3,0,0
"COG2421",1,0,0,0,0,0
"COG2423",0,0,3,0,1,0
"COG2425",2,3,1,4,2,6
"COG2426",0,0,1,0,0,0
"COG2431",5,4,3,2,2,6
"COG2440",0,0,0,0,0,0
"COG2452",0,1,2,3,1,0
"COG2453",0,0,0,0,0,0
"COG2454",0,0,0,0,0,0
"COG2461",0,0,0,0,0,0
"COG2501",1,0,0,0,0,1
"COG2502",4,1,2,0,2,0
"COG2503",0,0,0,0,0,0
"COG2508",6,4,2,0,7,5
"COG2509",0,5,4,5,11,6
"COG2510",0,0,2,0,0,1
"COG2513",0,2,1,0,2,2
"COG2514",0,0,0,0,0,0
"COG2515",2,0,0,0,0,0
"COG2516",0,0,0,0,0,0
"COG2518",1,0,0,0,1,0
"COG2519",1,0,0,0,0,0
"COG2602",1,1,2,0,0,0
"COG2603",0,0,0,0,0,0
"COG2604",0,0,1,0,0,0
"COG2605",2,2,2,3,1,3
"COG2606",4,2,2,1,3,3
"COG2607",2,4,1,1,1,2
"COG2608",0,0,1,0,1,0
"COG2609",0,0,0,0,0,0
"COG2610",6,3,4,2,1,3
"COG2703",1,0,0,0,0,0
"COG2704",3,1,2,4,4,2
"COG2706",3,4,3,2,4,3
"COG2707",0,0,1,0,0,0
"COG2710",1,2,2,1,1,0
"COG2715",2,6,3,7,0,2
"COG2716",0,0,0,1,0,0
"COG2717",0,0,2,0,0,3
"COG2718",0,0,0,0,0,0
"COG2719",0,0,0,0,0,0
"COG2720",2,3,2,0,5,1
"COG2721",2,0,5,7,9,5
"COG2723",2,7,4,0,5,4
"COG2730",5,2,1,3,4,9
"COG2731",3,1,3,2,2,3
"COG2732",0,0,0,0,0,0
"COG2733",0,0,3,0,0,0
"COG2738",0,1,2,3,5,3
"COG2739",0,0,0,0,1,1
"COG2740",0,0,0,0,3,1
"COG2746",2,0,0,1,0,0
"COG2747",0,0,0,0,0,0
"COG2755",16,21,17,24,12,21
"COG2759",10,7,6,5,8,5
"COG2761",0,0,0,0,0,0
"COG2764",0,0,0,0,0,0
"COG2766",0,0,0,0,0,0
"COG2768",2,0,2,5,5,2
"COG2770",0,0,0,0,0,0
"COG2771",1,1,1,0,0,0
"COG2801",16,31,38,15,20,18
"COG2804",1,2,2,1,2,2
"COG2805",1,1,2,1,3,2
"COG2807",0,0,0,0,0,0
"COG2812",7,12,12,6,10,19
"COG2813",0,0,0,0,0,0
"COG2814",2,4,3,9,3,1
"COG2815",1,1,2,0,4,3
"COG2816",2,3,1,1,0,3
"COG2818",1,0,2,0,3,3
"COG2819",1,0,0,1,1,2
"COG2820",4,4,1,3,5,1
"COG2821",0,1,0,0,0,0
"COG2822",0,0,1,0,0,0
"COG2823",0,1,0,0,0,0
"COG2824",0,0,0,0,0,0
"COG2825",1,0,0,0,0,0
"COG2826",2,7,8,5,4,9
"COG2827",1,1,1,0,0,0
"COG2828",1,0,0,0,0,0
"COG2829",0,0,1,0,0,0
"COG2830",0,2,0,1,0,0
"COG2831",1,0,0,0,0,0
"COG2832",0,0,0,0,0,1
"COG2834",0,0,0,0,0,0
"COG2835",0,0,0,0,0,0
"COG2836",0,0,0,0,0,0
"COG2837",0,0,1,4,1,0
"COG2839",2,0,0,0,0,0
"COG2840",0,1,1,0,0,0
"COG2841",0,0,0,0,0,0
"COG2842",0,0,0,1,0,0
"COG2843",5,6,3,3,4,3
"COG2844",0,1,1,0,0,0
"COG2845",0,0,0,0,0,0
"COG2846",3,2,0,1,1,2
"COG2848",5,7,3,0,3,3
"COG2849",1,3,0,1,1,1
"COG2850",0,0,0,0,0,0
"COG2851",0,0,1,0,0,1
"COG2852",0,0,0,0,0,2
"COG2853",0,0,0,0,0,0
"COG2854",0,0,0,0,0,0
"COG2855",6,6,5,5,3,0
"COG2856",0,1,3,0,1,1
"COG2859",0,2,0,2,0,2
"COG2860",4,1,3,4,0,1
"COG2861",0,1,1,1,1,0
"COG2862",0,0,0,0,0,0
"COG2863",0,0,0,0,0,0
"COG2864",0,0,0,1,0,0
"COG2865",9,21,16,10,16,12
"COG2866",1,3,3,0,3,0
"COG2867",0,0,0,1,0,0
"COG2868",1,0,1,0,3,1
"COG2869",0,0,2,1,2,3
"COG2870",1,0,2,4,4,0
"COG2871",6,3,2,3,0,1
"COG2872",0,1,1,1,0,2
"COG2873",6,7,4,1,2,2
"COG2875",1,1,1,3,5,4
"COG2876",5,3,4,10,9,5
"COG2877",5,1,3,3,1,1
"COG2878",0,0,0,1,1,2
"COG2879",0,0,0,0,0,0
"COG2882",0,0,0,0,0,0
"COG2884",3,3,1,6,5,2
"COG2885",6,11,5,6,4,3
"COG2887",3,0,0,0,0,0
"COG2890",3,4,0,2,5,4
"COG2891",0,0,0,0,0,0
"COG2893",2,2,2,5,0,3
"COG2894",0,2,1,5,0,1
"COG2895",5,2,1,4,4,3
"COG2896",3,1,0,2,3,3
"COG2897",0,0,0,0,0,0
"COG2898",2,0,0,0,0,0
"COG2900",0,0,0,0,0,0
"COG2901",0,0,0,1,0,0
"COG2904",0,0,1,0,0,0
"COG2906",0,0,0,0,0,0
"COG2907",0,0,0,0,0,0
"COG2908",4,3,2,3,2,2
"COG2909",0,0,0,0,2,0
"COG2910",0,0,0,0,0,1
"COG2911",2,1,2,3,3,0
"COG2912",0,0,0,0,0,0
"COG2913",0,0,0,0,0,0
"COG2914",0,0,0,0,0,0
"COG2915",0,0,0,0,0,0
"COG2916",0,0,0,0,0,0
"COG2917",0,0,0,0,0,0
"COG2918",3,0,1,0,0,0
"COG2919",0,0,0,0,0,0
"COG2920",1,0,0,0,0,0
"COG2921",0,0,0,0,0,0
"COG2922",0,0,0,0,0,0
"COG2923",0,0,1,0,0,0
"COG2924",0,0,0,0,0,0
"COG2925",1,0,0,0,0,0
"COG2926",0,0,0,0,0,0
"COG2927",0,0,0,0,0,0
"COG2928",0,0,0,1,0,0
"COG2929",0,0,0,0,0,0
"COG2931",1,0,1,0,0,1
"COG2932",0,2,0,1,3,0
"COG2933",0,0,0,0,0,0
"COG2935",0,0,0,0,0,0
"COG2936",3,1,1,5,1,0
"COG2937",0,0,2,0,0,0
"COG2938",0,1,0,0,0,0
"COG2939",0,0,0,0,0,0
"COG2942",4,3,4,5,3,5
"COG2943",0,0,1,0,0,0
"COG2944",0,0,0,0,0,0
"COG2945",0,0,0,0,0,0
"COG2946",0,2,2,1,0,3
"COG2947",0,0,0,0,0,0
"COG2948",0,0,0,0,0,0
"COG2949",2,0,1,1,1,0
"COG2951",0,0,0,0,0,0
"COG2954",7,5,0,1,2,1
"COG2956",0,1,0,1,0,0
"COG2957",3,5,2,2,4,3
"COG2958",0,0,0,0,0,0
"COG2959",0,0,0,0,0,0
"COG2960",0,0,0,0,0,0
"COG2961",1,0,0,0,0,1
"COG2962",1,0,0,0,1,0
"COG2963",2,7,9,2,2,3
"COG2964",5,1,1,0,0,0
"COG2965",0,0,0,0,0,0
"COG2966",8,6,5,2,6,5
"COG2967",1,0,0,1,0,0
"COG2968",0,0,1,1,0,0
"COG2969",0,0,1,0,0,0
"COG2971",0,0,0,0,0,1
"COG2972",13,32,27,9,14,19
"COG2973",0,0,0,0,0,0
"COG2974",0,0,0,1,0,0
"COG2975",0,0,0,0,0,0
"COG2976",0,0,0,0,0,0
"COG2977",0,0,1,0,0,0
"COG2978",4,0,2,2,3,3
"COG2979",0,0,0,0,0,0
"COG2980",0,0,0,0,0,0
"COG2981",0,0,0,0,0,0
"COG2982",0,1,0,1,0,0
"COG2983",0,0,0,0,0,0
"COG2984",1,5,3,3,3,4
"COG2985",12,7,12,16,10,15
"COG2986",1,2,1,2,4,3
"COG2987",3,0,3,7,3,2
"COG2988",0,0,0,1,0,0
"COG2989",0,1,3,2,0,1
"COG2990",0,0,1,0,1,0
"COG2991",0,0,0,0,0,0
"COG2992",0,0,0,0,0,0
"COG2994",0,0,0,0,0,0
"COG2995",0,0,0,1,0,0
"COG2996",2,2,7,2,0,2
"COG2998",0,0,0,0,0,0
"COG2999",0,0,0,0,0,0
"COG3001",1,0,0,0,0,0
"COG3004",2,1,1,2,0,1
"COG3005",3,0,2,0,0,0
"COG3006",0,1,0,0,0,0
"COG3007",0,0,1,0,0,0
"COG3008",0,0,0,1,2,0
"COG3009",0,0,0,0,0,0
"COG3010",0,1,2,0,3,0
"COG3012",0,0,1,1,0,0
"COG3013",0,0,0,0,0,0
"COG3014",0,0,0,0,0,0
"COG3015",0,0,2,0,1,0
"COG3016",0,1,3,0,0,1
"COG3017",0,0,0,0,0,0
"COG3019",0,0,0,0,0,0
"COG3021",2,3,7,0,4,4
"COG3022",0,2,1,3,4,1
"COG3023",4,10,5,0,1,1
"COG3024",0,0,0,0,0,0
"COG3025",0,1,0,1,0,1
"COG3026",0,0,0,0,0,0
"COG3027",0,0,0,0,0,0
"COG3028",0,0,0,0,0,0
"COG3029",0,0,0,0,0,0
"COG3030",0,0,0,0,0,0
"COG3031",0,0,0,0,0,0
"COG3033",3,1,1,2,3,0
"COG3034",0,0,0,0,0,0
"COG3036",0,0,0,0,0,0
"COG3037",0,2,0,0,1,1
"COG3038",0,0,0,0,0,0
"COG3039",1,5,26,1,6,31
"COG3040",0,0,1,0,0,0
"COG3041",2,1,0,0,1,1
"COG3042",0,0,0,0,0,0
"COG3043",0,0,0,0,0,0
"COG3044",0,0,1,0,2,0
"COG3045",0,0,0,0,1,0
"COG3047",0,0,0,0,0,0
"COG3048",0,0,3,0,0,0
"COG3049",0,5,4,1,6,3
"COG3050",0,0,0,0,0,0
"COG3051",1,2,1,1,0,0
"COG3052",0,0,0,0,1,2
"COG3053",0,0,0,0,1,0
"COG3054",0,0,0,0,1,0
"COG3055",0,5,2,3,1,0
"COG3056",0,0,0,0,0,0
"COG3057",0,0,0,0,0,0
"COG3058",0,1,0,0,0,0
"COG3059",0,0,0,3,2,1
"COG3060",0,0,0,0,0,0
"COG3061",0,1,0,0,0,0
"COG3062",1,0,0,0,0,0
"COG3063",0,0,0,0,0,0
"COG3064",0,0,0,1,0,0
"COG3065",0,1,0,0,0,0
"COG3066",0,0,0,0,0,0
"COG3067",0,0,1,0,0,0
"COG3068",0,0,0,0,0,0
"COG3069",1,2,1,2,1,0
"COG3070",0,0,0,0,0,2
"COG3071",0,0,0,0,0,0
"COG3072",0,2,0,0,0,0
"COG3073",0,0,0,0,0,0
"COG3074",0,0,0,0,0,0
"COG3075",0,0,0,2,6,1
"COG3076",1,0,0,1,0,0
"COG3077",0,1,0,1,1,1
"COG3078",0,0,0,0,0,0
"COG3079",0,0,0,1,0,0
"COG3080",0,0,0,0,0,0
"COG3081",0,0,0,0,0,0
"COG3082",0,0,0,0,0,0
"COG3083",1,1,0,1,0,1
"COG3084",0,0,0,0,0,0
"COG3085",0,1,0,0,0,0
"COG3086",0,0,0,0,0,0
"COG3087",0,0,0,0,0,0
"COG3088",1,1,0,0,0,0
"COG3089",0,0,0,0,0,0
"COG3090",0,1,1,1,1,0
"COG3091",0,0,0,0,0,0
"COG3092",0,0,1,0,0,0
"COG3093",0,1,1,0,5,2
"COG3094",0,0,0,0,0,0
"COG3095",0,0,0,0,0,0
"COG3096",0,0,1,1,0,0
"COG3097",0,0,0,0,0,0
"COG3098",0,0,0,0,0,0
"COG3099",0,1,0,0,0,0
"COG3100",0,0,0,0,0,0
"COG3101",0,0,0,0,0,0
"COG3102",0,0,0,0,0,0
"COG3103",0,5,1,0,0,2
"COG3104",2,6,3,5,2,6
"COG3105",0,0,1,0,0,0
"COG3106",0,0,0,0,0,0
"COG3107",0,1,0,0,0,0
"COG3108",0,0,0,0,0,0
"COG3109",0,0,0,0,0,0
"COG3110",0,0,0,0,0,0
"COG3111",0,0,0,1,0,0
"COG3112",0,0,0,0,0,0
"COG3113",0,2,0,0,0,0
"COG3114",0,0,0,0,0,0
"COG3115",0,0,0,0,0,0
"COG3116",0,0,0,0,0,0
"COG3117",0,0,0,0,1,0
"COG3118",0,0,0,0,0,0
"COG3119",30,39,29,48,18,43
"COG3120",0,0,0,0,0,0
"COG3121",0,2,1,0,2,1
"COG3122",0,0,0,0,0,0
"COG3123",0,0,0,0,0,0
"COG3124",0,0,0,1,0,0
"COG3125",0,0,0,0,0,0
"COG3126",0,0,0,0,0,0
"COG3127",0,0,0,0,0,0
"COG3128",0,0,0,0,0,0
"COG3129",0,0,0,0,0,0
"COG3130",0,0,1,0,0,0
"COG3131",0,0,0,0,0,0
"COG3132",0,0,0,0,0,0
"COG3133",0,0,0,0,0,0
"COG3134",0,0,0,0,0,0
"COG3135",0,0,0,0,0,0
"COG3136",0,0,0,0,0,0
"COG3137",0,0,0,0,0,0
"COG3138",0,0,0,0,0,0
"COG3139",0,0,0,0,0,0
"COG3140",0,0,0,0,0,0
"COG3141",0,1,0,0,0,0
"COG3142",0,0,0,3,3,3
"COG3143",1,0,0,0,0,0
"COG3144",0,2,0,0,0,0
"COG3145",0,0,0,0,0,0
"COG3147",0,0,1,0,0,0
"COG3148",0,0,0,0,0,0
"COG3149",0,0,0,0,0,0
"COG3150",0,0,0,1,0,0
"COG3151",0,0,0,0,0,0
"COG3152",0,1,0,0,1,0
"COG3153",2,0,1,2,0,0
"COG3154",0,0,0,0,0,0
"COG3155",0,0,0,0,0,0
"COG3156",0,0,0,0,0,0
"COG3157",0,1,1,0,0,0
"COG3158",3,1,1,1,0,0
"COG3159",0,0,0,0,0,0
"COG3160",0,0,0,0,0,0
"COG3161",0,0,0,0,0,0
"COG3162",0,0,0,0,0,0
"COG3164",1,1,0,0,1,0
"COG3165",0,0,0,0,0,0
"COG3166",0,0,0,0,0,0
"COG3169",2,1,2,0,0,0
"COG3171",0,0,0,0,0,0
"COG3172",0,0,0,0,0,0
"COG3173",0,0,0,0,0,0
"COG3174",0,0,1,4,0,2
"COG3176",8,7,5,7,2,1
"COG3177",6,7,6,6,14,11
"COG3178",1,2,1,6,6,5
"COG3179",0,0,0,0,0,0
"COG3180",0,0,0,0,0,0
"COG3181",0,1,1,0,1,0
"COG3182",1,0,0,1,0,0
"COG3183",0,0,0,0,0,0
"COG3185",0,0,0,0,0,0
"COG3187",0,1,2,2,0,1
"COG3188",2,2,4,0,0,0
"COG3189",1,1,1,0,0,1
"COG3190",0,0,0,0,0,0
"COG3191",0,0,0,0,2,1
"COG3192",0,2,0,1,0,0
"COG3193",0,0,0,1,0,0
"COG3194",0,0,0,0,0,0
"COG3195",0,0,0,0,0,0
"COG3196",0,0,0,0,0,1
"COG3199",0,0,0,0,0,0
"COG3201",1,0,2,4,4,3
"COG3203",1,3,4,3,1,0
"COG3204",0,0,1,0,0,0
"COG3206",1,11,4,14,2,5
"COG3208",2,0,0,0,0,0
"COG3209",8,5,10,13,6,21
"COG3210",1,0,0,1,0,1
"COG3211",0,0,0,0,0,0
"COG3212",0,0,0,0,0,0
"COG3213",0,0,0,0,0,0
"COG3214",0,0,0,0,0,0
"COG3216",0,0,0,0,0,0
"COG3217",0,0,0,0,0,0
"COG3218",0,0,0,0,0,0
"COG3219",0,0,0,0,0,0
"COG3220",0,0,0,0,0,0
"COG3221",0,0,2,0,0,1
"COG3222",0,0,0,0,0,0
"COG3223",0,0,0,0,0,0
"COG3224",0,0,0,0,0,0
"COG3225",3,1,1,2,5,4
"COG3226",0,0,0,0,0,0
"COG3227",0,0,0,0,0,0
"COG3228",0,0,0,0,0,0
"COG3231",0,0,0,0,0,0
"COG3232",0,0,0,0,0,0
"COG3234",0,0,0,1,0,0
"COG3236",0,0,1,1,0,1
"COG3237",0,0,0,0,0,0
"COG3238",0,0,0,0,0,1
"COG3239",0,0,0,0,0,0
"COG3242",0,0,0,0,0,0
"COG3246",2,0,1,1,2,0
"COG3247",0,0,3,0,0,0
"COG3248",0,0,0,0,0,0
"COG3250",114,96,67,143,75,97
"COG3251",0,0,0,0,0,0
"COG3252",0,0,0,0,0,0
"COG3253",0,0,0,0,0,0
"COG3254",1,1,0,0,0,0
"COG3256",0,0,0,0,0,0
"COG3257",1,0,0,0,0,0
"COG3259",0,0,0,0,0,0
"COG3260",0,1,0,0,0,0
"COG3261",0,1,0,0,2,0
"COG3262",0,1,0,0,0,0
"COG3263",3,2,3,1,2,8
"COG3264",0,0,1,0,0,0
"COG3265",0,0,0,0,0,0
"COG3266",0,0,0,0,0,0
"COG3267",0,0,0,1,0,0
"COG3268",0,0,0,0,0,0
"COG3270",0,0,2,0,2,1
"COG3271",0,0,0,0,0,0
"COG3272",0,0,0,0,0,0
"COG3274",6,5,1,6,3,5
"COG3275",11,4,6,6,8,8
"COG3276",0,0,2,0,1,0
"COG3279",16,20,13,14,16,14
"COG3283",0,1,0,1,0,0
"COG3284",0,1,1,1,1,2
"COG3287",0,1,0,0,1,0
"COG3288",0,0,0,0,0,0
"COG3290",0,0,3,0,0,0
"COG3291",0,0,0,0,2,3
"COG3292",86,77,61,116,65,75
"COG3293",5,1,1,0,2,0
"COG3294",0,0,0,0,0,0
"COG3296",0,0,0,0,0,0
"COG3297",0,0,0,1,0,0
"COG3299",0,1,0,0,0,0
"COG3301",0,1,0,0,0,0
"COG3302",0,0,0,0,0,0
"COG3303",3,1,1,2,2,3
"COG3304",0,2,0,2,2,1
"COG3306",0,0,0,0,0,0
"COG3307",0,0,3,0,0,0
"COG3309",0,0,1,0,0,0
"COG3311",0,0,1,0,0,0
"COG3312",0,0,0,0,0,0
"COG3313",0,1,0,0,0,0
"COG3314",0,2,3,1,3,1
"COG3315",1,1,0,0,1,0
"COG3316",0,1,1,1,0,0
"COG3317",0,0,0,1,0,0
"COG3318",0,0,0,0,0,0
"COG3319",0,0,0,0,0,0
"COG3320",0,1,0,0,3,0
"COG3321",1,0,0,0,2,0
"COG3323",1,0,1,5,1,1
"COG3324",0,0,1,0,0,0
"COG3325",1,2,0,0,1,5
"COG3326",0,4,2,1,0,0
"COG3327",0,0,0,0,0,0
"COG3328",13,4,7,2,9,7
"COG3330",0,0,0,0,0,0
"COG3331",0,1,1,1,1,2
"COG3333",0,0,0,1,1,1
"COG3335",0,0,0,0,1,1
"COG3338",0,0,0,0,0,0
"COG3339",0,0,0,0,0,0
"COG3340",1,3,3,0,4,2
"COG3341",2,5,3,2,1,5
"COG3343",0,0,0,0,0,0
"COG3344",31,29,34,36,30,17
"COG3345",10,7,8,1,9,1
"COG3347",0,0,0,0,0,0
"COG3350",0,0,0,0,0,0
"COG3359",0,2,0,0,1,1
"COG3366",1,0,0,0,0,0
"COG3369",0,0,0,0,0,0
"COG3376",0,0,0,0,0,0
"COG3378",2,1,2,3,7,4
"COG3379",0,1,1,0,0,0
"COG3381",0,0,0,0,0,0
"COG3382",2,2,0,2,1,1
"COG3383",0,0,0,0,0,1
"COG3384",0,0,0,0,0,0
"COG3385",27,25,23,21,5,5
"COG3386",2,0,1,1,1,0
"COG3387",2,0,1,1,0,1
"COG3391",2,0,6,3,2,2
"COG3392",1,1,4,0,5,0
"COG3393",0,0,0,0,0,0
"COG3394",4,0,3,0,0,1
"COG3395",0,0,0,3,1,1
"COG3396",0,0,1,0,0,0
"COG3397",0,0,0,0,0,0
"COG3401",0,0,0,0,0,0
"COG3402",0,0,0,0,0,0
"COG3404",2,2,1,4,3,2
"COG3405",0,5,2,0,3,0
"COG3407",0,0,0,0,0,0
"COG3408",10,4,6,5,5,2
"COG3409",1,2,2,1,9,2
"COG3410",0,6,1,2,1,1
"COG3411",1,0,0,0,1,1
"COG3412",0,0,0,0,0,0
"COG3414",0,1,0,1,1,0
"COG3415",0,0,0,0,0,0
"COG3416",0,0,0,0,0,0
"COG3417",0,2,0,0,0,0
"COG3418",0,0,0,0,0,0
"COG3420",0,0,0,0,0,0
"COG3421",0,1,0,0,0,0
"COG3422",0,0,0,0,0,0
"COG3423",0,0,0,0,0,0
"COG3425",0,0,0,0,0,0
"COG3426",2,1,3,2,3,1
"COG3428",0,0,0,0,0,0
"COG3429",0,0,0,0,0,0
"COG3433",0,0,0,0,0,0
"COG3434",0,0,0,0,0,0
"COG3436",13,12,20,5,3,10
"COG3437",7,10,7,5,4,6
"COG3439",0,0,0,0,0,1
"COG3440",0,0,0,2,0,0
"COG3442",0,0,0,1,1,0
"COG3443",0,0,1,1,0,0
"COG3444",2,1,1,3,0,2
"COG3445",0,0,0,0,0,0
"COG3447",0,0,0,0,0,0
"COG3448",0,0,0,0,0,0
"COG3449",3,2,0,1,0,3
"COG3450",0,0,0,0,0,0
"COG3451",30,21,22,30,32,31
"COG3452",1,1,0,1,0,2
"COG3454",0,0,0,1,0,0
"COG3455",0,0,0,0,0,0
"COG3456",0,0,1,0,0,0
"COG3457",0,0,0,0,0,1
"COG3458",1,2,4,2,1,1
"COG3459",3,1,3,1,9,2
"COG3460",0,0,0,0,0,0
"COG3463",0,0,0,0,1,1
"COG3464",12,6,12,6,21,21
"COG3467",3,0,4,4,1,3
"COG3468",0,0,10,1,3,5
"COG3469",0,0,0,0,0,2
"COG3470",0,0,0,0,0,0
"COG3471",0,0,0,0,1,0
"COG3472",0,2,0,0,0,0
"COG3473",0,0,0,0,0,1
"COG3475",2,6,4,5,0,1
"COG3476",0,0,0,0,2,1
"COG3477",0,0,1,0,0,0
"COG3478",0,0,0,0,0,0
"COG3479",0,0,0,0,0,0
"COG3480",1,0,0,0,0,0
"COG3481",3,4,5,1,4,1
"COG3484",0,0,0,0,0,0
"COG3485",0,0,0,0,0,0
"COG3486",0,0,0,0,0,0
"COG3487",2,0,0,1,0,0
"COG3488",7,0,2,5,0,0
"COG3491",0,0,0,0,0,0
"COG3493",0,1,0,0,1,2
"COG3494",0,0,0,0,1,0
"COG3496",0,0,0,0,0,0
"COG3497",0,0,7,0,1,0
"COG3498",0,0,1,0,0,0
"COG3499",0,0,1,0,0,0
"COG3500",0,0,2,0,2,0
"COG3501",1,2,0,6,1,7
"COG3503",0,0,0,0,1,2
"COG3504",0,0,0,0,0,0
"COG3505",27,18,29,28,25,30
"COG3506",1,0,0,0,0,1
"COG3507",20,25,28,27,13,23
"COG3509",0,0,0,0,0,0
"COG3512",1,0,0,0,0,0
"COG3513",6,0,1,2,0,3
"COG3514",0,0,0,0,0,0
"COG3515",0,0,1,0,0,0
"COG3516",0,0,0,0,0,0
"COG3517",0,0,0,0,0,0
"COG3518",0,0,0,0,0,0
"COG3519",1,0,0,0,0,0
"COG3520",0,0,0,0,0,0
"COG3521",0,0,1,0,0,0
"COG3522",0,0,1,0,0,0
"COG3523",0,0,1,0,0,0
"COG3524",1,0,0,0,0,0
"COG3525",30,31,20,35,26,20
"COG3526",0,0,0,0,0,0
"COG3527",0,0,0,0,0,0
"COG3528",0,0,0,0,0,0
"COG3529",0,0,0,0,0,0
"COG3530",0,0,0,0,0,0
"COG3533",15,9,17,31,10,30
"COG3534",7,16,5,15,4,7
"COG3535",0,0,1,0,0,0
"COG3536",0,0,1,1,0,0
"COG3537",44,29,27,14,9,13
"COG3538",2,10,1,1,2,3
"COG3539",0,0,3,1,0,0
"COG3541",0,0,0,1,0,0
"COG3542",1,0,0,0,0,0
"COG3543",0,0,0,0,1,0
"COG3544",0,0,0,0,1,0
"COG3545",0,1,0,0,0,0
"COG3546",0,0,0,0,1,1
"COG3547",15,46,21,20,7,6
"COG3548",0,0,0,0,0,0
"COG3549",0,0,0,0,0,0
"COG3550",4,5,12,4,2,14
"COG3552",0,0,0,0,0,0
"COG3555",0,0,0,0,0,0
"COG3557",0,0,0,0,0,0
"COG3558",0,0,0,0,0,0
"COG3560",0,0,2,1,0,2
"COG3561",0,0,1,0,1,0
"COG3562",0,0,0,0,0,0
"COG3563",0,0,0,0,0,0
"COG3566",0,0,1,0,0,0
"COG3567",1,0,0,0,1,0
"COG3568",9,3,9,9,8,11
"COG3570",0,0,0,0,0,0
"COG3572",1,0,0,0,0,0
"COG3575",0,0,0,0,0,0
"COG3576",0,1,0,0,0,0
"COG3579",7,5,1,4,3,2
"COG3580",4,9,8,0,7,8
"COG3581",5,7,9,5,6,7
"COG3583",1,1,0,0,0,0
"COG3584",1,0,2,0,3,0
"COG3585",0,0,0,0,0,0
"COG3586",1,0,0,2,1,0
"COG3587",1,2,0,4,0,5
"COG3588",0,1,0,0,0,0
"COG3589",0,0,0,1,2,0
"COG3590",6,11,9,7,3,3
"COG3591",0,1,2,0,0,0
"COG3592",0,0,0,0,0,0
"COG3593",2,4,5,1,2,0
"COG3594",0,5,3,3,2,2
"COG3595",0,0,0,0,0,0
"COG3596",1,1,0,0,0,0
"COG3597",0,0,0,0,0,1
"COG3598",0,0,0,0,0,0
"COG3599",1,0,1,1,1,0
"COG3600",0,1,1,0,1,0
"COG3601",1,2,2,1,3,0
"COG3602",0,0,0,0,0,0
"COG3603",1,1,0,0,0,0
"COG3604",2,4,0,11,1,3
"COG3605",0,0,0,0,0,0
"COG3608",0,2,0,0,0,1
"COG3609",0,0,0,0,1,0
"COG3610",0,1,0,0,0,2
"COG3611",0,0,0,0,0,0
"COG3613",0,0,0,0,0,0
"COG3615",0,0,0,0,0,0
"COG3616",0,1,0,0,0,0
"COG3617",3,4,2,1,3,0
"COG3618",0,0,0,0,0,0
"COG3619",1,0,2,1,1,2
"COG3621",0,0,0,0,0,0
"COG3622",0,1,2,1,0,0
"COG3623",0,0,0,0,1,0
"COG3624",0,0,0,0,0,0
"COG3625",0,0,0,0,0,0
"COG3626",1,0,0,0,0,0
"COG3627",0,0,0,0,0,0
"COG3628",0,0,1,0,0,1
"COG3629",0,0,3,0,0,0
"COG3630",0,0,0,0,0,0
"COG3633",2,0,0,0,0,2
"COG3634",2,1,0,1,3,3
"COG3635",3,3,4,5,2,3
"COG3636",0,0,0,0,1,0
"COG3637",0,0,1,0,0,0
"COG3638",0,0,1,0,0,1
"COG3639",0,0,0,0,0,0
"COG3640",1,0,0,0,0,1
"COG3641",1,0,0,1,0,1
"COG3643",2,3,0,1,0,2
"COG3645",0,2,4,3,5,0
"COG3646",1,0,0,0,3,0
"COG3647",0,0,0,0,0,0
"COG3649",0,0,2,3,0,1
"COG3650",0,0,0,0,0,0
"COG3653",0,0,2,0,2,0
"COG3654",0,1,2,0,0,0
"COG3655",3,1,0,0,1,3
"COG3657",0,0,0,0,0,0
"COG3659",0,0,0,0,0,0
"COG3660",0,0,0,0,0,0
"COG3661",1,3,0,3,3,5
"COG3662",0,0,0,0,0,0
"COG3663",2,4,3,2,3,3
"COG3664",0,0,0,3,1,0
"COG3665",0,0,0,0,0,0
"COG3666",18,32,9,14,35,10
"COG3667",0,0,0,0,0,0
"COG3668",0,0,0,0,0,0
"COG3669",31,13,12,17,14,20
"COG3671",0,0,0,0,0,0
"COG3672",0,0,0,0,0,0
"COG3675",0,0,1,1,0,0
"COG3676",4,0,0,3,2,2
"COG3677",0,0,0,1,1,1
"COG3678",0,0,1,0,0,0
"COG3679",0,0,0,0,0,0
"COG3680",0,0,0,0,0,0
"COG3681",2,6,2,1,7,5
"COG3682",0,0,2,0,1,0
"COG3683",0,0,0,0,0,0
"COG3684",0,0,0,0,0,0
"COG3685",0,0,0,0,0,0
"COG3688",1,2,1,2,5,3
"COG3689",0,0,0,1,1,0
"COG3691",0,0,0,0,0,0
"COG3692",0,0,0,0,0,0
"COG3693",2,1,0,4,2,4
"COG3694",0,0,0,0,0,0
"COG3695",0,0,1,0,2,4
"COG3696",17,6,5,21,6,9
"COG3697",0,1,0,0,0,0
"COG3698",0,0,0,0,0,0
"COG3700",0,0,0,0,0,0
"COG3701",0,0,0,0,0,0
"COG3703",0,1,0,0,0,0
"COG3704",0,0,0,0,0,0
"COG3705",1,1,1,0,3,3
"COG3706",9,9,12,44,24,31
"COG3707",1,0,0,1,2,1
"COG3708",0,0,0,0,0,0
"COG3709",0,0,0,0,0,0
"COG3710",0,0,0,0,0,0
"COG3711",3,11,4,3,4,3
"COG3712",42,13,15,37,18,41
"COG3713",0,0,0,0,0,0
"COG3714",0,0,0,0,0,0
"COG3715",3,0,0,2,0,2
"COG3716",0,0,1,2,0,3
"COG3717",7,4,1,7,4,1
"COG3718",0,0,0,4,3,0
"COG3719",0,0,0,0,0,0
"COG3720",0,0,0,0,0,0
"COG3721",0,0,0,0,1,0
"COG3722",2,0,0,0,0,0
"COG3723",0,0,1,0,0,0
"COG3724",0,0,0,0,0,0
"COG3725",0,0,0,0,0,0
"COG3726",0,0,0,0,0,0
"COG3727",1,1,1,1,1,1
"COG3728",0,0,0,0,1,0
"COG3729",0,0,0,0,0,0
"COG3730",0,0,0,0,0,0
"COG3731",0,0,0,0,0,0
"COG3732",0,0,0,2,0,0
"COG3733",0,0,0,0,0,0
"COG3734",0,0,0,0,0,0
"COG3735",0,0,0,0,2,1
"COG3736",0,0,0,0,0,0
"COG3738",1,0,1,0,0,0
"COG3740",2,0,2,0,2,0
"COG3741",0,0,0,0,0,0
"COG3744",0,0,0,0,0,0
"COG3745",0,0,0,0,0,0
"COG3746",2,4,0,5,0,4
"COG3747",0,0,0,0,1,0
"COG3753",0,0,0,0,0,0
"COG3754",3,1,0,3,0,1
"COG3755",0,0,0,0,0,0
"COG3756",0,0,0,0,0,0
"COG3757",1,8,7,1,3,8
"COG3758",0,0,0,0,0,0
"COG3759",0,0,0,0,0,0
"COG3760",2,2,1,0,0,2
"COG3762",0,0,0,0,0,0
"COG3763",0,0,0,0,0,0
"COG3764",1,4,1,0,7,1
"COG3765",0,0,0,0,0,0
"COG3766",0,0,0,0,0,0
"COG3767",0,0,0,0,0,0
"COG3768",0,0,0,0,0,0
"COG3769",0,1,0,0,0,0
"COG3770",0,0,0,0,0,0
"COG3771",0,0,0,0,0,0
"COG3772",0,1,0,0,0,0
"COG3773",0,2,0,1,4,1
"COG3774",3,4,2,2,2,1
"COG3775",2,2,3,2,0,3
"COG3776",0,0,0,0,0,0
"COG3778",0,0,0,0,0,0
"COG3779",0,0,0,0,0,0
"COG3781",0,0,0,0,0,0
"COG3783",0,0,0,0,0,0
"COG3784",0,0,0,0,0,0
"COG3785",0,0,0,0,0,0
"COG3786",0,0,0,0,0,1
"COG3787",0,0,0,0,0,0
"COG3788",0,0,0,0,0,0
"COG3789",0,0,0,0,0,0
"COG3790",0,0,0,0,0,0
"COG3791",0,0,0,0,0,0
"COG3793",0,0,0,0,0,0
"COG3794",0,0,0,0,0,0
"COG3797",0,0,0,0,0,0
"COG3799",0,0,0,0,0,0
"COG3804",0,0,0,0,1,0
"COG3808",4,6,3,8,1,3
"COG3811",0,0,0,0,0,0
"COG3815",0,0,2,0,0,0
"COG3817",0,1,0,0,1,0
"COG3819",0,0,0,0,0,0
"COG3822",0,0,1,1,1,1
"COG3823",0,0,0,0,0,0
"COG3824",0,0,0,0,0,0
"COG3825",0,1,0,0,0,0
"COG3828",0,0,0,0,0,0
"COG3829",2,1,3,1,4,5
"COG3830",1,6,2,6,3,2
"COG3831",0,1,1,0,0,0
"COG3832",0,0,0,0,0,0
"COG3833",1,1,0,0,0,1
"COG3835",1,2,0,0,0,1
"COG3836",1,0,1,1,0,1
"COG3837",0,0,0,0,0,0
"COG3839",4,5,5,3,2,5
"COG3840",0,0,0,0,0,0
"COG3842",1,8,4,7,7,6
"COG3843",5,10,10,2,10,10
"COG3845",1,1,4,0,2,2
"COG3846",0,0,0,0,0,0
"COG3848",2,0,0,1,0,1
"COG3850",0,1,1,1,1,0
"COG3851",0,0,0,0,0,0
"COG3852",0,0,0,0,0,2
"COG3853",2,3,1,2,1,2
"COG3854",1,2,0,0,1,0
"COG3855",7,5,6,8,1,5
"COG3856",1,1,0,0,1,0
"COG3857",6,6,6,2,6,4
"COG3858",0,3,2,0,5,3
"COG3859",2,3,0,0,1,1
"COG3860",0,0,0,0,0,0
"COG3862",0,0,0,0,2,0
"COG3863",0,0,0,0,0,0
"COG3864",0,0,1,0,0,0
"COG3866",1,1,1,0,1,0
"COG3867",1,6,2,2,1,1
"COG3868",1,0,0,0,0,0
"COG3869",1,0,2,0,7,3
"COG3870",0,0,1,0,0,0
"COG3871",1,0,1,1,2,1
"COG3872",0,4,5,0,2,1
"COG3874",0,0,1,0,1,0
"COG3875",0,0,3,0,1,0
"COG3876",1,1,1,11,3,1
"COG3877",0,0,0,1,0,0
"COG3878",0,0,0,0,0,0
"COG3879",0,1,0,1,3,1
"COG3880",0,0,0,0,1,0
"COG3881",0,0,0,0,0,0
"COG3882",1,0,2,2,0,0
"COG3883",0,0,1,0,2,1
"COG3884",3,6,1,3,2,0
"COG3885",0,0,0,0,0,0
"COG3886",2,2,2,0,0,1
"COG3887",3,4,5,4,9,10
"COG3892",0,0,0,0,0,0
"COG3893",1,0,4,2,1,0
"COG3894",3,1,0,0,1,0
"COG3895",0,0,0,0,0,0
"COG3896",0,0,0,0,0,0
"COG3899",0,1,0,0,1,0
"COG3901",0,0,0,0,0,0
"COG3903",0,0,0,0,0,0
"COG3906",0,0,0,0,0,0
"COG3907",0,0,0,0,0,0
"COG3910",1,0,1,0,1,0
"COG3911",0,0,0,0,0,0
"COG3915",0,0,0,0,0,0
"COG3919",2,2,1,2,2,1
"COG3920",0,0,0,1,1,0
"COG3921",0,0,0,0,0,0
"COG3923",0,0,0,0,0,0
"COG3924",0,0,0,0,0,0
"COG3925",0,0,0,0,0,0
"COG3926",0,0,0,0,0,0
"COG3933",0,0,2,4,1,1
"COG3934",0,0,0,0,1,0
"COG3935",1,3,0,1,6,1
"COG3936",0,1,0,2,1,0
"COG3937",0,0,0,0,0,1
"COG3938",1,0,0,0,0,0
"COG3940",2,1,0,2,3,2
"COG3941",0,0,0,0,0,0
"COG3942",0,1,0,0,0,0
"COG3943",7,5,9,3,8,7
"COG3944",3,2,1,0,2,5
"COG3945",0,0,1,2,0,0
"COG3947",0,0,1,0,1,0
"COG3948",0,0,4,0,0,0
"COG3949",1,0,1,0,2,0
"COG3950",2,5,8,5,2,5
"COG3951",0,1,0,0,0,0
"COG3952",0,0,0,0,0,0
"COG3953",0,0,0,0,0,0
"COG3954",0,0,0,0,0,0
"COG3955",0,0,0,0,1,0
"COG3956",4,0,1,6,2,1
"COG3957",5,1,1,0,1,0
"COG3958",3,3,6,2,1,2
"COG3959",3,2,3,2,5,6
"COG3960",0,0,1,0,0,0
"COG3961",0,0,0,0,0,0
"COG3962",0,0,1,0,1,0
"COG3963",0,0,0,0,0,0
"COG3964",0,0,1,0,1,0
"COG3965",0,0,0,0,0,0
"COG3966",1,0,0,0,0,0
"COG3967",0,0,0,0,0,0
"COG3968",10,16,5,11,11,15
"COG3969",2,0,1,5,3,2
"COG3971",0,0,0,1,0,0
"COG3972",4,1,0,0,0,0
"COG3973",4,3,2,1,1,1
"COG3975",0,0,0,0,0,0
"COG3976",0,0,0,0,3,0
"COG3977",0,0,1,0,0,0
"COG3978",0,0,0,1,0,1
"COG3979",0,1,0,0,0,0
"COG3980",0,1,0,2,0,1
"COG3981",2,0,0,1,0,0
"COG4001",3,6,9,7,2,6
"COG4012",0,0,0,0,0,0
"COG4021",0,0,0,0,0,0
"COG4032",0,0,0,0,0,0
"COG4034",0,0,0,0,0,1
"COG4043",0,0,0,0,0,0
"COG4085",0,0,0,0,0,0
"COG4086",0,0,0,0,0,1
"COG4087",0,0,0,0,0,0
"COG4091",0,0,1,0,0,0
"COG4095",0,0,0,0,0,0
"COG4096",4,6,8,7,13,6
"COG4097",0,0,0,0,0,0
"COG4098",0,0,0,0,0,0
"COG4099",0,0,0,0,0,0
"COG4100",0,0,1,1,2,3
"COG4104",0,0,0,0,0,0
"COG4105",0,0,1,0,0,0
"COG4106",0,0,0,0,0,0
"COG4107",0,0,0,0,0,0
"COG4108",10,4,6,1,0,1
"COG4109",0,0,0,0,0,0
"COG4110",0,0,0,0,0,0
"COG4112",0,0,0,0,0,0
"COG4114",0,0,0,1,0,0
"COG4115",2,0,2,4,1,2
"COG4116",0,0,0,0,0,0
"COG4117",0,0,0,1,0,0
"COG4120",2,2,1,1,3,7
"COG4121",3,0,2,1,1,1
"COG4122",5,6,0,4,2,4
"COG4123",5,3,4,4,3,1
"COG4124",4,1,4,3,1,3
"COG4125",0,0,0,0,0,0
"COG4126",0,0,1,0,0,0
"COG4127",0,0,0,0,1,0
"COG4128",0,0,0,0,0,0
"COG4129",0,2,0,0,0,0
"COG4130",0,0,0,0,0,0
"COG4132",0,0,0,0,0,0
"COG4133",0,1,0,0,0,0
"COG4134",0,0,0,0,0,0
"COG4135",0,0,1,0,0,0
"COG4136",0,0,0,0,0,0
"COG4137",0,0,0,1,0,0
"COG4138",0,0,0,0,0,0
"COG4139",0,0,0,0,0,0
"COG4143",0,0,0,0,0,0
"COG4145",0,1,1,0,1,1
"COG4146",4,10,6,5,2,4
"COG4147",0,1,0,0,0,0
"COG4148",0,0,1,0,0,0
"COG4149",0,0,2,1,0,0
"COG4150",0,0,0,0,0,0
"COG4152",0,2,0,1,1,0
"COG4154",0,0,0,0,0,0
"COG4158",0,0,0,0,0,0
"COG4160",0,0,0,0,0,0
"COG4161",0,0,0,0,0,0
"COG4166",2,3,5,3,3,5
"COG4167",0,0,0,0,0,0
"COG4168",0,0,0,0,0,0
"COG4170",0,0,0,0,0,0
"COG4171",0,1,0,0,0,0
"COG4172",0,0,0,0,0,0
"COG4174",0,0,0,0,0,0
"COG4175",1,1,2,0,2,3
"COG4176",0,0,3,0,1,3
"COG4177",2,1,1,1,2,2
"COG4178",0,1,0,1,0,0
"COG4181",0,0,0,0,0,0
"COG4185",1,3,2,1,2,3
"COG4186",1,0,1,3,2,0
"COG4187",0,1,0,0,0,0
"COG4188",1,0,0,0,0,0
"COG4189",1,0,0,1,0,1
"COG4191",0,1,1,0,1,1
"COG4192",0,0,0,0,0,0
"COG4193",0,2,0,0,0,1
"COG4194",0,0,0,0,0,0
"COG4197",0,0,0,0,0,0
"COG4198",5,7,1,4,0,6
"COG4199",0,0,1,0,0,0
"COG4200",0,0,0,0,0,0
"COG4206",24,16,14,36,11,18
"COG4208",0,0,0,0,0,1
"COG4209",7,5,4,0,3,5
"COG4211",0,1,1,1,1,3
"COG4213",0,2,1,0,1,0
"COG4214",0,0,0,1,0,0
"COG4215",0,0,1,1,0,0
"COG4219",2,5,4,1,5,1
"COG4220",0,0,0,0,0,0
"COG4221",1,2,2,3,3,1
"COG4222",0,2,0,0,1,0
"COG4224",0,0,0,0,0,1
"COG4225",17,8,12,23,10,14
"COG4226",0,0,1,1,1,0
"COG4227",2,1,5,0,1,7
"COG4228",0,0,0,0,0,0
"COG4229",0,0,0,0,0,0
"COG4230",0,0,1,0,0,0
"COG4231",5,2,3,7,2,5
"COG4232",2,10,4,6,2,4
"COG4233",0,0,0,0,0,0
"COG4235",1,0,1,1,0,0
"COG4237",0,0,0,0,0,0
"COG4238",0,0,0,0,0,0
"COG4239",0,0,0,1,0,0
"COG4241",0,0,1,0,2,0
"COG4242",0,0,0,0,0,0
"COG4243",0,0,0,0,0,0
"COG4245",0,0,0,0,0,0
"COG4248",0,1,2,0,0,0
"COG4249",0,0,0,0,0,0
"COG4251",0,0,0,0,0,0
"COG4252",0,0,0,0,0,0
"COG4253",0,0,1,0,0,0
"COG4256",0,0,0,0,0,0
"COG4258",0,0,0,0,0,0
"COG4260",1,0,1,1,2,1
"COG4261",1,0,0,0,1,1
"COG4262",0,0,0,0,0,0
"COG4263",0,0,0,0,0,0
"COG4264",0,0,0,0,1,0
"COG4267",2,1,0,1,0,0
"COG4268",4,0,1,0,1,1
"COG4269",0,0,0,0,0,0
"COG4271",0,0,0,0,1,0
"COG4277",1,3,2,2,1,5
"COG4279",0,0,0,0,0,0
"COG4282",0,0,0,0,0,0
"COG4283",0,0,0,0,1,0
"COG4284",0,0,1,0,3,1
"COG4286",1,0,0,0,3,0
"COG4288",0,0,0,0,0,0
"COG4289",2,4,5,2,3,5
"COG4290",0,0,0,0,0,0
"COG4292",1,1,0,0,0,0
"COG4294",0,0,0,0,0,0
"COG4295",1,0,1,0,0,0
"COG4296",0,1,0,0,0,0
"COG4299",6,4,1,8,3,6
"COG4300",0,0,0,0,0,0
"COG4302",0,0,0,0,0,0
"COG4303",1,0,0,0,0,1
"COG4310",0,0,0,0,1,0
"COG4314",0,0,0,0,0,0
"COG4316",0,0,0,0,0,0
"COG4319",0,0,0,0,0,0
"COG4320",0,0,0,0,0,0
"COG4325",0,0,0,0,0,0
"COG4330",0,0,0,0,0,0
"COG4332",0,0,1,0,0,0
"COG4333",1,0,0,0,1,1
"COG4335",1,0,0,0,0,0
"COG4336",0,0,0,0,0,0
"COG4354",5,4,2,3,1,0
"COG4357",0,0,0,0,0,0
"COG4359",0,0,0,0,0,0
"COG4372",0,1,1,1,2,0
"COG4373",0,0,0,0,0,0
"COG4377",0,0,0,0,0,1
"COG4379",0,0,0,0,0,0
"COG4380",0,1,0,0,0,0
"COG4381",0,0,0,1,0,0
"COG4382",0,0,0,0,0,0
"COG4383",1,0,0,2,0,1
"COG4384",0,0,0,0,0,0
"COG4385",0,0,0,0,0,0
"COG4386",0,0,1,0,0,0
"COG4387",0,0,0,0,0,0
"COG4388",0,0,0,0,0,0
"COG4389",0,0,0,0,0,0
"COG4390",0,0,0,0,0,0
"COG4392",0,0,0,0,0,0
"COG4393",0,0,1,0,0,0
"COG4394",0,0,0,0,0,0
"COG4395",0,0,0,0,0,0
"COG4396",0,0,1,0,0,0
"COG4397",0,0,0,0,0,0
"COG4399",0,0,0,0,0,0
"COG4401",0,0,0,0,0,0
"COG4403",0,0,0,0,2,0
"COG4405",0,0,0,0,0,0
"COG4408",0,0,0,0,0,0
"COG4409",7,1,3,1,2,4
"COG4412",0,2,0,3,2,0
"COG4413",0,0,0,2,0,1
"COG4420",0,0,0,0,1,0
"COG4421",0,0,0,0,0,0
"COG4422",6,2,1,5,10,4
"COG4430",0,0,0,2,0,0
"COG4443",1,0,0,0,0,0
"COG4445",0,0,0,0,0,0
"COG4448",0,0,0,2,0,0
"COG4452",1,1,0,2,0,0
"COG4453",0,0,0,0,0,0
"COG4456",0,0,0,0,0,0
"COG4457",0,0,0,0,0,0
"COG4458",0,0,0,0,0,0
"COG4460",0,0,0,0,0,0
"COG4463",1,1,0,0,0,1
"COG4464",2,1,1,1,2,0
"COG4465",1,0,2,0,1,1
"COG4466",0,0,0,0,1,0
"COG4467",0,0,0,0,0,0
"COG4468",2,3,0,0,1,0
"COG4469",0,0,0,0,0,0
"COG4470",0,0,0,0,0,0
"COG4471",0,0,0,0,0,0
"COG4472",0,1,2,0,0,1
"COG4473",0,0,0,0,0,0
"COG4474",4,0,0,0,0,0
"COG4475",1,0,0,1,2,0
"COG4476",0,0,0,0,0,0
"COG4477",0,0,0,0,0,0
"COG4478",0,0,0,0,0,0
"COG4479",0,0,0,0,0,0
"COG4481",0,1,1,0,0,0
"COG4483",0,0,0,0,0,0
"COG4485",0,7,3,0,8,5
"COG4487",1,0,2,0,0,0
"COG4492",1,0,0,0,1,2
"COG4495",0,0,2,0,1,1
"COG4496",0,1,0,0,1,0
"COG4499",0,0,0,0,0,0
"COG4502",0,0,0,0,0,0
"COG4506",0,1,1,0,0,1
"COG4508",0,0,0,0,0,0
"COG4509",4,2,3,1,5,2
"COG4512",0,0,0,0,0,0
"COG4521",1,1,0,1,0,0
"COG4525",0,0,0,0,0,0
"COG4529",1,0,0,0,0,0
"COG4531",0,0,0,0,0,0
"COG4533",0,0,2,1,0,0
"COG4535",1,0,1,0,0,0
"COG4536",3,2,1,0,0,1
"COG4537",0,0,0,0,0,0
"COG4540",0,0,0,0,0,0
"COG4541",0,0,0,0,0,0
"COG4542",0,0,0,0,0,0
"COG4545",0,0,0,0,0,0
"COG4547",0,0,0,0,0,0
"COG4548",2,0,2,0,1,2
"COG4550",0,0,0,0,0,0
"COG4552",3,0,3,2,0,6
"COG4555",0,0,0,0,0,0
"COG4558",0,0,0,0,0,0
"COG4559",0,0,0,0,0,0
"COG4564",3,1,1,0,0,0
"COG4565",0,0,1,0,0,0
"COG4566",0,0,1,0,0,0
"COG4568",0,0,0,0,0,0
"COG4569",0,0,0,0,0,0
"COG4570",0,0,0,0,2,0
"COG4571",0,0,0,0,0,0
"COG4572",0,0,0,0,0,0
"COG4573",1,1,0,1,0,0
"COG4574",0,0,0,0,0,0
"COG4575",0,0,1,1,0,0
"COG4576",0,0,1,0,0,0
"COG4577",0,0,1,1,0,0
"COG4578",0,0,0,2,0,0
"COG4579",0,1,0,0,0,0
"COG4580",1,0,0,0,0,0
"COG4581",1,0,0,0,0,0
"COG4582",0,0,0,0,0,0
"COG4584",9,9,16,6,5,20
"COG4585",3,7,6,6,3,1
"COG4586",0,0,0,0,0,0
"COG4587",0,0,0,0,0,0
"COG4589",0,0,1,1,0,1
"COG4590",0,0,0,0,0,0
"COG4591",2,8,8,4,3,5
"COG4592",0,0,0,0,0,0
"COG4594",0,0,0,0,0,0
"COG4597",0,0,0,1,0,0
"COG4598",0,0,1,0,0,0
"COG4603",1,0,0,1,1,3
"COG4604",0,0,0,0,0,1
"COG4605",0,0,0,0,0,0
"COG4606",0,0,0,0,0,0
"COG4607",0,0,0,0,0,1
"COG4608",5,2,10,4,3,2
"COG4615",0,0,0,0,0,0
"COG4618",0,0,0,0,0,0
"COG4619",0,0,0,0,0,0
"COG4623",5,1,0,8,6,1
"COG4624",10,8,12,7,13,8
"COG4625",0,0,0,0,0,0
"COG4626",1,2,3,0,5,1
"COG4627",0,0,0,0,0,0
"COG4628",0,0,0,0,0,0
"COG4631",0,0,0,0,0,0
"COG4632",2,2,3,5,3,3
"COG4633",0,0,0,0,0,0
"COG4635",0,0,0,0,0,0
"COG4636",0,0,1,0,0,0
"COG4637",2,0,2,1,0,4
"COG4638",0,0,1,0,0,0
"COG4639",0,0,0,0,2,0
"COG4640",0,0,0,0,0,0
"COG4641",1,0,1,0,2,2
"COG4642",2,2,2,0,3,0
"COG4643",0,0,0,0,0,0
"COG4644",0,0,3,1,0,0
"COG4646",19,3,16,41,15,30
"COG4648",0,0,0,0,0,0
"COG4650",0,1,0,0,0,0
"COG4651",1,0,0,0,1,0
"COG4652",1,0,0,0,0,0
"COG4653",0,0,0,1,3,0
"COG4656",9,2,4,1,7,1
"COG4657",5,3,3,0,2,1
"COG4658",5,4,8,1,3,4
"COG4659",3,4,2,1,4,1
"COG4660",5,3,2,8,3,3
"COG4662",0,0,1,0,0,0
"COG4663",0,0,0,0,0,0
"COG4664",0,0,0,0,0,0
"COG4665",0,0,1,0,0,1
"COG4666",0,1,1,3,2,1
"COG4667",5,7,4,3,4,1
"COG4668",1,3,1,2,2,0
"COG4669",0,0,0,0,0,0
"COG4670",1,0,4,0,0,0
"COG4672",0,0,0,0,0,0
"COG4674",0,0,0,0,1,0
"COG4675",0,0,2,1,1,0
"COG4676",0,0,1,0,0,0
"COG4677",7,4,8,4,5,7
"COG4678",0,0,0,0,0,0
"COG4679",1,0,0,0,1,1
"COG4680",1,0,1,0,0,0
"COG4681",1,0,0,1,0,0
"COG4682",0,0,1,0,0,0
"COG4683",0,0,0,0,0,0
"COG4684",1,0,0,0,0,2
"COG4685",0,0,0,0,0,0
"COG4687",0,0,0,0,0,3
"COG4688",0,0,0,0,0,0
"COG4690",6,3,6,2,8,2
"COG4692",1,1,4,8,2,5
"COG4693",1,0,0,1,0,0
"COG4694",2,0,1,2,0,1
"COG4695",0,0,3,0,2,0
"COG4696",0,0,0,0,0,0
"COG4698",0,0,0,0,0,0
"COG4699",0,0,0,0,0,0
"COG4700",0,0,0,0,0,0
"COG4702",0,0,0,0,0,0
"COG4703",0,0,0,0,0,0
"COG4704",0,0,0,0,0,0
"COG4706",1,0,1,0,0,0
"COG4708",1,1,2,0,1,1
"COG4709",0,0,0,0,1,0
"COG4710",0,0,0,0,0,0
"COG4712",1,0,0,0,0,0
"COG4713",1,0,0,1,0,1
"COG4715",0,0,0,0,0,0
"COG4716",1,1,4,0,4,2
"COG4717",1,1,1,0,3,4
"COG4718",0,0,0,0,0,0
"COG4720",1,0,0,0,2,0
"COG4721",0,0,0,0,0,0
"COG4722",0,0,0,0,0,0
"COG4723",0,0,1,0,0,0
"COG4724",1,0,0,0,0,0
"COG4725",4,2,1,0,2,2
"COG4728",0,0,3,1,0,1
"COG4729",0,0,0,0,0,0
"COG4731",0,0,0,0,0,0
"COG4732",0,0,0,0,0,0
"COG4733",0,0,0,3,0,0
"COG4734",1,0,1,0,0,0
"COG4735",2,0,2,0,1,0
"COG4737",0,0,0,0,0,0
"COG4739",2,1,2,0,0,0
"COG4744",0,1,3,0,0,0
"COG4747",6,2,2,2,2,2
"COG4748",0,0,0,0,4,2
"COG4750",2,3,1,1,0,3
"COG4752",1,1,3,0,1,0
"COG4753",31,21,15,28,22,40
"COG4757",0,0,0,0,0,0
"COG4758",0,0,0,0,0,0
"COG4760",0,0,0,0,0,0
"COG4763",0,0,1,4,0,0
"COG4766",1,0,0,0,0,0
"COG4767",1,1,0,0,0,2
"COG4768",0,0,0,0,0,0
"COG4769",1,0,1,0,5,1
"COG4770",1,0,0,0,0,0
"COG4771",12,8,11,21,5,9
"COG4772",0,0,0,0,0,1
"COG4773",0,0,1,0,0,0
"COG4774",0,0,0,0,0,0
"COG4775",7,10,6,6,5,4
"COG4776",0,0,0,0,0,0
"COG4778",0,1,1,0,0,1
"COG4779",1,0,0,1,0,0
"COG4781",0,0,0,0,1,0
"COG4783",0,2,2,2,1,0
"COG4784",1,0,0,1,0,1
"COG4785",0,0,0,0,0,0
"COG4786",2,0,0,1,1,0
"COG4787",0,0,0,0,0,0
"COG4789",0,0,0,1,0,0
"COG4790",0,0,0,0,0,0
"COG4791",0,0,0,0,0,0
"COG4792",1,0,0,0,0,0
"COG4794",0,0,0,0,0,0
"COG4795",0,0,0,0,0,0
"COG4796",1,0,0,1,0,0
"COG4797",0,0,0,0,0,0
"COG4799",6,9,4,13,11,10
"COG4803",0,0,0,0,0,0
"COG4804",9,28,17,8,4,4
"COG4805",0,3,1,0,1,1
"COG4806",5,2,1,4,3,0
"COG4807",0,0,0,0,0,0
"COG4808",0,0,1,0,0,0
"COG4809",0,0,0,0,0,0
"COG4810",0,0,2,0,0,0
"COG4811",0,0,0,0,0,0
"COG4812",0,0,0,0,0,0
"COG4813",0,0,0,0,0,0
"COG4814",0,0,0,0,0,0
"COG4816",0,0,0,0,0,1
"COG4819",1,0,0,1,0,0
"COG4820",0,0,0,0,0,0
"COG4821",1,0,0,0,0,0
"COG4822",1,2,2,3,3,1
"COG4823",0,2,6,1,0,2
"COG4824",0,1,1,0,0,1
"COG4825",0,0,0,0,0,0
"COG4826",2,8,2,0,0,0
"COG4828",0,0,0,0,0,1
"COG4829",0,0,0,0,0,0
"COG4832",1,2,0,0,0,0
"COG4833",3,0,5,1,1,7
"COG4834",0,0,0,0,0,0
"COG4835",0,0,0,0,0,0
"COG4839",0,0,0,0,0,0
"COG4842",0,0,0,0,0,0
"COG4843",0,0,0,0,0,0
"COG4845",5,1,4,1,3,4
"COG4849",0,0,1,0,0,0
"COG4850",0,0,0,0,0,0
"COG4851",0,0,0,0,0,0
"COG4853",0,0,0,0,0,0
"COG4856",0,2,0,3,1,3
"COG4857",0,0,0,0,0,0
"COG4858",0,0,0,0,0,0
"COG4859",0,0,0,0,0,0
"COG4861",0,0,1,0,0,1
"COG4862",2,1,0,2,2,2
"COG4864",3,3,1,5,2,0
"COG4865",1,0,0,0,0,0
"COG4866",4,5,3,2,5,2
"COG4868",3,5,3,1,1,2
"COG4869",0,1,1,0,0,0
"COG4870",0,1,0,0,0,6
"COG4871",0,0,0,0,0,0
"COG4874",0,0,0,0,0,0
"COG4877",0,0,0,0,0,0
"COG4878",2,0,0,0,0,0
"COG4880",1,0,1,0,0,4
"COG4884",0,1,0,0,0,0
"COG4886",4,3,8,8,7,5
"COG4887",1,2,1,1,1,2
"COG4889",6,12,0,4,1,4
"COG4890",0,0,0,0,0,0
"COG4892",0,0,0,0,0,0
"COG4894",1,1,1,0,0,1
"COG4895",0,0,0,0,0,0
"COG4898",0,0,0,0,0,0
"COG4903",0,0,0,0,0,0
"COG4905",4,5,0,0,5,7
"COG4907",0,0,0,0,0,0
"COG4908",0,0,0,0,0,0
"COG4909",0,0,0,0,0,0
"COG4910",0,0,0,0,0,0
"COG4912",0,7,3,4,1,1
"COG4913",3,1,2,0,4,5
"COG4916",0,0,0,1,0,0
"COG4917",0,0,0,0,0,0
"COG4922",0,0,2,0,0,0
"COG4924",0,0,0,0,0,0
"COG4925",0,0,0,0,0,0
"COG4926",0,0,0,0,0,0
"COG4927",0,0,0,0,0,0
"COG4928",0,0,1,0,2,1
"COG4929",0,0,0,0,0,0
"COG4930",1,7,1,0,2,0
"COG4932",9,5,3,2,14,6
"COG4933",0,0,0,0,0,0
"COG4936",0,1,0,0,0,0
"COG4937",1,1,2,2,2,1
"COG4938",0,0,0,0,0,2
"COG4939",0,0,0,0,0,0
"COG4940",0,0,0,0,0,0
"COG4942",2,1,2,0,3,2
"COG4943",0,0,2,0,0,0
"COG4946",9,11,4,9,5,10
"COG4947",0,1,0,0,1,4
"COG4948",7,4,4,2,2,8
"COG4950",0,0,0,0,0,0
"COG4951",2,2,0,1,0,1
"COG4952",0,0,1,0,0,0
"COG4953",2,1,1,1,1,1
"COG4955",0,0,0,0,0,0
"COG4956",0,0,1,1,1,1
"COG4957",0,0,0,0,0,0
"COG4959",0,0,0,0,0,0
"COG4962",3,4,1,0,8,4
"COG4963",0,0,0,0,0,0
"COG4964",0,0,0,0,0,0
"COG4965",2,0,1,2,1,2
"COG4967",0,1,0,0,0,0
"COG4969",0,0,1,0,0,0
"COG4972",1,0,0,0,1,1
"COG4973",3,5,6,1,1,2
"COG4974",14,18,26,19,21,13
"COG4975",0,0,0,0,0,0
"COG4977",9,2,6,5,4,2
"COG4978",1,1,0,0,1,0
"COG4981",0,0,0,0,0,0
"COG4982",1,0,1,0,0,0
"COG4983",0,0,0,0,0,0
"COG4984",0,0,0,0,0,0
"COG4985",0,2,0,0,0,0
"COG4986",0,0,0,0,0,0
"COG4987",0,0,0,0,0,0
"COG4988",1,1,1,0,0,0
"COG4989",0,0,0,0,0,2
"COG4990",0,0,0,0,0,0
"COG4992",6,5,8,7,5,7
"COG4993",0,0,0,1,0,0
"COG4995",0,0,0,0,1,5
"COG4997",0,0,2,0,0,1
"COG4999",23,17,16,16,14,23
"COG5000",9,6,4,10,4,5
"COG5001",2,7,6,2,6,13
"COG5002",25,22,28,57,26,63
"COG5004",0,0,0,0,0,0
"COG5005",0,0,0,0,0,0
"COG5006",0,0,0,0,0,0
"COG5007",0,0,0,0,0,0
"COG5009",14,11,8,8,4,8
"COG5011",0,2,1,1,0,2
"COG5012",2,0,3,3,0,3
"COG5013",0,0,0,0,0,0
"COG5015",2,0,1,0,0,2
"COG5016",6,7,10,11,6,9
"COG5017",0,1,0,0,1,0
"COG5018",0,0,0,1,0,0
"COG5026",0,0,0,0,0,0
"COG5029",0,0,0,0,0,0
"COG5039",1,3,2,0,0,0
"COG5048",0,0,0,0,0,0
"COG5108",0,0,0,0,0,0
"COG5146",0,1,1,1,2,0
"COG5184",0,1,1,4,0,0
"COG5206",2,0,0,0,0,0
"COG5263",1,1,4,1,4,1
"COG5265",0,0,0,0,0,0
"COG5266",0,0,0,0,1,0
"COG5268",0,0,0,0,0,0
"COG5271",0,0,0,0,0,0
"COG5272",0,0,0,0,0,0
"COG5276",0,0,0,0,0,1
"COG5279",0,1,4,1,2,0
"COG5280",0,1,0,0,0,0
"COG5281",0,1,1,1,0,0
"COG5282",0,0,0,0,0,0
"COG5283",3,0,1,2,1,1
"COG5285",0,0,0,0,0,0
"COG5293",1,0,0,0,0,1
"COG5294",0,0,0,0,0,0
"COG5295",0,1,0,1,4,2
"COG5298",0,0,0,0,0,1
"COG5301",2,0,0,0,0,0
"COG5302",0,0,0,0,0,0
"COG5305",0,2,1,0,3,0
"COG5309",0,0,0,0,0,0
"COG5314",0,0,0,0,0,0
"COG5319",0,0,0,0,0,0
"COG5322",0,0,0,0,0,0
"COG5324",0,0,0,0,1,0
"COG5337",0,0,0,0,1,1
"COG5339",0,0,1,0,0,0
"COG5340",0,0,0,0,0,0
"COG5341",0,0,1,0,1,0
"COG5345",0,0,0,0,0,0
"COG5353",0,0,0,0,0,0
"COG5360",0,0,0,0,0,0
"COG5361",0,0,0,0,0,2
"COG5362",0,0,0,0,0,0
"COG5368",3,3,0,6,2,0
"COG5373",0,0,0,0,0,0
"COG5377",2,0,0,0,1,3
"COG5383",1,0,0,0,0,0
"COG5393",0,0,0,0,0,0
"COG5398",0,0,0,0,0,0
"COG5401",0,0,0,0,0,0
"COG5404",0,0,0,0,0,1
"COG5405",0,0,1,0,1,0
"COG5410",1,0,0,0,23,1
"COG5412",0,0,1,0,3,0
"COG5413",0,0,0,0,0,0
"COG5418",1,0,0,0,0,0
"COG5421",2,3,6,4,2,1
"COG5423",0,0,0,0,0,0
"COG5424",0,0,0,0,0,0
"COG5426",0,0,0,0,0,0
"COG5427",0,0,0,1,0,0
"COG5433",3,14,2,6,7,8
"COG5434",11,18,12,18,11,28
"COG5437",0,0,0,0,0,0
"COG5438",0,0,1,0,1,2
"COG5441",0,0,0,0,0,1
"COG5444",0,0,1,1,0,0
"COG5445",0,0,0,0,0,0
"COG5449",0,0,0,0,0,0
"COG5455",0,0,0,0,0,0
"COG5457",0,0,0,0,0,0
"COG5459",0,0,0,0,2,0
"COG5463",0,0,0,1,0,0
"COG5464",0,3,2,0,1,0
"COG5471",0,1,1,0,0,0
"COG5474",0,0,0,0,0,0
"COG5475",0,0,0,0,0,0
"COG5476",1,0,0,0,0,0
"COG5482",0,0,0,0,0,0
"COG5483",0,0,0,0,0,0
"COG5484",0,0,1,0,0,0
"COG5485",0,0,0,0,0,0
"COG5492",10,11,4,2,1,6
"COG5493",0,0,0,0,0,0
"COG5495",0,0,0,0,0,1
"COG5496",0,0,1,1,1,1
"COG5498",2,14,6,4,1,6
"COG5499",0,0,0,0,0,0
"COG5503",0,0,0,0,0,0
"COG5504",0,0,0,0,0,0
"COG5505",1,0,1,0,0,0
"COG5506",0,0,0,0,0,0
"COG5507",0,0,1,0,0,0
"COG5510",0,0,0,0,0,0
"COG5511",0,1,3,0,0,0
"COG5512",0,0,0,0,1,1
"COG5514",0,0,0,0,0,0
"COG5517",0,0,0,0,0,0
"COG5518",0,0,0,0,0,0
"COG5519",0,0,0,0,0,0
"COG5520",4,1,3,1,3,8
"COG5521",0,0,0,0,0,0
"COG5522",0,0,0,0,0,0
"COG5523",4,0,3,0,5,2
"COG5525",1,0,3,0,0,0
"COG5527",2,0,0,1,0,0
"COG5529",0,0,0,0,0,0
"COG5532",0,0,0,0,0,0
"COG5542",1,0,1,0,1,0
"COG5544",0,0,0,0,0,0
"COG5545",9,17,8,22,18,14
"COG5546",0,0,0,0,0,0
"COG5549",0,0,0,0,0,0
"COG5551",1,0,0,0,0,0
"COG5553",0,0,0,0,0,0
"COG5557",0,0,0,0,0,0
"COG5561",0,1,0,0,0,1
"COG5562",0,0,0,0,0,0
"COG5564",0,0,0,0,0,0
"COG5565",0,0,0,0,0,0
"COG5566",0,0,0,0,0,0
"COG5567",0,0,0,0,0,0
"COG5569",0,0,0,0,0,0
"COG5571",0,0,0,0,0,0
"COG5577",0,0,1,0,1,1
"COG5578",0,0,0,0,0,0
"COG5579",0,1,0,0,0,0
"COG5581",0,0,0,0,0,0
"COG5585",0,2,0,1,0,0
"COG5586",0,0,0,0,0,0
"COG5587",5,0,1,3,4,0
"COG5595",0,0,0,0,0,0
"COG5598",0,0,0,0,0,0
"COG5606",0,0,0,0,0,0
"COG5610",0,3,0,3,1,0
"COG5614",0,0,0,0,0,0
"COG5617",0,1,0,0,0,0
"COG5618",0,0,0,0,0,0
"COG5619",0,0,0,0,0,0
"COG5620",0,0,1,5,2,0
"COG5632",1,0,2,0,0,1
"COG5633",0,0,0,0,0,0
"COG5635",0,0,7,0,0,1
"COG5640",0,0,0,0,0,0
"COG5642",0,0,0,0,0,0
"COG5645",0,0,0,0,0,0
"COG5646",0,0,0,0,0,0
"COG5651",0,0,0,0,0,0
"COG5652",0,1,1,0,0,1
"COG5654",0,1,0,0,0,0
"COG5655",0,1,0,0,0,0
"COG5658",0,1,0,0,0,0
"COG5659",0,0,0,0,0,0
"COG5663",0,0,0,0,0,0
