"","NLM026","NOF011","DLF001","NLF007","DLM024","DLM022"
"COG0001",5,10,5,19,24,18
"COG0002",39,40,42,48,30,32
"COG0003",2,15,23,2,0,6
"COG0004",73,50,25,50,24,14
"COG0005",28,40,23,27,19,20
"COG0006",138,133,131,130,96,110
"COG0007",3,9,1,12,30,19
"COG0008",136,107,68,152,107,161
"COG0009",58,43,63,53,32,54
"COG0010",24,22,17,19,34,20
"COG0011",0,3,0,0,7,1
"COG0012",73,52,36,46,37,65
"COG0013",127,121,83,137,55,135
"COG0014",38,53,35,59,22,27
"COG0015",79,54,47,81,31,65
"COG0016",56,52,41,31,22,35
"COG0017",73,68,40,78,41,78
"COG0018",75,95,73,82,38,106
"COG0019",107,78,76,88,61,62
"COG0020",32,18,17,35,11,57
"COG0021",25,28,54,53,53,43
"COG0022",6,27,36,11,4,15
"COG0023",8,13,17,7,11,4
"COG0024",61,65,62,76,22,71
"COG0025",20,7,4,22,39,12
"COG0026",1,1,0,1,15,4
"COG0027",16,22,32,21,16,4
"COG0028",88,105,96,126,198,93
"COG0029",37,40,40,50,45,30
"COG0030",61,50,42,84,39,58
"COG0031",67,66,39,58,45,63
"COG0033",1,0,0,2,17,2
"COG0034",90,79,80,109,34,81
"COG0035",31,20,17,37,19,32
"COG0036",47,36,33,41,50,44
"COG0037",118,79,82,134,59,103
"COG0038",62,74,78,77,52,57
"COG0039",61,75,61,71,29,47
"COG0040",20,30,34,29,12,15
"COG0041",27,13,15,26,13,16
"COG0042",78,89,75,52,55,40
"COG0043",3,3,3,1,48,9
"COG0044",86,46,59,57,91,67
"COG0045",1,7,17,1,17,15
"COG0046",136,122,85,113,83,99
"COG0047",145,97,74,95,77,83
"COG0048",28,13,7,26,20,24
"COG0049",43,29,21,23,22,31
"COG0050",73,64,46,73,63,62
"COG0051",31,19,13,25,15,28
"COG0052",47,31,21,43,20,45
"COG0053",59,47,34,46,42,61
"COG0054",21,23,12,16,16,8
"COG0055",96,66,27,94,49,48
"COG0056",109,73,30,122,51,60
"COG0057",57,41,39,44,60,89
"COG0058",191,111,146,185,118,147
"COG0059",33,39,23,58,26,38
"COG0060",171,104,96,163,66,173
"COG0061",39,26,23,34,31,39
"COG0062",47,33,28,55,30,27
"COG0063",45,33,30,49,28,35
"COG0064",27,16,2,34,9,52
"COG0065",43,42,47,63,26,34
"COG0066",26,20,20,28,22,17
"COG0067",117,96,41,105,45,68
"COG0068",9,5,8,4,12,15
"COG0069",113,99,69,111,54,81
"COG0070",108,95,50,59,36,39
"COG0071",48,30,45,35,45,26
"COG0072",125,90,71,88,35,114
"COG0073",195,151,118,188,85,190
"COG0074",6,11,8,1,69,23
"COG0075",23,18,23,15,10,18
"COG0076",10,31,30,27,47,18
"COG0077",42,44,22,35,30,37
"COG0078",33,41,16,58,80,67
"COG0079",86,80,117,94,41,66
"COG0080",36,25,22,29,15,34
"COG0081",45,34,29,46,22,39
"COG0082",39,37,40,31,17,27
"COG0083",16,5,5,4,16,7
"COG0084",51,50,50,61,60,51
"COG0085",244,166,132,234,110,217
"COG0086",136,112,63,222,96,239
"COG0087",52,30,27,51,20,38
"COG0088",40,26,20,41,33,43
"COG0089",18,13,18,19,6,31
"COG0090",53,25,29,54,23,48
"COG0091",29,22,17,29,18,23
"COG0092",52,21,31,37,5,32
"COG0093",29,17,12,29,18,32
"COG0094",44,34,20,40,18,39
"COG0095",8,25,18,17,24,21
"COG0096",25,20,19,32,14,29
"COG0097",35,31,27,38,24,50
"COG0098",36,28,21,35,22,30
"COG0099",14,17,12,29,27,31
"COG0100",23,19,7,23,16,29
"COG0101",51,39,27,47,30,56
"COG0102",34,21,12,26,15,34
"COG0103",16,17,15,17,13,37
"COG0104",70,51,32,81,33,52
"COG0105",5,5,15,2,9,9
"COG0106",34,32,28,29,8,22
"COG0107",39,31,20,47,19,26
"COG0108",50,43,39,50,13,19
"COG0109",0,0,0,0,15,1
"COG0110",83,105,173,129,73,130
"COG0111",84,84,60,70,107,110
"COG0112",57,50,39,55,14,64
"COG0113",5,2,1,7,19,14
"COG0114",7,4,4,5,18,7
"COG0115",61,68,49,73,44,41
"COG0116",44,36,18,48,41,43
"COG0117",32,33,16,27,11,14
"COG0118",19,20,24,26,16,12
"COG0119",104,116,106,142,71,89
"COG0120",5,12,13,2,15,15
"COG0121",1,0,0,0,16,1
"COG0122",12,6,4,8,21,47
"COG0123",2,1,0,1,0,2
"COG0124",63,51,54,58,34,91
"COG0125",31,10,3,22,14,31
"COG0126",71,41,34,43,27,46
"COG0127",40,23,18,41,21,45
"COG0128",51,45,30,54,24,49
"COG0129",66,65,74,75,73,62
"COG0130",39,39,23,40,25,37
"COG0131",32,30,36,22,15,20
"COG0132",13,17,23,12,23,10
"COG0133",26,23,25,33,36,39
"COG0134",21,20,18,16,16,6
"COG0135",17,7,6,10,18,20
"COG0136",51,38,24,47,56,54
"COG0137",63,52,32,35,25,42
"COG0138",55,74,85,53,12,26
"COG0139",17,28,31,26,15,13
"COG0140",32,18,36,22,12,18
"COG0141",47,41,36,46,19,28
"COG0142",58,67,86,72,35,52
"COG0143",108,90,81,74,41,105
"COG0144",81,61,49,64,54,85
"COG0145",8,4,13,4,19,9
"COG0146",1,0,0,0,2,1
"COG0147",51,47,71,51,47,33
"COG0148",77,58,31,58,64,66
"COG0149",51,40,32,44,30,40
"COG0150",55,38,32,51,29,38
"COG0151",49,40,18,55,23,41
"COG0152",40,36,25,62,19,29
"COG0153",54,50,50,66,23,44
"COG0154",45,26,7,37,7,45
"COG0155",0,1,4,1,34,7
"COG0156",40,89,120,53,34,49
"COG0157",36,38,34,36,23,25
"COG0158",0,2,1,0,14,4
"COG0159",27,23,27,20,23,19
"COG0160",12,4,0,10,20,9
"COG0161",20,56,30,24,31,11
"COG0162",61,41,33,29,20,40
"COG0163",1,0,2,3,15,3
"COG0164",38,25,22,28,11,36
"COG0165",49,46,43,63,40,44
"COG0166",75,59,45,70,49,74
"COG0167",70,70,73,48,47,40
"COG0168",158,126,126,146,77,126
"COG0169",45,49,31,37,56,41
"COG0170",0,0,0,0,0,0
"COG0171",81,77,41,81,20,52
"COG0172",73,48,37,73,36,81
"COG0173",111,73,59,90,25,131
"COG0174",51,42,30,47,62,44
"COG0175",46,30,51,40,42,38
"COG0176",23,16,18,18,82,23
"COG0177",43,42,21,28,15,47
"COG0178",199,174,136,117,42,134
"COG0179",18,18,9,18,13,10
"COG0180",65,56,40,54,29,67
"COG0181",6,3,4,13,21,11
"COG0182",21,7,2,4,6,14
"COG0183",34,16,7,30,100,28
"COG0184",8,18,17,22,16,20
"COG0185",27,17,11,16,10,19
"COG0186",18,16,15,17,16,29
"COG0187",183,172,106,187,113,233
"COG0188",230,227,133,272,122,251
"COG0189",11,10,6,10,25,11
"COG0190",61,52,20,36,29,33
"COG0191",66,65,41,67,111,69
"COG0192",94,71,41,76,40,99
"COG0193",47,41,21,25,22,33
"COG0194",59,31,30,52,23,47
"COG0195",63,49,43,70,26,62
"COG0196",35,41,28,39,37,33
"COG0197",40,26,11,28,26,41
"COG0198",24,25,20,15,17,12
"COG0199",10,12,21,8,7,7
"COG0200",21,23,26,28,22,41
"COG0201",76,60,47,70,55,66
"COG0202",58,49,33,69,17,57
"COG0203",20,19,21,20,13,19
"COG0204",72,82,123,67,81,60
"COG0205",202,136,155,158,61,151
"COG0206",73,58,46,63,42,66
"COG0207",35,31,53,43,17,36
"COG0208",5,14,33,12,37,13
"COG0209",50,60,84,54,72,66
"COG0210",221,160,196,204,165,218
"COG0211",15,14,12,15,7,15
"COG0212",21,13,19,30,17,22
"COG0213",27,13,3,22,27,32
"COG0214",13,6,3,13,7,6
"COG0215",76,56,44,73,36,63
"COG0216",62,47,30,51,28,68
"COG0217",43,41,26,40,28,43
"COG0218",27,19,23,19,22,36
"COG0219",20,10,6,22,19,21
"COG0220",38,33,35,33,19,27
"COG0221",15,4,4,7,9,12
"COG0222",16,10,7,16,13,24
"COG0223",57,42,49,46,61,59
"COG0224",48,47,35,58,21,39
"COG0225",10,10,28,6,26,18
"COG0226",45,51,45,43,47,46
"COG0227",3,3,7,6,8,7
"COG0228",18,16,5,24,5,12
"COG0229",9,17,22,8,16,18
"COG0230",9,6,4,3,0,4
"COG0231",31,18,14,29,31,38
"COG0232",61,45,39,59,44,36
"COG0233",37,31,29,29,21,40
"COG0234",21,15,8,22,9,17
"COG0235",59,44,66,42,118,42
"COG0236",25,16,16,26,8,22
"COG0237",25,24,26,29,14,32
"COG0238",15,11,5,15,9,21
"COG0239",6,9,21,4,19,7
"COG0240",52,44,47,54,21,49
"COG0241",20,29,43,19,34,25
"COG0242",43,29,31,39,19,35
"COG0243",7,11,16,4,374,69
"COG0244",41,14,11,33,21,40
"COG0245",37,26,26,28,17,19
"COG0246",65,67,58,67,112,32
"COG0247",17,60,38,25,54,42
"COG0248",27,29,33,24,65,20
"COG0249",153,163,144,158,42,159
"COG0250",38,28,31,33,25,30
"COG0251",24,42,44,34,58,31
"COG0252",38,75,83,49,62,59
"COG0253",37,35,31,45,21,47
"COG0254",10,3,14,8,13,17
"COG0255",12,4,1,11,10,8
"COG0256",31,26,17,20,18,30
"COG0257",0,3,0,1,3,2
"COG0258",115,87,80,95,77,95
"COG0259",2,17,12,1,6,4
"COG0260",5,3,1,5,46,12
"COG0261",31,11,20,24,10,22
"COG0262",21,27,28,35,49,19
"COG0263",23,38,31,40,18,27
"COG0264",43,50,30,56,27,59
"COG0265",81,56,50,84,73,139
"COG0266",1,14,8,3,28,23
"COG0267",7,8,7,7,6,6
"COG0268",11,2,3,6,11,9
"COG0269",2,1,0,1,19,10
"COG0270",124,95,30,130,61,97
"COG0271",0,0,0,0,4,0
"COG0272",86,96,58,114,91,118
"COG0274",36,39,40,54,40,30
"COG0275",62,41,30,48,28,59
"COG0276",0,0,0,0,4,1
"COG0277",14,39,18,16,89,38
"COG0278",0,1,1,0,6,1
"COG0279",8,5,27,1,25,11
"COG0280",107,121,128,96,70,79
"COG0281",60,69,82,52,63,51
"COG0282",77,45,32,62,28,76
"COG0283",35,38,25,32,19,37
"COG0284",47,45,28,42,21,34
"COG0285",56,57,30,42,23,31
"COG0286",67,68,80,134,34,155
"COG0287",24,29,16,33,20,28
"COG0288",5,15,23,3,21,4
"COG0289",36,32,35,41,27,33
"COG0290",46,30,26,32,15,46
"COG0291",8,9,14,4,2,6
"COG0292",21,12,13,19,15,20
"COG0293",0,0,0,0,9,3
"COG0294",16,22,44,25,37,33
"COG0295",24,11,19,24,20,19
"COG0296",136,109,104,132,72,70
"COG0297",57,64,32,67,46,46
"COG0298",1,1,0,0,10,2
"COG0299",41,24,26,34,16,20
"COG0300",31,33,44,19,7,18
"COG0301",33,18,7,33,31,44
"COG0302",26,17,26,19,12,16
"COG0303",15,12,6,17,28,23
"COG0304",74,75,88,89,43,55
"COG0305",91,100,92,70,34,147
"COG0306",10,14,24,9,55,16
"COG0307",8,22,13,26,13,14
"COG0308",1,3,17,11,27,16
"COG0309",14,13,4,18,11,14
"COG0310",7,1,4,9,2,14
"COG0311",9,5,1,7,2,1
"COG0312",14,44,11,29,33,46
"COG0313",51,54,51,51,27,50
"COG0314",0,1,0,0,8,1
"COG0315",8,3,0,2,19,14
"COG0316",0,1,0,0,26,5
"COG0317",150,153,115,143,79,132
"COG0318",82,115,98,101,134,146
"COG0319",30,27,13,22,9,20
"COG0320",16,20,25,10,19,14
"COG0321",6,18,22,8,12,7
"COG0322",93,82,58,93,35,93
"COG0323",70,67,55,72,35,71
"COG0324",48,84,67,61,22,66
"COG0325",36,34,28,34,20,35
"COG0326",93,97,124,90,53,80
"COG0327",34,36,23,25,18,30
"COG0328",14,7,1,9,19,24
"COG0329",76,96,93,55,100,76
"COG0330",86,57,37,97,94,83
"COG0331",34,49,31,29,31,14
"COG0332",41,78,105,53,30,28
"COG0333",3,5,6,5,4,5
"COG0334",82,97,81,106,47,64
"COG0335",32,23,15,23,12,12
"COG0336",40,36,27,22,26,41
"COG0337",48,28,29,55,29,33
"COG0338",26,23,8,28,40,46
"COG0339",49,106,104,64,56,59
"COG0340",45,39,36,50,24,35
"COG0341",44,41,30,39,27,25
"COG0342",77,67,63,87,49,44
"COG0343",74,49,37,32,25,40
"COG0344",53,18,5,25,24,33
"COG0345",28,49,49,31,30,39
"COG0346",38,49,85,34,38,44
"COG0347",54,28,24,50,19,26
"COG0348",55,60,45,61,46,40
"COG0349",1,0,0,0,20,3
"COG0350",17,27,33,20,29,24
"COG0351",35,40,30,36,20,25
"COG0352",25,23,17,35,17,19
"COG0353",35,35,11,47,25,42
"COG0354",0,0,1,0,8,2
"COG0355",19,8,7,10,4,5
"COG0356",30,31,21,67,32,38
"COG0357",32,27,30,28,25,26
"COG0358",182,105,100,140,86,173
"COG0359",38,24,21,27,22,43
"COG0360",29,15,12,22,20,24
"COG0361",20,15,8,15,8,13
"COG0362",5,37,32,14,16,16
"COG0363",68,108,129,58,79,58
"COG0364",7,39,37,3,27,11
"COG0365",41,42,50,24,57,28
"COG0366",341,238,110,333,266,281
"COG0367",78,62,31,56,50,97
"COG0368",22,10,6,21,17,18
"COG0369",0,0,0,0,12,2
"COG0370",170,117,91,159,126,151
"COG0371",22,12,15,21,46,36
"COG0372",69,60,61,77,61,57
"COG0373",5,4,4,8,14,11
"COG0374",2,3,4,2,50,14
"COG0375",6,1,5,2,24,8
"COG0376",0,0,0,0,28,4
"COG0377",8,10,8,2,4,6
"COG0378",10,9,5,9,18,19
"COG0379",27,26,16,37,25,24
"COG0380",3,12,27,8,17,7
"COG0381",40,90,85,46,35,55
"COG0382",0,3,8,7,17,2
"COG0383",86,120,76,46,59,106
"COG0384",1,8,0,1,15,7
"COG0385",16,20,2,11,14,7
"COG0386",1,10,21,1,3,1
"COG0387",0,0,1,0,17,4
"COG0388",120,147,118,135,81,109
"COG0389",108,67,39,112,78,91
"COG0390",4,19,16,6,15,2
"COG0391",9,4,3,1,8,34
"COG0392",16,11,2,14,29,35
"COG0393",11,26,11,6,5,9
"COG0394",40,25,46,48,30,41
"COG0395",241,102,80,277,272,274
"COG0396",34,41,23,26,16,50
"COG0397",0,0,1,0,17,2
"COG0398",12,3,2,7,15,29
"COG0399",81,129,98,118,66,85
"COG0400",0,1,0,0,18,0
"COG0401",0,0,0,0,0,0
"COG0402",64,38,20,33,171,100
"COG0403",36,36,69,27,26,29
"COG0404",20,18,57,27,25,25
"COG0405",1,0,5,1,28,10
"COG0406",44,39,22,50,40,66
"COG0407",12,18,22,1,25,24
"COG0408",0,0,0,0,11,1
"COG0409",3,3,4,3,22,9
"COG0410",25,14,10,22,29,28
"COG0411",27,16,11,22,37,34
"COG0412",0,0,0,0,26,0
"COG0413",29,24,20,21,18,16
"COG0414",20,43,39,22,36,16
"COG0415",0,0,0,0,17,0
"COG0416",40,14,7,26,20,31
"COG0417",0,0,0,0,31,5
"COG0418",0,0,1,0,14,0
"COG0419",99,55,119,57,43,57
"COG0420",54,40,33,49,52,49
"COG0421",23,12,1,21,19,3
"COG0422",39,46,44,43,48,44
"COG0423",72,79,47,78,15,84
"COG0424",29,27,22,31,23,27
"COG0425",23,53,53,17,9,14
"COG0426",63,53,55,68,48,62
"COG0427",54,51,29,67,38,36
"COG0428",34,15,7,25,26,48
"COG0429",0,1,1,0,17,3
"COG0430",0,0,0,0,13,6
"COG0431",1,0,1,0,13,3
"COG0432",9,9,17,10,16,10
"COG0433",16,21,28,18,16,26
"COG0434",1,1,1,2,18,9
"COG0435",1,1,1,6,23,7
"COG0436",188,276,256,221,116,174
"COG0437",6,7,3,0,56,15
"COG0438",451,829,1168,398,249,327
"COG0439",59,60,74,56,46,38
"COG0440",22,22,10,41,32,31
"COG0441",180,144,108,144,69,170
"COG0442",71,56,47,77,54,95
"COG0443",162,92,57,129,109,132
"COG0444",60,27,20,62,99,90
"COG0445",103,93,75,101,59,113
"COG0446",117,88,76,83,178,158
"COG0447",9,13,15,12,11,7
"COG0448",75,48,22,93,60,82
"COG0449",91,94,65,84,51,104
"COG0450",10,22,44,21,17,15
"COG0451",190,290,344,177,136,171
"COG0452",50,41,38,31,25,47
"COG0454",141,123,174,138,187,158
"COG0455",7,6,0,13,0,1
"COG0456",30,22,11,30,37,27
"COG0457",191,290,365,254,139,166
"COG0458",193,165,132,199,104,127
"COG0459",69,65,48,80,67,98
"COG0460",59,54,46,47,31,42
"COG0461",24,26,24,33,20,21
"COG0462",54,48,46,62,43,56
"COG0463",652,679,1015,726,234,537
"COG0464",55,30,20,43,0,30
"COG0465",162,97,60,140,81,172
"COG0466",93,86,86,87,53,100
"COG0468",58,63,140,65,17,68
"COG0469",87,62,43,84,41,58
"COG0470",9,7,6,8,17,21
"COG0471",64,97,117,86,137,76
"COG0472",87,105,106,95,43,96
"COG0473",55,42,32,57,32,37
"COG0474",247,158,169,147,143,264
"COG0475",72,149,216,93,66,80
"COG0476",23,23,24,29,21,21
"COG0477",195,341,461,217,1336,403
"COG0479",12,28,13,14,16,11
"COG0480",335,335,444,314,138,300
"COG0481",93,53,46,87,50,87
"COG0482",61,91,81,82,23,66
"COG0483",12,25,25,7,18,13
"COG0484",61,51,35,60,27,74
"COG0486",49,66,55,61,34,62
"COG0488",285,297,325,290,179,248
"COG0489",96,168,149,179,110,135
"COG0490",0,1,1,0,1,1
"COG0491",54,61,50,55,77,69
"COG0492",37,35,29,59,38,71
"COG0493",235,134,98,113,151,106
"COG0494",136,64,67,116,108,103
"COG0495",120,108,96,125,75,119
"COG0496",13,21,30,12,6,10
"COG0497",107,56,39,55,22,79
"COG0498",76,51,37,67,42,71
"COG0499",13,20,24,7,0,37
"COG0500",120,104,83,174,225,179
"COG0501",27,36,49,28,30,31
"COG0502",37,65,70,51,26,37
"COG0503",31,51,42,59,47,44
"COG0504",80,56,52,73,42,83
"COG0505",53,41,33,38,18,24
"COG0506",5,27,49,11,34,15
"COG0507",251,231,158,303,965,282
"COG0508",4,15,17,9,44,32
"COG0509",5,15,17,7,16,10
"COG0510",5,1,4,10,18,6
"COG0511",36,41,54,29,15,21
"COG0512",13,22,22,19,32,15
"COG0513",99,147,167,135,128,84
"COG0514",132,220,211,126,50,83
"COG0515",175,103,48,171,32,147
"COG0516",78,76,51,61,50,84
"COG0517",102,94,50,102,66,104
"COG0518",59,93,76,72,48,69
"COG0519",59,79,92,61,57,80
"COG0520",59,55,37,51,43,64
"COG0521",5,3,2,9,26,10
"COG0522",55,32,26,30,13,36
"COG0523",28,19,16,44,36,40
"COG0524",202,194,199,191,313,164
"COG0525",126,93,62,142,69,149
"COG0526",146,217,355,204,96,162
"COG0527",101,109,112,106,85,89
"COG0528",42,32,21,28,25,44
"COG0529",5,10,24,7,8,7
"COG0530",57,35,19,47,25,31
"COG0531",49,61,72,64,281,82
"COG0532",105,70,39,84,60,95
"COG0533",69,58,39,54,24,61
"COG0534",871,678,543,902,431,603
"COG0535",100,76,80,95,19,81
"COG0536",51,48,19,54,14,47
"COG0537",36,40,45,44,17,28
"COG0538",44,39,29,37,25,27
"COG0539",106,88,52,52,44,48
"COG0540",37,51,27,36,15,22
"COG0541",70,55,47,35,24,59
"COG0542",317,214,183,279,173,298
"COG0543",71,69,95,102,39,60
"COG0544",92,87,64,97,30,100
"COG0545",36,55,87,52,41,36
"COG0546",51,37,35,70,56,62
"COG0547",22,36,19,34,38,25
"COG0548",35,25,15,47,53,34
"COG0549",19,10,5,21,66,24
"COG0550",342,276,257,269,128,280
"COG0551",49,20,7,52,88,87
"COG0552",52,41,26,47,29,43
"COG0553",101,102,165,126,61,113
"COG0554",54,29,15,33,58,41
"COG0555",6,5,0,5,10,2
"COG0556",106,93,51,103,21,84
"COG0557",82,81,39,72,53,80
"COG0558",37,30,21,29,31,52
"COG0559",44,15,17,26,44,52
"COG0560",29,34,38,29,20,27
"COG0561",150,150,101,145,154,119
"COG0562",56,34,28,41,21,27
"COG0563",51,37,33,37,27,36
"COG0564",154,153,129,146,107,166
"COG0565",0,2,0,0,18,5
"COG0566",123,116,98,106,62,100
"COG0567",1,1,1,0,47,11
"COG0568",83,60,19,52,52,47
"COG0569",132,88,93,137,57,78
"COG0571",33,47,26,29,14,30
"COG0572",79,65,64,82,21,66
"COG0573",37,45,33,37,32,37
"COG0574",156,161,123,196,61,181
"COG0575",42,43,35,44,5,42
"COG0576",19,27,29,35,13,36
"COG0577",372,347,257,344,178,379
"COG0578",6,12,4,5,40,3
"COG0579",32,13,8,6,40,18
"COG0580",8,18,11,10,36,15
"COG0581",40,29,35,25,21,16
"COG0582",681,396,463,510,649,734
"COG0583",190,176,131,211,917,294
"COG0584",54,135,156,78,45,46
"COG0585",0,0,1,0,15,4
"COG0586",11,25,37,16,52,19
"COG0587",167,172,109,141,92,220
"COG0588",15,16,59,5,15,13
"COG0589",40,84,102,43,52,39
"COG0590",35,39,32,29,10,41
"COG0591",82,132,112,86,81,94
"COG0592",66,84,50,66,49,61
"COG0593",30,32,30,21,7,31
"COG0594",9,12,3,15,11,24
"COG0595",55,32,8,56,17,76
"COG0596",73,43,37,49,92,53
"COG0597",28,17,2,26,24,23
"COG0598",43,50,86,41,55,49
"COG0599",24,33,18,19,9,21
"COG0600",35,14,14,34,69,61
"COG0601",80,45,35,63,159,109
"COG0602",54,42,28,49,35,36
"COG0603",13,16,26,21,16,6
"COG0604",3,4,0,0,46,4
"COG0605",8,17,9,13,22,13
"COG0606",74,57,42,69,49,68
"COG0607",59,42,77,38,69,39
"COG0608",94,62,43,81,41,96
"COG0609",67,55,45,32,45,40
"COG0610",152,83,82,148,29,103
"COG0611",17,16,27,11,14,17
"COG0612",174,220,163,171,64,193
"COG0613",32,14,7,18,37,40
"COG0614",73,63,93,76,69,92
"COG0615",21,22,34,47,0,15
"COG0616",15,32,66,45,59,30
"COG0617",45,49,39,63,55,68
"COG0618",62,68,40,66,7,39
"COG0619",64,25,13,69,33,80
"COG0620",19,18,5,33,58,29
"COG0621",135,92,97,166,85,191
"COG0622",44,37,38,30,25,24
"COG0623",14,24,27,14,10,13
"COG0624",87,81,75,70,180,106
"COG0625",0,3,1,1,88,8
"COG0626",21,13,4,5,47,17
"COG0627",51,39,73,26,30,21
"COG0628",96,76,53,114,112,124
"COG0629",85,42,40,53,60,103
"COG0630",0,2,0,1,2,2
"COG0631",65,35,11,56,11,41
"COG0632",40,33,21,21,18,23
"COG0633",0,0,0,0,19,3
"COG0634",30,22,21,27,26,27
"COG0635",91,62,66,70,96,95
"COG0636",27,14,29,25,15,29
"COG0637",89,76,75,72,94,46
"COG0639",24,21,29,27,37,38
"COG0640",35,21,14,25,32,38
"COG0641",94,114,118,117,109,72
"COG0642",1352,2318,2822,1496,941,1436
"COG0643",7,2,1,24,36,5
"COG0644",2,0,1,0,60,12
"COG0645",6,0,0,0,0,2
"COG0646",91,89,57,92,70,48
"COG0647",25,13,4,15,16,6
"COG0648",30,32,38,42,26,36
"COG0649",17,41,33,28,13,12
"COG0650",3,1,0,0,18,4
"COG0651",20,10,8,20,63,19
"COG0652",61,40,41,38,35,54
"COG0653",149,126,103,167,76,147
"COG0654",1,3,27,0,56,8
"COG0655",34,47,48,58,37,45
"COG0656",26,44,52,51,58,30
"COG0657",69,114,88,91,64,67
"COG0658",59,66,72,59,32,62
"COG0659",64,42,64,65,32,30
"COG0661",5,8,1,5,13,15
"COG0662",19,11,5,35,38,16
"COG0663",17,26,11,25,41,10
"COG0664",61,89,124,125,71,107
"COG0665",9,8,7,6,85,32
"COG0666",9,14,41,16,67,5
"COG0667",73,75,61,80,103,59
"COG0668",78,137,132,95,59,107
"COG0669",28,29,15,29,17,25
"COG0670",16,5,4,9,48,17
"COG0671",44,38,28,34,55,42
"COG0672",1,0,0,0,17,2
"COG0673",180,227,267,151,185,235
"COG0674",172,226,154,166,57,177
"COG0675",25,32,32,30,63,32
"COG0676",0,0,0,0,14,2
"COG0677",20,52,33,32,40,45
"COG0678",0,0,0,0,0,0
"COG0679",38,24,7,68,40,46
"COG0680",1,0,1,0,11,7
"COG0681",107,89,109,75,47,127
"COG0682",34,35,28,59,22,40
"COG0683",49,22,10,24,80,52
"COG0684",20,5,4,4,39,8
"COG0685",55,43,43,56,25,22
"COG0686",16,28,19,21,5,17
"COG0687",55,44,44,58,67,37
"COG0688",14,33,28,31,27,25
"COG0689",3,1,0,1,17,5
"COG0690",0,1,0,0,1,1
"COG0691",26,26,23,18,6,21
"COG0692",33,26,25,36,18,19
"COG0693",39,32,59,60,25,26
"COG0694",0,0,0,0,10,5
"COG0695",0,0,0,1,5,2
"COG0696",79,76,36,72,41,82
"COG0697",131,158,150,157,200,164
"COG0698",49,39,17,42,27,29
"COG0699",16,17,6,2,45,5
"COG0700",29,30,33,36,29,26
"COG0701",9,12,14,19,23,9
"COG0702",0,0,1,1,36,14
"COG0703",48,26,33,48,37,33
"COG0704",23,47,27,31,24,27
"COG0705",30,53,56,35,28,18
"COG0706",100,66,62,62,49,56
"COG0707",70,51,40,61,39,102
"COG0708",20,25,14,24,18,43
"COG0709",7,5,3,6,14,9
"COG0710",8,8,1,5,22,8
"COG0711",20,22,13,26,18,19
"COG0712",20,18,15,26,13,14
"COG0713",4,13,1,3,3,1
"COG0714",88,104,69,96,106,87
"COG0715",39,32,31,42,43,72
"COG0716",45,42,40,75,51,70
"COG0717",1,3,0,0,12,6
"COG0718",20,14,3,18,7,19
"COG0719",103,114,97,118,39,67
"COG0720",14,10,10,16,5,6
"COG0721",12,9,5,10,4,13
"COG0722",25,17,5,34,54,20
"COG0723",6,0,0,2,4,11
"COG0724",4,14,26,7,0,5
"COG0725",7,4,2,7,10,5
"COG0726",80,74,51,122,114,136
"COG0727",3,2,3,0,4,8
"COG0728",8,4,1,4,34,7
"COG0729",1,0,1,0,33,0
"COG0730",6,6,7,9,22,18
"COG0731",3,16,9,23,0,15
"COG0732",92,85,81,73,35,86
"COG0733",122,83,58,118,62,129
"COG0735",26,36,45,49,18,35
"COG0736",6,3,2,8,11,7
"COG0737",59,98,115,70,77,64
"COG0738",70,176,249,94,16,70
"COG0739",289,241,234,212,55,214
"COG0740",72,64,29,93,38,68
"COG0741",69,62,55,65,169,77
"COG0742",29,32,28,26,9,34
"COG0743",43,33,19,58,46,34
"COG0744",84,85,56,75,65,131
"COG0745",650,907,780,737,427,650
"COG0746",2,1,4,3,14,1
"COG0747",85,60,40,68,224,152
"COG0749",111,105,210,121,69,129
"COG0750",85,77,24,71,52,85
"COG0751",2,3,5,5,36,6
"COG0752",2,3,2,1,20,3
"COG0753",11,24,16,20,23,23
"COG0754",6,1,6,1,58,2
"COG0755",13,28,44,39,10,26
"COG0756",32,27,22,56,16,40
"COG0757",11,16,20,19,0,17
"COG0758",34,32,27,50,34,54
"COG0759",14,10,9,14,0,11
"COG0760",67,58,54,53,60,78
"COG0761",75,46,34,63,24,56
"COG0762",3,0,1,0,10,1
"COG0763",13,32,29,13,12,9
"COG0764",30,44,32,45,33,25
"COG0765",99,69,15,83,88,87
"COG0766",104,69,37,87,54,106
"COG0767",17,17,28,22,14,17
"COG0768",276,225,178,258,153,305
"COG0769",126,98,47,83,53,118
"COG0770",111,95,114,111,38,73
"COG0771",56,42,32,58,47,83
"COG0772",178,125,81,137,86,158
"COG0773",62,62,51,81,63,102
"COG0774",16,42,33,18,15,17
"COG0775",52,58,39,46,57,37
"COG0776",29,47,76,40,29,61
"COG0777",30,21,4,18,30,15
"COG0778",88,128,130,99,65,87
"COG0779",19,7,2,24,15,26
"COG0780",11,15,26,14,14,11
"COG0781",29,29,27,30,21,39
"COG0782",36,25,21,45,51,46
"COG0783",4,10,13,5,13,3
"COG0784",161,163,206,274,348,220
"COG0785",2,0,4,0,16,8
"COG0786",19,13,15,32,69,14
"COG0787",68,67,74,101,60,76
"COG0788",2,17,15,3,5,14
"COG0789",39,48,49,58,126,62
"COG0790",30,27,53,29,54,56
"COG0791",141,78,35,144,163,120
"COG0792",20,21,28,30,15,10
"COG0793",146,272,429,231,31,133
"COG0794",17,25,27,12,52,26
"COG0795",30,65,60,42,48,35
"COG0796",38,26,33,52,27,39
"COG0797",1,0,2,2,11,4
"COG0798",3,7,4,3,0,4
"COG0799",13,25,28,26,2,14
"COG0800",17,20,20,31,43,26
"COG0801",24,11,9,20,7,14
"COG0802",39,23,16,28,13,32
"COG0803",30,30,13,26,67,42
"COG0804",7,3,4,12,0,0
"COG0805",6,10,20,22,14,21
"COG0806",25,17,18,24,11,31
"COG0807",29,48,33,42,10,19
"COG0809",82,69,73,57,9,40
"COG0810",0,1,1,1,8,6
"COG0811",24,59,73,33,27,16
"COG0812",43,28,32,39,40,47
"COG0813",16,11,9,19,23,21
"COG0814",5,6,4,9,153,25
"COG0815",1,7,1,3,22,3
"COG0816",29,21,25,24,11,37
"COG0817",18,17,21,20,7,34
"COG0818",11,12,12,3,12,18
"COG0819",5,8,0,11,0,6
"COG0820",55,42,40,52,31,60
"COG0821",52,59,38,58,27,53
"COG0822",61,51,27,73,15,56
"COG0823",22,51,32,17,35,50
"COG0824",19,21,28,20,20,14
"COG0825",44,16,6,25,26,23
"COG0826",152,104,92,125,103,163
"COG0827",254,127,104,252,83,230
"COG0828",10,6,0,6,5,1
"COG0829",1,1,0,7,0,0
"COG0830",2,0,1,2,0,1
"COG0831",4,1,1,6,0,0
"COG0832",3,1,1,1,0,0
"COG0833",0,0,1,0,21,6
"COG0834",110,101,44,114,206,99
"COG0835",10,11,5,35,9,4
"COG0836",43,52,67,48,24,25
"COG0837",1,0,1,0,12,2
"COG0838",8,12,10,12,9,1
"COG0839",8,22,18,10,9,5
"COG0840",179,93,8,317,197,82
"COG0841",328,638,576,415,297,397
"COG0842",75,153,184,117,110,108
"COG0843",0,0,0,0,28,0
"COG0845",287,505,548,309,152,270
"COG0846",57,50,19,40,34,26
"COG0847",31,28,35,36,32,30
"COG0848",1,5,0,3,10,2
"COG0849",42,37,15,36,23,40
"COG0850",14,6,1,11,11,10
"COG0851",8,3,1,5,7,7
"COG0852",26,44,34,14,7,4
"COG0853",10,11,12,12,10,10
"COG0854",14,21,22,10,9,4
"COG0855",72,83,93,78,53,52
"COG0857",1,1,1,0,25,5
"COG0858",32,22,25,36,10,23
"COG0859",7,13,40,26,62,18
"COG0860",60,53,38,85,78,78
"COG0861",1,1,3,0,34,6
"COG0863",57,52,25,80,80,98
"COG0864",1,0,0,0,7,5
"COG1001",16,33,11,22,49,36
"COG1002",37,33,57,66,56,53
"COG1003",30,53,67,27,53,42
"COG1004",53,107,111,63,15,65
"COG1005",17,29,25,20,5,9
"COG1006",0,1,0,1,1,3
"COG1007",25,33,43,35,10,19
"COG1008",26,36,24,14,12,9
"COG1009",18,41,24,33,40,12
"COG1010",12,15,14,12,0,14
"COG1011",67,71,105,71,53,70
"COG1012",68,81,68,67,308,146
"COG1013",172,162,124,162,66,150
"COG1014",179,234,154,207,65,172
"COG1015",27,20,5,27,50,35
"COG1017",0,0,0,0,22,4
"COG1018",1,1,1,0,57,6
"COG1020",43,43,48,48,118,61
"COG1021",1,0,0,0,26,5
"COG1022",108,171,181,125,9,138
"COG1023",1,0,1,0,0,0
"COG1024",21,11,6,21,133,20
"COG1025",1,0,2,0,33,2
"COG1026",43,27,10,60,32,28
"COG1027",12,29,27,18,65,15
"COG1028",212,239,224,212,265,200
"COG1030",3,5,3,3,0,11
"COG1032",133,140,100,127,99,134
"COG1033",58,37,30,82,15,66
"COG1034",39,35,15,20,37,51
"COG1035",26,31,41,22,2,42
"COG1038",16,18,19,14,1,26
"COG1039",2,1,1,0,1,1
"COG1040",20,38,28,38,19,31
"COG1041",1,1,0,3,0,9
"COG1042",6,59,52,18,29,21
"COG1043",27,36,67,35,14,18
"COG1044",24,37,21,26,17,11
"COG1045",50,44,55,58,17,54
"COG1047",8,24,24,21,8,11
"COG1048",101,70,57,44,69,34
"COG1049",0,0,0,0,38,10
"COG1051",51,41,55,27,7,33
"COG1052",65,83,65,47,40,41
"COG1053",57,65,40,105,65,64
"COG1054",0,0,1,0,22,3
"COG1055",24,20,9,60,15,28
"COG1056",1,1,0,0,18,3
"COG1057",41,32,22,41,11,31
"COG1058",18,19,25,26,28,22
"COG1059",0,0,0,0,0,0
"COG1060",30,60,78,47,39,36
"COG1061",122,61,247,70,30,86
"COG1062",0,0,0,0,16,2
"COG1063",68,89,75,73,211,135
"COG1064",0,1,4,0,45,6
"COG1066",74,46,36,70,23,62
"COG1067",22,4,1,2,32,34
"COG1069",5,15,4,12,105,9
"COG1070",108,119,136,125,202,117
"COG1071",2,25,27,9,1,15
"COG1072",0,0,1,2,13,2
"COG1073",92,104,137,99,89,78
"COG1074",118,99,59,102,57,143
"COG1075",3,4,1,6,5,13
"COG1076",7,6,13,6,20,7
"COG1077",91,60,44,72,23,95
"COG1078",6,13,28,14,0,15
"COG1079",44,25,5,35,42,43
"COG1080",42,22,3,67,128,42
"COG1082",73,66,59,57,112,101
"COG1083",12,19,23,31,3,18
"COG1085",0,1,1,2,9,1
"COG1086",95,137,155,79,44,85
"COG1087",75,46,27,58,52,62
"COG1088",51,52,91,52,45,31
"COG1089",27,65,22,39,2,8
"COG1090",1,10,25,3,13,9
"COG1091",51,46,55,69,28,35
"COG1092",71,53,38,67,49,69
"COG1098",8,5,5,5,1,6
"COG1099",0,0,0,0,0,3
"COG1101",46,26,4,36,9,21
"COG1102",1,0,0,1,0,4
"COG1104",100,51,10,63,29,55
"COG1105",16,10,6,12,33,16
"COG1106",59,41,88,60,27,36
"COG1108",24,22,32,40,100,53
"COG1109",223,159,111,205,97,196
"COG1112",96,215,269,86,104,73
"COG1113",0,2,3,0,127,14
"COG1114",19,14,12,8,45,18
"COG1115",110,80,48,107,82,70
"COG1116",38,10,16,17,38,36
"COG1117",40,33,25,39,24,27
"COG1118",13,9,4,19,24,22
"COG1119",13,27,29,3,13,5
"COG1120",38,70,62,45,71,42
"COG1121",28,29,26,27,62,28
"COG1122",116,72,33,102,63,164
"COG1123",7,9,2,4,43,41
"COG1124",3,1,1,5,36,8
"COG1125",1,1,5,5,24,7
"COG1126",72,51,14,84,86,90
"COG1127",5,21,45,16,18,8
"COG1129",173,62,41,73,400,85
"COG1131",255,205,167,285,258,339
"COG1132",729,440,298,694,407,783
"COG1133",0,0,0,0,10,1
"COG1134",54,25,23,43,27,45
"COG1135",27,19,10,19,15,24
"COG1136",260,250,187,304,107,298
"COG1137",11,25,27,14,17,13
"COG1138",1,0,2,0,50,6
"COG1139",13,21,37,15,7,19
"COG1140",0,1,1,0,35,4
"COG1141",1,1,0,3,0,1
"COG1142",7,4,8,2,115,14
"COG1143",11,20,14,6,24,10
"COG1144",5,2,1,9,0,5
"COG1145",123,119,84,104,70,173
"COG1146",9,10,6,18,13,18
"COG1148",17,9,1,9,0,16
"COG1149",0,1,1,1,0,0
"COG1150",4,2,1,4,0,9
"COG1151",82,33,56,46,38,49
"COG1152",19,2,0,3,0,5
"COG1154",115,95,72,92,46,87
"COG1155",53,60,47,34,16,43
"COG1156",45,49,36,26,33,45
"COG1157",7,7,2,14,32,4
"COG1158",35,29,11,46,37,51
"COG1159",30,44,24,44,27,45
"COG1160",53,49,68,90,41,98
"COG1161",21,21,6,27,8,39
"COG1162",52,60,57,61,21,62
"COG1164",81,34,10,36,20,60
"COG1165",20,49,24,27,28,21
"COG1166",21,47,38,30,33,18
"COG1167",76,51,56,91,63,89
"COG1168",42,66,88,66,67,54
"COG1169",9,21,28,18,30,7
"COG1171",44,27,30,56,72,42
"COG1172",105,31,24,50,244,78
"COG1173",80,41,16,65,121,90
"COG1174",3,3,2,1,32,17
"COG1175",327,103,89,257,299,218
"COG1176",51,32,32,47,46,35
"COG1177",29,23,17,41,44,46
"COG1178",36,19,13,24,75,42
"COG1179",48,30,26,49,22,29
"COG1180",48,39,38,38,95,72
"COG1181",78,35,74,68,69,69
"COG1182",0,1,1,2,3,8
"COG1183",22,17,30,16,6,12
"COG1184",0,0,1,0,0,0
"COG1185",119,104,72,113,47,113
"COG1186",66,55,39,48,43,76
"COG1187",83,44,14,50,56,74
"COG1188",16,12,17,24,12,17
"COG1189",27,12,3,20,15,24
"COG1190",86,93,52,77,82,78
"COG1191",107,65,14,112,66,124
"COG1192",150,100,186,124,124,144
"COG1193",110,86,51,92,47,107
"COG1194",22,34,24,25,38,22
"COG1195",52,63,46,54,49,70
"COG1196",110,69,10,95,30,134
"COG1197",147,131,90,136,85,140
"COG1198",108,86,73,92,52,100
"COG1199",60,30,17,67,101,39
"COG1200",86,86,56,84,50,89
"COG1201",13,0,1,2,60,7
"COG1203",37,27,25,57,51,46
"COG1204",8,10,58,13,1,15
"COG1205",4,15,12,20,0,22
"COG1206",33,9,2,19,0,30
"COG1207",11,12,6,16,21,19
"COG1208",40,42,116,67,15,62
"COG1209",43,51,60,43,32,28
"COG1210",6,11,10,8,58,11
"COG1211",44,57,34,64,17,51
"COG1212",27,23,20,19,8,14
"COG1213",4,12,5,15,1,10
"COG1214",40,34,21,33,14,38
"COG1215",50,86,77,40,86,57
"COG1216",91,93,150,103,75,58
"COG1217",121,94,82,89,59,99
"COG1218",11,20,27,10,15,12
"COG1219",93,69,45,95,60,80
"COG1220",0,3,0,3,36,9
"COG1221",9,3,18,8,39,8
"COG1225",13,19,38,13,22,12
"COG1226",19,13,20,13,97,23
"COG1227",48,27,7,36,18,33
"COG1228",28,48,32,35,28,36
"COG1230",13,13,13,4,10,8
"COG1232",9,9,27,15,2,10
"COG1233",6,7,32,6,0,14
"COG1234",42,26,30,39,33,19
"COG1235",55,72,47,67,36,56
"COG1236",64,20,9,38,15,62
"COG1237",5,14,15,5,17,4
"COG1238",10,21,16,9,5,6
"COG1239",4,3,2,1,0,1
"COG1240",1,0,0,1,0,4
"COG1242",18,35,30,30,22,19
"COG1243",7,9,0,6,0,30
"COG1246",1,2,5,1,32,4
"COG1247",22,17,20,21,7,15
"COG1249",38,102,94,46,118,68
"COG1250",28,15,6,21,93,19
"COG1251",1,0,5,1,67,12
"COG1252",7,13,14,19,17,10
"COG1253",125,111,91,125,72,151
"COG1254",5,3,0,5,5,3
"COG1256",18,9,0,20,21,9
"COG1257",0,0,0,0,0,5
"COG1259",6,15,14,8,0,7
"COG1260",11,23,24,18,0,20
"COG1261",0,0,0,0,10,1
"COG1262",15,26,63,36,0,79
"COG1263",80,50,48,43,225,38
"COG1264",73,56,39,63,335,58
"COG1266",37,50,48,46,31,34
"COG1267",5,9,8,10,11,8
"COG1268",20,13,6,11,11,28
"COG1269",58,56,63,35,27,63
"COG1270",22,17,7,21,8,10
"COG1271",25,30,26,28,17,10
"COG1272",21,15,29,25,12,29
"COG1273",0,0,0,0,11,1
"COG1274",7,11,2,11,0,14
"COG1275",0,1,5,0,16,2
"COG1276",0,0,0,0,10,0
"COG1277",13,28,29,19,17,29
"COG1278",4,6,2,6,34,8
"COG1279",0,1,2,0,12,3
"COG1280",3,17,10,2,31,10
"COG1281",34,18,13,32,29,25
"COG1282",1,0,1,1,9,1
"COG1283",119,101,76,135,62,109
"COG1284",127,107,72,98,65,108
"COG1285",18,16,15,17,37,20
"COG1286",2,0,0,2,8,5
"COG1287",1,0,0,0,0,13
"COG1288",14,6,27,16,137,30
"COG1289",2,2,4,0,139,25
"COG1290",0,0,1,0,0,0
"COG1291",3,2,1,11,27,5
"COG1292",6,8,6,10,88,2
"COG1293",50,29,12,33,19,50
"COG1294",17,31,25,14,29,16
"COG1295",33,48,38,39,41,28
"COG1296",33,14,9,31,39,15
"COG1297",27,33,40,33,5,18
"COG1298",25,6,3,34,42,10
"COG1299",43,28,8,49,114,31
"COG1300",3,9,17,2,0,9
"COG1301",49,47,50,48,105,61
"COG1302",27,21,1,29,10,37
"COG1304",13,6,5,10,23,13
"COG1305",69,45,35,32,10,26
"COG1306",8,2,1,5,4,6
"COG1307",109,60,27,106,48,99
"COG1309",121,60,76,114,239,153
"COG1310",2,1,1,2,3,4
"COG1312",41,45,58,43,42,16
"COG1313",32,19,3,20,3,35
"COG1314",1,1,0,3,5,3
"COG1315",7,6,2,15,16,7
"COG1316",74,36,30,71,54,68
"COG1317",1,2,0,3,7,1
"COG1319",15,9,8,14,75,15
"COG1320",0,0,0,0,0,2
"COG1321",20,10,9,19,30,23
"COG1322",42,45,36,34,36,27
"COG1323",37,18,8,29,13,33
"COG1324",0,0,0,0,13,3
"COG1327",13,7,4,22,13,24
"COG1328",168,131,87,173,116,177
"COG1329",1,1,0,2,0,19
"COG1330",0,0,0,0,31,2
"COG1331",0,1,1,0,11,3
"COG1332",5,2,2,4,0,9
"COG1333",1,2,7,8,0,13
"COG1335",18,11,8,26,68,17
"COG1336",0,0,0,0,0,0
"COG1337",4,3,1,3,0,3
"COG1338",7,5,0,7,17,2
"COG1342",17,15,2,7,1,8
"COG1343",5,3,5,6,5,3
"COG1344",28,14,0,97,36,11
"COG1345",14,6,3,18,22,4
"COG1346",21,36,17,32,17,19
"COG1347",8,12,12,14,0,6
"COG1348",5,2,5,4,7,5
"COG1349",31,30,32,43,205,71
"COG1350",17,43,29,23,2,29
"COG1351",11,10,2,12,0,24
"COG1352",5,4,1,11,17,4
"COG1353",10,3,0,6,0,12
"COG1354",19,14,8,25,4,32
"COG1355",1,0,0,0,0,3
"COG1357",23,21,16,15,53,15
"COG1358",13,4,4,9,1,11
"COG1359",5,7,5,4,16,12
"COG1360",10,15,40,33,24,18
"COG1361",6,3,3,2,4,4
"COG1362",88,36,20,72,37,53
"COG1363",36,17,14,21,46,37
"COG1364",43,16,4,24,10,28
"COG1366",19,3,4,18,11,17
"COG1368",148,87,123,123,59,97
"COG1372",1,3,0,0,0,0
"COG1373",159,137,135,230,17,282
"COG1376",44,23,7,49,60,24
"COG1377",12,6,2,19,46,4
"COG1378",3,1,1,9,6,3
"COG1379",5,2,6,1,13,16
"COG1380",13,18,14,9,9,5
"COG1381",25,5,6,14,17,25
"COG1384",1,0,0,0,0,6
"COG1385",42,25,28,30,14,31
"COG1386",28,18,1,12,9,30
"COG1387",48,52,65,42,30,56
"COG1388",76,29,15,71,19,64
"COG1390",2,4,0,0,3,2
"COG1391",1,0,1,0,44,6
"COG1392",2,7,19,7,10,5
"COG1393",10,16,6,12,32,11
"COG1394",24,29,12,14,12,36
"COG1396",139,96,68,110,112,160
"COG1397",17,20,37,20,20,24
"COG1399",15,8,2,21,19,22
"COG1401",30,14,40,45,8,27
"COG1402",7,14,19,4,11,6
"COG1403",2,1,2,6,7,5
"COG1404",141,121,107,103,40,80
"COG1406",0,1,0,2,0,0
"COG1408",53,62,77,53,22,38
"COG1409",70,113,87,59,48,102
"COG1410",88,111,72,105,85,63
"COG1413",2,0,2,1,22,3
"COG1414",16,13,10,5,105,33
"COG1415",0,0,0,0,0,0
"COG1416",0,0,0,0,0,0
"COG1418",95,92,64,103,41,104
"COG1419",7,4,0,14,0,1
"COG1420",25,16,4,36,14,45
"COG1424",5,1,0,0,0,2
"COG1426",1,0,0,0,9,4
"COG1427",1,0,1,0,0,2
"COG1428",1,1,0,3,0,0
"COG1429",23,44,48,13,0,35
"COG1430",2,0,0,10,0,4
"COG1431",1,0,0,0,0,0
"COG1432",20,8,13,6,9,16
"COG1433",4,5,5,7,1,4
"COG1434",18,13,13,13,36,24
"COG1435",13,13,12,14,8,19
"COG1436",2,0,1,2,5,6
"COG1437",0,0,1,0,0,2
"COG1438",16,20,26,19,41,18
"COG1440",5,4,0,2,8,1
"COG1441",0,0,0,0,11,1
"COG1442",30,40,31,50,79,25
"COG1443",7,10,9,5,3,2
"COG1444",0,0,1,0,26,1
"COG1445",51,14,5,45,88,25
"COG1446",1,2,8,2,32,4
"COG1447",2,6,3,4,21,4
"COG1448",2,1,3,0,34,7
"COG1449",29,27,31,45,0,15
"COG1450",0,1,1,0,52,11
"COG1451",37,28,27,30,12,33
"COG1452",0,2,2,3,28,14
"COG1453",35,45,44,40,18,52
"COG1454",138,94,96,93,104,96
"COG1455",13,15,14,17,70,6
"COG1456",9,0,2,1,0,4
"COG1457",18,11,8,6,27,18
"COG1459",29,9,8,27,53,38
"COG1461",58,26,9,50,15,40
"COG1462",0,3,0,0,6,1
"COG1463",0,1,1,2,14,1
"COG1464",15,19,9,20,31,16
"COG1465",0,0,0,0,0,2
"COG1466",56,47,48,44,19,33
"COG1468",11,7,5,8,9,7
"COG1469",2,2,0,2,0,4
"COG1470",2,10,8,3,3,1
"COG1472",635,644,640,568,145,301
"COG1473",25,42,26,43,122,50
"COG1475",192,154,96,180,97,220
"COG1476",14,12,4,17,4,19
"COG1477",51,64,70,56,23,35
"COG1479",44,27,100,100,16,57
"COG1480",29,40,59,38,1,30
"COG1481",33,11,5,25,16,28
"COG1482",67,62,47,50,34,37
"COG1483",3,11,32,3,0,0
"COG1484",159,70,67,127,103,130
"COG1485",0,1,0,0,20,2
"COG1486",15,11,12,6,71,29
"COG1487",0,3,0,5,13,4
"COG1488",43,47,34,60,22,64
"COG1489",13,2,3,10,28,6
"COG1490",26,22,27,19,19,27
"COG1492",32,49,30,35,11,32
"COG1493",25,24,5,27,3,22
"COG1494",1,3,2,0,40,2
"COG1495",0,0,0,0,12,1
"COG1496",30,18,24,18,11,29
"COG1501",189,258,347,222,121,145
"COG1502",121,105,95,144,129,109
"COG1505",12,19,46,10,0,1
"COG1506",104,190,284,163,4,134
"COG1507",0,0,0,0,0,0
"COG1508",28,44,47,22,31,34
"COG1509",7,21,39,12,24,20
"COG1511",77,42,24,87,30,94
"COG1512",36,22,33,24,4,24
"COG1513",0,0,0,0,4,0
"COG1514",0,0,0,1,10,4
"COG1515",0,0,0,0,5,2
"COG1516",4,3,1,6,17,4
"COG1518",41,39,18,36,27,21
"COG1519",19,37,48,18,36,13
"COG1520",51,111,124,47,14,55
"COG1521",35,31,24,39,15,33
"COG1522",45,47,49,57,59,41
"COG1523",50,64,65,65,70,41
"COG1524",35,60,97,24,7,33
"COG1525",0,5,0,1,0,11
"COG1526",4,2,2,3,9,5
"COG1527",10,5,5,12,17,26
"COG1528",17,24,87,17,20,21
"COG1529",33,31,26,19,152,31
"COG1530",20,20,23,40,59,54
"COG1533",66,51,69,71,17,59
"COG1534",8,7,3,10,18,20
"COG1535",0,0,0,0,16,2
"COG1536",11,7,0,10,28,7
"COG1538",154,426,353,196,67,159
"COG1539",23,26,24,24,21,15
"COG1540",7,0,0,0,11,2
"COG1541",29,45,57,47,41,44
"COG1543",9,1,0,0,0,15
"COG1544",19,10,7,19,21,40
"COG1545",0,0,0,0,0,0
"COG1546",32,32,31,37,23,30
"COG1550",0,0,0,0,3,0
"COG1551",3,1,0,5,4,3
"COG1553",0,0,0,0,16,1
"COG1554",75,58,49,30,31,19
"COG1555",26,32,24,21,7,19
"COG1556",6,2,10,6,14,10
"COG1558",6,0,1,10,12,4
"COG1559",35,21,12,45,14,28
"COG1560",13,19,25,23,43,16
"COG1561",38,38,43,40,11,46
"COG1562",0,0,0,1,0,1
"COG1564",22,9,23,19,6,20
"COG1565",0,0,0,0,0,0
"COG1566",26,50,45,6,113,23
"COG1567",2,2,1,0,0,9
"COG1568",4,4,0,2,0,2
"COG1569",1,0,0,1,0,0
"COG1570",40,47,48,58,29,54
"COG1573",22,31,17,32,5,27
"COG1574",16,11,12,9,21,27
"COG1575",14,34,20,18,20,12
"COG1576",30,22,20,27,10,30
"COG1577",0,0,0,0,0,3
"COG1578",2,0,0,1,0,1
"COG1579",6,21,23,10,1,3
"COG1580",0,0,0,0,8,1
"COG1582",0,0,0,3,1,1
"COG1583",1,0,0,5,0,2
"COG1584",3,0,0,0,9,3
"COG1585",14,9,1,20,7,18
"COG1586",1,3,4,3,16,2
"COG1587",6,5,8,5,21,6
"COG1589",9,3,0,3,12,32
"COG1592",77,52,71,63,35,77
"COG1593",33,37,35,36,239,37
"COG1595",244,511,665,316,74,361
"COG1596",26,105,98,51,37,52
"COG1597",66,79,56,58,34,70
"COG1598",7,5,3,11,10,7
"COG1600",13,12,11,6,16,12
"COG1604",0,0,0,0,0,0
"COG1605",18,16,3,16,36,25
"COG1606",5,4,1,2,4,10
"COG1607",2,4,3,10,10,5
"COG1609",332,239,246,291,615,221
"COG1610",17,17,29,15,4,14
"COG1611",22,34,34,27,18,22
"COG1613",1,2,1,8,20,10
"COG1614",20,2,0,3,0,8
"COG1615",4,4,0,0,0,29
"COG1618",1,0,0,0,1,7
"COG1619",37,16,28,25,16,18
"COG1620",9,13,31,2,39,13
"COG1621",61,75,95,71,125,31
"COG1622",0,0,0,0,23,1
"COG1623",2,1,2,0,0,9
"COG1624",61,35,19,36,14,41
"COG1625",21,13,5,30,16,26
"COG1626",12,49,40,16,48,14
"COG1629",82,216,261,135,277,102
"COG1633",1,4,1,0,12,3
"COG1635",0,3,2,2,0,6
"COG1636",26,19,3,28,8,23
"COG1637",0,0,0,0,0,0
"COG1638",18,26,28,50,210,27
"COG1640",69,68,44,106,56,60
"COG1641",9,2,6,11,3,13
"COG1643",8,3,2,1,73,16
"COG1647",1,1,0,4,0,4
"COG1648",6,6,6,10,32,9
"COG1649",65,129,156,66,18,35
"COG1651",2,10,24,0,26,5
"COG1652",2,1,2,4,3,24
"COG1653",448,169,157,403,392,396
"COG1654",20,13,8,22,22,13
"COG1655",5,5,0,7,0,0
"COG1657",0,0,1,0,0,1
"COG1658",8,4,2,5,1,3
"COG1659",0,0,1,1,0,1
"COG1660",27,43,35,39,30,47
"COG1661",8,2,3,1,1,5
"COG1662",2,1,3,0,242,50
"COG1663",12,22,30,19,14,9
"COG1664",6,0,6,5,1,4
"COG1666",0,1,0,0,17,1
"COG1668",26,8,5,33,4,17
"COG1669",5,14,31,13,0,3
"COG1670",73,105,136,88,123,77
"COG1671",8,2,1,18,14,4
"COG1672",45,82,62,71,3,55
"COG1674",120,104,64,95,85,151
"COG1677",4,2,1,4,6,1
"COG1678",3,11,20,11,20,5
"COG1679",7,10,1,1,6,16
"COG1680",92,97,111,60,50,46
"COG1682",40,20,8,35,21,42
"COG1683",12,6,1,8,5,8
"COG1684",2,5,0,9,19,5
"COG1686",131,73,26,109,115,121
"COG1687",3,1,1,9,2,5
"COG1688",1,0,0,0,0,0
"COG1690",25,12,39,17,49,26
"COG1691",10,4,1,6,6,14
"COG1692",15,6,1,11,1,18
"COG1694",11,30,26,17,10,26
"COG1695",53,23,27,40,38,30
"COG1696",142,100,67,107,36,87
"COG1699",1,1,0,6,2,0
"COG1700",0,0,0,4,0,3
"COG1702",51,39,31,54,35,38
"COG1703",13,25,36,14,20,15
"COG1704",23,27,29,25,7,29
"COG1705",25,30,30,34,18,17
"COG1706",0,0,0,0,14,2
"COG1708",4,10,34,6,5,19
"COG1712",1,1,11,2,9,4
"COG1713",17,14,3,18,3,28
"COG1714",1,6,7,1,0,2
"COG1715",4,4,2,4,6,4
"COG1716",15,9,3,19,7,6
"COG1719",0,0,0,0,3,1
"COG1720",10,6,1,14,17,10
"COG1721",27,41,49,24,0,18
"COG1722",2,2,2,2,4,4
"COG1724",1,0,0,3,0,0
"COG1725",38,25,27,38,32,53
"COG1726",14,41,33,15,0,7
"COG1728",2,3,0,6,0,0
"COG1729",0,0,0,0,13,2
"COG1732",6,1,6,2,11,13
"COG1733",26,28,31,38,22,25
"COG1734",2,2,0,6,17,2
"COG1735",1,0,0,1,28,3
"COG1737",60,35,29,40,144,64
"COG1738",9,14,14,19,7,9
"COG1739",31,24,21,28,21,34
"COG1740",1,1,2,2,28,9
"COG1741",7,18,38,9,19,14
"COG1742",0,0,1,0,2,0
"COG1743",1,4,21,0,0,0
"COG1744",71,40,12,68,61,69
"COG1747",0,0,0,0,0,1
"COG1748",37,41,49,41,12,12
"COG1749",8,2,0,21,16,4
"COG1751",0,0,0,0,0,1
"COG1752",80,116,204,64,29,59
"COG1754",42,41,66,24,0,14
"COG1755",0,0,0,0,0,0
"COG1757",75,129,92,102,55,104
"COG1758",2,2,0,2,4,9
"COG1760",58,60,33,39,61,43
"COG1762",67,35,34,51,266,50
"COG1763",5,5,1,7,20,6
"COG1764",0,0,0,0,10,2
"COG1765",1,2,1,0,12,3
"COG1766",13,2,2,12,23,5
"COG1767",1,3,2,3,17,7
"COG1768",13,7,6,11,1,23
"COG1770",0,0,0,0,18,2
"COG1773",8,8,7,14,31,12
"COG1774",41,44,38,48,18,51
"COG1775",13,17,15,15,34,53
"COG1776",15,8,2,17,10,2
"COG1778",9,25,24,22,18,17
"COG1780",0,0,0,0,7,1
"COG1781",24,20,18,29,17,13
"COG1782",3,0,0,0,0,4
"COG1783",17,18,50,8,1,18
"COG1785",12,27,42,35,25,23
"COG1786",0,4,0,0,4,2
"COG1787",0,1,0,5,0,1
"COG1788",0,5,6,0,13,8
"COG1791",0,0,0,0,0,0
"COG1792",45,48,37,48,18,50
"COG1793",0,1,13,12,8,9
"COG1794",5,10,1,1,30,9
"COG1797",24,12,12,35,10,21
"COG1799",22,13,3,26,5,20
"COG1801",0,0,0,0,11,1
"COG1802",21,33,18,52,120,42
"COG1803",22,31,30,28,14,22
"COG1804",20,9,6,14,77,29
"COG1805",8,23,27,14,0,8
"COG1806",0,1,2,1,7,2
"COG1807",10,38,46,30,21,19
"COG1808",21,29,31,24,0,16
"COG1811",8,5,9,13,26,11
"COG1814",0,5,5,2,0,3
"COG1815",5,1,0,6,14,1
"COG1816",7,8,4,10,22,4
"COG1817",0,2,0,1,0,3
"COG1819",14,13,33,10,2,19
"COG1820",72,58,60,43,55,40
"COG1823",1,0,1,2,22,3
"COG1825",19,20,21,13,6,10
"COG1826",0,1,5,2,27,2
"COG1827",16,4,1,6,4,8
"COG1830",6,28,55,18,19,27
"COG1832",0,0,1,0,6,0
"COG1834",5,3,4,2,0,11
"COG1835",39,44,30,41,10,23
"COG1837",16,11,3,8,5,17
"COG1838",29,31,43,53,49,41
"COG1840",31,10,15,16,42,22
"COG1841",9,4,1,2,8,8
"COG1842",1,5,0,7,24,6
"COG1843",3,8,0,9,13,2
"COG1845",0,0,0,0,21,1
"COG1846",50,48,60,54,95,51
"COG1847",28,12,9,21,10,33
"COG1850",2,0,1,1,8,1
"COG1852",0,6,2,0,0,2
"COG1853",74,43,61,45,39,42
"COG1854",18,14,6,18,15,10
"COG1857",3,1,0,6,0,2
"COG1858",9,9,16,4,21,13
"COG1859",0,2,1,3,9,4
"COG1861",2,18,7,4,0,3
"COG1862",14,18,16,13,11,11
"COG1863",3,1,0,1,0,4
"COG1864",22,24,22,28,0,8
"COG1865",0,4,2,0,0,4
"COG1866",76,62,56,82,29,57
"COG1868",7,7,0,17,18,2
"COG1869",3,0,1,1,16,0
"COG1871",6,2,1,9,4,1
"COG1872",0,0,0,0,10,6
"COG1873",5,6,2,13,3,12
"COG1874",78,122,220,93,22,82
"COG1875",9,33,28,8,1,8
"COG1876",21,22,6,36,14,33
"COG1877",5,10,32,7,14,11
"COG1878",6,3,4,6,8,17
"COG1879",184,65,106,155,341,133
"COG1881",0,0,0,0,10,3
"COG1882",127,110,87,141,190,161
"COG1883",92,87,82,88,11,59
"COG1884",54,95,72,66,15,33
"COG1886",5,0,1,10,31,4
"COG1887",36,36,30,57,7,75
"COG1892",0,0,0,0,0,0
"COG1893",34,42,27,34,13,30
"COG1894",56,34,41,35,51,76
"COG1895",1,5,19,5,1,7
"COG1896",36,20,8,27,55,41
"COG1897",34,30,34,46,30,27
"COG1898",60,72,86,36,10,27
"COG1899",0,1,0,0,0,4
"COG1900",1,5,0,0,0,6
"COG1902",50,48,40,40,104,104
"COG1903",28,18,22,17,4,20
"COG1904",31,36,38,41,30,30
"COG1905",8,12,15,8,31,33
"COG1906",1,1,2,2,7,0
"COG1908",1,6,0,2,0,5
"COG1910",1,1,0,1,0,6
"COG1912",0,0,0,0,2,5
"COG1913",1,0,0,0,0,0
"COG1914",15,25,41,20,27,7
"COG1915",3,0,1,1,4,6
"COG1917",42,53,44,39,6,20
"COG1918",77,49,22,70,11,38
"COG1921",6,6,1,1,28,20
"COG1922",14,18,44,22,18,11
"COG1923",4,2,0,1,4,4
"COG1924",107,48,25,50,30,91
"COG1925",18,20,6,29,124,32
"COG1928",16,5,0,20,0,20
"COG1929",24,19,21,36,46,20
"COG1930",2,0,0,1,0,1
"COG1932",42,40,30,58,33,45
"COG1934",0,0,0,0,6,0
"COG1937",14,14,1,15,19,11
"COG1939",31,6,6,17,9,16
"COG1940",168,144,173,156,158,120
"COG1941",1,0,0,0,0,3
"COG1942",0,0,0,0,6,0
"COG1943",52,24,30,20,39,48
"COG1944",0,0,0,0,18,4
"COG1945",0,0,0,0,0,1
"COG1946",0,0,0,0,9,0
"COG1947",35,37,27,37,22,29
"COG1949",0,1,1,0,11,1
"COG1950",0,1,0,0,1,0
"COG1951",54,39,45,55,68,41
"COG1952",3,0,2,0,23,0
"COG1953",1,1,3,2,25,1
"COG1954",4,1,1,5,19,3
"COG1956",4,11,4,3,11,6
"COG1957",13,10,6,13,78,14
"COG1959",24,17,13,28,51,31
"COG1960",52,69,45,58,103,82
"COG1961",673,399,300,548,237,753
"COG1963",12,7,2,9,4,5
"COG1964",0,0,2,0,0,6
"COG1965",0,0,0,0,8,0
"COG1966",100,71,52,99,82,59
"COG1968",46,49,37,29,13,22
"COG1969",0,1,3,0,4,5
"COG1970",15,12,21,12,10,21
"COG1971",27,33,25,38,19,28
"COG1972",0,2,3,3,38,10
"COG1974",36,34,12,26,65,43
"COG1975",18,13,13,13,68,21
"COG1977",0,1,0,0,3,0
"COG1979",26,47,52,37,39,50
"COG1982",55,36,16,40,179,46
"COG1983",8,11,8,1,6,10
"COG1984",6,3,1,7,9,5
"COG1985",38,39,22,27,26,29
"COG1986",1,0,2,0,16,3
"COG1987",3,4,0,4,6,3
"COG1988",0,1,0,0,14,6
"COG1989",24,5,3,14,21,11
"COG1990",0,1,0,0,0,0
"COG1992",0,0,0,0,0,0
"COG1993",0,1,1,1,0,1
"COG1994",17,9,4,11,0,33
"COG1995",11,25,28,16,25,9
"COG2000",4,4,4,4,16,22
"COG2001",21,29,17,15,16,36
"COG2002",32,15,7,7,5,19
"COG2003",47,33,45,58,71,42
"COG2005",1,2,0,2,23,7
"COG2006",5,15,9,11,4,16
"COG2008",15,17,23,29,28,31
"COG2009",0,1,0,0,11,0
"COG2010",0,1,0,0,0,1
"COG2011",30,12,7,14,20,16
"COG2013",14,3,4,6,5,8
"COG2014",0,0,0,0,0,3
"COG2015",9,7,1,10,24,20
"COG2017",104,147,162,86,70,91
"COG2020",0,0,0,0,0,1
"COG2021",1,0,0,11,0,8
"COG2022",14,21,23,22,8,6
"COG2025",48,53,28,49,59,49
"COG2026",1,0,0,1,3,5
"COG2027",14,25,23,16,26,16
"COG2030",9,20,24,9,7,3
"COG2031",2,3,1,2,13,4
"COG2032",4,0,2,0,35,1
"COG2033",6,2,3,3,7,14
"COG2035",15,12,1,14,10,29
"COG2038",25,26,51,31,23,26
"COG2039",3,1,1,2,1,4
"COG2040",0,6,0,0,4,0
"COG2041",0,0,1,0,20,0
"COG2043",0,1,0,0,0,1
"COG2045",0,1,0,0,2,2
"COG2046",1,0,0,0,0,1
"COG2048",8,2,0,2,0,6
"COG2049",14,3,2,4,16,3
"COG2050",21,40,33,20,41,21
"COG2052",14,4,0,9,0,7
"COG2055",22,5,3,3,36,8
"COG2056",1,1,3,0,11,0
"COG2057",2,1,0,1,15,6
"COG2059",56,76,66,62,35,48
"COG2060",23,34,46,19,36,19
"COG2062",0,0,0,0,4,0
"COG2063",0,0,1,0,7,0
"COG2064",0,0,0,2,0,3
"COG2065",2,2,0,2,0,7
"COG2066",12,27,30,21,41,16
"COG2067",14,12,15,10,13,7
"COG2068",3,4,8,0,11,10
"COG2069",8,3,0,0,0,5
"COG2070",43,59,49,53,28,43
"COG2071",29,24,47,24,30,16
"COG2072",0,0,0,0,0,0
"COG2073",16,14,18,19,10,16
"COG2076",2,10,21,3,35,5
"COG2077",9,11,21,10,13,11
"COG2078",3,0,1,0,5,0
"COG2079",3,2,3,2,24,4
"COG2080",13,14,11,11,116,38
"COG2081",55,41,11,53,50,71
"COG2082",15,12,14,12,5,15
"COG2084",15,4,11,5,89,27
"COG2085",0,0,0,1,0,1
"COG2086",40,35,22,41,37,27
"COG2087",27,14,11,16,12,15
"COG2088",23,6,2,30,6,13
"COG2089",21,34,30,25,0,9
"COG2091",18,4,3,7,26,4
"COG2094",2,0,0,0,0,2
"COG2095",13,35,81,14,24,14
"COG2096",10,27,34,16,3,9
"COG2099",36,28,31,22,1,11
"COG2102",1,2,0,0,0,6
"COG2103",16,20,20,8,10,7
"COG2104",0,0,1,0,7,1
"COG2105",0,0,0,0,10,2
"COG2107",0,0,0,0,0,1
"COG2108",0,2,1,2,0,3
"COG2109",13,11,3,12,9,4
"COG2110",30,14,12,34,23,27
"COG2111",0,2,4,4,5,6
"COG2113",2,6,13,4,11,7
"COG2114",6,1,0,1,0,1
"COG2115",21,15,23,7,20,17
"COG2116",17,3,2,16,60,9
"COG2119",4,2,0,6,0,0
"COG2120",10,4,5,5,10,9
"COG2121",0,0,0,1,6,1
"COG2122",0,1,0,0,0,0
"COG2127",3,1,4,1,16,2
"COG2128",0,1,0,1,12,3
"COG2129",9,3,1,13,1,12
"COG2130",0,2,0,0,4,0
"COG2131",27,33,25,41,12,37
"COG2132",0,0,3,0,33,6
"COG2133",0,0,0,0,14,1
"COG2134",0,0,0,0,16,1
"COG2135",5,4,5,2,16,7
"COG2137",11,7,0,6,2,14
"COG2140",5,10,8,4,1,1
"COG2141",0,0,1,0,52,10
"COG2142",0,0,0,0,6,2
"COG2143",0,0,0,0,0,1
"COG2145",9,8,3,13,24,13
"COG2146",1,0,1,0,16,0
"COG2148",155,167,158,124,92,84
"COG2149",0,0,0,0,10,0
"COG2151",14,11,18,7,9,5
"COG2152",55,77,128,51,9,35
"COG2153",0,0,1,1,12,3
"COG2155",3,4,1,6,2,4
"COG2156",7,12,18,5,13,7
"COG2158",3,3,0,3,0,8
"COG2159",22,7,11,23,13,12
"COG2160",38,44,52,35,28,24
"COG2161",2,2,0,1,20,3
"COG2162",4,0,0,0,6,2
"COG2163",2,0,0,2,0,3
"COG2165",0,3,4,2,36,13
"COG2166",6,12,22,13,18,3
"COG2168",0,0,0,0,8,0
"COG2169",2,4,13,10,13,19
"COG2170",0,0,0,0,13,0
"COG2171",6,2,1,1,18,6
"COG2172",38,9,6,8,10,23
"COG2173",7,17,37,12,7,9
"COG2175",0,0,0,0,9,1
"COG2176",125,44,38,111,30,172
"COG2177",52,35,38,39,33,45
"COG2179",14,10,1,13,4,16
"COG2180",0,0,0,0,8,3
"COG2181",0,2,0,0,12,7
"COG2182",72,16,2,41,9,14
"COG2183",95,62,43,92,58,100
"COG2184",12,4,6,36,6,33
"COG2185",59,63,61,59,18,36
"COG2186",24,29,17,28,198,37
"COG2188",53,32,41,39,152,31
"COG2189",39,44,21,31,1,36
"COG2190",32,22,19,40,131,26
"COG2191",2,0,0,0,1,2
"COG2192",2,0,1,3,0,1
"COG2193",4,5,9,5,13,3
"COG2194",23,52,45,45,153,42
"COG2195",94,143,119,107,102,80
"COG2197",91,289,507,115,130,95
"COG2198",0,2,0,5,154,26
"COG2199",177,78,66,206,499,128
"COG2200",63,46,24,102,399,82
"COG2201",10,2,2,19,10,2
"COG2202",11,38,67,9,221,54
"COG2203",3,1,0,2,17,5
"COG2204",162,256,326,117,91,157
"COG2205",61,57,56,55,93,86
"COG2206",74,39,9,57,21,20
"COG2207",638,1234,1623,743,586,677
"COG2208",41,22,16,40,28,72
"COG2209",10,13,15,10,0,7
"COG2210",22,36,45,22,5,19
"COG2211",163,119,80,138,207,89
"COG2212",0,1,0,0,1,0
"COG2213",0,1,5,0,44,8
"COG2214",34,13,19,22,23,30
"COG2215",0,0,0,0,7,0
"COG2216",20,43,57,20,37,23
"COG2217",202,182,126,183,142,227
"COG2220",47,87,99,37,14,43
"COG2221",8,5,5,9,5,11
"COG2222",8,13,5,14,40,12
"COG2223",0,0,2,0,18,0
"COG2224",0,0,1,0,24,2
"COG2225",0,1,0,0,34,3
"COG2226",27,18,30,22,20,15
"COG2227",1,6,2,4,4,3
"COG2230",5,1,2,3,37,7
"COG2231",0,0,0,0,0,1
"COG2233",81,51,75,71,164,71
"COG2234",41,49,94,30,37,55
"COG2235",5,0,0,2,44,12
"COG2236",0,0,0,0,0,0
"COG2239",64,55,37,71,23,52
"COG2240",29,20,30,22,35,16
"COG2241",23,21,19,17,11,21
"COG2242",32,21,14,26,11,17
"COG2243",7,13,22,16,13,10
"COG2244",234,216,312,218,104,184
"COG2246",11,8,0,9,3,13
"COG2247",0,0,0,0,0,0
"COG2249",3,19,7,1,53,4
"COG2250",0,0,0,0,0,0
"COG2252",51,18,15,55,124,44
"COG2253",0,0,0,0,0,0
"COG2255",44,38,26,34,20,52
"COG2256",79,52,29,60,43,69
"COG2257",0,7,0,5,6,0
"COG2258",12,4,1,7,20,7
"COG2259",4,17,18,5,13,7
"COG2261",0,0,0,0,7,0
"COG2262",65,47,29,67,38,51
"COG2264",48,32,38,32,35,42
"COG2265",81,74,50,104,61,85
"COG2267",32,26,10,35,66,26
"COG2268",26,26,26,22,28,37
"COG2269",0,0,0,0,23,3
"COG2270",10,5,5,13,6,8
"COG2271",17,61,52,16,69,24
"COG2272",37,20,11,25,2,7
"COG2273",34,39,95,35,0,39
"COG2274",30,56,45,82,15,58
"COG2301",0,4,7,4,25,7
"COG2302",24,13,3,17,5,15
"COG2303",1,2,1,0,29,8
"COG2304",29,73,117,40,15,36
"COG2306",0,0,0,2,0,0
"COG2307",0,0,0,0,0,0
"COG2308",2,2,0,0,0,0
"COG2309",28,17,11,33,34,41
"COG2310",14,3,0,2,0,2
"COG2311",7,58,92,23,12,11
"COG2312",0,0,0,1,0,1
"COG2313",1,2,1,1,8,14
"COG2314",1,1,0,2,1,0
"COG2315",27,27,33,21,15,27
"COG2316",7,5,3,11,6,14
"COG2317",14,1,0,9,10,14
"COG2318",0,0,0,0,0,0
"COG2319",0,1,7,1,0,4
"COG2320",7,5,4,1,4,8
"COG2321",0,1,1,3,21,0
"COG2323",17,12,11,15,9,48
"COG2326",18,12,16,16,17,10
"COG2327",5,4,2,11,0,24
"COG2329",0,0,0,0,0,2
"COG2331",0,0,0,0,0,1
"COG2332",0,0,0,0,7,0
"COG2333",61,35,8,53,60,72
"COG2334",1,2,0,2,22,7
"COG2335",0,0,0,0,0,0
"COG2336",0,0,0,0,20,0
"COG2337",33,27,178,46,47,52
"COG2339",5,3,0,3,0,2
"COG2340",8,5,2,10,2,14
"COG2342",0,0,0,0,0,0
"COG2344",31,28,34,31,6,23
"COG2346",0,0,0,0,0,0
"COG2348",11,12,1,1,1,37
"COG2350",1,0,1,0,5,1
"COG2351",2,1,3,1,9,2
"COG2352",0,0,0,0,16,1
"COG2353",0,0,0,0,10,1
"COG2354",0,0,0,0,10,1
"COG2355",31,32,47,30,25,49
"COG2356",9,2,1,34,14,5
"COG2357",36,28,10,32,43,31
"COG2358",28,11,7,16,15,13
"COG2359",5,0,0,1,0,5
"COG2360",4,6,3,4,10,4
"COG2361",6,5,6,9,0,7
"COG2362",4,1,3,3,7,9
"COG2363",0,0,0,0,10,0
"COG2364",32,16,12,27,14,15
"COG2365",17,47,49,16,1,12
"COG2366",0,0,0,0,0,0
"COG2367",21,38,21,16,25,9
"COG2368",3,6,1,2,4,7
"COG2369",1,2,0,7,2,1
"COG2371",2,2,0,3,0,0
"COG2372",0,1,0,0,8,1
"COG2373",58,127,161,86,68,85
"COG2374",2,0,0,6,0,1
"COG2375",0,0,0,0,13,0
"COG2376",8,8,16,9,64,24
"COG2377",3,5,2,3,12,6
"COG2378",22,17,21,20,72,39
"COG2379",13,9,1,12,4,11
"COG2382",19,50,26,32,25,16
"COG2384",16,11,2,15,10,26
"COG2385",57,56,41,62,21,60
"COG2386",0,1,0,0,5,0
"COG2388",3,8,17,5,5,4
"COG2390",7,4,8,4,26,4
"COG2391",0,0,1,0,27,6
"COG2404",0,2,0,3,2,1
"COG2405",0,0,0,1,0,0
"COG2406",1,3,15,4,0,1
"COG2407",89,75,80,65,92,47
"COG2409",0,0,0,0,0,0
"COG2414",4,2,1,15,31,6
"COG2421",0,1,1,1,18,2
"COG2423",11,11,5,20,6,15
"COG2425",9,27,22,12,23,7
"COG2426",4,4,0,2,0,8
"COG2431",14,29,63,13,23,12
"COG2440",0,0,0,0,12,1
"COG2452",4,5,1,3,0,0
"COG2453",0,0,2,0,20,0
"COG2454",0,0,1,0,0,0
"COG2461",6,2,0,6,11,2
"COG2501",4,7,4,9,10,11
"COG2502",33,29,21,40,22,37
"COG2503",0,0,0,0,0,0
"COG2508",77,39,20,70,53,74
"COG2509",108,79,40,63,16,57
"COG2510",9,4,2,11,1,8
"COG2513",2,11,28,8,20,5
"COG2514",0,0,0,0,0,0
"COG2515",3,7,4,3,13,14
"COG2516",1,0,0,0,0,2
"COG2518",0,0,0,0,7,1
"COG2519",1,0,0,0,0,4
"COG2602",1,3,9,11,27,10
"COG2603",0,1,2,0,11,1
"COG2604",1,5,0,5,0,0
"COG2605",29,36,93,20,23,40
"COG2606",39,15,33,34,20,21
"COG2607",31,13,10,34,10,22
"COG2608",20,13,1,12,5,25
"COG2609",0,0,0,1,22,2
"COG2610",16,28,32,14,128,30
"COG2703",2,4,0,4,0,0
"COG2704",10,15,14,12,100,22
"COG2706",24,24,37,30,35,11
"COG2707",0,0,2,0,11,2
"COG2710",8,18,8,8,11,10
"COG2715",35,25,28,30,10,29
"COG2716",0,0,0,0,6,1
"COG2717",4,3,0,2,8,1
"COG2718",0,0,0,0,14,2
"COG2719",0,0,1,0,11,3
"COG2720",39,13,8,25,20,69
"COG2721",48,41,19,58,110,34
"COG2723",69,39,21,66,161,46
"COG2730",75,44,31,83,9,32
"COG2731",23,28,45,19,53,15
"COG2732",1,0,1,0,6,0
"COG2733",0,0,2,0,23,4
"COG2738",32,20,15,30,8,30
"COG2739",16,14,5,15,2,14
"COG2740",16,12,1,13,3,13
"COG2746",3,1,1,2,34,0
"COG2747",0,0,0,0,0,0
"COG2755",132,151,173,146,28,79
"COG2759",96,54,49,67,9,79
"COG2761",1,0,0,2,0,0
"COG2764",0,0,0,0,9,1
"COG2766",0,0,0,0,15,1
"COG2768",30,29,6,37,14,33
"COG2770",0,0,0,0,0,0
"COG2771",1,0,6,0,120,14
"COG2801",129,128,180,123,418,283
"COG2804",41,15,6,40,67,49
"COG2805",37,18,10,26,18,24
"COG2807",0,0,1,1,31,2
"COG2812",108,103,83,95,57,95
"COG2813",1,0,0,0,35,4
"COG2814",21,21,37,18,78,21
"COG2815",28,13,7,22,11,29
"COG2816",14,19,32,16,29,10
"COG2818",11,26,21,5,26,13
"COG2819",17,16,7,25,0,9
"COG2820",31,23,23,27,29,27
"COG2821",0,0,0,0,13,3
"COG2822",0,0,0,0,4,2
"COG2823",0,0,0,0,32,3
"COG2824",0,1,0,0,12,1
"COG2825",2,6,8,0,16,2
"COG2826",94,31,21,81,34,29
"COG2827",4,4,7,2,5,2
"COG2828",1,2,2,1,17,0
"COG2829",2,0,3,9,12,4
"COG2830",21,15,25,19,0,10
"COG2831",0,2,1,0,0,7
"COG2832",2,4,3,5,19,2
"COG2834",1,3,0,2,6,3
"COG2835",0,0,0,0,1,1
"COG2836",0,0,0,1,0,1
"COG2837",1,11,12,1,26,2
"COG2839",0,6,2,2,0,0
"COG2840",0,0,0,1,18,2
"COG2841",0,1,0,0,4,1
"COG2842",2,2,0,1,1,6
"COG2843",66,53,61,54,6,53
"COG2844",1,3,1,1,29,4
"COG2845",0,0,0,0,0,0
"COG2846",5,5,15,10,11,5
"COG2848",51,15,10,39,15,28
"COG2849",2,7,9,1,0,3
"COG2850",0,0,1,0,13,2
"COG2851",2,4,1,7,9,2
"COG2852",6,1,0,6,2,8
"COG2853",0,1,0,2,18,4
"COG2854",0,0,0,0,11,0
"COG2855",24,33,30,36,17,25
"COG2856",18,9,46,19,33,27
"COG2859",10,19,11,11,2,2
"COG2860",11,11,14,13,25,14
"COG2861",0,1,1,0,17,1
"COG2862",0,0,2,0,14,0
"COG2863",0,0,0,0,0,0
"COG2864",0,0,0,0,19,0
"COG2865",141,80,90,91,7,102
"COG2866",17,9,1,11,16,24
"COG2867",0,0,0,0,11,2
"COG2868",12,6,3,11,2,8
"COG2869",2,13,4,4,3,8
"COG2870",1,4,3,0,12,4
"COG2871",11,17,31,15,0,12
"COG2872",20,12,6,6,13,20
"COG2873",69,108,94,102,29,72
"COG2875",22,16,16,21,4,16
"COG2876",44,44,37,38,8,29
"COG2877",9,18,31,18,8,19
"COG2878",36,36,20,30,16,31
"COG2879",0,0,0,0,10,1
"COG2882",0,0,0,0,8,3
"COG2884",52,28,29,36,26,38
"COG2885",37,36,100,82,75,38
"COG2887",1,0,0,3,0,4
"COG2890",40,43,29,26,33,39
"COG2891",0,1,0,0,19,0
"COG2893",6,8,8,7,46,11
"COG2894",35,9,3,14,17,22
"COG2895",19,23,41,36,13,10
"COG2896",19,5,6,10,32,26
"COG2897",0,0,0,0,20,5
"COG2898",1,1,0,0,2,0
"COG2900",0,0,0,0,8,2
"COG2901",0,0,0,0,8,0
"COG2904",0,0,1,0,22,1
"COG2906",0,0,0,0,4,0
"COG2907",0,0,0,0,0,0
"COG2908",20,26,37,23,19,8
"COG2909",11,9,2,13,18,24
"COG2910",1,3,6,5,0,3
"COG2911",2,4,7,2,42,6
"COG2912",0,0,0,0,17,1
"COG2913",0,0,0,0,11,3
"COG2914",0,0,0,0,3,1
"COG2915",0,0,0,1,11,1
"COG2916",0,0,0,0,35,1
"COG2917",0,0,0,0,5,1
"COG2918",0,1,29,1,14,4
"COG2919",1,0,0,0,2,1
"COG2920",0,1,0,0,15,0
"COG2921",0,0,0,0,3,1
"COG2922",0,0,0,0,13,3
"COG2923",0,0,0,0,8,1
"COG2924",0,0,0,0,9,3
"COG2925",0,1,1,0,8,3
"COG2926",0,0,1,0,5,2
"COG2927",0,0,0,0,14,1
"COG2928",0,0,0,1,0,0
"COG2929",0,0,0,2,8,1
"COG2931",12,32,32,21,0,7
"COG2932",7,8,5,18,8,14
"COG2933",0,0,0,0,13,1
"COG2935",0,0,0,0,0,0
"COG2936",15,13,25,15,0,12
"COG2937",0,1,0,0,34,4
"COG2938",0,0,0,0,5,1
"COG2939",0,0,0,0,0,1
"COG2942",27,49,56,31,31,35
"COG2943",0,0,0,0,34,4
"COG2944",0,0,0,2,12,3
"COG2945",0,0,0,0,0,0
"COG2946",19,3,22,10,66,16
"COG2947",0,1,0,0,0,0
"COG2948",0,1,0,1,0,1
"COG2949",7,11,18,4,14,7
"COG2951",0,0,1,0,17,2
"COG2954",19,17,24,28,5,6
"COG2956",0,0,1,0,9,2
"COG2957",20,27,58,32,0,17
"COG2958",0,0,0,0,3,2
"COG2959",0,0,0,1,2,1
"COG2960",0,0,0,0,5,0
"COG2961",0,11,29,3,16,3
"COG2962",0,0,2,1,17,6
"COG2963",32,16,37,20,240,26
"COG2964",6,17,5,6,44,16
"COG2965",0,0,0,0,10,0
"COG2966",41,36,28,37,33,30
"COG2967",0,0,1,0,12,2
"COG2968",6,3,0,2,18,10
"COG2969",0,2,0,0,12,1
"COG2971",3,2,4,3,4,15
"COG2972",391,202,170,404,341,247
"COG2973",0,0,0,0,0,1
"COG2974",0,2,2,0,21,4
"COG2975",0,0,0,0,2,2
"COG2976",0,0,1,0,7,3
"COG2977",0,0,1,0,9,0
"COG2978",9,36,31,17,59,11
"COG2979",0,0,0,0,9,1
"COG2980",0,0,0,0,6,1
"COG2981",0,0,0,0,9,2
"COG2982",0,0,4,2,63,10
"COG2983",0,0,0,0,12,0
"COG2984",48,23,6,49,15,26
"COG2985",59,134,212,110,37,58
"COG2986",24,42,71,17,9,20
"COG2987",15,46,37,18,4,11
"COG2988",0,0,1,0,17,1
"COG2989",0,2,8,2,15,4
"COG2990",0,1,0,0,9,7
"COG2991",0,0,0,0,0,0
"COG2992",0,0,1,0,17,2
"COG2994",0,0,0,0,0,0
"COG2995",0,0,0,0,43,3
"COG2996",18,28,42,27,8,14
"COG2998",1,0,0,0,0,0
"COG2999",0,0,0,0,8,1
"COG3001",0,1,0,0,8,1
"COG3004",10,26,28,18,14,11
"COG3005",3,7,18,2,19,3
"COG3006",0,1,0,0,13,2
"COG3007",4,1,1,3,0,1
"COG3008",0,1,1,1,49,6
"COG3009",0,0,0,0,13,1
"COG3010",6,2,8,4,19,7
"COG3012",1,2,1,0,6,5
"COG3013",0,0,0,0,15,1
"COG3014",0,2,0,0,0,0
"COG3015",4,4,37,3,15,5
"COG3016",1,5,5,1,2,4
"COG3017",1,1,0,0,4,1
"COG3019",0,0,1,0,0,0
"COG3021",18,24,27,12,10,8
"COG3022",13,19,26,15,33,10
"COG3023",24,67,71,23,17,39
"COG3024",0,0,0,0,0,0
"COG3025",6,2,1,1,16,8
"COG3026",0,0,0,0,30,0
"COG3027",1,0,0,0,5,4
"COG3028",0,0,0,0,11,1
"COG3029",0,0,0,0,7,0
"COG3030",0,0,1,0,12,1
"COG3031",0,0,0,0,19,1
"COG3033",10,19,6,9,40,7
"COG3034",1,0,0,0,11,1
"COG3036",0,0,0,0,5,0
"COG3037",4,1,5,2,16,3
"COG3038",0,0,1,0,30,4
"COG3039",34,15,13,12,51,51
"COG3040",6,11,13,1,12,3
"COG3041",17,12,1,12,8,2
"COG3042",0,0,0,0,9,1
"COG3043",0,0,0,0,1,0
"COG3044",6,5,4,8,20,8
"COG3045",0,1,0,0,13,1
"COG3047",0,0,0,0,4,2
"COG3048",0,0,1,1,17,12
"COG3049",42,61,74,36,10,35
"COG3050",0,0,0,0,1,2
"COG3051",1,2,2,4,27,14
"COG3052",0,0,2,1,12,3
"COG3053",1,1,0,2,20,10
"COG3054",0,0,0,0,16,1
"COG3055",3,2,18,7,40,6
"COG3056",0,0,0,0,11,1
"COG3057",0,0,0,0,6,1
"COG3058",0,2,1,0,18,2
"COG3059",6,15,19,5,17,6
"COG3060",0,0,0,0,8,0
"COG3061",0,0,0,0,8,0
"COG3062",0,0,0,0,4,0
"COG3063",0,0,0,0,0,0
"COG3064",0,0,1,0,11,4
"COG3065",0,0,1,0,15,0
"COG3066",0,0,0,5,10,0
"COG3067",0,0,0,0,14,3
"COG3068",0,0,0,0,12,3
"COG3069",3,7,1,6,65,5
"COG3070",6,3,3,9,24,6
"COG3071",0,0,0,0,16,1
"COG3072",0,0,0,1,26,3
"COG3073",0,0,0,0,8,3
"COG3074",0,0,0,0,7,2
"COG3075",9,5,2,3,10,2
"COG3076",0,0,0,0,5,0
"COG3077",15,7,1,24,4,19
"COG3078",0,0,0,0,11,1
"COG3079",0,0,1,0,14,1
"COG3080",0,0,0,0,12,0
"COG3081",0,0,0,0,6,3
"COG3082",0,0,0,0,5,2
"COG3083",0,3,3,0,31,2
"COG3084",0,0,0,0,17,2
"COG3085",0,0,1,0,13,2
"COG3086",0,0,0,0,12,3
"COG3087",0,0,0,0,14,2
"COG3088",0,0,0,0,24,4
"COG3089",0,0,0,0,8,2
"COG3090",14,14,15,14,76,7
"COG3091",0,0,0,0,9,0
"COG3092",0,0,0,0,12,0
"COG3093",3,4,11,6,10,15
"COG3094",0,1,0,0,9,0
"COG3095",0,0,1,0,12,1
"COG3096",0,1,1,0,30,4
"COG3097",0,0,0,0,8,2
"COG3098",0,0,0,0,4,3
"COG3099",0,0,0,0,4,0
"COG3100",0,0,0,0,9,0
"COG3101",0,0,0,0,7,1
"COG3102",0,0,0,0,8,2
"COG3103",25,11,8,25,37,31
"COG3104",35,63,65,43,89,40
"COG3105",0,1,0,0,17,1
"COG3106",0,0,0,0,18,3
"COG3107",0,0,0,0,11,3
"COG3108",0,0,1,0,13,1
"COG3109",0,0,2,0,8,3
"COG3110",0,0,1,0,12,2
"COG3111",0,0,2,2,25,2
"COG3112",0,0,0,0,10,1
"COG3113",0,0,0,0,14,1
"COG3114",0,0,0,0,2,1
"COG3115",0,0,0,0,3,0
"COG3116",0,0,0,0,10,0
"COG3117",0,1,0,0,18,7
"COG3118",0,0,0,0,3,0
"COG3119",176,576,718,247,127,240
"COG3120",0,0,0,0,7,2
"COG3121",0,0,3,0,128,18
"COG3122",0,0,0,0,7,0
"COG3123",0,0,0,0,8,0
"COG3124",0,5,2,0,13,1
"COG3125",0,0,0,0,1,0
"COG3126",0,0,0,0,8,0
"COG3127",0,0,0,0,26,2
"COG3128",0,0,1,0,9,0
"COG3129",0,6,14,1,16,5
"COG3130",0,0,0,0,3,0
"COG3131",0,0,1,2,40,9
"COG3132",0,0,0,0,8,0
"COG3133",0,0,0,1,6,2
"COG3134",0,0,1,0,5,0
"COG3135",0,0,0,0,4,0
"COG3136",0,0,0,0,9,1
"COG3137",0,0,0,0,7,1
"COG3138",0,0,0,0,11,3
"COG3139",0,0,0,0,6,0
"COG3140",0,0,0,0,1,2
"COG3141",0,0,0,0,9,0
"COG3142",24,18,22,12,11,14
"COG3143",0,0,1,0,14,2
"COG3144",4,2,0,7,14,2
"COG3145",0,0,0,0,7,1
"COG3147",0,0,0,0,4,1
"COG3148",0,0,0,0,8,0
"COG3149",0,0,0,0,1,3
"COG3150",0,1,0,1,17,1
"COG3151",0,0,0,0,10,2
"COG3152",8,6,9,10,20,6
"COG3153",8,14,16,10,21,20
"COG3154",0,0,0,0,8,3
"COG3155",0,0,0,0,1,0
"COG3156",0,0,0,0,29,1
"COG3157",0,1,0,0,41,14
"COG3158",1,2,1,16,49,7
"COG3159",0,0,1,0,6,0
"COG3160",0,0,0,0,17,0
"COG3161",0,0,0,0,9,6
"COG3162",0,0,0,0,7,1
"COG3164",0,2,0,0,69,9
"COG3165",0,0,0,0,13,4
"COG3166",0,0,1,0,17,2
"COG3169",6,6,14,8,0,4
"COG3171",0,0,1,0,8,1
"COG3172",1,0,0,0,22,6
"COG3173",3,0,0,1,20,6
"COG3174",3,32,46,12,0,4
"COG3176",28,43,66,32,0,17
"COG3177",85,124,120,91,9,94
"COG3178",25,27,25,19,0,8
"COG3179",0,1,0,2,0,0
"COG3180",3,0,1,2,10,3
"COG3181",3,11,1,4,20,7
"COG3182",2,15,13,8,0,3
"COG3183",1,1,2,10,56,0
"COG3185",0,0,0,0,0,0
"COG3187",5,20,18,19,14,7
"COG3188",1,2,9,0,223,20
"COG3189",7,4,19,7,3,1
"COG3190",0,0,0,0,3,1
"COG3191",8,8,3,7,0,8
"COG3192",4,1,8,1,14,1
"COG3193",0,2,1,0,5,7
"COG3194",0,0,0,0,7,1
"COG3195",0,0,0,0,0,0
"COG3196",9,2,0,4,21,2
"COG3199",0,0,0,0,4,2
"COG3201",4,18,30,19,22,11
"COG3203",1,2,3,0,96,12
"COG3204",0,0,0,0,11,1
"COG3206",7,29,44,30,78,10
"COG3208",1,0,0,2,3,0
"COG3209",169,91,96,81,268,64
"COG3210",10,2,5,5,12,18
"COG3211",0,0,0,0,0,0
"COG3212",1,0,1,1,2,9
"COG3213",0,0,0,0,0,0
"COG3214",1,0,0,0,24,3
"COG3216",0,0,0,0,0,0
"COG3217",0,0,0,0,19,3
"COG3218",0,0,0,0,0,0
"COG3219",0,0,0,0,0,0
"COG3220",0,0,0,0,0,0
"COG3221",7,2,0,4,13,8
"COG3222",0,0,0,0,5,1
"COG3223",0,0,0,0,18,2
"COG3224",0,0,0,0,0,0
"COG3225",58,32,52,42,14,39
"COG3226",0,0,0,0,9,2
"COG3227",0,0,0,4,0,0
"COG3228",0,0,0,0,8,0
"COG3231",0,0,0,0,2,6
"COG3232",0,0,0,0,0,0
"COG3234",0,0,0,0,16,2
"COG3236",4,4,4,11,10,12
"COG3237",0,0,0,0,2,1
"COG3238",3,2,3,9,32,5
"COG3239",0,0,0,0,0,0
"COG3242",0,0,1,0,4,0
"COG3246",2,7,1,4,10,8
"COG3247",0,0,1,1,21,4
"COG3248",0,0,1,0,15,5
"COG3250",695,1206,1405,719,228,606
"COG3251",0,0,0,0,3,0
"COG3252",0,0,0,0,1,2
"COG3253",0,0,0,0,0,0
"COG3254",3,7,7,3,13,3
"COG3256",0,1,0,0,0,0
"COG3257",0,0,1,1,11,5
"COG3259",2,0,0,0,0,10
"COG3260",3,4,1,1,20,5
"COG3261",3,5,2,0,17,10
"COG3262",0,0,0,0,19,4
"COG3263",17,32,37,27,27,15
"COG3264",1,2,2,0,90,8
"COG3265",1,0,1,0,32,3
"COG3266",0,0,0,0,19,0
"COG3267",0,0,2,0,14,0
"COG3268",0,0,0,0,0,0
"COG3270",16,11,1,14,15,15
"COG3271",0,0,0,0,0,0
"COG3272",1,0,2,0,6,0
"COG3274",25,48,65,26,39,32
"COG3275",56,116,134,58,52,71
"COG3276",0,6,2,0,47,8
"COG3279",212,199,167,272,85,147
"COG3283",0,0,2,0,21,4
"COG3284",1,2,4,2,5,12
"COG3287",1,5,0,0,0,1
"COG3288",0,0,0,3,16,1
"COG3290",17,4,4,8,61,12
"COG3291",14,10,5,5,0,33
"COG3292",385,1339,1774,544,4,411
"COG3293",12,5,19,9,0,22
"COG3294",3,2,1,1,1,3
"COG3296",1,1,0,1,0,0
"COG3297",0,0,0,0,10,2
"COG3299",3,12,3,23,6,31
"COG3301",0,0,0,0,14,1
"COG3302",0,0,0,0,21,4
"COG3303",8,24,24,4,25,8
"COG3304",2,13,6,6,5,13
"COG3306",0,1,0,2,0,6
"COG3307",2,7,6,5,33,4
"COG3309",0,0,9,0,0,0
"COG3311",0,0,0,0,16,0
"COG3312",0,0,0,0,11,1
"COG3313",0,0,0,0,4,0
"COG3314",28,18,4,17,68,40
"COG3315",16,10,5,19,3,4
"COG3316",0,0,2,0,201,12
"COG3317",0,1,0,0,24,1
"COG3318",0,0,0,0,7,0
"COG3319",0,0,0,0,35,7
"COG3320",9,7,0,11,0,15
"COG3321",13,0,0,1,29,0
"COG3323",8,19,29,10,2,4
"COG3324",0,8,13,3,0,0
"COG3325",18,16,10,13,6,12
"COG3326",11,5,8,4,0,9
"COG3327",0,0,0,0,15,0
"COG3328",68,109,43,80,27,80
"COG3330",1,1,0,0,0,5
"COG3331",7,6,0,13,9,14
"COG3333",10,11,7,21,36,12
"COG3335",21,9,19,18,41,16
"COG3338",0,0,0,0,0,0
"COG3339",1,1,2,1,0,3
"COG3340",26,28,16,24,24,20
"COG3341",15,17,27,22,1,7
"COG3343",0,0,0,0,0,3
"COG3344",258,271,384,269,241,270
"COG3345",92,89,139,98,88,68
"COG3347",1,0,0,0,0,0
"COG3350",0,0,0,0,2,1
"COG3359",6,6,2,12,6,3
"COG3366",0,0,0,1,0,0
"COG3369",3,2,2,3,0,5
"COG3376",0,0,0,0,0,0
"COG3378",40,43,25,78,7,57
"COG3379",0,0,1,0,2,0
"COG3381",1,0,1,0,26,3
"COG3382",11,12,20,10,0,9
"COG3383",25,5,8,2,3,7
"COG3384",0,0,2,0,9,1
"COG3385",211,77,24,179,133,134
"COG3386",3,23,4,9,4,13
"COG3387",9,4,19,5,2,23
"COG3391",11,23,64,17,12,31
"COG3392",6,7,2,5,0,9
"COG3393",3,6,4,2,2,1
"COG3394",2,2,1,8,7,5
"COG3395",5,5,8,2,63,14
"COG3396",0,0,0,0,22,0
"COG3397",1,0,0,3,0,0
"COG3401",8,3,0,25,0,15
"COG3402",4,0,0,0,3,0
"COG3404",9,30,25,19,4,14
"COG3405",11,8,0,9,13,2
"COG3407",0,0,0,0,0,0
"COG3408",55,73,50,56,10,31
"COG3409",28,16,4,43,8,58
"COG3410",3,18,1,0,6,5
"COG3411",1,4,2,5,2,3
"COG3412",0,1,0,0,26,1
"COG3414",3,0,2,0,11,0
"COG3415",0,0,0,0,0,0
"COG3416",0,0,0,0,0,0
"COG3417",1,0,0,0,13,7
"COG3418",0,0,0,0,6,0
"COG3420",0,0,0,0,0,0
"COG3421",8,0,1,5,0,6
"COG3422",0,0,2,0,11,2
"COG3423",0,0,0,0,11,1
"COG3425",0,0,0,0,0,1
"COG3426",24,21,21,26,4,30
"COG3428",10,1,0,4,0,0
"COG3429",0,1,0,0,0,0
"COG3433",0,0,0,0,22,1
"COG3434",4,0,0,5,1,4
"COG3436",205,160,415,114,230,126
"COG3437",39,40,31,77,10,62
"COG3439",1,6,4,2,2,2
"COG3440",1,10,0,2,3,1
"COG3442",9,2,2,11,2,21
"COG3443",2,0,1,5,15,3
"COG3444",6,4,6,8,62,15
"COG3445",0,0,0,0,3,1
"COG3447",0,0,0,0,19,9
"COG3448",0,0,1,0,0,0
"COG3449",7,42,55,5,9,7
"COG3450",0,0,0,0,0,0
"COG3451",445,235,202,208,148,268
"COG3452",10,5,1,14,0,4
"COG3454",0,1,1,0,15,1
"COG3455",0,0,0,0,18,1
"COG3456",0,0,0,0,15,6
"COG3457",2,4,0,0,18,13
"COG3458",13,34,61,15,0,10
"COG3459",154,52,10,106,4,126
"COG3460",0,0,0,0,4,0
"COG3463",3,1,0,4,4,2
"COG3464",61,47,96,139,112,69
"COG3467",18,22,21,25,6,20
"COG3468",11,37,22,10,253,85
"COG3469",1,0,0,3,0,0
"COG3470",0,0,0,0,0,0
"COG3471",0,0,0,0,0,0
"COG3472",4,0,1,8,0,10
"COG3473",1,0,0,0,1,1
"COG3475",37,41,52,55,10,44
"COG3476",2,2,12,9,3,8
"COG3477",0,0,0,0,22,0
"COG3478",0,1,1,0,0,0
"COG3479",0,0,0,0,0,0
"COG3480",0,1,0,0,0,3
"COG3481",28,20,4,52,14,24
"COG3484",0,0,0,0,0,0
"COG3485",0,0,0,0,0,0
"COG3486",0,0,0,0,38,7
"COG3487",6,32,21,10,0,3
"COG3488",20,15,16,14,1,2
"COG3491",0,0,0,0,0,0
"COG3493",3,0,5,2,5,0
"COG3494",0,1,2,2,0,1
"COG3496",0,0,0,0,0,0
"COG3497",1,1,6,12,10,31
"COG3498",2,0,1,3,0,9
"COG3499",0,0,0,0,0,2
"COG3500",4,2,5,5,8,5
"COG3501",26,15,13,3,51,14
"COG3503",10,1,0,7,0,3
"COG3504",0,1,0,0,0,0
"COG3505",276,266,363,241,137,342
"COG3506",2,14,20,6,0,2
"COG3507",144,285,346,163,27,61
"COG3509",9,1,0,3,0,0
"COG3512",7,15,2,4,0,5
"COG3513",37,71,5,37,1,20
"COG3514",0,0,0,0,3,0
"COG3515",0,0,1,0,49,4
"COG3516",0,1,0,0,4,1
"COG3517",0,0,0,0,33,4
"COG3518",0,0,0,0,0,1
"COG3519",0,1,1,0,67,3
"COG3520",0,0,0,0,33,1
"COG3521",0,0,0,0,12,0
"COG3522",0,0,0,0,22,4
"COG3523",0,1,0,0,45,11
"COG3524",0,0,0,0,1,2
"COG3525",152,331,487,148,43,213
"COG3526",0,0,0,0,0,0
"COG3527",0,0,0,0,0,0
"COG3528",0,0,0,0,0,1
"COG3529",0,0,0,0,4,0
"COG3530",0,0,0,0,7,0
"COG3533",91,226,277,70,11,70
"COG3534",56,129,138,88,16,56
"COG3535",1,4,0,0,1,13
"COG3536",0,0,0,0,0,0
"COG3537",161,364,437,183,0,203
"COG3538",24,78,71,14,1,16
"COG3539",0,1,8,0,168,14
"COG3541",2,2,5,2,10,9
"COG3542",6,3,0,1,1,3
"COG3543",9,4,0,3,1,4
"COG3544",0,0,1,0,5,0
"COG3545",1,1,0,1,0,3
"COG3546",20,14,11,11,7,25
"COG3547",121,121,111,120,186,175
"COG3548",1,0,0,0,1,1
"COG3549",0,0,0,0,3,2
"COG3550",38,55,165,95,10,37
"COG3552",3,0,0,0,0,6
"COG3555",0,0,0,0,0,0
"COG3557",0,0,1,0,0,3
"COG3558",0,0,0,0,0,0
"COG3560",2,16,13,7,0,9
"COG3561",1,0,1,1,3,7
"COG3562",0,0,0,0,1,4
"COG3563",0,0,1,0,5,4
"COG3566",0,2,1,6,0,1
"COG3567",0,2,2,1,0,0
"COG3568",42,82,109,27,10,36
"COG3570",0,0,0,0,0,0
"COG3572",4,0,1,2,0,0
"COG3575",0,0,0,0,0,0
"COG3576",0,0,0,0,0,0
"COG3579",31,60,46,26,0,18
"COG3580",90,58,18,87,30,79
"COG3581",74,54,12,65,29,86
"COG3583",21,11,2,12,0,31
"COG3584",27,15,15,14,8,28
"COG3585",0,1,0,0,0,0
"COG3586",2,1,12,0,1,17
"COG3587",24,35,30,43,0,35
"COG3588",5,0,0,0,1,5
"COG3589",2,0,2,0,8,1
"COG3590",36,38,33,29,10,22
"COG3591",0,3,1,4,13,8
"COG3592",0,0,1,0,7,0
"COG3593",17,17,12,19,89,23
"COG3594",29,41,46,23,7,20
"COG3595",1,1,2,1,0,4
"COG3596",0,4,0,6,47,2
"COG3597",0,2,0,0,0,0
"COG3598",1,2,3,2,5,6
"COG3599",14,8,2,6,0,20
"COG3600",5,7,0,3,0,4
"COG3601",23,10,3,23,15,17
"COG3602",0,0,4,0,0,0
"COG3603",1,0,0,0,2,0
"COG3604",36,17,9,13,64,17
"COG3605",0,0,0,2,25,3
"COG3608",20,5,2,12,6,9
"COG3609",2,0,0,0,9,1
"COG3610",14,11,15,11,21,16
"COG3611",4,1,3,1,1,2
"COG3613",1,0,0,1,2,3
"COG3615",0,0,0,0,6,2
"COG3616",1,1,1,2,3,1
"COG3617",17,16,11,30,10,49
"COG3618",0,0,1,0,0,0
"COG3619",22,12,6,11,15,19
"COG3621",0,0,0,0,0,0
"COG3622",1,1,3,1,19,5
"COG3623",1,0,1,0,23,5
"COG3624",0,0,0,0,5,3
"COG3625",0,1,1,0,3,4
"COG3626",1,1,3,1,9,16
"COG3627",1,0,1,0,20,12
"COG3628",0,0,0,1,0,0
"COG3629",1,0,3,0,21,1
"COG3630",0,0,0,0,0,0
"COG3633",14,9,2,23,15,8
"COG3634",16,26,31,27,22,12
"COG3635",25,27,17,18,12,34
"COG3636",0,0,0,0,0,0
"COG3637",0,0,0,0,64,5
"COG3638",4,1,3,5,7,5
"COG3639",14,6,7,3,7,10
"COG3640",23,2,1,9,3,12
"COG3641",14,10,3,15,8,30
"COG3643",8,24,26,5,5,6
"COG3645",15,7,13,34,7,24
"COG3646",6,2,1,16,3,4
"COG3647",0,0,0,0,2,0
"COG3649",5,7,3,13,13,10
"COG3650",0,0,0,0,0,0
"COG3653",6,8,6,7,14,24
"COG3654",7,5,2,6,1,11
"COG3655",15,16,15,15,6,17
"COG3657",0,0,0,0,0,0
"COG3659",0,0,0,0,0,0
"COG3660",0,0,0,1,0,0
"COG3661",7,26,58,14,1,7
"COG3662",0,0,0,0,0,0
"COG3663",28,25,18,29,8,16
"COG3664",15,7,5,12,1,11
"COG3665",0,2,0,3,0,3
"COG3666",146,77,324,116,65,154
"COG3667",0,0,0,0,0,0
"COG3668",1,1,0,0,10,6
"COG3669",102,188,232,127,17,140
"COG3671",0,0,0,0,0,0
"COG3672",0,0,0,0,0,0
"COG3675",0,0,3,0,0,0
"COG3676",4,13,10,15,1,7
"COG3677",2,1,289,4,56,41
"COG3678",0,0,0,0,26,2
"COG3679",1,0,0,0,0,3
"COG3680",0,0,0,0,33,0
"COG3681",30,42,50,40,40,42
"COG3682",23,15,10,23,16,26
"COG3683",0,0,0,0,0,0
"COG3684",0,0,0,0,13,5
"COG3685",0,0,0,0,20,3
"COG3688",54,14,8,23,21,29
"COG3689",8,1,4,12,24,8
"COG3691",0,0,1,0,14,3
"COG3692",0,0,0,0,3,0
"COG3693",15,20,14,32,8,2
"COG3694",5,0,4,1,0,14
"COG3695",8,10,17,9,5,5
"COG3696",40,92,167,63,17,59
"COG3697",0,0,3,3,9,2
"COG3698",1,0,0,0,18,1
"COG3700",0,0,0,0,13,1
"COG3701",0,1,1,0,0,0
"COG3703",0,0,1,0,13,1
"COG3704",0,0,0,0,4,0
"COG3705",18,10,4,9,6,7
"COG3706",183,388,501,251,23,149
"COG3707",10,6,3,2,2,9
"COG3708",6,1,8,4,10,16
"COG3709",0,1,0,0,10,0
"COG3710",0,2,0,0,44,3
"COG3711",44,24,46,33,161,25
"COG3712",137,475,888,132,2,334
"COG3713",0,0,1,0,34,1
"COG3714",0,2,0,0,19,0
"COG3715",14,9,10,7,59,15
"COG3716",12,14,14,10,69,22
"COG3717",20,49,24,29,15,5
"COG3718",7,2,2,3,3,9
"COG3719",0,0,0,0,22,3
"COG3720",0,0,0,0,0,2
"COG3721",0,0,0,0,1,3
"COG3722",0,0,0,0,24,4
"COG3723",13,3,0,20,16,6
"COG3724",0,0,0,0,11,0
"COG3725",0,0,0,0,9,0
"COG3726",0,0,0,0,9,0
"COG3727",11,9,9,7,8,8
"COG3728",4,5,1,6,10,8
"COG3729",0,0,0,0,3,0
"COG3730",0,0,2,0,12,1
"COG3731",0,1,3,0,7,1
"COG3732",1,1,0,0,5,0
"COG3733",0,0,0,0,20,0
"COG3734",8,0,1,2,48,5
"COG3735",2,13,18,1,13,6
"COG3736",0,0,0,0,0,0
"COG3738",1,2,1,3,12,3
"COG3740",2,7,8,16,4,8
"COG3741",0,0,1,1,0,0
"COG3744",0,0,1,1,0,1
"COG3745",1,1,0,1,1,1
"COG3746",17,20,40,22,0,6
"COG3747",0,0,0,4,1,2
"COG3753",0,0,0,0,16,0
"COG3754",24,34,18,18,1,10
"COG3755",0,0,1,0,18,0
"COG3756",0,0,0,0,0,0
"COG3757",108,36,21,82,35,73
"COG3758",0,1,2,0,7,2
"COG3759",0,0,0,0,0,0
"COG3760",15,9,3,19,9,5
"COG3762",0,0,0,0,0,0
"COG3763",1,0,0,0,0,1
"COG3764",54,12,6,26,5,81
"COG3765",0,0,2,0,31,9
"COG3766",0,0,1,0,4,1
"COG3767",0,0,0,0,0,0
"COG3768",0,0,0,0,7,0
"COG3769",0,0,0,0,1,2
"COG3770",0,0,0,0,10,2
"COG3771",0,0,0,0,7,1
"COG3772",1,1,1,8,10,9
"COG3773",42,17,3,30,10,52
"COG3774",27,33,59,24,1,20
"COG3775",15,23,26,7,45,6
"COG3776",0,0,1,0,2,0
"COG3778",0,0,0,0,0,0
"COG3779",0,0,0,0,8,0
"COG3781",0,0,1,1,12,1
"COG3783",0,0,0,0,12,2
"COG3784",0,0,0,0,6,1
"COG3785",0,0,0,0,3,0
"COG3786",0,2,1,3,2,1
"COG3787",1,0,0,0,13,2
"COG3788",0,0,0,0,7,1
"COG3789",0,0,0,0,11,0
"COG3790",0,0,1,0,4,0
"COG3791",0,0,0,0,0,0
"COG3793",0,0,0,0,0,1
"COG3794",0,0,0,0,0,0
"COG3797",0,0,0,0,7,2
"COG3799",0,0,1,0,0,7
"COG3804",10,2,0,0,5,17
"COG3808",25,34,29,53,25,49
"COG3811",0,0,0,0,1,0
"COG3815",1,1,0,0,0,0
"COG3817",3,2,2,0,1,1
"COG3819",2,2,0,0,0,0
"COG3822",1,2,4,2,4,13
"COG3823",2,2,0,0,0,1
"COG3824",1,0,0,0,0,0
"COG3825",3,1,1,0,3,1
"COG3828",0,0,0,0,0,1
"COG3829",12,19,16,16,139,48
"COG3830",18,35,38,34,8,21
"COG3831",1,3,20,1,39,6
"COG3832",0,0,0,0,0,0
"COG3833",44,4,4,23,19,16
"COG3835",2,0,2,7,29,7
"COG3836",1,4,5,0,34,5
"COG3837",0,0,0,0,0,0
"COG3839",87,49,29,80,81,69
"COG3840",0,0,0,0,8,1
"COG3842",74,60,55,65,86,59
"COG3843",149,64,31,110,24,142
"COG3845",54,36,12,55,52,88
"COG3846",0,2,0,0,0,4
"COG3848",19,10,2,16,2,12
"COG3850",1,0,0,0,37,2
"COG3851",3,1,0,0,14,4
"COG3852",0,2,5,0,12,2
"COG3853",24,9,6,6,5,18
"COG3854",31,13,4,23,9,25
"COG3855",53,56,55,62,18,43
"COG3856",4,0,0,0,0,7
"COG3857",95,40,9,82,27,112
"COG3858",44,16,11,31,27,49
"COG3859",23,6,5,13,5,16
"COG3860",0,0,0,0,0,2
"COG3862",10,7,3,7,7,4
"COG3863",1,0,0,0,0,0
"COG3864",1,6,0,0,0,5
"COG3866",2,8,1,11,0,0
"COG3867",46,35,36,54,0,8
"COG3868",6,1,0,2,0,2
"COG3869",5,2,2,8,7,9
"COG3870",4,0,2,5,4,3
"COG3871",4,11,33,6,3,7
"COG3872",36,13,7,25,5,23
"COG3874",13,6,0,9,0,16
"COG3875",11,12,5,3,27,29
"COG3876",35,35,33,24,0,16
"COG3877",0,4,1,1,0,6
"COG3878",3,1,0,2,0,4
"COG3879",12,6,1,0,0,19
"COG3880",5,4,2,2,2,8
"COG3881",0,0,0,0,0,0
"COG3882",17,4,3,17,2,5
"COG3883",12,6,1,3,0,31
"COG3884",36,19,30,41,4,26
"COG3885",0,0,0,0,3,0
"COG3886",4,18,3,10,13,12
"COG3887",74,30,11,63,30,78
"COG3892",0,0,0,0,0,4
"COG3893",9,2,2,21,0,4
"COG3894",41,10,0,12,0,14
"COG3895",0,0,0,0,4,2
"COG3896",2,0,0,0,0,0
"COG3899",0,1,8,0,17,1
"COG3901",1,2,0,2,0,7
"COG3903",0,0,0,0,0,0
"COG3906",0,0,0,0,0,0
"COG3907",0,1,0,0,0,0
"COG3910",10,7,4,11,8,17
"COG3911",0,1,0,1,0,2
"COG3915",0,0,0,0,0,0
"COG3919",12,33,4,3,0,11
"COG3920",3,1,3,0,1,2
"COG3921",0,0,0,0,0,0
"COG3923",0,0,0,0,8,2
"COG3924",0,0,0,0,5,0
"COG3925",0,0,1,0,10,2
"COG3926",3,11,3,1,0,2
"COG3933",3,2,9,6,15,8
"COG3934",2,1,0,8,0,3
"COG3935",28,16,3,25,16,24
"COG3936",6,2,0,2,0,4
"COG3937",1,1,2,1,2,3
"COG3938",1,1,1,3,3,8
"COG3940",11,47,71,15,1,14
"COG3941",1,0,0,0,0,0
"COG3942",2,1,0,0,0,0
"COG3943",86,45,71,77,6,69
"COG3944",28,8,2,16,15,25
"COG3945",0,0,1,0,0,0
"COG3947",0,3,0,6,0,8
"COG3948",2,2,1,5,5,11
"COG3949",9,6,1,3,7,15
"COG3950",23,31,28,21,1,7
"COG3951",0,4,0,0,12,1
"COG3952",0,2,1,2,0,0
"COG3953",0,0,0,0,0,0
"COG3954",0,0,0,0,20,1
"COG3955",0,3,2,7,0,2
"COG3956",20,15,14,12,3,12
"COG3957",12,22,2,21,2,15
"COG3958",49,34,12,49,35,59
"COG3959",46,39,25,42,37,43
"COG3960",0,0,2,0,13,3
"COG3961",0,0,0,0,0,0
"COG3962",0,3,6,0,0,6
"COG3963",0,0,0,0,0,1
"COG3964",1,5,2,0,10,1
"COG3965",1,0,2,2,0,3
"COG3966",2,3,0,0,0,0
"COG3967",0,0,0,0,0,0
"COG3968",122,135,98,113,22,130
"COG3969",18,43,68,20,35,53
"COG3971",0,0,0,0,21,3
"COG3972",1,2,43,0,0,2
"COG3973",23,28,30,23,28,37
"COG3975",1,0,0,0,0,0
"COG3976",4,6,1,10,0,5
"COG3977",0,0,1,0,28,3
"COG3978",0,0,0,0,5,2
"COG3979",7,0,0,2,0,0
"COG3980",7,7,13,9,0,7
"COG3981",12,5,2,3,5,9
"COG4001",39,31,0,53,8,44
"COG4012",0,0,0,0,0,4
"COG4021",0,0,1,3,0,10
"COG4032",1,10,6,1,7,2
"COG4034",0,3,0,0,0,0
"COG4043",1,2,0,0,0,10
"COG4085",0,0,0,0,0,0
"COG4086",4,4,1,3,0,6
"COG4087",1,0,0,1,3,2
"COG4091",0,1,1,0,3,0
"COG4095",0,0,0,1,0,0
"COG4096",41,58,117,48,2,50
"COG4097",0,0,0,0,0,0
"COG4098",0,0,0,0,0,3
"COG4099",11,15,15,4,0,5
"COG4100",41,26,5,30,13,59
"COG4104",0,1,9,2,0,2
"COG4105",0,2,2,1,13,2
"COG4106",2,1,4,0,3,1
"COG4107",0,1,0,0,5,7
"COG4108",63,56,37,83,31,55
"COG4109",0,0,0,1,0,0
"COG4110",2,0,0,0,0,0
"COG4112",0,0,0,0,0,1
"COG4114",0,0,0,0,17,3
"COG4115",18,8,40,17,2,18
"COG4116",0,0,0,1,0,3
"COG4117",0,0,0,0,15,2
"COG4120",23,20,3,28,6,32
"COG4121",9,13,9,7,19,7
"COG4122",26,31,20,30,5,16
"COG4123",25,28,22,35,35,39
"COG4124",30,28,21,48,12,12
"COG4125",0,0,0,0,0,0
"COG4126",1,0,0,1,0,1
"COG4127",2,3,0,0,0,0
"COG4128",0,0,0,0,0,0
"COG4129",12,0,2,2,5,0
"COG4130",0,0,0,0,0,0
"COG4132",0,0,0,0,1,0
"COG4133",0,0,0,0,5,1
"COG4134",1,2,1,1,35,5
"COG4135",0,0,0,0,21,1
"COG4136",0,0,0,0,6,1
"COG4137",0,0,1,0,18,3
"COG4138",0,0,0,0,16,2
"COG4139",0,0,0,0,6,1
"COG4143",0,0,1,1,8,2
"COG4145",11,4,2,2,13,6
"COG4146",11,38,39,25,29,16
"COG4147",0,0,1,0,27,2
"COG4148",0,3,0,0,17,2
"COG4149",9,3,6,6,17,5
"COG4150",0,0,0,0,7,1
"COG4152",22,6,4,16,0,12
"COG4154",3,2,1,5,9,6
"COG4158",6,2,1,12,13,0
"COG4160",0,1,1,0,21,2
"COG4161",0,0,1,0,11,2
"COG4166",33,30,13,56,133,64
"COG4167",0,0,0,0,15,2
"COG4168",0,0,0,0,12,3
"COG4170",0,1,0,0,13,4
"COG4171",0,0,0,0,11,3
"COG4172",3,3,1,2,26,6
"COG4174",0,0,1,1,10,1
"COG4175",5,23,29,12,10,12
"COG4176",2,19,25,9,5,7
"COG4177",47,16,7,21,51,51
"COG4178",0,1,1,0,12,2
"COG4181",1,0,0,0,13,1
"COG4185",3,10,4,8,2,5
"COG4186",2,3,12,6,0,16
"COG4187",0,0,0,4,6,0
"COG4188",0,0,1,0,0,0
"COG4189",3,4,4,2,8,5
"COG4191",9,5,7,4,1,7
"COG4192",0,0,0,0,0,0
"COG4193",21,11,2,9,0,33
"COG4194",0,0,0,0,0,0
"COG4197",0,0,0,0,0,0
"COG4198",35,32,58,42,7,25
"COG4199",2,0,4,0,0,1
"COG4200",7,1,0,1,0,1
"COG4206",114,233,249,100,43,81
"COG4208",6,2,1,13,7,7
"COG4209",78,28,49,95,24,93
"COG4211",33,11,4,23,15,18
"COG4213",28,5,1,10,34,3
"COG4214",4,1,1,2,32,6
"COG4215",0,0,0,0,20,4
"COG4219",100,27,9,45,29,49
"COG4220",1,1,0,0,13,4
"COG4221",11,18,16,9,10,10
"COG4222",0,2,1,1,2,0
"COG4224",2,1,1,8,1,4
"COG4225",77,143,202,79,17,63
"COG4226",2,3,2,3,0,1
"COG4227",21,7,74,14,0,18
"COG4228",0,1,0,1,0,0
"COG4229",0,0,0,0,0,0
"COG4230",0,0,0,0,34,3
"COG4231",43,45,47,57,16,50
"COG4232",17,41,41,30,28,23
"COG4233",0,0,0,0,0,0
"COG4235",1,0,0,0,27,4
"COG4237",1,0,1,0,7,2
"COG4238",0,0,0,0,9,1
"COG4239",0,0,0,1,19,2
"COG4241",2,0,0,0,0,0
"COG4242",0,0,0,0,0,1
"COG4243",1,0,0,0,0,0
"COG4245",7,2,0,2,9,4
"COG4248",0,1,0,3,15,6
"COG4249",4,13,1,9,0,1
"COG4251",0,0,0,0,0,0
"COG4252",4,0,0,0,5,0
"COG4253",0,0,0,0,3,0
"COG4256",0,0,0,0,2,1
"COG4258",0,0,0,2,0,1
"COG4260",33,17,4,37,4,35
"COG4261",4,6,17,5,0,1
"COG4262",0,0,2,0,4,0
"COG4263",0,0,0,0,0,0
"COG4264",0,0,0,0,145,9
"COG4267",2,3,2,3,0,1
"COG4268",5,4,3,19,1,8
"COG4269",0,1,1,0,31,2
"COG4271",4,5,1,4,5,4
"COG4277",30,31,29,29,12,21
"COG4279",0,0,0,0,0,2
"COG4282",0,1,0,0,1,1
"COG4283",1,7,2,7,1,12
"COG4284",33,9,0,18,0,32
"COG4286",16,8,0,10,0,0
"COG4288",0,0,0,0,0,0
"COG4289",57,38,54,49,4,45
"COG4290",0,1,0,0,0,0
"COG4292",1,4,24,0,0,2
"COG4294",1,2,0,0,0,0
"COG4295",3,7,0,3,4,2
"COG4296",5,2,1,6,11,3
"COG4299",22,49,73,19,1,26
"COG4300",0,0,0,0,1,0
"COG4302",5,1,1,0,9,8
"COG4303",13,0,5,2,13,7
"COG4310",0,9,0,0,0,1
"COG4314",1,0,0,0,0,0
"COG4316",0,0,0,0,0,0
"COG4319",0,0,0,0,0,0
"COG4320",0,0,0,0,0,0
"COG4325",0,0,1,0,0,0
"COG4330",0,0,0,0,0,0
"COG4332",0,9,9,1,3,1
"COG4333",2,2,1,1,0,4
"COG4335",0,4,11,0,6,1
"COG4336",6,1,0,0,1,1
"COG4354",27,53,41,21,4,15
"COG4357",1,0,0,0,0,1
"COG4359",0,0,0,0,0,0
"COG4372",0,2,1,0,0,0
"COG4373",0,0,1,0,0,0
"COG4377",9,2,3,5,3,1
"COG4379",0,0,0,0,0,1
"COG4380",0,3,0,0,0,0
"COG4381",0,0,0,0,0,0
"COG4382",0,1,0,0,0,0
"COG4383",7,1,2,8,2,1
"COG4384",0,2,0,0,0,0
"COG4385",1,1,0,2,2,2
"COG4386",0,0,0,0,0,0
"COG4387",0,0,0,4,0,0
"COG4388",0,0,0,4,1,1
"COG4389",0,0,0,0,0,0
"COG4390",0,0,0,0,0,0
"COG4392",0,0,0,0,0,0
"COG4393",0,0,0,0,2,0
"COG4394",0,0,1,0,0,0
"COG4395",1,2,0,0,0,0
"COG4396",0,0,0,1,1,0
"COG4397",0,0,1,5,0,1
"COG4399",0,0,0,0,0,0
"COG4401",0,0,0,0,0,0
"COG4403",2,1,1,7,10,5
"COG4405",0,3,0,2,1,5
"COG4408",0,0,0,0,0,0
"COG4409",5,21,33,21,3,42
"COG4412",13,3,0,33,0,7
"COG4413",1,6,17,6,0,1
"COG4420",3,2,0,1,0,4
"COG4421",1,2,19,0,3,1
"COG4422",40,44,59,56,14,32
"COG4430",2,13,25,0,3,1
"COG4443",10,2,0,3,4,6
"COG4445",0,0,0,0,0,0
"COG4448",5,0,0,2,0,1
"COG4452",1,10,10,2,23,14
"COG4453",0,0,0,0,0,1
"COG4456",0,0,0,0,0,0
"COG4457",2,3,1,0,0,0
"COG4458",0,2,1,0,0,0
"COG4460",0,0,0,0,0,0
"COG4463",6,1,0,2,0,13
"COG4464",23,25,10,35,27,28
"COG4465",6,6,2,9,9,7
"COG4466",2,0,0,0,0,5
"COG4467",0,0,0,1,0,0
"COG4468",43,18,7,44,15,24
"COG4469",0,0,0,0,1,0
"COG4470",1,0,0,0,0,0
"COG4471",0,0,0,0,0,0
"COG4472",12,9,0,10,2,12
"COG4473",0,0,0,0,0,0
"COG4474",17,5,47,12,0,13
"COG4475",8,3,2,10,1,9
"COG4476",0,1,0,0,0,0
"COG4477",1,2,0,3,1,8
"COG4478",1,2,1,0,0,1
"COG4479",0,0,0,0,0,0
"COG4481",11,3,3,5,1,4
"COG4483",0,0,0,0,0,0
"COG4485",96,37,12,93,21,47
"COG4487",4,0,0,3,0,1
"COG4492",13,9,5,12,2,8
"COG4495",1,2,0,2,5,2
"COG4496",9,9,4,15,7,9
"COG4499",3,1,0,0,3,0
"COG4502",0,0,0,0,0,5
"COG4506",16,9,3,10,2,13
"COG4508",0,0,0,0,0,2
"COG4509",90,22,14,46,39,75
"COG4512",1,3,0,1,4,10
"COG4521",4,0,0,1,18,3
"COG4525",0,0,0,0,7,0
"COG4529",0,0,2,0,21,4
"COG4531",0,0,0,0,14,4
"COG4533",0,1,0,0,43,6
"COG4535",1,1,1,0,16,1
"COG4536",2,7,20,5,11,1
"COG4537",0,0,0,0,0,0
"COG4540",0,0,0,0,0,4
"COG4541",0,0,0,0,0,0
"COG4542",0,0,2,0,0,0
"COG4545",0,0,0,0,0,0
"COG4547",0,0,0,0,0,0
"COG4548",13,6,9,13,27,15
"COG4550",0,0,0,0,0,0
"COG4552",27,20,22,18,16,11
"COG4555",0,1,1,3,8,2
"COG4558",0,0,0,0,2,0
"COG4559",0,0,0,0,2,3
"COG4564",11,13,0,6,0,0
"COG4565",2,0,0,0,43,6
"COG4566",3,1,1,2,0,3
"COG4568",0,0,1,0,11,1
"COG4569",0,0,0,0,12,2
"COG4570",3,2,1,0,10,6
"COG4571",0,0,0,0,1,2
"COG4572",0,0,0,0,3,0
"COG4573",2,5,2,1,33,15
"COG4574",0,0,0,0,4,0
"COG4575",0,0,0,0,25,4
"COG4576",3,2,0,1,4,5
"COG4577",11,3,6,3,26,10
"COG4578",0,0,1,0,10,0
"COG4579",0,0,1,0,27,4
"COG4580",0,0,1,0,91,2
"COG4581",2,0,0,1,0,0
"COG4582",0,0,0,0,15,3
"COG4584",157,36,83,35,114,43
"COG4585",18,25,21,49,11,7
"COG4586",1,0,0,0,5,19
"COG4587",5,1,2,1,1,13
"COG4589",1,4,11,3,10,0
"COG4590",0,0,0,0,0,0
"COG4591",34,48,56,57,26,29
"COG4592",0,0,0,0,11,1
"COG4594",0,0,0,0,0,0
"COG4597",0,0,0,0,12,0
"COG4598",0,0,0,0,17,1
"COG4603",55,23,11,29,28,52
"COG4604",0,0,0,0,6,1
"COG4605",0,2,2,0,5,2
"COG4606",1,1,1,0,2,0
"COG4607",1,0,1,0,5,0
"COG4608",55,36,19,62,83,84
"COG4615",0,0,0,0,22,5
"COG4618",1,0,0,0,0,0
"COG4619",0,1,0,0,19,2
"COG4623",17,35,37,21,19,9
"COG4624",98,103,81,93,61,141
"COG4625",0,0,1,4,19,1
"COG4626",16,13,36,28,29,67
"COG4627",0,0,0,0,0,0
"COG4628",0,0,0,0,0,0
"COG4631",0,0,0,0,0,0
"COG4632",34,62,79,24,0,27
"COG4633",2,1,0,1,0,0
"COG4635",0,2,4,0,12,3
"COG4636",0,3,7,5,3,1
"COG4637",6,1,0,2,0,3
"COG4638",0,0,1,0,20,0
"COG4639",0,1,0,0,9,8
"COG4640",0,0,0,0,0,0
"COG4641",4,10,1,20,0,0
"COG4642",7,27,28,10,0,3
"COG4643",0,0,0,0,0,7
"COG4644",0,0,1,0,6,26
"COG4646",256,148,122,281,66,281
"COG4648",0,0,0,0,0,0
"COG4650",0,0,0,0,31,1
"COG4651",0,0,0,0,28,3
"COG4652",0,0,1,0,0,4
"COG4653",2,7,18,9,22,15
"COG4656",74,47,40,57,56,45
"COG4657",21,20,11,22,15,21
"COG4658",58,46,29,41,31,28
"COG4659",28,26,24,44,19,23
"COG4660",39,44,16,30,17,24
"COG4662",0,0,0,0,0,4
"COG4663",1,1,0,0,0,0
"COG4664",0,0,0,1,0,1
"COG4665",1,0,0,0,0,1
"COG4666",19,23,3,5,20,17
"COG4667",36,38,23,27,28,22
"COG4668",3,0,4,2,45,12
"COG4669",0,0,4,0,15,0
"COG4670",13,2,7,2,38,8
"COG4672",0,0,0,0,13,2
"COG4674",0,0,0,1,0,1
"COG4675",0,0,1,0,0,1
"COG4676",0,0,1,0,14,0
"COG4677",33,55,100,38,21,14
"COG4678",0,0,3,0,0,0
"COG4679",5,0,2,3,3,4
"COG4680",1,3,9,1,13,1
"COG4681",0,1,0,0,13,2
"COG4682",0,0,1,0,17,0
"COG4683",0,0,0,0,0,0
"COG4684",3,3,3,2,9,4
"COG4685",0,0,0,0,19,6
"COG4687",1,0,0,0,0,1
"COG4688",0,0,0,0,0,0
"COG4690",37,43,27,39,8,23
"COG4692",29,50,66,28,0,5
"COG4693",0,0,1,0,2,0
"COG4694",1,0,0,8,0,3
"COG4695",6,10,30,10,25,20
"COG4696",1,0,0,1,0,0
"COG4698",0,0,0,0,0,0
"COG4699",0,0,0,0,0,0
"COG4700",0,0,0,0,0,0
"COG4702",1,2,0,0,0,1
"COG4703",0,0,0,0,0,0
"COG4704",0,3,2,1,0,0
"COG4706",0,0,0,0,0,0
"COG4708",6,8,2,14,8,10
"COG4709",2,3,0,4,4,1
"COG4710",0,0,0,0,0,0
"COG4712",2,2,0,2,0,2
"COG4713",2,6,0,6,3,16
"COG4715",0,1,0,0,1,0
"COG4716",56,30,6,36,16,16
"COG4717",17,7,2,18,19,26
"COG4718",0,0,0,0,10,2
"COG4720",11,3,4,11,11,13
"COG4721",0,0,0,0,0,0
"COG4722",0,1,0,1,1,4
"COG4723",0,0,0,0,16,3
"COG4724",15,0,0,5,0,8
"COG4725",15,1,1,11,7,17
"COG4728",9,7,1,18,3,12
"COG4729",0,0,0,0,1,0
"COG4731",0,0,0,0,0,0
"COG4732",0,3,1,9,6,0
"COG4733",2,2,1,0,84,26
"COG4734",5,18,4,4,4,8
"COG4735",6,3,0,0,10,4
"COG4737",0,0,0,0,0,1
"COG4739",8,14,17,6,0,3
"COG4744",2,9,5,5,0,2
"COG4747",6,15,18,17,1,13
"COG4748",6,8,2,5,2,1
"COG4750",25,7,17,26,13,5
"COG4752",0,0,0,0,0,1
"COG4753",352,415,608,357,270,293
"COG4757",0,0,0,0,0,0
"COG4758",0,0,0,0,0,0
"COG4760",1,0,0,0,0,0
"COG4763",0,0,0,1,8,1
"COG4766",0,0,0,0,10,3
"COG4767",22,13,5,13,10,30
"COG4768",0,0,0,0,0,0
"COG4769",14,10,4,12,8,9
"COG4770",2,1,0,5,0,2
"COG4771",52,130,236,56,22,82
"COG4772",0,2,3,0,0,0
"COG4773",0,0,0,0,19,4
"COG4774",0,0,2,0,31,5
"COG4775",37,56,62,62,59,36
"COG4776",0,0,0,0,7,0
"COG4778",0,0,1,1,15,2
"COG4779",0,0,0,0,10,2
"COG4781",1,0,0,0,0,0
"COG4783",1,1,6,0,31,2
"COG4784",7,4,6,3,0,1
"COG4785",0,0,0,0,4,1
"COG4786",10,9,2,34,19,10
"COG4787",0,0,0,0,11,0
"COG4789",0,0,0,0,48,0
"COG4790",0,0,2,0,25,0
"COG4791",0,0,1,0,11,0
"COG4792",0,1,1,0,0,0
"COG4794",0,0,2,0,8,0
"COG4795",0,0,0,0,25,4
"COG4796",0,3,2,1,31,3
"COG4797",0,0,0,0,0,0
"COG4799",69,105,114,68,26,55
"COG4803",0,1,0,0,0,1
"COG4804",52,82,86,51,25,58
"COG4805",9,12,8,19,28,12
"COG4806",21,29,36,14,31,15
"COG4807",0,0,1,0,4,1
"COG4808",0,0,0,0,8,1
"COG4809",0,0,0,0,0,0
"COG4810",1,3,1,0,9,5
"COG4811",0,0,0,0,9,1
"COG4812",1,0,0,0,8,3
"COG4813",3,1,1,1,0,1
"COG4814",0,0,0,0,0,0
"COG4816",3,2,0,0,11,6
"COG4819",5,2,0,0,21,5
"COG4820",1,1,3,0,10,2
"COG4821",1,8,5,2,0,6
"COG4822",18,21,41,32,10,15
"COG4823",16,14,24,20,4,10
"COG4824",6,3,4,9,4,20
"COG4825",0,0,0,0,0,0
"COG4826",12,10,2,10,9,22
"COG4828",1,10,14,2,1,2
"COG4829",0,0,0,0,0,0
"COG4832",8,9,3,16,7,13
"COG4833",45,126,131,13,0,15
"COG4834",1,2,1,2,0,1
"COG4835",0,0,0,0,0,0
"COG4839",0,0,0,0,0,0
"COG4842",0,0,0,0,4,1
"COG4843",1,2,0,0,0,1
"COG4845",16,21,51,10,9,25
"COG4849",1,0,0,0,0,0
"COG4850",1,0,0,0,0,0
"COG4851",1,0,0,0,0,4
"COG4853",0,0,0,0,0,0
"COG4856",27,21,12,24,4,29
"COG4857",6,1,2,0,8,1
"COG4858",0,0,0,0,0,0
"COG4859",1,0,0,0,0,3
"COG4861",0,0,4,0,0,0
"COG4862",14,12,1,10,15,15
"COG4864",10,26,30,24,0,10
"COG4865",0,0,1,0,0,7
"COG4866",37,51,40,30,20,23
"COG4868",45,16,6,45,22,22
"COG4869",7,7,5,7,9,11
"COG4870",11,19,2,25,10,18
"COG4871",0,0,0,0,0,0
"COG4874",0,2,4,0,0,0
"COG4877",0,1,1,4,0,1
"COG4878",1,1,1,5,0,3
"COG4880",21,4,1,12,9,18
"COG4884",0,0,2,0,0,0
"COG4886",53,78,53,51,31,90
"COG4887",9,1,7,3,0,5
"COG4889",0,4,6,12,0,2
"COG4890",0,0,0,0,1,0
"COG4892",0,0,0,0,0,0
"COG4894",9,7,2,10,2,7
"COG4895",0,0,0,0,0,0
"COG4898",0,0,0,0,0,0
"COG4903",0,4,0,0,0,0
"COG4905",49,20,7,58,26,70
"COG4907",6,2,1,0,0,7
"COG4908",0,0,0,1,1,2
"COG4909",1,0,0,0,8,0
"COG4910",0,0,1,0,0,0
"COG4912",24,30,35,20,5,21
"COG4913",11,10,1,16,3,11
"COG4916",0,1,0,2,0,1
"COG4917",5,0,1,0,13,2
"COG4922",0,0,0,1,0,0
"COG4924",3,0,0,0,0,2
"COG4925",0,7,2,3,1,2
"COG4926",9,3,0,0,8,25
"COG4927",4,2,2,0,8,0
"COG4928",0,5,7,1,6,21
"COG4929",0,5,7,0,0,0
"COG4930",7,7,16,12,0,12
"COG4932",119,53,41,111,144,117
"COG4933",2,0,1,1,0,3
"COG4936",8,4,5,10,0,7
"COG4937",7,0,4,6,0,4
"COG4938",0,9,1,22,0,0
"COG4939",0,1,3,0,0,0
"COG4940",3,0,2,2,0,7
"COG4942",5,22,19,4,17,4
"COG4943",0,0,0,0,60,1
"COG4946",55,112,158,75,0,23
"COG4947",9,8,2,10,1,0
"COG4948",36,58,52,52,176,57
"COG4950",0,0,0,0,4,2
"COG4951",15,22,22,1,4,10
"COG4952",1,1,0,2,0,1
"COG4953",6,10,21,0,15,6
"COG4955",0,0,0,0,1,0
"COG4956",3,2,1,3,0,6
"COG4957",0,0,1,0,0,2
"COG4959",0,0,0,0,0,0
"COG4962",56,16,4,43,26,45
"COG4963",3,0,0,1,1,0
"COG4964",0,0,0,0,0,2
"COG4965",8,9,2,6,10,3
"COG4967",0,0,0,0,8,0
"COG4969",0,1,0,1,7,1
"COG4972",15,2,0,10,5,4
"COG4973",19,26,28,19,20,14
"COG4974",159,189,233,224,106,117
"COG4975",0,0,0,0,0,0
"COG4977",38,121,89,42,0,82
"COG4978",4,7,10,10,42,17
"COG4981",5,0,0,0,0,0
"COG4982",0,0,0,0,0,0
"COG4983",0,2,0,0,3,8
"COG4984",0,11,9,1,0,1
"COG4985",7,4,0,5,0,0
"COG4986",0,1,0,0,0,0
"COG4987",0,1,3,0,18,0
"COG4988",15,15,6,10,39,7
"COG4989",2,2,0,2,12,10
"COG4990",7,0,1,9,4,9
"COG4992",60,69,47,57,74,66
"COG4993",0,0,0,0,37,7
"COG4995",12,11,16,6,0,0
"COG4997",0,3,0,0,0,3
"COG4999",239,373,0,249,44,179
"COG5000",26,87,109,58,5,40
"COG5001",88,68,44,135,101,51
"COG5002",196,620,735,273,15,199
"COG5004",0,0,0,0,0,0
"COG5005",0,0,0,0,1,0
"COG5006",0,0,0,0,20,1
"COG5007",0,0,0,0,13,0
"COG5009",64,47,57,72,72,46
"COG5011",16,10,3,16,7,20
"COG5012",14,16,23,6,1,21
"COG5013",0,1,2,0,66,11
"COG5015",11,5,8,16,4,9
"COG5016",62,95,98,71,16,46
"COG5017",2,3,0,5,0,3
"COG5018",21,9,2,25,8,6
"COG5026",2,15,26,1,0,8
"COG5029",0,0,2,0,0,1
"COG5039",2,3,15,2,1,4
"COG5048",0,0,0,4,0,0
"COG5108",1,0,0,0,0,0
"COG5146",3,10,7,5,0,2
"COG5184",33,25,0,136,0,28
"COG5206",0,1,0,0,0,0
"COG5263",26,11,34,20,87,18
"COG5265",0,0,0,0,0,0
"COG5266",0,2,1,0,30,0
"COG5268",0,0,0,0,0,0
"COG5271",0,2,0,0,0,0
"COG5272",0,0,0,0,0,0
"COG5276",0,1,1,0,0,1
"COG5279",44,16,2,52,11,59
"COG5280",7,1,1,14,6,12
"COG5281",1,3,0,4,92,34
"COG5282",0,0,0,0,0,0
"COG5283",45,22,27,40,24,100
"COG5285",0,0,0,0,0,0
"COG5293",3,0,25,3,1,2
"COG5294",0,0,0,0,2,0
"COG5295",0,6,0,3,5,13
"COG5298",0,3,4,1,0,0
"COG5301",0,2,1,0,28,10
"COG5302",0,0,0,0,14,2
"COG5305",13,1,0,18,0,18
"COG5309",0,0,0,0,0,1
"COG5314",0,1,0,1,0,2
"COG5319",0,0,0,0,0,0
"COG5322",0,1,0,0,0,0
"COG5324",0,1,0,0,0,0
"COG5337",7,0,0,8,0,4
"COG5339",0,0,2,0,56,7
"COG5340",2,0,0,0,0,0
"COG5341",7,0,0,4,0,2
"COG5345",0,0,0,1,0,0
"COG5353",0,0,0,0,0,0
"COG5360",1,0,0,2,0,3
"COG5361",2,2,0,1,0,2
"COG5362",1,1,0,8,0,6
"COG5368",22,26,26,8,0,15
"COG5373",0,6,36,2,0,1
"COG5377",21,9,1,12,10,16
"COG5383",0,0,0,0,12,2
"COG5393",0,0,0,0,2,0
"COG5398",0,0,0,0,0,0
"COG5401",3,2,0,3,0,8
"COG5404",0,0,0,0,8,1
"COG5405",0,1,0,0,10,4
"COG5410",12,24,4,13,1,68
"COG5412",22,3,0,16,0,41
"COG5413",0,0,0,0,0,0
"COG5418",0,0,0,0,4,0
"COG5421",3,10,0,0,1,4
"COG5423",0,1,1,0,0,2
"COG5424",0,0,0,0,0,0
"COG5426",0,0,0,0,22,1
"COG5427",0,2,1,2,0,1
"COG5433",10,49,172,16,72,15
"COG5434",128,212,247,158,21,37
"COG5437",0,0,0,0,0,1
"COG5438",14,5,2,11,5,8
"COG5441",3,0,0,1,13,0
"COG5444",4,0,1,3,6,0
"COG5445",0,0,1,0,27,3
"COG5449",0,0,0,0,0,0
"COG5455",0,0,0,0,4,0
"COG5457",0,0,0,0,0,0
"COG5459",1,1,0,0,0,0
"COG5463",0,0,0,0,20,4
"COG5464",1,0,1,2,58,27
"COG5471",1,0,0,0,0,0
"COG5474",0,0,0,0,0,0
"COG5475",0,0,1,0,2,1
"COG5476",0,4,2,0,1,13
"COG5482",0,0,0,2,0,0
"COG5483",1,0,0,0,0,0
"COG5484",0,1,1,3,1,11
"COG5485",0,0,0,0,0,0
"COG5492",50,56,24,80,10,75
"COG5493",0,0,0,0,1,0
"COG5495",4,4,1,5,4,12
"COG5496",16,6,6,16,0,6
"COG5498",18,32,16,30,4,19
"COG5499",0,1,0,0,3,2
"COG5503",0,0,0,0,1,0
"COG5504",0,0,1,3,2,3
"COG5505",8,6,0,4,15,2
"COG5506",0,0,0,0,0,0
"COG5507",0,0,0,0,6,1
"COG5510",0,0,0,0,3,0
"COG5511",6,2,4,8,37,14
"COG5512",0,0,3,1,0,0
"COG5514",0,0,0,0,0,0
"COG5517",0,0,0,0,3,0
"COG5518",0,2,0,0,0,5
"COG5519",3,0,2,2,2,7
"COG5520",38,74,104,50,15,36
"COG5521",0,0,0,0,0,0
"COG5522",2,0,0,0,0,3
"COG5523",20,9,9,21,8,15
"COG5525",3,2,3,6,42,22
"COG5527",26,1,4,0,31,5
"COG5529",0,0,0,0,3,7
"COG5532",0,0,0,0,33,12
"COG5542",17,5,0,9,0,18
"COG5544",0,0,0,0,12,1
"COG5545",116,150,223,89,40,94
"COG5546",1,0,0,1,0,1
"COG5549",0,0,0,0,0,0
"COG5551",3,4,1,1,0,3
"COG5553",0,0,0,0,0,0
"COG5557",1,0,0,0,18,5
"COG5561",1,1,2,1,0,1
"COG5562",0,0,0,0,16,0
"COG5564",3,0,0,0,1,0
"COG5565",0,0,0,0,0,0
"COG5566",0,0,0,0,1,4
"COG5567",0,0,0,0,8,1
"COG5569",0,0,1,0,7,0
"COG5571",0,0,0,0,9,1
"COG5577",1,5,0,9,0,2
"COG5578",0,0,0,0,0,0
"COG5579",5,1,6,3,0,0
"COG5581",0,0,0,0,10,6
"COG5585",5,4,3,3,11,34
"COG5586",0,0,0,0,0,2
"COG5587",16,24,22,20,0,17
"COG5595",0,0,0,1,0,0
"COG5598",0,0,0,0,0,1
"COG5606",0,0,0,0,1,0
"COG5610",1,11,1,18,0,11
"COG5614",1,0,0,1,4,4
"COG5617",7,3,0,9,0,1
"COG5618",1,0,0,0,2,0
"COG5619",0,1,0,0,0,0
"COG5620",4,12,6,4,0,2
"COG5632",13,4,3,11,13,12
"COG5633",0,0,0,0,4,0
"COG5635",1,0,6,8,0,4
"COG5640",0,0,0,0,0,6
"COG5642",0,0,0,0,0,0
"COG5645",0,1,0,0,9,0
"COG5646",0,0,0,1,0,0
"COG5651",0,0,0,0,0,0
"COG5652",15,3,3,12,7,2
"COG5654",0,0,0,0,0,0
"COG5655",0,6,2,8,197,22
"COG5658",11,2,3,4,4,14
"COG5659",0,0,0,0,0,0
"COG5663",4,6,5,3,2,12
