"","NOM005","DOF014","DOM018","NLM026","NLM021","NOM025"
"COG0001",2,3,4,1,4,0
"COG0002",9,5,3,5,4,3
"COG0003",1,1,0,0,0,4
"COG0004",2,1,1,7,5,2
"COG0005",4,1,4,2,4,0
"COG0006",12,10,11,9,16,12
"COG0007",2,0,1,0,1,2
"COG0008",16,13,17,16,16,11
"COG0009",6,4,10,3,3,4
"COG0010",1,2,2,0,0,0
"COG0011",0,0,0,0,0,0
"COG0012",4,8,11,7,6,3
"COG0013",7,12,11,12,10,10
"COG0014",5,6,9,4,4,6
"COG0015",4,4,6,7,7,4
"COG0016",4,12,4,2,6,7
"COG0017",3,2,0,11,9,5
"COG0018",4,5,13,8,10,8
"COG0019",16,9,13,8,7,12
"COG0020",6,4,7,2,6,1
"COG0021",2,4,2,4,7,4
"COG0022",0,0,0,0,2,0
"COG0023",1,1,0,1,2,0
"COG0024",7,7,6,7,3,1
"COG0025",0,0,0,2,1,0
"COG0026",0,0,2,1,0,0
"COG0027",3,5,4,1,2,2
"COG0028",18,10,14,6,9,14
"COG0029",2,4,9,5,5,9
"COG0030",7,7,7,12,4,5
"COG0031",7,9,1,6,11,9
"COG0033",3,0,0,0,0,1
"COG0034",8,9,7,12,12,14
"COG0035",3,5,3,7,3,0
"COG0036",7,5,7,3,5,5
"COG0037",5,13,9,4,4,4
"COG0038",12,11,9,9,11,7
"COG0039",3,3,1,5,8,4
"COG0040",2,4,3,5,4,4
"COG0041",3,3,2,3,2,0
"COG0042",3,8,11,4,4,8
"COG0043",3,1,1,0,0,0
"COG0044",9,7,11,4,5,7
"COG0045",3,0,0,1,2,1
"COG0046",11,11,16,11,9,12
"COG0047",12,13,9,19,14,10
"COG0048",0,0,0,0,1,0
"COG0049",0,0,2,2,4,3
"COG0050",6,10,5,9,7,9
"COG0051",2,3,2,7,1,1
"COG0052",5,3,2,4,2,3
"COG0053",7,5,3,11,7,2
"COG0054",0,1,3,1,5,4
"COG0055",13,13,11,7,7,8
"COG0056",8,11,12,11,7,8
"COG0057",5,4,4,8,4,6
"COG0058",13,18,11,18,16,14
"COG0059",4,2,8,2,2,4
"COG0060",8,11,20,8,12,11
"COG0061",6,7,2,1,2,5
"COG0062",5,6,10,5,2,4
"COG0063",3,3,7,2,4,2
"COG0064",0,1,3,9,6,1
"COG0065",3,7,13,6,6,1
"COG0066",4,2,3,1,1,2
"COG0067",8,8,7,11,13,19
"COG0068",4,0,2,0,0,0
"COG0069",11,7,15,13,7,13
"COG0070",7,5,18,6,0,1
"COG0071",1,1,4,4,2,3
"COG0072",3,5,8,14,8,5
"COG0073",15,5,11,14,15,16
"COG0074",3,0,0,0,1,0
"COG0075",1,4,5,0,5,1
"COG0076",3,0,2,1,2,2
"COG0077",6,3,8,7,4,4
"COG0078",5,5,6,8,11,8
"COG0079",8,12,17,1,13,14
"COG0080",3,2,3,5,1,1
"COG0081",2,3,1,3,3,2
"COG0082",2,2,7,3,0,2
"COG0083",1,1,0,2,1,1
"COG0084",4,6,7,2,6,2
"COG0085",16,22,15,22,24,23
"COG0086",12,11,19,25,13,13
"COG0087",0,3,0,6,5,3
"COG0088",5,2,5,6,5,1
"COG0089",1,2,2,6,2,3
"COG0090",3,1,4,5,2,6
"COG0091",0,3,3,0,3,0
"COG0092",3,5,4,4,4,2
"COG0093",1,5,2,5,5,2
"COG0094",2,4,4,1,2,3
"COG0095",0,0,3,0,1,0
"COG0096",2,4,3,1,2,0
"COG0097",3,2,3,3,5,0
"COG0098",2,3,3,5,2,4
"COG0099",6,0,1,2,1,4
"COG0100",0,2,1,0,3,1
"COG0101",2,2,1,7,4,4
"COG0102",1,6,3,3,1,1
"COG0103",1,3,1,4,0,3
"COG0104",8,7,9,8,6,6
"COG0105",2,0,0,0,0,0
"COG0106",5,8,2,3,3,2
"COG0107",2,1,5,3,1,5
"COG0108",2,2,6,4,3,5
"COG0109",0,0,0,0,0,0
"COG0110",11,10,6,7,16,13
"COG0111",7,10,4,6,3,2
"COG0112",4,2,4,5,7,4
"COG0113",4,0,2,1,1,0
"COG0114",2,0,0,1,0,0
"COG0115",7,9,4,5,6,4
"COG0116",6,2,3,1,2,4
"COG0117",4,4,4,2,6,3
"COG0118",2,3,2,1,2,4
"COG0119",15,12,16,7,16,7
"COG0120",1,0,0,0,0,0
"COG0121",0,0,0,0,0,0
"COG0122",2,0,1,5,0,1
"COG0123",0,0,1,0,0,0
"COG0124",3,10,6,5,5,5
"COG0125",0,0,3,0,1,1
"COG0126",10,4,4,2,6,4
"COG0127",4,3,3,3,1,5
"COG0128",3,5,3,8,7,5
"COG0129",9,14,9,14,9,8
"COG0130",6,4,3,5,2,1
"COG0131",1,6,4,0,3,4
"COG0132",3,3,1,3,0,1
"COG0133",5,2,3,4,3,1
"COG0134",3,5,3,1,4,2
"COG0135",2,3,1,3,3,2
"COG0136",4,7,4,8,2,1
"COG0137",3,0,0,4,7,5
"COG0138",5,7,10,8,8,6
"COG0139",5,4,2,1,1,5
"COG0140",1,0,1,2,4,3
"COG0141",8,1,7,2,3,4
"COG0142",2,5,4,2,2,2
"COG0143",6,10,4,10,7,4
"COG0144",11,7,9,10,7,3
"COG0145",0,1,0,3,0,0
"COG0146",1,0,1,0,0,0
"COG0147",4,6,16,10,5,5
"COG0148",4,4,4,7,8,8
"COG0149",3,4,5,6,5,4
"COG0150",5,8,7,1,4,4
"COG0151",4,5,5,1,4,1
"COG0152",1,6,6,2,1,2
"COG0153",5,4,3,3,5,9
"COG0154",1,3,3,2,4,4
"COG0155",1,0,0,0,0,1
"COG0156",8,6,8,5,13,6
"COG0157",4,6,5,6,5,4
"COG0158",4,0,0,0,0,1
"COG0159",4,7,3,1,2,4
"COG0160",3,0,2,1,0,1
"COG0161",0,0,1,2,1,1
"COG0162",7,7,6,8,8,1
"COG0163",0,0,0,0,0,0
"COG0164",5,0,1,1,0,1
"COG0165",3,7,11,5,5,6
"COG0166",0,1,5,8,6,9
"COG0167",5,8,6,4,4,4
"COG0168",10,17,20,11,9,14
"COG0169",11,5,3,3,2,4
"COG0170",0,0,0,0,0,0
"COG0171",6,6,7,6,4,7
"COG0172",3,6,4,10,8,4
"COG0173",4,6,3,13,11,6
"COG0174",5,4,2,4,4,3
"COG0175",8,8,1,4,3,4
"COG0176",6,2,3,3,2,3
"COG0177",5,10,3,1,5,2
"COG0178",6,17,21,20,17,18
"COG0179",0,2,2,3,1,2
"COG0180",1,5,4,5,8,11
"COG0181",1,2,2,0,0,1
"COG0182",0,1,0,0,1,0
"COG0183",12,2,1,4,2,3
"COG0184",2,0,0,0,2,1
"COG0185",1,1,3,1,1,4
"COG0186",4,1,3,5,3,0
"COG0187",12,14,16,12,18,18
"COG0188",12,19,17,20,22,17
"COG0189",2,0,1,1,0,0
"COG0190",2,4,3,3,2,5
"COG0191",6,8,5,9,2,4
"COG0192",7,6,11,9,7,6
"COG0193",2,5,3,6,4,0
"COG0194",5,3,6,7,1,3
"COG0195",3,6,4,2,3,8
"COG0196",4,5,4,6,2,4
"COG0197",6,1,6,2,0,1
"COG0198",2,0,3,4,0,2
"COG0199",1,4,1,2,0,0
"COG0200",2,5,3,5,3,2
"COG0201",8,5,4,5,9,4
"COG0202",8,6,1,8,8,1
"COG0203",4,3,3,4,5,2
"COG0204",5,5,11,12,8,11
"COG0205",13,19,21,22,18,12
"COG0206",7,4,6,3,4,10
"COG0207",2,5,7,5,1,3
"COG0208",4,3,0,1,1,1
"COG0209",7,8,5,3,7,8
"COG0210",18,24,25,21,18,17
"COG0211",1,3,0,1,3,1
"COG0212",4,1,3,2,4,2
"COG0213",1,1,0,5,6,1
"COG0214",0,1,1,1,0,0
"COG0215",11,3,7,5,5,6
"COG0216",2,3,4,7,1,6
"COG0217",4,4,3,3,5,7
"COG0218",4,2,2,0,1,1
"COG0219",0,5,1,1,0,0
"COG0220",1,1,0,2,3,3
"COG0221",0,0,0,2,0,0
"COG0222",2,0,2,3,2,0
"COG0223",4,2,4,4,8,3
"COG0224",9,6,6,10,2,5
"COG0225",2,4,0,3,0,0
"COG0226",7,6,4,5,6,2
"COG0227",0,0,0,0,0,0
"COG0228",0,4,2,1,0,2
"COG0229",1,2,1,0,1,4
"COG0230",1,1,0,0,0,0
"COG0231",2,2,2,7,2,4
"COG0232",6,8,5,1,6,3
"COG0233",3,5,1,3,2,3
"COG0234",2,4,2,3,1,2
"COG0235",7,8,9,5,6,4
"COG0236",4,3,2,0,4,4
"COG0237",1,3,2,1,5,4
"COG0238",0,0,1,4,0,1
"COG0239",0,3,0,0,2,0
"COG0240",3,7,7,2,2,3
"COG0241",3,0,5,4,3,2
"COG0242",2,6,2,8,1,1
"COG0243",28,1,7,0,0,5
"COG0244",4,0,1,1,1,0
"COG0245",4,1,1,3,4,5
"COG0246",7,4,9,4,7,11
"COG0247",1,5,5,3,6,3
"COG0248",4,3,0,2,2,1
"COG0249",10,10,14,11,24,10
"COG0250",4,10,1,10,6,2
"COG0251",5,0,5,2,1,3
"COG0252",4,8,6,4,6,7
"COG0253",4,5,3,9,4,6
"COG0254",0,1,0,1,1,0
"COG0255",1,2,0,0,2,1
"COG0256",0,1,0,1,2,5
"COG0257",0,0,1,0,0,0
"COG0258",5,5,13,20,7,11
"COG0259",0,0,0,0,0,2
"COG0260",1,0,0,0,0,2
"COG0261",5,3,2,5,1,0
"COG0262",6,3,3,2,1,6
"COG0263",1,0,5,4,2,6
"COG0264",4,4,6,9,2,7
"COG0265",8,8,4,12,4,8
"COG0266",3,0,0,1,1,0
"COG0267",0,0,3,0,2,0
"COG0268",0,0,0,0,1,2
"COG0269",0,0,0,0,0,1
"COG0270",9,15,11,10,9,14
"COG0271",0,0,0,0,0,0
"COG0272",7,14,9,4,6,4
"COG0274",3,4,3,3,3,2
"COG0275",0,8,4,8,11,8
"COG0276",1,0,0,0,0,0
"COG0277",9,3,5,3,2,3
"COG0278",2,0,0,0,0,0
"COG0279",6,2,0,1,1,2
"COG0280",8,10,13,8,13,15
"COG0281",5,11,8,8,8,5
"COG0282",5,5,4,9,5,1
"COG0283",3,0,4,5,2,1
"COG0284",6,1,9,3,6,6
"COG0285",9,5,7,7,6,5
"COG0286",7,13,20,11,11,11
"COG0287",5,2,1,2,3,2
"COG0288",1,1,2,0,1,0
"COG0289",3,5,6,3,3,2
"COG0290",1,3,4,1,2,1
"COG0291",2,1,0,0,0,2
"COG0292",0,5,4,3,1,2
"COG0293",1,0,0,0,0,0
"COG0294",4,3,4,3,1,1
"COG0295",4,0,2,2,3,3
"COG0296",12,7,10,19,10,10
"COG0297",3,8,9,2,7,4
"COG0298",2,0,0,0,0,0
"COG0299",2,2,3,2,3,2
"COG0300",1,3,4,6,5,2
"COG0301",2,1,2,5,4,4
"COG0302",3,1,5,2,0,3
"COG0303",4,2,0,3,2,4
"COG0304",6,9,9,12,8,14
"COG0305",9,4,11,7,15,9
"COG0306",2,1,1,0,0,1
"COG0307",4,3,2,1,1,2
"COG0308",2,0,2,0,1,1
"COG0309",2,3,0,2,0,0
"COG0310",0,0,0,0,0,0
"COG0311",2,0,0,1,0,1
"COG0312",1,3,5,0,5,2
"COG0313",7,7,9,4,5,6
"COG0314",1,0,0,0,0,0
"COG0315",1,0,2,2,0,2
"COG0316",0,1,0,0,0,0
"COG0317",9,13,15,5,17,17
"COG0318",10,5,7,4,11,22
"COG0319",1,2,0,7,2,2
"COG0320",4,2,2,0,0,0
"COG0321",1,2,4,0,2,1
"COG0322",10,7,5,8,9,7
"COG0323",5,5,8,10,6,6
"COG0324",3,10,2,7,8,8
"COG0325",1,3,1,4,7,5
"COG0326",9,9,4,8,11,15
"COG0327",0,2,3,0,0,0
"COG0328",0,3,1,4,2,2
"COG0329",5,6,4,6,9,6
"COG0330",7,3,4,4,4,6
"COG0331",2,8,2,4,6,11
"COG0332",0,2,3,4,9,2
"COG0333",0,2,0,0,0,1
"COG0334",5,18,5,3,8,11
"COG0335",2,3,1,0,1,1
"COG0336",1,2,2,3,5,3
"COG0337",2,6,5,6,5,5
"COG0338",2,2,0,4,1,5
"COG0339",1,11,5,2,5,9
"COG0340",2,6,4,2,4,4
"COG0341",7,0,4,4,2,2
"COG0342",3,6,6,11,3,5
"COG0343",5,9,3,6,4,2
"COG0344",3,2,1,2,2,1
"COG0345",3,6,5,2,3,1
"COG0346",2,9,4,2,5,2
"COG0347",5,4,6,9,1,7
"COG0348",3,5,7,3,3,3
"COG0349",0,0,0,0,0,0
"COG0350",1,5,3,3,3,6
"COG0351",7,5,5,2,2,5
"COG0352",1,6,3,1,1,3
"COG0353",5,2,6,2,4,4
"COG0354",0,0,0,0,0,0
"COG0355",4,1,0,3,1,2
"COG0356",5,4,6,5,4,6
"COG0357",1,1,4,4,2,1
"COG0358",17,13,4,10,8,18
"COG0359",2,1,0,2,3,3
"COG0360",0,2,2,1,2,0
"COG0361",2,5,1,1,1,1
"COG0362",4,4,3,3,3,3
"COG0363",3,4,6,7,7,7
"COG0364",4,2,2,0,3,7
"COG0365",2,4,4,3,6,3
"COG0366",21,25,28,12,8,5
"COG0367",5,8,5,3,2,1
"COG0368",4,3,1,0,1,0
"COG0369",1,0,0,0,0,2
"COG0370",13,15,25,20,18,11
"COG0371",3,0,2,4,3,1
"COG0372",7,7,6,2,0,3
"COG0373",2,1,0,0,1,0
"COG0374",0,1,0,0,1,0
"COG0375",0,0,0,1,1,1
"COG0376",2,0,0,0,0,0
"COG0377",1,0,3,2,1,3
"COG0378",4,2,3,0,2,1
"COG0379",1,2,2,2,1,5
"COG0380",1,0,0,0,3,1
"COG0381",0,6,8,7,6,3
"COG0382",0,1,0,0,2,0
"COG0383",0,9,6,12,9,3
"COG0384",0,0,0,0,0,0
"COG0385",2,1,2,0,1,0
"COG0386",0,0,4,0,1,1
"COG0387",0,0,0,0,0,0
"COG0388",3,3,6,17,18,9
"COG0389",7,2,10,12,8,6
"COG0390",1,0,0,0,2,2
"COG0391",2,2,0,2,0,2
"COG0392",2,4,0,0,5,1
"COG0393",0,0,3,2,1,1
"COG0394",2,2,5,3,5,7
"COG0395",19,25,24,42,8,16
"COG0396",4,1,6,7,4,3
"COG0397",0,0,0,0,0,0
"COG0398",2,1,0,0,0,1
"COG0399",6,8,9,9,8,15
"COG0400",1,0,0,0,0,0
"COG0401",1,0,0,0,0,0
"COG0402",6,4,2,2,1,3
"COG0403",5,2,3,0,3,3
"COG0404",5,3,6,0,2,3
"COG0405",1,0,0,0,1,0
"COG0406",8,3,6,0,2,3
"COG0407",1,1,0,0,2,2
"COG0408",0,0,0,0,0,1
"COG0409",1,0,0,0,1,0
"COG0410",1,4,1,3,2,3
"COG0411",1,0,1,3,0,3
"COG0412",2,0,0,0,0,2
"COG0413",0,2,3,1,8,2
"COG0414",1,4,2,5,2,2
"COG0415",2,0,0,0,0,0
"COG0416",1,1,3,3,5,5
"COG0417",2,0,0,0,0,0
"COG0418",0,0,0,0,0,0
"COG0419",11,4,5,8,14,13
"COG0420",8,2,5,9,2,5
"COG0421",0,1,0,2,2,1
"COG0422",1,3,5,1,2,4
"COG0423",4,12,6,8,14,7
"COG0424",4,2,1,4,0,2
"COG0425",3,1,6,1,7,3
"COG0426",7,4,2,7,4,5
"COG0427",5,6,8,6,7,7
"COG0428",5,0,2,3,6,2
"COG0429",1,0,0,0,0,1
"COG0430",1,0,0,0,0,1
"COG0431",2,0,0,0,0,0
"COG0432",0,0,1,0,1,4
"COG0433",1,4,3,2,1,0
"COG0434",0,0,0,0,0,0
"COG0435",1,1,1,0,0,0
"COG0436",13,24,20,26,33,36
"COG0437",5,0,1,1,3,0
"COG0438",36,61,51,49,57,50
"COG0439",5,3,5,4,4,3
"COG0440",1,1,5,4,2,4
"COG0441",14,15,15,8,12,7
"COG0442",3,2,1,10,5,2
"COG0443",15,11,10,14,19,7
"COG0444",6,2,5,5,4,6
"COG0445",9,13,9,11,9,7
"COG0446",10,11,13,7,10,10
"COG0447",0,2,3,1,1,1
"COG0448",10,7,8,7,8,10
"COG0449",7,12,11,16,8,10
"COG0450",5,3,0,0,3,3
"COG0451",17,28,21,22,24,16
"COG0452",5,7,6,4,6,1
"COG0454",20,8,18,17,9,16
"COG0455",1,0,1,4,1,0
"COG0456",5,4,0,3,0,0
"COG0457",19,24,30,13,28,17
"COG0458",15,11,22,19,19,20
"COG0459",2,5,6,10,7,8
"COG0460",5,9,8,3,1,8
"COG0461",5,1,2,3,2,3
"COG0462",7,7,4,9,6,5
"COG0463",48,64,49,67,60,75
"COG0464",1,2,4,4,2,5
"COG0465",12,11,17,16,9,15
"COG0466",13,10,11,8,9,3
"COG0468",1,6,4,4,8,4
"COG0469",5,7,7,10,7,5
"COG0470",1,0,1,1,0,2
"COG0471",11,12,11,8,13,10
"COG0472",5,3,7,9,11,6
"COG0473",4,6,3,4,6,9
"COG0474",16,17,16,23,10,14
"COG0475",13,8,16,9,6,17
"COG0476",3,3,2,0,5,3
"COG0477",82,43,33,25,28,44
"COG0479",3,0,1,3,1,1
"COG0480",17,34,34,48,25,25
"COG0481",7,4,8,12,11,2
"COG0482",8,10,7,6,7,9
"COG0483",0,1,3,1,4,3
"COG0484",6,3,4,7,3,8
"COG0486",2,7,2,2,2,2
"COG0488",32,35,29,26,25,28
"COG0489",16,10,7,12,22,17
"COG0490",0,0,0,0,0,0
"COG0491",2,3,1,3,8,3
"COG0492",4,6,3,2,8,9
"COG0493",18,19,15,23,11,19
"COG0494",13,11,1,12,15,5
"COG0495",7,12,12,11,13,12
"COG0496",0,1,4,1,4,3
"COG0497",4,4,7,4,11,5
"COG0498",2,6,4,7,9,6
"COG0499",2,3,1,2,0,3
"COG0500",20,9,10,20,15,20
"COG0501",2,5,2,0,1,3
"COG0502",0,1,4,8,4,7
"COG0503",8,3,7,8,5,10
"COG0504",6,9,11,5,10,7
"COG0505",5,6,6,1,0,2
"COG0506",4,1,4,0,0,5
"COG0507",15,17,22,22,25,33
"COG0508",5,0,0,0,0,3
"COG0509",0,2,0,2,0,1
"COG0510",2,1,3,0,0,2
"COG0511",1,6,2,5,5,1
"COG0512",2,1,2,1,3,2
"COG0513",6,15,11,6,12,10
"COG0514",12,18,20,12,19,11
"COG0515",5,18,9,12,16,3
"COG0516",7,8,5,5,2,7
"COG0517",8,11,15,9,13,7
"COG0518",6,10,9,6,13,9
"COG0519",7,1,5,15,9,8
"COG0520",5,6,8,8,8,9
"COG0521",0,0,0,0,0,3
"COG0522",1,4,3,2,1,2
"COG0523",7,5,2,3,2,5
"COG0524",24,21,26,20,22,13
"COG0525",5,8,14,17,15,12
"COG0526",13,24,12,3,9,3
"COG0527",15,16,15,14,11,13
"COG0528",2,7,7,5,6,5
"COG0529",1,1,5,0,0,1
"COG0530",7,2,5,5,3,6
"COG0531",22,4,11,7,10,10
"COG0532",10,8,7,6,7,8
"COG0533",1,5,2,5,5,1
"COG0534",66,67,88,86,81,79
"COG0535",6,5,8,7,9,8
"COG0536",3,5,0,7,6,3
"COG0537",1,10,8,2,4,3
"COG0538",4,4,7,4,6,4
"COG0539",5,14,11,7,11,11
"COG0540",3,2,5,1,5,5
"COG0541",6,5,6,6,4,12
"COG0542",14,24,36,43,31,39
"COG0543",6,7,12,9,6,11
"COG0544",10,6,7,7,18,7
"COG0545",4,7,5,0,4,3
"COG0546",8,5,7,4,7,0
"COG0547",3,1,2,0,1,5
"COG0548",2,6,5,3,4,1
"COG0549",4,5,1,2,3,1
"COG0550",28,22,29,37,43,35
"COG0551",4,2,2,3,3,4
"COG0552",2,2,2,2,1,3
"COG0553",11,17,12,11,14,11
"COG0554",6,1,5,4,2,5
"COG0555",0,0,1,0,0,0
"COG0556",2,7,12,12,11,5
"COG0557",8,7,8,8,6,8
"COG0558",5,3,4,4,0,1
"COG0559",1,2,5,1,1,1
"COG0560",3,6,4,4,3,3
"COG0561",10,21,16,19,14,14
"COG0562",0,1,2,7,2,5
"COG0563",4,6,3,2,3,2
"COG0564",17,9,13,4,5,3
"COG0565",0,0,0,0,0,0
"COG0566",11,9,15,18,9,15
"COG0567",6,0,0,0,0,1
"COG0568",3,5,3,4,5,1
"COG0569",13,10,8,11,15,6
"COG0571",4,6,7,0,8,5
"COG0572",6,6,6,6,6,4
"COG0573",3,2,2,3,6,4
"COG0574",7,6,20,12,17,14
"COG0575",2,4,4,6,3,4
"COG0576",3,4,4,1,2,2
"COG0577",31,30,32,38,35,25
"COG0578",1,0,4,0,3,1
"COG0579",7,1,0,2,3,2
"COG0580",2,2,1,1,2,1
"COG0581",2,5,4,2,4,8
"COG0582",48,66,49,75,65,58
"COG0583",71,22,25,17,18,26
"COG0584",5,8,13,4,6,7
"COG0585",2,0,0,0,0,2
"COG0586",3,2,3,2,2,1
"COG0587",18,17,15,13,14,11
"COG0588",2,1,1,0,4,0
"COG0589",4,10,4,5,12,6
"COG0590",1,4,5,5,3,1
"COG0591",6,6,4,9,12,9
"COG0592",6,9,9,3,5,6
"COG0593",2,4,2,6,7,3
"COG0594",1,0,1,1,1,1
"COG0595",6,4,2,6,2,4
"COG0596",5,8,3,10,3,4
"COG0597",1,0,3,1,3,1
"COG0598",6,8,7,5,6,3
"COG0599",2,4,3,1,0,2
"COG0600",5,1,2,6,2,3
"COG0601",1,0,0,3,5,7
"COG0602",5,5,10,4,1,4
"COG0603",0,2,3,1,0,0
"COG0604",3,1,1,0,1,1
"COG0605",0,2,0,3,0,3
"COG0606",5,2,6,8,2,5
"COG0607",7,4,7,10,11,8
"COG0608",2,6,15,9,15,3
"COG0609",11,4,3,8,7,10
"COG0610",9,13,18,17,6,3
"COG0611",1,1,1,1,4,3
"COG0612",10,15,14,19,22,15
"COG0613",3,6,5,6,3,3
"COG0614",8,8,9,5,10,6
"COG0615",2,1,2,4,1,0
"COG0616",5,1,4,1,2,5
"COG0617",4,3,7,7,10,5
"COG0618",4,5,7,5,3,1
"COG0619",6,8,4,9,6,5
"COG0620",3,1,3,2,4,5
"COG0621",13,17,22,9,13,12
"COG0622",6,6,2,4,4,2
"COG0623",0,2,0,1,0,1
"COG0624",3,10,11,14,10,9
"COG0625",8,0,0,0,0,1
"COG0626",3,1,1,0,0,3
"COG0627",2,7,3,3,1,3
"COG0628",6,19,17,12,9,6
"COG0629",6,10,6,7,5,4
"COG0630",3,0,0,0,0,0
"COG0631",1,2,3,5,5,2
"COG0632",2,3,3,4,4,4
"COG0633",1,0,0,0,0,0
"COG0634",3,2,5,3,3,4
"COG0635",2,5,5,8,7,11
"COG0636",3,3,3,0,5,6
"COG0637",11,14,11,4,8,5
"COG0639",1,1,1,3,4,6
"COG0640",3,4,0,5,1,1
"COG0641",13,16,15,13,10,15
"COG0642",117,171,174,177,192,176
"COG0643",1,2,0,0,0,3
"COG0644",3,0,0,1,0,0
"COG0645",0,0,0,0,0,0
"COG0646",11,10,9,5,12,15
"COG0647",1,1,0,0,0,0
"COG0648",7,5,5,1,1,2
"COG0649",0,1,4,5,6,3
"COG0650",1,0,0,0,0,1
"COG0651",6,1,1,1,0,3
"COG0652",5,6,3,4,2,5
"COG0653",9,22,10,15,16,13
"COG0654",3,0,0,0,0,1
"COG0655",3,3,8,4,4,3
"COG0656",5,2,7,2,7,3
"COG0657",12,14,13,9,4,13
"COG0658",5,7,6,4,4,5
"COG0659",6,6,8,2,8,4
"COG0661",2,1,1,2,2,1
"COG0662",1,1,1,2,2,0
"COG0663",5,3,3,4,1,4
"COG0664",8,9,6,13,10,13
"COG0665",6,1,1,1,0,0
"COG0666",3,1,2,4,2,1
"COG0667",6,6,5,7,11,10
"COG0668",12,10,13,10,11,7
"COG0669",5,1,1,0,3,2
"COG0670",4,2,2,0,1,2
"COG0671",6,6,7,2,5,0
"COG0672",1,0,0,0,1,1
"COG0673",21,23,13,14,16,21
"COG0674",10,17,20,25,19,20
"COG0675",9,10,0,4,6,6
"COG0676",0,0,0,0,0,0
"COG0677",3,4,2,3,0,8
"COG0678",0,0,0,0,0,0
"COG0679",7,2,9,5,3,0
"COG0680",0,0,0,0,0,0
"COG0681",8,8,13,7,11,8
"COG0682",4,4,3,4,5,2
"COG0683",0,2,0,4,4,4
"COG0684",2,1,0,1,1,0
"COG0685",3,5,11,8,5,2
"COG0686",1,2,4,0,0,1
"COG0687",3,7,7,9,3,10
"COG0688",1,6,2,2,1,6
"COG0689",3,1,0,0,0,0
"COG0690",0,0,0,0,0,0
"COG0691",2,6,1,6,3,1
"COG0692",1,5,2,4,2,3
"COG0693",4,4,3,2,0,3
"COG0694",1,0,0,0,0,0
"COG0695",0,0,0,0,0,2
"COG0696",4,8,6,7,8,8
"COG0697",15,16,15,13,13,14
"COG0698",3,2,3,2,3,2
"COG0699",2,2,1,2,0,0
"COG0700",3,2,0,1,5,3
"COG0701",0,1,0,1,5,2
"COG0702",2,0,1,0,0,1
"COG0703",5,5,6,4,5,5
"COG0704",3,7,2,6,7,3
"COG0705",3,3,4,3,0,7
"COG0706",10,11,9,11,10,10
"COG0707",11,10,5,8,13,5
"COG0708",1,1,2,2,3,1
"COG0709",4,0,0,0,0,0
"COG0710",0,1,0,0,0,1
"COG0711",4,4,3,3,5,6
"COG0712",3,2,4,0,5,2
"COG0713",1,0,2,0,3,0
"COG0714",18,8,10,1,5,1
"COG0715",1,1,3,5,4,4
"COG0716",6,11,6,6,11,5
"COG0717",0,0,1,0,0,1
"COG0718",0,0,1,5,2,3
"COG0719",8,12,9,17,6,9
"COG0720",1,1,2,0,1,2
"COG0721",0,1,1,0,0,0
"COG0722",4,1,3,2,2,4
"COG0723",0,0,0,0,0,1
"COG0724",2,2,0,1,4,3
"COG0725",0,0,0,1,1,1
"COG0726",16,9,9,16,13,13
"COG0727",0,2,0,0,0,0
"COG0728",4,1,2,1,0,1
"COG0729",0,0,0,0,0,2
"COG0730",3,0,2,1,1,0
"COG0731",1,2,4,3,1,4
"COG0732",3,9,12,13,8,4
"COG0733",10,7,11,11,12,10
"COG0735",5,11,3,2,5,3
"COG0736",2,0,2,0,0,2
"COG0737",10,10,4,9,9,16
"COG0738",4,12,5,7,7,18
"COG0739",8,15,23,41,21,21
"COG0740",5,10,4,5,7,4
"COG0741",10,9,6,6,5,4
"COG0742",1,2,5,3,1,4
"COG0743",2,7,5,3,6,6
"COG0744",7,1,5,7,6,11
"COG0745",70,85,100,62,81,64
"COG0746",1,1,1,1,0,2
"COG0747",16,3,6,9,10,9
"COG0749",5,16,10,0,2,1
"COG0750",7,9,4,6,4,8
"COG0751",2,0,0,0,3,0
"COG0752",3,0,0,1,0,1
"COG0753",2,1,0,2,1,1
"COG0754",1,0,0,0,0,0
"COG0755",0,1,3,1,5,1
"COG0756",3,2,5,3,2,4
"COG0757",0,3,1,1,2,1
"COG0758",5,5,5,4,8,7
"COG0759",0,1,1,0,0,3
"COG0760",5,8,3,7,8,3
"COG0761",5,1,3,7,9,5
"COG0762",1,0,0,0,0,1
"COG0763",1,2,2,2,3,3
"COG0764",2,6,4,5,3,3
"COG0765",12,10,11,11,8,6
"COG0766",10,5,3,12,9,7
"COG0767",2,5,2,1,0,0
"COG0768",4,5,11,29,27,23
"COG0769",10,6,7,11,13,7
"COG0770",8,12,12,14,14,6
"COG0771",2,5,6,11,5,11
"COG0772",13,11,11,25,11,9
"COG0773",8,5,8,5,9,7
"COG0774",1,8,2,3,4,4
"COG0775",7,6,8,2,3,5
"COG0776",2,8,6,2,2,1
"COG0777",7,0,3,5,1,0
"COG0778",9,20,14,7,9,13
"COG0779",1,0,0,3,2,0
"COG0780",3,4,4,1,0,1
"COG0781",1,0,1,4,2,3
"COG0782",9,5,6,4,6,3
"COG0783",0,1,3,0,1,1
"COG0784",36,22,19,12,28,33
"COG0785",0,0,0,1,0,0
"COG0786",3,0,2,1,3,0
"COG0787",8,3,8,10,8,7
"COG0788",2,2,0,0,2,1
"COG0789",11,10,9,6,7,5
"COG0790",10,2,9,1,2,1
"COG0791",6,6,10,13,11,18
"COG0792",4,3,0,3,2,3
"COG0793",13,21,27,24,24,29
"COG0794",3,0,1,2,3,1
"COG0795",6,2,8,3,7,3
"COG0796",4,1,0,3,4,6
"COG0797",1,0,1,0,1,0
"COG0798",0,0,1,0,0,1
"COG0799",2,5,3,4,5,2
"COG0800",0,6,3,2,1,4
"COG0801",0,2,3,8,1,1
"COG0802",1,3,1,6,0,3
"COG0803",3,3,8,6,2,1
"COG0804",1,1,0,1,1,0
"COG0805",4,2,2,0,1,2
"COG0806",3,2,5,3,2,1
"COG0807",0,2,6,7,7,4
"COG0809",0,1,3,10,2,11
"COG0810",0,0,0,0,0,0
"COG0811",2,7,3,2,9,4
"COG0812",5,3,3,3,4,2
"COG0813",0,0,1,1,1,3
"COG0814",12,0,0,0,0,2
"COG0815",0,1,0,0,0,1
"COG0816",1,3,1,2,1,3
"COG0817",0,2,1,3,1,3
"COG0818",0,1,0,1,0,0
"COG0819",2,0,1,0,0,1
"COG0820",8,9,7,5,4,0
"COG0821",8,10,9,4,10,8
"COG0822",1,7,6,4,3,0
"COG0823",2,2,3,2,2,1
"COG0824",2,4,2,0,3,1
"COG0825",5,2,1,3,6,2
"COG0826",3,6,2,15,8,14
"COG0827",14,22,20,28,10,12
"COG0828",0,0,1,1,1,0
"COG0829",0,0,0,0,0,0
"COG0830",0,0,0,0,1,0
"COG0831",0,0,0,0,0,0
"COG0832",0,0,0,0,0,0
"COG0833",1,0,0,0,1,1
"COG0834",16,9,13,13,7,14
"COG0835",2,4,1,2,2,1
"COG0836",8,1,2,3,3,8
"COG0837",1,0,0,0,0,0
"COG0838",1,0,1,0,0,0
"COG0839",0,3,0,1,4,0
"COG0840",15,12,24,21,26,23
"COG0841",38,45,69,37,86,56
"COG0842",16,11,13,12,11,17
"COG0843",1,0,0,0,0,0
"COG0845",26,41,37,23,45,49
"COG0846",1,3,5,4,6,3
"COG0847",4,2,3,5,3,2
"COG0848",1,0,0,0,0,1
"COG0849",2,4,5,1,3,1
"COG0850",2,0,2,1,0,1
"COG0851",1,0,0,2,0,0
"COG0852",4,5,1,2,3,3
"COG0853",2,2,3,2,1,2
"COG0854",0,6,2,1,0,0
"COG0855",3,5,11,7,12,11
"COG0857",1,3,1,0,0,1
"COG0858",3,5,1,2,2,4
"COG0859",3,1,1,1,1,3
"COG0860",10,5,6,5,10,3
"COG0861",5,0,0,0,1,3
"COG0863",0,0,3,4,2,5
"COG0864",0,0,0,0,0,0
"COG1001",5,2,2,2,6,3
"COG1002",4,18,5,6,1,1
"COG1003",6,4,3,0,1,4
"COG1004",5,13,7,4,3,6
"COG1005",1,1,1,1,2,1
"COG1006",0,0,0,0,1,0
"COG1007",6,2,1,1,3,3
"COG1008",1,0,3,1,3,0
"COG1009",4,3,7,1,2,5
"COG1010",0,2,0,1,0,3
"COG1011",9,11,7,5,6,7
"COG1012",14,7,6,7,9,13
"COG1013",8,19,17,15,24,16
"COG1014",16,17,15,18,16,18
"COG1015",2,1,2,3,3,3
"COG1017",0,0,0,0,0,0
"COG1018",8,0,0,0,1,1
"COG1020",15,5,0,3,6,4
"COG1021",2,0,0,0,0,1
"COG1022",2,21,18,13,19,9
"COG1023",0,0,0,0,0,0
"COG1024",7,1,0,1,1,6
"COG1025",4,0,0,0,0,1
"COG1026",5,2,5,2,7,3
"COG1027",4,2,3,1,2,2
"COG1028",26,28,19,24,12,23
"COG1030",0,0,0,0,2,0
"COG1032",18,9,7,14,10,5
"COG1033",13,2,7,4,10,7
"COG1034",2,0,0,2,3,4
"COG1035",2,6,3,4,9,9
"COG1038",0,1,1,0,2,2
"COG1039",0,0,0,0,0,0
"COG1040",2,4,5,3,3,3
"COG1041",0,1,1,0,1,0
"COG1042",2,5,2,0,2,3
"COG1043",2,3,2,0,4,4
"COG1044",2,3,2,2,3,1
"COG1045",2,5,3,8,6,4
"COG1047",1,3,1,0,1,2
"COG1048",5,11,14,10,10,15
"COG1049",4,0,0,0,0,0
"COG1051",0,3,4,1,2,1
"COG1052",2,2,4,4,6,6
"COG1053",12,13,14,4,16,15
"COG1054",0,0,0,0,0,0
"COG1055",3,3,3,1,4,0
"COG1056",0,0,0,0,1,2
"COG1057",1,1,1,5,1,5
"COG1058",2,1,1,3,3,3
"COG1059",0,0,0,0,0,0
"COG1060",6,6,6,6,7,7
"COG1061",4,9,14,11,17,21
"COG1062",0,0,0,0,0,0
"COG1063",15,10,8,13,5,4
"COG1064",1,0,0,0,0,2
"COG1066",5,8,5,6,9,10
"COG1067",1,0,0,0,0,0
"COG1069",3,4,0,1,0,2
"COG1070",17,15,17,8,11,11
"COG1071",0,1,1,0,1,0
"COG1072",0,0,0,0,0,0
"COG1073",11,9,12,13,12,9
"COG1074",9,9,11,16,15,9
"COG1075",0,1,0,1,3,0
"COG1076",1,4,2,1,0,0
"COG1077",6,6,14,14,9,4
"COG1078",2,0,0,0,3,1
"COG1079",0,0,0,4,4,5
"COG1080",12,4,1,6,9,1
"COG1082",7,4,6,6,7,5
"COG1083",0,2,0,2,2,8
"COG1085",3,1,0,0,0,0
"COG1086",4,13,15,13,8,6
"COG1087",2,5,10,8,3,0
"COG1088",5,3,3,6,5,5
"COG1089",1,3,6,4,1,4
"COG1090",3,0,0,0,0,3
"COG1091",2,6,6,6,6,1
"COG1092",12,3,9,6,7,9
"COG1098",0,0,1,0,0,0
"COG1099",0,0,0,0,0,0
"COG1101",0,2,2,5,2,5
"COG1102",0,0,0,0,0,0
"COG1104",7,6,8,7,2,8
"COG1105",3,3,1,0,1,0
"COG1106",2,14,8,5,9,8
"COG1108",4,2,4,1,3,6
"COG1109",11,14,20,22,14,7
"COG1112",3,10,10,9,15,21
"COG1113",5,0,0,0,0,2
"COG1114",2,3,3,2,2,0
"COG1115",10,7,16,15,18,12
"COG1116",2,1,3,5,2,1
"COG1117",1,3,5,3,4,3
"COG1118",2,2,2,0,2,1
"COG1119",3,1,3,1,2,0
"COG1120",4,3,4,6,2,11
"COG1121",5,6,3,3,5,3
"COG1122",7,11,10,13,5,2
"COG1123",4,4,2,0,0,2
"COG1124",1,0,0,0,0,0
"COG1125",1,1,0,1,0,0
"COG1126",9,7,7,10,9,7
"COG1127",0,2,5,0,1,1
"COG1129",21,3,6,21,5,11
"COG1131",29,17,18,30,28,18
"COG1132",52,47,51,82,62,51
"COG1133",2,0,0,0,0,0
"COG1134",4,5,2,4,4,3
"COG1135",2,0,1,3,0,3
"COG1136",5,9,10,29,24,15
"COG1137",0,1,2,0,1,1
"COG1138",4,0,1,0,0,2
"COG1139",1,3,0,0,3,2
"COG1140",2,1,0,0,0,1
"COG1141",0,0,0,0,1,0
"COG1142",8,0,0,0,0,4
"COG1143",3,1,2,0,1,1
"COG1144",0,1,0,0,0,0
"COG1145",9,17,8,17,8,9
"COG1146",4,0,2,0,2,0
"COG1148",0,3,0,1,2,1
"COG1149",0,0,0,0,0,0
"COG1150",0,0,0,1,1,0
"COG1151",6,4,7,4,5,6
"COG1152",0,0,0,1,1,1
"COG1154",8,14,14,7,13,16
"COG1155",0,0,2,4,6,6
"COG1156",2,4,1,4,8,1
"COG1157",0,0,1,0,1,0
"COG1158",4,5,1,2,3,1
"COG1159",2,6,4,5,3,1
"COG1160",8,13,6,6,12,5
"COG1161",4,1,1,1,1,0
"COG1162",7,3,4,5,5,6
"COG1164",3,6,7,5,5,2
"COG1165",3,1,2,2,0,1
"COG1166",6,0,5,2,7,3
"COG1167",6,13,5,10,4,4
"COG1168",2,3,5,4,10,6
"COG1169",2,0,2,0,0,4
"COG1171",6,1,4,4,3,5
"COG1172",11,3,5,9,7,5
"COG1173",7,2,2,10,7,9
"COG1174",1,0,0,0,0,1
"COG1175",21,19,29,35,20,20
"COG1176",2,4,3,4,2,5
"COG1177",7,5,8,4,1,4
"COG1178",1,2,3,4,1,1
"COG1179",3,5,3,4,2,5
"COG1180",8,5,3,3,5,1
"COG1181",6,2,1,8,4,4
"COG1182",0,0,1,0,2,0
"COG1183",0,3,4,0,5,2
"COG1184",0,0,0,0,0,0
"COG1185",6,15,15,13,10,8
"COG1186",2,6,6,8,9,3
"COG1187",8,3,2,7,6,5
"COG1188",1,0,1,1,0,2
"COG1189",3,3,7,2,1,2
"COG1190",7,4,4,2,2,6
"COG1191",6,6,14,17,5,6
"COG1192",15,15,6,14,14,17
"COG1193",1,0,1,13,9,3
"COG1194",2,4,6,5,4,2
"COG1195",2,10,10,7,2,4
"COG1196",6,6,4,11,13,6
"COG1197",14,14,18,18,10,7
"COG1198",5,9,9,6,9,7
"COG1199",5,3,1,8,6,8
"COG1200",2,1,2,10,9,7
"COG1201",2,3,0,2,0,0
"COG1203",4,9,3,4,3,4
"COG1204",2,0,0,0,3,5
"COG1205",1,1,2,0,0,1
"COG1206",1,1,0,1,0,4
"COG1207",1,0,0,1,1,1
"COG1208",1,9,3,5,8,4
"COG1209",5,5,5,2,6,7
"COG1210",2,4,2,0,1,0
"COG1211",2,10,4,2,3,4
"COG1212",0,0,2,1,3,0
"COG1213",0,0,0,0,0,0
"COG1214",2,3,3,9,5,2
"COG1215",3,6,8,3,4,5
"COG1216",7,11,16,10,12,11
"COG1217",4,12,7,13,8,12
"COG1218",1,3,2,0,2,1
"COG1219",9,6,8,5,1,2
"COG1220",2,0,1,1,1,0
"COG1221",10,0,0,2,0,1
"COG1225",1,5,0,0,1,1
"COG1226",9,2,1,3,0,2
"COG1227",1,3,3,3,3,6
"COG1228",3,1,3,1,3,7
"COG1230",2,2,0,0,2,1
"COG1232",1,2,1,1,4,2
"COG1233",0,0,1,1,3,0
"COG1234",5,5,4,5,1,5
"COG1235",1,5,8,5,7,6
"COG1236",1,2,3,2,5,1
"COG1237",0,0,1,1,2,0
"COG1238",3,1,2,1,3,2
"COG1239",0,1,0,0,1,0
"COG1240",0,0,0,0,0,0
"COG1242",2,5,3,2,1,3
"COG1243",0,4,1,0,0,0
"COG1246",1,0,0,0,1,1
"COG1247",2,2,1,3,1,2
"COG1249",9,7,4,2,3,8
"COG1250",1,0,1,0,2,5
"COG1251",2,0,0,0,0,0
"COG1252",0,0,0,1,0,1
"COG1253",9,6,12,4,4,3
"COG1254",2,0,0,0,1,1
"COG1256",4,1,1,5,1,5
"COG1257",0,0,0,0,0,0
"COG1259",3,0,2,0,0,1
"COG1260",2,2,2,0,0,2
"COG1261",0,0,0,0,0,0
"COG1262",1,4,0,3,3,1
"COG1263",25,7,6,7,8,11
"COG1264",19,2,4,2,3,8
"COG1266",6,6,9,2,5,4
"COG1267",2,1,2,0,1,0
"COG1268",1,3,4,1,0,3
"COG1269",2,9,4,3,4,3
"COG1270",3,4,6,2,0,1
"COG1271",3,5,5,1,1,3
"COG1272",1,3,4,2,2,2
"COG1273",0,0,0,0,0,0
"COG1274",0,1,1,2,2,0
"COG1275",1,0,0,0,0,0
"COG1276",0,0,0,0,0,0
"COG1277",1,4,0,2,0,1
"COG1278",3,0,1,0,0,0
"COG1279",1,0,0,0,0,0
"COG1280",4,1,0,0,0,1
"COG1281",3,1,4,0,3,0
"COG1282",0,0,1,0,0,1
"COG1283",13,3,10,11,14,16
"COG1284",8,8,16,9,8,8
"COG1285",3,1,1,3,2,1
"COG1286",3,0,0,0,1,0
"COG1287",0,0,0,0,0,0
"COG1288",2,0,0,4,2,2
"COG1289",10,0,0,0,0,1
"COG1290",0,0,0,0,0,0
"COG1291",1,0,0,2,0,3
"COG1292",3,0,2,1,0,5
"COG1293",3,4,9,3,8,4
"COG1294",2,6,1,2,5,2
"COG1295",5,3,1,1,5,4
"COG1296",3,2,2,1,2,2
"COG1297",2,2,6,1,2,1
"COG1298",4,1,1,0,0,3
"COG1299",4,3,3,8,2,8
"COG1300",0,1,0,0,0,0
"COG1301",6,4,8,0,8,5
"COG1302",2,3,2,1,0,1
"COG1304",2,1,2,3,3,1
"COG1305",2,7,4,3,2,3
"COG1306",1,0,0,0,0,0
"COG1307",9,5,5,12,7,8
"COG1309",11,12,2,9,9,8
"COG1310",0,3,1,0,1,0
"COG1312",4,5,3,1,5,3
"COG1313",0,0,0,2,2,1
"COG1314",0,0,0,0,0,0
"COG1315",2,2,0,0,1,2
"COG1316",6,5,0,6,5,3
"COG1317",1,0,0,0,0,0
"COG1319",1,1,0,0,1,4
"COG1320",0,0,0,0,0,0
"COG1321",1,2,2,2,2,1
"COG1322",3,3,1,1,0,5
"COG1323",1,3,2,3,4,4
"COG1324",1,0,0,1,0,0
"COG1327",2,3,3,3,5,3
"COG1328",14,14,11,12,23,12
"COG1329",0,0,1,0,0,0
"COG1330",0,0,0,0,0,2
"COG1331",0,0,0,0,0,0
"COG1332",0,0,0,0,0,0
"COG1333",0,0,0,0,0,0
"COG1335",1,3,0,2,5,3
"COG1336",0,0,0,0,0,0
"COG1337",0,0,0,0,1,0
"COG1338",0,0,0,0,1,0
"COG1342",0,1,0,3,1,2
"COG1343",0,2,0,2,0,1
"COG1344",2,1,1,2,8,1
"COG1345",2,0,0,0,0,1
"COG1346",1,1,2,4,2,4
"COG1347",0,1,2,1,4,0
"COG1348",0,1,1,0,0,1
"COG1349",7,0,3,4,4,3
"COG1350",1,3,0,4,5,2
"COG1351",0,3,1,2,2,2
"COG1352",2,0,0,1,2,1
"COG1353",1,0,0,0,0,0
"COG1354",1,3,1,3,0,0
"COG1355",0,1,0,0,0,0
"COG1357",6,0,1,2,1,1
"COG1358",2,0,0,1,2,2
"COG1359",2,2,1,1,0,0
"COG1360",0,0,0,2,0,0
"COG1361",0,0,1,0,0,1
"COG1362",7,5,7,5,5,1
"COG1363",3,0,1,4,0,2
"COG1364",4,5,2,8,4,4
"COG1366",0,0,0,1,3,1
"COG1368",11,16,8,11,9,8
"COG1372",0,0,0,0,0,0
"COG1373",17,29,23,24,16,25
"COG1376",5,6,5,5,0,3
"COG1377",1,1,0,0,2,2
"COG1378",0,1,0,2,0,0
"COG1379",0,0,0,0,0,0
"COG1380",3,1,1,1,0,0
"COG1381",2,3,1,2,0,3
"COG1384",0,0,0,0,0,0
"COG1385",4,1,3,2,3,1
"COG1386",0,0,0,3,2,1
"COG1387",5,7,8,3,2,5
"COG1388",4,1,3,14,6,3
"COG1390",0,1,0,0,0,0
"COG1391",2,1,1,0,0,0
"COG1392",0,0,0,0,0,0
"COG1393",2,0,0,1,0,0
"COG1394",2,2,2,4,2,1
"COG1396",14,4,7,11,11,8
"COG1397",3,3,0,4,1,1
"COG1399",1,2,1,4,0,1
"COG1401",2,8,3,2,0,1
"COG1402",1,0,0,0,0,3
"COG1403",4,0,1,0,0,0
"COG1404",4,16,10,11,13,8
"COG1406",0,0,0,0,0,0
"COG1408",4,3,4,7,8,5
"COG1409",3,10,17,9,7,13
"COG1410",13,13,15,9,12,6
"COG1413",1,0,0,0,0,0
"COG1414",5,0,2,2,3,2
"COG1415",0,0,0,0,0,0
"COG1416",0,0,0,0,0,0
"COG1418",4,16,8,4,11,5
"COG1419",0,2,0,3,0,2
"COG1420",3,1,3,5,4,3
"COG1424",0,0,0,0,0,0
"COG1426",0,0,0,0,0,0
"COG1427",0,0,0,1,0,0
"COG1428",0,0,0,0,0,0
"COG1429",2,7,6,2,8,9
"COG1430",0,0,0,0,0,0
"COG1431",0,0,0,0,0,0
"COG1432",0,1,5,2,0,1
"COG1433",0,2,1,0,1,0
"COG1434",1,0,0,2,1,1
"COG1435",3,3,5,3,3,4
"COG1436",0,0,0,0,1,0
"COG1437",0,0,0,0,0,0
"COG1438",3,6,2,2,1,3
"COG1440",1,1,1,0,1,0
"COG1441",1,0,0,0,0,0
"COG1442",5,2,3,5,2,3
"COG1443",0,0,0,0,0,2
"COG1444",1,0,0,0,0,2
"COG1445",7,1,1,4,3,4
"COG1446",0,0,0,0,0,0
"COG1447",0,0,0,1,0,1
"COG1448",2,0,0,0,0,0
"COG1449",0,1,3,4,1,0
"COG1450",1,0,0,0,0,2
"COG1451",5,7,2,2,1,1
"COG1452",3,0,0,0,0,1
"COG1453",2,2,4,3,3,2
"COG1454",30,17,16,11,7,16
"COG1455",6,2,1,1,0,1
"COG1456",1,0,0,2,0,0
"COG1457",3,1,2,1,3,1
"COG1459",5,3,4,7,4,1
"COG1461",3,2,4,10,4,5
"COG1462",1,0,0,0,0,0
"COG1463",1,0,0,0,0,0
"COG1464",3,5,2,1,1,2
"COG1465",0,0,0,0,0,0
"COG1466",2,3,2,3,6,4
"COG1468",1,0,0,1,0,0
"COG1469",2,0,0,0,0,0
"COG1470",0,3,0,0,2,0
"COG1472",37,54,44,22,18,25
"COG1473",11,2,9,0,4,4
"COG1475",17,18,12,18,12,17
"COG1476",1,0,0,2,0,1
"COG1477",5,6,4,4,4,4
"COG1479",3,5,4,6,9,8
"COG1480",2,3,3,3,4,11
"COG1481",1,2,1,5,2,1
"COG1482",5,10,4,3,2,2
"COG1483",0,0,0,0,0,0
"COG1484",5,8,11,16,10,7
"COG1485",1,0,0,0,0,0
"COG1486",8,1,1,1,1,2
"COG1487",0,0,0,0,0,0
"COG1488",4,3,6,6,6,5
"COG1489",1,0,0,3,0,0
"COG1490",1,3,3,3,3,2
"COG1492",0,1,0,0,3,5
"COG1493",0,1,2,6,0,1
"COG1494",1,0,0,0,0,0
"COG1495",1,0,0,0,0,0
"COG1496",0,3,6,3,2,2
"COG1501",14,15,18,26,18,27
"COG1502",12,12,13,7,14,12
"COG1505",0,0,0,1,2,0
"COG1506",12,14,17,13,24,26
"COG1507",0,0,0,0,0,0
"COG1508",1,5,6,3,4,3
"COG1509",5,0,3,1,0,3
"COG1511",6,5,7,11,11,6
"COG1512",1,6,2,3,4,2
"COG1513",0,0,0,0,0,0
"COG1514",1,0,0,0,0,0
"COG1515",0,0,0,0,0,0
"COG1516",3,1,0,0,0,0
"COG1518",8,4,0,2,5,0
"COG1519",0,7,4,1,8,4
"COG1520",4,1,6,11,4,9
"COG1521",3,5,5,6,8,2
"COG1522",7,6,6,3,6,6
"COG1523",10,10,13,3,0,4
"COG1524",2,16,8,7,4,7
"COG1525",0,0,0,0,0,0
"COG1526",2,0,0,0,0,0
"COG1527",2,1,2,1,1,0
"COG1528",2,1,1,1,2,4
"COG1529",9,3,8,5,1,8
"COG1530",5,2,6,2,1,0
"COG1533",4,2,3,9,2,7
"COG1534",1,1,1,1,0,0
"COG1535",2,0,0,0,0,0
"COG1536",1,0,1,0,0,2
"COG1538",16,41,39,16,35,28
"COG1539",0,1,1,1,3,3
"COG1540",1,0,0,0,1,0
"COG1541",3,4,5,5,9,6
"COG1543",0,0,0,1,0,0
"COG1544",4,2,0,5,1,3
"COG1545",0,0,0,0,0,0
"COG1546",4,1,3,3,2,3
"COG1550",0,0,0,0,0,0
"COG1551",0,2,0,0,0,0
"COG1553",1,0,0,0,0,0
"COG1554",3,4,1,8,0,3
"COG1555",0,5,1,3,1,2
"COG1556",0,0,0,0,1,4
"COG1558",1,0,1,0,0,0
"COG1559",2,8,2,1,0,0
"COG1560",4,0,2,0,2,1
"COG1561",3,4,4,6,5,1
"COG1562",0,0,0,0,0,0
"COG1564",2,5,1,3,4,2
"COG1565",0,0,0,0,0,0
"COG1566",4,4,2,3,1,5
"COG1567",0,1,0,2,0,0
"COG1568",0,0,0,0,0,0
"COG1569",0,0,0,0,0,0
"COG1570",4,5,4,9,5,5
"COG1573",1,0,1,2,2,2
"COG1574",2,2,2,0,0,0
"COG1575",0,0,2,1,4,2
"COG1576",2,2,1,2,3,1
"COG1577",0,0,0,0,0,0
"COG1578",1,0,0,0,0,0
"COG1579",0,0,2,1,1,0
"COG1580",1,0,0,0,0,0
"COG1582",1,0,0,0,0,0
"COG1583",0,0,0,0,0,0
"COG1584",2,0,0,0,0,0
"COG1585",1,0,0,3,2,1
"COG1586",0,0,1,0,2,0
"COG1587",4,1,2,1,3,1
"COG1589",0,0,1,2,0,1
"COG1592",0,4,3,3,3,6
"COG1593",4,6,7,3,5,4
"COG1595",19,52,25,28,24,42
"COG1596",3,2,4,4,4,6
"COG1597",7,5,6,2,3,1
"COG1598",0,0,0,1,2,0
"COG1600",2,0,1,0,0,1
"COG1604",0,0,0,0,0,0
"COG1605",4,2,0,1,3,2
"COG1606",0,0,0,1,1,0
"COG1607",2,0,1,1,0,0
"COG1609",42,47,36,30,23,16
"COG1610",1,3,2,5,2,1
"COG1611",2,1,2,3,2,3
"COG1613",2,0,0,0,1,0
"COG1614",0,0,1,2,1,0
"COG1615",0,1,0,0,0,0
"COG1618",0,0,0,0,0,0
"COG1619",3,3,0,3,1,1
"COG1620",4,0,2,0,1,1
"COG1621",12,9,4,3,6,7
"COG1622",2,0,0,0,0,0
"COG1623",0,0,0,0,0,0
"COG1624",3,3,5,4,6,1
"COG1625",1,3,1,3,0,0
"COG1626",4,4,4,0,4,4
"COG1629",14,18,7,9,19,26
"COG1633",0,0,0,0,0,0
"COG1635",0,0,0,0,0,0
"COG1636",2,4,4,2,5,2
"COG1637",0,0,0,0,0,0
"COG1638",3,5,8,5,2,5
"COG1640",16,10,9,8,7,6
"COG1641",2,0,1,0,1,1
"COG1643",8,0,0,0,0,3
"COG1647",0,0,0,0,0,0
"COG1648",2,0,1,0,0,1
"COG1649",8,8,10,3,9,6
"COG1651",1,0,0,1,0,0
"COG1652",0,1,0,0,1,1
"COG1653",31,35,30,45,15,20
"COG1654",7,3,4,4,0,0
"COG1655",1,0,0,0,0,0
"COG1657",0,0,0,0,0,0
"COG1658",0,1,2,0,0,1
"COG1659",0,0,0,0,0,0
"COG1660",0,5,3,5,4,6
"COG1661",0,1,0,0,0,0
"COG1662",9,0,0,0,0,7
"COG1663",2,0,3,0,1,4
"COG1664",0,0,0,0,0,0
"COG1666",0,1,0,0,0,0
"COG1668",1,0,0,1,5,0
"COG1669",0,1,1,1,0,0
"COG1670",6,7,11,13,6,9
"COG1671",0,0,0,0,3,0
"COG1672",2,12,8,6,10,1
"COG1674",3,4,2,6,17,4
"COG1677",2,0,0,0,0,0
"COG1678",1,2,1,2,0,1
"COG1679",0,0,0,1,1,0
"COG1680",9,16,9,6,6,14
"COG1682",1,6,2,1,1,2
"COG1683",1,0,0,3,0,0
"COG1684",1,0,1,0,2,1
"COG1686",15,6,7,11,9,8
"COG1687",2,0,1,0,0,0
"COG1688",0,0,0,0,0,0
"COG1690",1,5,3,3,1,1
"COG1691",1,0,1,0,0,0
"COG1692",1,0,0,3,0,0
"COG1694",1,5,1,1,2,2
"COG1695",7,4,8,4,3,3
"COG1696",9,5,5,17,7,9
"COG1699",0,0,1,0,0,0
"COG1700",0,0,0,0,0,0
"COG1702",11,6,4,4,1,3
"COG1703",3,1,3,3,2,0
"COG1704",1,3,1,1,3,3
"COG1705",0,4,1,1,1,1
"COG1706",0,0,0,0,0,1
"COG1708",1,4,0,3,0,0
"COG1712",0,0,1,0,0,0
"COG1713",0,2,1,0,2,1
"COG1714",0,1,0,0,0,0
"COG1715",1,1,0,1,1,1
"COG1716",1,2,0,0,1,0
"COG1719",0,0,0,0,0,0
"COG1720",2,1,4,2,0,1
"COG1721",2,4,4,3,0,0
"COG1722",0,0,0,0,0,0
"COG1724",0,0,0,0,0,0
"COG1725",1,3,4,6,7,1
"COG1726",3,2,2,3,0,1
"COG1728",1,0,2,2,0,0
"COG1729",0,0,0,0,0,0
"COG1732",2,0,1,0,0,0
"COG1733",5,2,1,5,2,4
"COG1734",0,0,0,0,0,0
"COG1735",1,1,0,0,0,0
"COG1737",10,3,6,9,4,3
"COG1738",1,0,1,0,1,1
"COG1739",3,3,3,2,4,1
"COG1740",1,0,0,0,0,1
"COG1741",1,2,0,0,0,5
"COG1742",0,0,0,0,0,1
"COG1743",0,0,0,1,0,1
"COG1744",3,2,6,9,7,2
"COG1747",0,0,0,0,0,0
"COG1748",4,3,2,5,7,6
"COG1749",3,0,1,0,0,1
"COG1751",0,0,0,0,0,0
"COG1752",5,8,7,2,10,9
"COG1754",0,4,2,2,5,6
"COG1755",0,0,0,0,0,0
"COG1757",8,15,12,5,16,8
"COG1758",1,0,0,1,0,0
"COG1760",9,3,3,6,10,5
"COG1762",19,3,5,5,4,7
"COG1763",1,0,0,1,1,2
"COG1764",0,0,0,0,0,0
"COG1765",0,0,0,0,0,1
"COG1766",0,0,2,1,1,1
"COG1767",3,0,0,0,0,1
"COG1768",0,0,0,1,1,0
"COG1770",0,2,0,0,0,0
"COG1773",3,0,0,0,1,1
"COG1774",5,1,4,8,4,5
"COG1775",4,2,2,2,3,1
"COG1776",2,0,1,0,0,0
"COG1778",0,4,2,2,0,0
"COG1780",0,0,0,0,0,0
"COG1781",3,1,2,4,2,1
"COG1782",0,0,0,0,0,0
"COG1783",0,11,0,2,1,4
"COG1785",0,2,5,6,4,2
"COG1786",0,0,0,0,0,0
"COG1787",1,0,0,0,1,0
"COG1788",1,0,0,0,1,0
"COG1791",0,0,0,0,0,0
"COG1792",4,8,3,3,3,3
"COG1793",1,0,0,0,0,0
"COG1794",1,0,0,0,1,1
"COG1797",6,1,3,1,1,1
"COG1799",3,0,1,3,2,1
"COG1801",3,0,0,0,0,0
"COG1802",10,4,3,6,3,4
"COG1803",1,0,4,2,5,1
"COG1804",1,0,1,1,2,1
"COG1805",1,2,1,1,4,2
"COG1806",0,1,0,0,0,0
"COG1807",3,8,5,0,5,3
"COG1808",1,1,1,0,5,3
"COG1811",2,0,1,0,1,0
"COG1814",0,0,0,0,0,0
"COG1815",0,0,0,1,0,0
"COG1816",2,1,4,0,0,1
"COG1817",0,0,0,0,0,0
"COG1819",1,0,2,3,0,3
"COG1820",6,3,6,9,7,9
"COG1823",2,0,0,0,0,0
"COG1825",0,1,3,2,2,2
"COG1826",2,0,0,0,0,3
"COG1827",1,1,1,0,0,4
"COG1830",3,1,4,1,6,5
"COG1832",1,0,0,0,0,1
"COG1834",1,0,1,0,1,0
"COG1835",2,9,3,3,7,5
"COG1837",1,2,2,0,1,1
"COG1838",5,0,5,4,5,7
"COG1840",1,0,2,5,3,2
"COG1841",0,1,0,0,0,1
"COG1842",2,1,1,0,1,0
"COG1843",1,1,0,0,0,0
"COG1845",0,0,0,0,0,1
"COG1846",5,5,11,4,1,3
"COG1847",0,5,8,1,2,0
"COG1850",0,0,0,0,0,0
"COG1852",0,0,0,0,0,0
"COG1853",5,6,5,5,1,3
"COG1854",2,2,2,2,2,2
"COG1857",1,1,1,1,0,0
"COG1858",1,0,0,0,1,1
"COG1859",0,0,0,0,0,1
"COG1861",0,0,0,0,0,0
"COG1862",1,2,3,1,0,2
"COG1863",0,1,0,0,0,0
"COG1864",0,3,3,2,6,2
"COG1865",1,0,0,0,0,0
"COG1866",5,2,6,3,5,10
"COG1868",0,0,0,1,1,3
"COG1869",0,0,0,1,0,0
"COG1871",0,1,0,1,0,0
"COG1872",0,0,0,0,0,0
"COG1873",1,0,0,0,0,0
"COG1874",7,8,13,6,9,8
"COG1875",1,2,2,0,0,0
"COG1876",4,2,1,3,4,0
"COG1877",2,0,2,1,2,2
"COG1878",1,2,2,0,0,0
"COG1879",22,14,17,20,15,12
"COG1881",1,0,0,0,0,1
"COG1882",20,4,12,20,9,13
"COG1883",6,8,11,7,5,3
"COG1884",6,4,8,12,7,3
"COG1886",1,0,0,0,1,0
"COG1887",3,3,6,6,6,0
"COG1892",0,0,0,0,0,0
"COG1893",5,4,3,1,1,1
"COG1894",1,3,2,3,5,1
"COG1895",0,1,1,1,0,1
"COG1896",6,1,1,1,2,0
"COG1897",3,4,5,5,2,4
"COG1898",3,7,3,4,4,3
"COG1899",0,0,0,0,0,0
"COG1900",0,0,0,0,0,0
"COG1902",6,7,3,11,5,5
"COG1903",2,0,3,5,2,4
"COG1904",4,3,2,4,1,4
"COG1905",1,1,0,3,1,1
"COG1906",0,0,0,1,0,0
"COG1908",0,0,1,0,0,0
"COG1910",1,0,0,0,0,0
"COG1912",0,0,0,0,0,0
"COG1913",0,0,0,0,0,0
"COG1914",1,2,4,2,1,5
"COG1915",0,0,0,0,1,0
"COG1917",1,4,6,5,0,1
"COG1918",4,7,9,10,6,6
"COG1921",0,0,0,1,1,0
"COG1922",1,1,2,2,1,4
"COG1923",1,0,0,1,1,0
"COG1924",15,8,9,15,5,5
"COG1925",4,1,3,2,3,2
"COG1928",0,0,1,1,1,2
"COG1929",3,3,2,2,3,3
"COG1930",0,0,0,0,0,0
"COG1932",5,2,6,4,5,5
"COG1934",3,0,0,0,0,0
"COG1937",1,1,1,2,3,1
"COG1939",1,0,2,3,0,0
"COG1940",23,15,21,11,15,10
"COG1941",0,0,0,1,0,0
"COG1942",0,0,0,0,0,0
"COG1943",5,5,2,3,0,4
"COG1944",0,0,0,0,0,0
"COG1945",0,0,0,0,0,0
"COG1946",2,0,0,0,0,0
"COG1947",2,1,3,2,3,8
"COG1949",0,0,0,0,0,0
"COG1950",0,0,0,0,0,0
"COG1951",4,5,7,10,14,6
"COG1952",1,0,1,0,0,0
"COG1953",0,0,0,0,0,0
"COG1954",1,1,0,0,0,1
"COG1956",2,0,0,0,0,0
"COG1957",4,1,0,0,0,0
"COG1959",2,1,2,4,3,1
"COG1960",3,1,8,3,11,7
"COG1961",35,43,55,62,48,45
"COG1963",0,0,0,2,0,0
"COG1964",0,0,0,0,0,0
"COG1965",0,0,0,0,0,0
"COG1966",6,4,7,7,10,7
"COG1968",1,2,4,3,0,2
"COG1969",2,0,0,0,1,0
"COG1970",0,2,0,0,1,1
"COG1971",0,2,1,2,2,3
"COG1972",3,0,0,0,0,1
"COG1974",1,0,1,4,4,0
"COG1975",7,2,3,0,4,5
"COG1977",0,0,1,0,0,0
"COG1979",3,6,5,2,1,1
"COG1982",15,7,5,2,4,10
"COG1983",1,0,2,0,2,0
"COG1984",0,0,1,1,1,2
"COG1985",3,2,6,6,2,2
"COG1986",1,0,0,0,0,1
"COG1987",1,0,0,0,0,0
"COG1988",2,1,0,0,0,0
"COG1989",3,0,0,1,0,1
"COG1990",0,0,0,0,0,0
"COG1992",0,0,0,0,0,0
"COG1993",0,0,0,0,0,0
"COG1994",2,2,0,1,2,1
"COG1995",4,9,2,2,0,2
"COG2000",0,1,0,0,0,0
"COG2001",0,4,2,1,3,4
"COG2002",0,2,4,1,1,1
"COG2003",6,4,1,7,1,2
"COG2005",2,0,1,0,0,0
"COG2006",1,0,0,1,0,0
"COG2008",2,8,5,2,2,3
"COG2009",1,0,0,0,0,0
"COG2010",0,0,0,0,0,0
"COG2011",1,2,0,0,2,2
"COG2013",2,0,2,0,1,0
"COG2014",0,0,0,0,0,0
"COG2015",4,0,1,0,1,0
"COG2017",10,13,11,14,12,10
"COG2020",0,0,0,0,0,0
"COG2021",0,0,1,0,0,0
"COG2022",0,1,1,1,3,0
"COG2025",4,6,2,4,5,2
"COG2026",1,0,0,0,1,0
"COG2027",3,2,3,3,4,3
"COG2030",2,1,3,1,2,2
"COG2031",0,0,0,0,0,1
"COG2032",0,0,0,1,0,0
"COG2033",0,0,0,0,0,0
"COG2035",1,0,0,2,2,0
"COG2038",1,4,5,0,5,7
"COG2039",0,1,0,0,0,1
"COG2040",0,0,0,0,0,0
"COG2041",0,0,0,0,0,0
"COG2043",0,0,0,0,0,0
"COG2045",0,1,0,0,0,0
"COG2046",0,0,0,0,0,0
"COG2048",0,0,1,0,0,0
"COG2049",1,1,0,2,0,0
"COG2050",5,4,2,2,1,3
"COG2052",0,0,0,1,0,0
"COG2055",4,0,1,0,0,1
"COG2056",0,0,0,0,0,0
"COG2057",1,0,1,0,1,0
"COG2059",2,1,2,8,8,3
"COG2060",3,7,3,2,2,3
"COG2062",0,0,0,0,1,0
"COG2063",1,0,0,0,0,0
"COG2064",0,0,0,0,0,0
"COG2065",0,0,0,0,1,0
"COG2066",0,1,1,0,1,1
"COG2067",0,1,1,1,1,0
"COG2068",1,1,0,2,0,2
"COG2069",1,0,1,1,0,0
"COG2070",3,3,2,3,3,5
"COG2071",3,3,2,4,6,4
"COG2072",0,0,0,0,0,0
"COG2073",1,1,0,4,1,6
"COG2076",1,2,0,0,1,0
"COG2077",1,1,2,1,0,2
"COG2078",0,1,0,0,1,0
"COG2079",2,0,0,0,0,1
"COG2080",2,0,2,1,2,2
"COG2081",6,6,6,5,4,5
"COG2082",0,0,1,0,0,1
"COG2084",6,0,2,0,1,1
"COG2085",0,0,0,0,0,0
"COG2086",2,2,2,5,6,6
"COG2087",0,1,0,3,3,0
"COG2088",0,1,2,0,1,1
"COG2089",1,3,4,3,3,3
"COG2091",2,2,0,1,0,0
"COG2094",0,1,0,0,0,0
"COG2095",2,4,4,1,2,4
"COG2096",1,2,2,2,2,2
"COG2099",0,3,3,2,1,4
"COG2102",0,1,0,0,0,0
"COG2103",0,1,1,1,2,0
"COG2104",0,0,0,0,0,0
"COG2105",0,0,0,0,0,0
"COG2107",0,0,0,0,0,0
"COG2108",0,0,0,0,0,0
"COG2109",0,0,2,0,2,1
"COG2110",1,3,1,0,4,0
"COG2111",0,0,0,0,0,0
"COG2113",0,0,0,0,0,1
"COG2114",0,0,0,1,1,0
"COG2115",2,7,3,1,0,3
"COG2116",5,1,0,3,0,5
"COG2119",0,1,1,1,0,0
"COG2120",0,0,0,0,0,0
"COG2121",0,0,0,0,1,0
"COG2122",0,0,0,0,0,0
"COG2127",0,0,0,0,1,0
"COG2128",1,0,0,0,0,0
"COG2129",1,0,2,0,1,0
"COG2130",0,0,0,0,0,0
"COG2131",1,3,1,5,0,5
"COG2132",0,0,0,0,0,0
"COG2133",0,0,0,0,0,0
"COG2134",3,0,0,0,0,0
"COG2135",0,1,0,1,0,1
"COG2137",1,2,1,0,0,0
"COG2140",0,0,0,0,0,1
"COG2141",3,0,0,0,0,2
"COG2142",2,0,0,0,0,1
"COG2143",0,0,0,0,0,0
"COG2145",0,0,3,3,0,2
"COG2146",0,0,0,0,0,0
"COG2148",10,16,22,12,14,14
"COG2149",0,0,0,0,0,1
"COG2151",0,0,0,1,1,0
"COG2152",6,2,4,5,5,9
"COG2153",2,0,0,0,0,0
"COG2155",0,0,1,2,0,0
"COG2156",1,2,4,0,1,2
"COG2158",1,0,0,0,0,0
"COG2159",0,1,0,1,0,1
"COG2160",0,0,0,5,2,5
"COG2161",2,0,0,1,0,0
"COG2162",1,0,0,1,0,1
"COG2163",0,0,0,0,0,0
"COG2165",3,0,0,0,1,1
"COG2166",2,1,0,1,2,2
"COG2168",1,0,0,0,0,0
"COG2169",2,0,0,0,1,0
"COG2170",0,0,0,0,0,2
"COG2171",0,0,1,0,0,0
"COG2172",0,2,1,2,1,1
"COG2173",2,0,3,0,2,1
"COG2175",1,0,0,0,0,0
"COG2176",5,9,14,14,4,6
"COG2177",4,4,3,1,4,0
"COG2179",1,1,2,2,1,2
"COG2180",1,0,0,0,0,1
"COG2181",1,0,2,0,0,1
"COG2182",2,1,2,9,1,0
"COG2183",9,6,4,7,10,4
"COG2184",0,1,0,3,3,2
"COG2185",2,9,7,5,3,5
"COG2186",8,4,1,1,4,4
"COG2188",7,2,4,4,4,3
"COG2189",1,3,2,5,4,4
"COG2190",12,1,6,2,4,2
"COG2191",0,0,0,0,0,0
"COG2192",0,0,3,0,0,0
"COG2193",1,0,0,0,1,0
"COG2194",10,0,0,6,1,5
"COG2195",11,15,9,7,17,2
"COG2197",9,9,16,11,21,16
"COG2198",6,0,0,0,1,0
"COG2199",13,6,3,23,15,15
"COG2200",28,10,7,5,9,5
"COG2201",2,1,0,1,0,1
"COG2202",3,1,0,0,6,6
"COG2203",3,0,0,0,0,0
"COG2204",5,8,8,14,21,19
"COG2205",6,6,6,5,6,6
"COG2206",10,4,10,7,2,8
"COG2207",92,107,76,75,97,88
"COG2208",2,0,5,6,4,4
"COG2209",0,1,2,3,3,1
"COG2210",1,5,1,1,4,3
"COG2211",20,14,13,20,17,11
"COG2212",0,0,0,0,0,0
"COG2213",3,0,2,1,2,0
"COG2214",2,3,6,3,3,0
"COG2215",0,0,0,0,0,0
"COG2216",5,3,3,3,2,3
"COG2217",21,17,23,26,24,20
"COG2220",2,16,1,4,4,7
"COG2221",0,0,4,0,0,1
"COG2222",4,1,1,0,0,4
"COG2223",1,0,0,0,0,0
"COG2224",2,0,0,0,0,0
"COG2225",2,0,0,0,0,1
"COG2226",4,3,0,0,2,4
"COG2227",0,1,1,0,0,0
"COG2230",2,2,0,1,2,0
"COG2231",0,0,0,0,0,0
"COG2233",11,11,9,6,7,10
"COG2234",3,6,4,9,14,8
"COG2235",0,0,1,0,0,0
"COG2236",0,0,0,0,0,0
"COG2239",4,3,10,8,6,6
"COG2240",5,4,3,3,3,1
"COG2241",2,2,1,1,3,0
"COG2242",3,2,2,1,0,2
"COG2243",3,3,2,0,2,2
"COG2244",20,13,17,20,19,21
"COG2246",0,0,0,2,0,0
"COG2247",0,0,0,0,0,0
"COG2249",3,2,1,0,0,0
"COG2250",0,0,0,0,0,0
"COG2252",8,2,5,4,3,5
"COG2253",0,0,0,0,0,0
"COG2255",2,4,5,6,9,6
"COG2256",2,8,8,9,4,3
"COG2257",0,0,0,0,1,1
"COG2258",1,1,0,1,1,0
"COG2259",2,2,0,0,1,2
"COG2261",0,0,0,0,0,0
"COG2262",6,6,5,4,8,5
"COG2264",6,2,3,7,3,5
"COG2265",11,8,7,8,11,9
"COG2267",2,2,2,4,2,4
"COG2268",5,0,2,0,2,4
"COG2269",2,0,0,0,0,2
"COG2270",0,1,2,2,2,3
"COG2271",5,3,5,2,3,4
"COG2272",0,1,1,0,1,0
"COG2273",2,3,2,5,4,2
"COG2274",10,5,12,4,6,13
"COG2301",4,0,1,0,1,2
"COG2302",0,2,2,1,3,1
"COG2303",4,0,0,0,0,0
"COG2304",2,13,4,7,5,6
"COG2306",0,0,0,0,0,0
"COG2307",0,1,0,0,0,0
"COG2308",0,2,0,0,0,0
"COG2309",3,3,1,4,3,3
"COG2310",3,1,1,2,0,0
"COG2311",0,2,0,0,1,5
"COG2312",0,0,0,0,0,0
"COG2313",0,0,0,0,0,0
"COG2314",0,0,0,0,0,0
"COG2315",5,2,4,1,3,1
"COG2316",0,0,0,2,1,1
"COG2317",1,0,1,0,0,3
"COG2318",0,0,0,0,0,0
"COG2319",0,0,0,0,0,0
"COG2320",0,0,0,1,0,0
"COG2321",0,0,0,0,0,2
"COG2323",0,2,0,3,2,0
"COG2326",2,1,0,1,2,0
"COG2327",2,0,1,1,1,5
"COG2329",0,0,0,0,0,0
"COG2331",0,0,0,0,0,0
"COG2332",0,0,0,0,0,0
"COG2333",2,3,3,4,3,3
"COG2334",3,0,0,0,0,0
"COG2335",0,0,0,0,0,0
"COG2336",3,0,0,0,0,0
"COG2337",2,4,6,2,5,5
"COG2339",0,0,0,0,0,0
"COG2340",0,0,1,0,3,1
"COG2342",0,0,0,0,0,0
"COG2344",2,3,3,2,2,2
"COG2346",0,0,0,0,0,0
"COG2348",1,2,0,1,0,0
"COG2350",0,0,0,0,1,0
"COG2351",1,0,0,0,0,1
"COG2352",2,1,0,0,0,0
"COG2353",0,0,0,0,0,0
"COG2354",2,0,0,0,0,0
"COG2355",3,4,5,2,4,4
"COG2356",1,0,1,1,0,0
"COG2357",3,5,1,2,5,6
"COG2358",1,3,5,0,2,3
"COG2359",0,0,2,0,2,0
"COG2360",1,1,1,0,0,0
"COG2361",0,0,0,1,0,1
"COG2362",0,0,0,0,0,0
"COG2363",1,0,0,0,0,0
"COG2364",4,1,2,4,0,0
"COG2365",0,1,5,0,2,4
"COG2366",0,0,0,0,0,0
"COG2367",5,2,3,1,1,5
"COG2368",0,0,0,0,0,0
"COG2369",1,0,0,0,0,1
"COG2371",0,0,0,0,0,0
"COG2372",2,0,0,0,0,0
"COG2373",4,16,11,6,9,6
"COG2374",0,0,0,0,0,1
"COG2375",1,0,0,0,0,0
"COG2376",0,0,0,0,0,1
"COG2377",2,0,1,1,0,0
"COG2378",4,2,3,3,4,0
"COG2379",0,0,0,0,1,0
"COG2382",2,3,4,0,0,1
"COG2384",1,2,0,1,1,0
"COG2385",4,1,2,6,5,3
"COG2386",0,0,0,0,0,0
"COG2388",1,1,0,0,0,0
"COG2390",4,1,0,0,0,2
"COG2391",4,0,0,0,0,1
"COG2404",1,0,0,0,0,0
"COG2405",0,0,0,0,0,0
"COG2406",0,0,1,0,1,0
"COG2407",10,7,5,5,4,2
"COG2409",0,0,0,0,0,0
"COG2414",2,1,0,0,1,2
"COG2421",0,0,0,0,0,0
"COG2423",0,2,2,2,1,0
"COG2425",2,1,1,2,2,4
"COG2426",0,0,0,0,0,0
"COG2431",0,3,3,2,2,4
"COG2440",2,0,0,0,0,1
"COG2452",0,0,0,0,1,0
"COG2453",0,0,0,0,0,2
"COG2454",0,0,0,0,0,0
"COG2461",1,1,1,1,0,3
"COG2501",0,0,1,0,1,0
"COG2502",2,4,3,1,4,7
"COG2503",0,0,0,0,0,0
"COG2508",9,4,7,11,6,3
"COG2509",3,8,9,7,13,7
"COG2510",0,1,1,1,2,0
"COG2513",0,1,1,0,1,2
"COG2514",0,0,0,0,0,0
"COG2515",0,0,1,0,0,0
"COG2516",0,0,0,1,0,0
"COG2518",0,0,0,0,0,0
"COG2519",0,1,0,0,0,0
"COG2602",2,2,0,0,2,0
"COG2603",1,0,0,0,0,1
"COG2604",1,0,1,1,0,0
"COG2605",4,7,2,1,14,4
"COG2606",1,5,2,3,1,1
"COG2607",2,1,1,4,1,4
"COG2608",2,2,2,2,1,1
"COG2609",2,0,1,0,0,0
"COG2610",3,2,2,1,1,3
"COG2703",0,0,0,0,0,0
"COG2704",3,2,2,4,1,4
"COG2706",1,0,0,5,1,5
"COG2707",1,0,0,0,0,0
"COG2710",6,2,2,1,1,1
"COG2715",3,3,2,3,2,1
"COG2716",1,0,0,0,0,0
"COG2717",1,0,0,0,2,3
"COG2718",0,0,0,0,0,0
"COG2719",1,0,0,0,0,0
"COG2720",1,1,1,8,1,3
"COG2721",5,8,6,3,3,3
"COG2723",18,5,1,4,4,8
"COG2730",3,11,3,10,11,1
"COG2731",3,2,5,2,1,2
"COG2732",1,0,0,0,0,0
"COG2733",0,0,0,0,0,0
"COG2738",2,4,2,4,4,4
"COG2739",4,0,2,1,1,1
"COG2740",0,0,0,2,1,1
"COG2746",0,0,1,0,0,0
"COG2747",0,0,0,0,0,0
"COG2755",4,13,20,6,3,7
"COG2759",6,6,9,7,5,5
"COG2761",0,0,0,0,0,0
"COG2764",0,0,0,0,0,0
"COG2766",2,0,0,0,0,0
"COG2768",3,3,6,3,2,1
"COG2770",1,0,0,0,0,0
"COG2771",5,0,0,0,1,2
"COG2801",25,22,20,20,8,17
"COG2804",7,1,2,5,3,2
"COG2805",5,2,3,1,2,0
"COG2807",0,0,0,0,0,0
"COG2812",8,16,9,11,8,12
"COG2813",3,0,0,1,0,0
"COG2814",2,4,1,2,1,2
"COG2815",1,1,0,3,3,2
"COG2816",3,2,1,5,2,3
"COG2818",0,3,1,0,1,0
"COG2819",3,3,2,2,1,1
"COG2820",1,1,4,3,1,6
"COG2821",1,0,0,0,0,1
"COG2822",1,0,0,0,0,1
"COG2823",1,0,0,0,0,1
"COG2824",1,0,0,0,0,0
"COG2825",2,0,0,0,0,0
"COG2826",2,9,10,11,2,0
"COG2827",1,0,0,1,0,0
"COG2828",0,0,1,1,0,0
"COG2829",0,0,0,1,1,0
"COG2830",3,2,2,1,1,0
"COG2831",0,0,0,1,0,0
"COG2832",1,0,0,0,0,0
"COG2834",3,0,0,0,0,0
"COG2835",0,0,0,0,0,0
"COG2836",0,0,0,0,0,0
"COG2837",0,0,0,0,1,1
"COG2839",0,0,0,0,1,0
"COG2840",1,0,1,0,0,1
"COG2841",1,0,0,0,0,0
"COG2842",0,0,0,0,0,0
"COG2843",2,2,3,5,5,5
"COG2844",5,1,0,0,0,1
"COG2845",0,0,0,0,0,0
"COG2846",1,3,1,0,0,2
"COG2848",3,0,4,6,5,3
"COG2849",0,3,4,0,0,0
"COG2850",1,0,0,0,0,0
"COG2851",0,0,1,0,0,0
"COG2852",1,0,0,0,1,1
"COG2853",1,0,1,0,0,0
"COG2854",1,0,0,0,0,0
"COG2855",3,5,9,2,4,3
"COG2856",1,1,3,0,0,1
"COG2859",0,2,2,1,2,2
"COG2860",3,1,2,1,4,2
"COG2861",3,0,0,0,0,1
"COG2862",0,0,0,0,0,0
"COG2863",0,0,0,0,0,0
"COG2864",1,0,0,0,1,1
"COG2865",11,6,11,10,5,7
"COG2866",1,0,0,0,0,0
"COG2867",0,0,0,0,0,1
"COG2868",0,1,0,1,1,0
"COG2869",0,2,1,2,1,1
"COG2870",0,0,0,0,2,0
"COG2871",0,1,0,1,5,2
"COG2872",0,3,1,0,1,0
"COG2873",4,6,7,9,12,10
"COG2875",1,4,3,1,4,1
"COG2876",2,3,1,2,3,10
"COG2877",2,3,4,0,2,6
"COG2878",1,3,2,4,3,7
"COG2879",0,0,0,0,0,0
"COG2882",1,0,0,0,0,0
"COG2884",2,5,3,4,7,7
"COG2885",8,5,5,0,6,4
"COG2887",0,0,0,0,0,0
"COG2890",6,8,3,4,5,5
"COG2891",2,0,1,0,0,1
"COG2893",2,0,0,2,0,4
"COG2894",2,1,1,5,2,0
"COG2895",4,2,5,2,2,4
"COG2896",6,1,1,3,1,3
"COG2897",1,1,0,0,0,2
"COG2898",0,0,0,1,0,0
"COG2900",0,0,0,0,0,0
"COG2901",1,0,0,0,0,0
"COG2904",2,0,0,0,0,0
"COG2906",1,0,0,0,0,0
"COG2907",0,0,0,0,0,0
"COG2908",2,1,3,1,3,2
"COG2909",3,0,2,0,1,3
"COG2910",0,0,0,0,2,0
"COG2911",1,0,0,0,2,0
"COG2912",2,0,0,0,0,1
"COG2913",0,0,0,0,0,0
"COG2914",0,0,0,0,0,0
"COG2915",1,0,0,0,0,1
"COG2916",0,0,0,0,0,0
"COG2917",1,0,0,0,0,0
"COG2918",3,0,0,0,0,0
"COG2919",0,0,0,0,0,0
"COG2920",0,0,0,0,0,1
"COG2921",1,0,0,0,0,0
"COG2922",2,0,0,0,0,0
"COG2923",0,0,0,0,0,0
"COG2924",1,0,0,0,0,0
"COG2925",0,0,0,0,0,0
"COG2926",2,0,0,0,0,0
"COG2927",0,0,0,0,0,0
"COG2928",0,0,0,0,0,0
"COG2929",0,0,0,0,0,0
"COG2931",0,2,1,3,2,0
"COG2932",1,0,0,0,2,2
"COG2933",1,0,0,0,0,0
"COG2935",0,0,0,0,0,0
"COG2936",1,4,0,4,5,4
"COG2937",2,0,0,0,0,0
"COG2938",1,0,0,0,0,0
"COG2939",0,0,0,0,0,0
"COG2942",3,7,7,8,0,2
"COG2943",3,0,0,0,0,0
"COG2944",1,0,1,0,1,0
"COG2945",0,0,0,0,0,0
"COG2946",1,1,1,1,0,1
"COG2947",1,0,0,0,0,0
"COG2948",1,0,0,0,0,0
"COG2949",1,0,0,1,0,0
"COG2951",1,0,0,0,0,0
"COG2954",1,2,5,3,6,2
"COG2956",0,0,0,0,0,0
"COG2957",1,2,3,2,3,5
"COG2958",0,0,0,0,0,0
"COG2959",0,0,0,0,0,0
"COG2960",0,0,0,0,0,0
"COG2961",1,0,1,0,1,2
"COG2962",0,0,0,0,0,0
"COG2963",4,0,2,6,0,3
"COG2964",1,0,0,0,0,2
"COG2965",0,0,0,0,0,0
"COG2966",4,2,6,4,5,1
"COG2967",0,0,0,0,0,0
"COG2968",2,0,0,0,0,0
"COG2969",1,0,0,0,0,0
"COG2971",1,0,0,0,0,0
"COG2972",31,27,25,45,25,24
"COG2973",0,0,0,0,0,0
"COG2974",1,0,0,0,0,0
"COG2975",0,0,0,0,0,0
"COG2976",1,0,0,0,0,1
"COG2977",0,0,0,0,0,0
"COG2978",4,1,2,2,2,0
"COG2979",0,0,0,0,0,0
"COG2980",0,1,0,1,0,0
"COG2981",1,0,0,0,0,0
"COG2982",3,0,0,0,0,1
"COG2983",0,0,0,0,0,1
"COG2984",2,0,6,1,5,1
"COG2985",10,19,17,9,18,16
"COG2986",1,6,6,3,6,3
"COG2987",0,2,3,3,4,3
"COG2988",0,0,0,0,0,0
"COG2989",0,0,0,0,0,1
"COG2990",2,0,0,0,0,0
"COG2991",0,0,0,0,0,0
"COG2992",1,0,0,0,0,4
"COG2994",0,0,0,0,0,0
"COG2995",0,0,0,0,0,1
"COG2996",1,1,5,3,2,1
"COG2998",0,0,0,0,1,0
"COG2999",3,0,0,0,0,0
"COG3001",0,0,0,0,0,0
"COG3004",3,3,1,1,3,1
"COG3005",1,0,1,1,0,2
"COG3006",0,0,0,0,0,0
"COG3007",1,0,0,0,1,0
"COG3008",3,0,0,1,0,2
"COG3009",0,0,0,0,0,0
"COG3010",0,0,3,0,1,2
"COG3012",0,0,0,0,0,0
"COG3013",0,0,1,0,0,0
"COG3014",0,0,0,0,0,0
"COG3015",4,2,0,1,0,2
"COG3016",0,0,0,0,0,0
"COG3017",0,0,0,0,0,0
"COG3019",0,0,0,0,0,0
"COG3021",0,2,5,0,0,1
"COG3022",3,2,0,2,1,3
"COG3023",2,4,4,1,5,2
"COG3024",0,0,0,0,0,0
"COG3025",2,0,0,0,0,2
"COG3026",1,0,0,0,0,1
"COG3027",0,1,0,0,0,0
"COG3028",1,0,0,0,0,0
"COG3029",0,0,0,0,0,0
"COG3030",1,0,0,0,0,0
"COG3031",1,0,0,0,0,0
"COG3033",3,1,2,1,0,0
"COG3034",1,0,0,0,0,0
"COG3036",1,0,0,0,1,0
"COG3037",2,2,0,0,0,2
"COG3038",1,0,0,0,0,0
"COG3039",0,2,1,6,0,5
"COG3040",2,0,1,0,0,1
"COG3041",2,2,0,0,0,1
"COG3042",0,0,0,0,0,0
"COG3043",2,0,0,0,0,0
"COG3044",1,1,4,0,0,1
"COG3045",1,0,0,0,0,0
"COG3047",0,0,0,0,0,0
"COG3048",2,1,1,0,0,2
"COG3049",3,4,6,8,3,4
"COG3050",0,0,0,0,0,0
"COG3051",3,0,2,0,0,2
"COG3052",0,0,0,0,0,0
"COG3053",0,0,0,0,0,1
"COG3054",3,0,0,0,0,1
"COG3055",4,1,2,0,2,2
"COG3056",0,0,0,0,0,0
"COG3057",0,0,0,0,0,1
"COG3058",2,0,0,0,0,0
"COG3059",2,1,1,0,0,0
"COG3060",0,0,0,0,0,0
"COG3061",1,0,0,0,0,0
"COG3062",2,0,0,0,0,0
"COG3063",0,0,0,0,0,0
"COG3064",0,0,0,0,0,0
"COG3065",0,0,0,0,0,0
"COG3066",1,0,0,0,0,0
"COG3067",0,0,0,1,0,0
"COG3068",0,0,0,0,0,1
"COG3069",3,1,3,0,4,0
"COG3070",2,0,3,1,0,1
"COG3071",1,0,0,0,0,0
"COG3072",1,0,0,0,0,1
"COG3073",0,0,0,0,0,1
"COG3074",0,0,0,0,0,0
"COG3075",0,3,1,0,4,1
"COG3076",0,0,0,0,0,0
"COG3077",3,1,0,0,0,2
"COG3078",0,0,0,0,0,0
"COG3079",0,0,0,0,0,0
"COG3080",0,0,0,0,0,0
"COG3081",0,0,0,0,0,2
"COG3082",0,0,0,0,0,0
"COG3083",0,1,0,0,1,1
"COG3084",0,0,0,0,0,0
"COG3085",2,0,0,0,0,0
"COG3086",0,0,0,0,0,0
"COG3087",1,0,0,0,0,1
"COG3088",1,0,1,0,0,1
"COG3089",0,0,0,0,0,0
"COG3090",1,1,2,1,3,6
"COG3091",0,0,0,0,0,0
"COG3092",0,0,0,0,0,0
"COG3093",2,0,1,0,1,1
"COG3094",0,0,0,0,0,0
"COG3095",0,0,0,0,0,0
"COG3096",1,0,0,0,0,1
"COG3097",0,0,0,0,0,0
"COG3098",0,0,0,0,0,0
"COG3099",1,0,0,0,0,0
"COG3100",0,0,0,0,0,0
"COG3101",2,0,0,0,0,0
"COG3102",1,0,0,0,0,0
"COG3103",0,2,0,5,0,0
"COG3104",12,3,2,1,2,3
"COG3105",1,0,0,0,0,1
"COG3106",2,0,0,0,0,0
"COG3107",2,0,0,0,0,0
"COG3108",0,0,0,0,0,0
"COG3109",0,0,0,0,0,0
"COG3110",0,0,0,0,0,0
"COG3111",0,0,0,0,1,0
"COG3112",0,0,0,0,0,0
"COG3113",0,0,0,0,0,0
"COG3114",1,0,0,0,0,0
"COG3115",0,0,0,0,0,0
"COG3116",0,0,0,0,0,0
"COG3117",0,0,0,0,0,0
"COG3118",1,0,0,0,0,0
"COG3119",18,41,38,16,37,46
"COG3120",0,0,0,0,0,0
"COG3121",8,0,1,0,0,0
"COG3122",0,0,0,0,0,0
"COG3123",0,0,0,0,0,0
"COG3124",0,0,0,0,0,0
"COG3125",0,0,0,0,0,0
"COG3126",0,0,0,0,0,0
"COG3127",3,0,0,0,0,0
"COG3128",1,0,0,0,0,0
"COG3129",1,1,0,0,1,0
"COG3130",0,0,0,0,0,1
"COG3131",4,0,1,0,0,1
"COG3132",0,0,0,0,0,0
"COG3133",0,0,0,0,0,2
"COG3134",0,0,0,0,0,0
"COG3135",0,0,0,0,0,0
"COG3136",1,0,0,0,0,0
"COG3137",0,0,0,0,0,0
"COG3138",0,0,0,0,0,0
"COG3139",1,0,0,0,0,0
"COG3140",0,0,0,0,0,0
"COG3141",1,0,0,0,0,0
"COG3142",4,0,0,2,3,1
"COG3143",1,0,0,0,0,0
"COG3144",0,0,0,0,0,2
"COG3145",1,0,0,0,0,0
"COG3147",0,0,0,0,0,1
"COG3148",1,0,0,0,0,0
"COG3149",0,0,0,0,0,0
"COG3150",1,0,1,0,0,0
"COG3151",0,0,0,0,0,0
"COG3152",3,1,0,1,1,3
"COG3153",1,1,0,0,1,0
"COG3154",1,0,0,0,0,0
"COG3155",1,0,0,0,0,0
"COG3156",2,0,0,0,0,0
"COG3157",3,0,0,0,0,0
"COG3158",4,3,1,0,0,1
"COG3159",1,0,0,0,1,0
"COG3160",1,0,0,0,0,0
"COG3161",1,0,0,0,0,0
"COG3162",1,0,0,0,0,0
"COG3164",8,0,0,0,0,1
"COG3165",2,0,0,0,0,0
"COG3166",0,0,0,0,0,1
"COG3169",0,2,0,0,2,1
"COG3171",1,0,0,0,0,0
"COG3172",0,0,0,1,0,1
"COG3173",0,0,0,0,0,0
"COG3174",0,0,3,0,3,0
"COG3176",2,5,6,0,5,5
"COG3177",2,12,5,15,6,6
"COG3178",2,3,0,3,3,1
"COG3179",0,0,0,0,0,0
"COG3180",3,0,0,0,0,0
"COG3181",1,1,2,2,2,0
"COG3182",0,4,3,2,3,1
"COG3183",1,0,0,0,0,0
"COG3185",0,0,0,0,0,0
"COG3187",1,3,0,0,0,3
"COG3188",16,0,0,0,0,3
"COG3189",0,0,0,0,0,1
"COG3190",0,0,0,0,0,0
"COG3191",2,1,0,2,1,0
"COG3192",0,0,0,1,0,1
"COG3193",0,0,0,0,1,0
"COG3194",0,0,0,0,0,0
"COG3195",0,0,0,0,0,0
"COG3196",0,0,0,0,2,1
"COG3199",0,0,0,0,0,0
"COG3201",1,1,0,2,5,1
"COG3203",3,3,1,0,3,1
"COG3204",1,0,0,0,0,0
"COG3206",7,6,3,1,5,9
"COG3208",0,0,1,0,0,0
"COG3209",18,6,23,15,5,32
"COG3210",0,0,0,3,0,2
"COG3211",1,0,0,0,0,0
"COG3212",0,0,0,1,1,1
"COG3213",0,0,0,0,0,0
"COG3214",1,0,0,0,0,1
"COG3216",0,0,0,0,0,0
"COG3217",0,0,0,0,0,0
"COG3218",0,0,0,0,0,2
"COG3219",0,0,0,0,0,0
"COG3220",0,0,0,0,0,0
"COG3221",2,0,0,0,0,0
"COG3222",0,0,0,0,0,0
"COG3223",2,0,0,0,0,0
"COG3224",0,0,0,0,0,0
"COG3225",2,2,6,2,0,2
"COG3226",0,0,0,0,0,0
"COG3227",0,0,0,0,0,0
"COG3228",2,0,0,0,0,0
"COG3231",1,0,0,0,0,0
"COG3232",0,0,0,0,0,0
"COG3234",0,0,0,0,0,0
"COG3236",2,0,0,1,0,0
"COG3237",0,0,0,0,0,0
"COG3238",3,0,0,2,0,2
"COG3239",0,0,0,0,0,0
"COG3242",0,0,0,0,0,1
"COG3246",0,0,0,0,0,0
"COG3247",0,0,0,0,0,0
"COG3248",1,0,0,0,0,1
"COG3250",46,87,90,69,92,112
"COG3251",1,0,0,0,0,0
"COG3252",0,0,0,0,0,0
"COG3253",0,0,0,0,0,0
"COG3254",1,0,0,0,1,2
"COG3256",0,0,0,0,0,0
"COG3257",0,0,0,0,0,0
"COG3259",0,0,0,0,0,0
"COG3260",0,0,1,0,1,1
"COG3261",3,0,0,0,0,0
"COG3262",1,0,0,0,1,2
"COG3263",3,3,2,4,3,6
"COG3264",4,0,0,0,0,2
"COG3265",0,1,1,0,0,0
"COG3266",0,0,0,0,0,0
"COG3267",0,0,0,0,0,0
"COG3268",0,0,0,0,1,0
"COG3270",1,0,1,2,2,1
"COG3271",0,0,1,0,0,0
"COG3272",2,0,0,0,0,0
"COG3274",7,1,5,1,7,6
"COG3275",7,16,10,3,9,19
"COG3276",2,0,0,0,1,0
"COG3279",15,27,25,23,17,23
"COG3283",1,0,0,0,0,0
"COG3284",0,0,0,0,1,0
"COG3287",0,0,0,0,0,1
"COG3288",1,0,1,0,0,0
"COG3290",3,0,0,0,0,0
"COG3291",0,2,1,0,1,1
"COG3292",17,31,24,41,69,78
"COG3293",1,1,0,2,0,1
"COG3294",1,0,0,0,0,0
"COG3296",0,0,0,0,0,0
"COG3297",0,0,0,0,0,0
"COG3299",0,2,1,0,3,3
"COG3301",2,0,0,0,0,3
"COG3302",2,0,0,0,0,0
"COG3303",1,1,1,0,2,3
"COG3304",1,0,0,0,1,0
"COG3306",0,0,0,1,0,2
"COG3307",3,1,0,1,0,0
"COG3309",0,0,0,0,0,0
"COG3311",0,0,0,0,0,0
"COG3312",1,0,0,0,0,0
"COG3313",0,0,0,0,0,0
"COG3314",2,0,2,5,5,2
"COG3315",2,1,0,1,2,0
"COG3316",6,0,0,0,0,0
"COG3317",1,0,0,0,0,1
"COG3318",2,0,0,0,0,0
"COG3319",7,0,0,0,0,1
"COG3320",1,0,0,0,0,0
"COG3321",2,1,0,2,0,0
"COG3323",1,3,1,0,1,0
"COG3324",0,0,0,0,0,1
"COG3325",0,3,0,3,6,2
"COG3326",0,0,0,1,2,1
"COG3327",0,0,0,0,0,2
"COG3328",3,9,12,3,6,8
"COG3330",0,0,0,0,0,0
"COG3331",1,0,1,2,1,3
"COG3333",3,1,3,3,1,3
"COG3335",1,0,0,3,2,2
"COG3338",0,0,0,0,0,0
"COG3339",0,0,0,1,1,0
"COG3340",4,7,2,1,3,4
"COG3341",0,4,1,1,3,2
"COG3343",0,0,0,0,0,0
"COG3344",14,41,10,21,18,27
"COG3345",9,5,9,9,7,8
"COG3347",1,0,0,0,1,0
"COG3350",0,0,0,0,0,0
"COG3359",1,0,1,1,1,0
"COG3366",0,0,0,0,0,0
"COG3369",0,0,0,0,0,0
"COG3376",0,0,0,0,0,0
"COG3378",0,4,0,5,5,5
"COG3379",0,0,0,0,1,0
"COG3381",2,0,0,0,0,1
"COG3382",2,3,1,0,1,0
"COG3383",1,0,0,4,0,0
"COG3384",0,0,0,0,0,3
"COG3385",11,5,3,22,2,6
"COG3386",1,0,1,0,0,0
"COG3387",0,1,1,4,0,1
"COG3391",0,0,1,2,1,2
"COG3392",1,0,0,0,0,0
"COG3393",0,0,0,1,0,0
"COG3394",3,2,0,1,2,1
"COG3395",2,1,2,0,0,2
"COG3396",0,0,0,0,0,0
"COG3397",0,0,0,0,0,0
"COG3401",1,0,0,0,0,1
"COG3402",0,2,0,0,0,0
"COG3404",2,2,0,1,0,3
"COG3405",0,1,5,1,4,0
"COG3407",0,0,0,0,0,0
"COG3408",0,4,1,2,8,4
"COG3409",2,1,2,3,3,1
"COG3410",0,1,0,0,2,0
"COG3411",0,0,0,0,0,0
"COG3412",2,0,0,0,0,1
"COG3414",1,0,0,0,0,1
"COG3415",0,0,0,0,0,0
"COG3416",0,0,0,0,0,0
"COG3417",2,0,0,0,0,0
"COG3418",0,0,0,0,0,0
"COG3420",0,0,0,0,0,0
"COG3421",0,0,0,0,0,0
"COG3422",0,0,0,0,0,0
"COG3423",1,0,0,0,0,0
"COG3425",0,0,0,0,0,0
"COG3426",0,2,1,2,3,2
"COG3428",0,0,0,1,1,0
"COG3429",0,1,0,0,0,0
"COG3433",4,0,0,0,0,0
"COG3434",0,0,0,0,1,0
"COG3436",7,8,31,23,17,38
"COG3437",7,6,6,8,7,5
"COG3439",0,0,0,0,0,0
"COG3440",0,2,0,0,1,0
"COG3442",0,2,0,1,0,1
"COG3443",1,0,0,0,0,1
"COG3444",3,2,0,1,0,0
"COG3445",1,0,0,0,0,0
"COG3447",2,0,0,0,0,1
"COG3448",0,0,0,0,0,0
"COG3449",1,3,1,1,1,4
"COG3450",0,0,1,0,0,0
"COG3451",15,25,39,46,27,21
"COG3452",3,0,2,1,1,0
"COG3454",2,0,0,0,0,1
"COG3455",0,0,0,0,0,0
"COG3456",1,0,0,0,0,0
"COG3457",0,1,0,1,0,0
"COG3458",0,6,4,2,1,2
"COG3459",6,3,9,7,4,0
"COG3460",0,0,0,0,0,0
"COG3463",1,0,0,0,0,0
"COG3464",11,15,20,2,3,6
"COG3467",1,1,3,3,5,5
"COG3468",10,1,3,1,3,14
"COG3469",0,0,0,0,0,0
"COG3470",0,0,0,0,0,0
"COG3471",0,0,0,0,0,0
"COG3472",1,0,1,0,1,0
"COG3473",0,0,0,0,0,0
"COG3475",7,3,8,2,1,4
"COG3476",0,0,0,1,1,2
"COG3477",1,0,0,0,0,0
"COG3478",0,0,0,0,0,0
"COG3479",0,0,0,0,0,0
"COG3480",0,0,0,0,0,0
"COG3481",0,1,3,4,3,2
"COG3484",0,0,0,0,0,0
"COG3485",0,0,0,0,0,0
"COG3486",1,0,0,0,0,0
"COG3487",1,1,1,0,1,1
"COG3488",1,0,3,2,2,0
"COG3491",0,0,0,0,0,0
"COG3493",1,0,0,0,0,0
"COG3494",0,0,1,0,0,0
"COG3496",0,0,0,0,0,0
"COG3497",1,0,2,0,0,1
"COG3498",0,0,0,0,0,0
"COG3499",0,0,0,0,0,0
"COG3500",1,0,1,0,0,5
"COG3501",4,0,8,1,4,11
"COG3503",1,0,0,1,0,0
"COG3504",0,0,1,0,0,0
"COG3505",4,7,6,33,26,11
"COG3506",0,0,0,0,0,0
"COG3507",13,32,37,22,29,22
"COG3509",0,0,0,0,0,0
"COG3512",2,0,2,0,0,0
"COG3513",4,2,2,1,4,1
"COG3514",0,0,0,0,0,0
"COG3515",3,0,0,0,0,0
"COG3516",0,0,0,0,0,0
"COG3517",2,0,0,0,0,0
"COG3518",0,0,0,0,0,0
"COG3519",0,0,0,0,0,0
"COG3520",0,0,0,0,0,0
"COG3521",0,0,0,0,0,0
"COG3522",1,0,0,0,0,0
"COG3523",2,0,0,0,0,0
"COG3524",2,0,0,0,0,0
"COG3525",17,22,25,17,27,40
"COG3526",0,0,0,0,0,0
"COG3527",0,0,1,0,0,0
"COG3528",0,0,0,0,0,0
"COG3529",0,0,0,0,0,0
"COG3530",0,0,0,0,0,0
"COG3533",7,12,21,13,17,17
"COG3534",8,6,10,11,13,10
"COG3535",0,0,0,0,0,0
"COG3536",0,0,0,0,0,0
"COG3537",8,30,28,23,40,52
"COG3538",0,7,4,3,4,3
"COG3539",11,0,0,0,0,1
"COG3541",0,0,0,0,0,0
"COG3542",1,1,0,0,0,0
"COG3543",0,0,0,0,0,0
"COG3544",0,0,0,0,0,0
"COG3545",0,0,0,0,0,0
"COG3546",1,2,1,0,1,2
"COG3547",11,13,24,14,11,25
"COG3548",0,0,0,0,0,0
"COG3549",0,0,0,0,0,0
"COG3550",4,4,5,4,6,9
"COG3552",0,0,0,0,0,0
"COG3555",0,0,0,0,0,0
"COG3557",0,0,0,0,0,0
"COG3558",0,0,0,0,0,0
"COG3560",0,0,1,1,1,0
"COG3561",0,0,0,0,1,0
"COG3562",0,0,0,0,0,0
"COG3563",0,0,0,0,0,0
"COG3566",0,0,0,0,0,1
"COG3567",0,0,2,0,0,2
"COG3568",1,9,5,3,11,7
"COG3570",0,0,0,0,0,0
"COG3572",0,0,0,0,1,0
"COG3575",0,0,0,0,0,0
"COG3576",0,0,0,0,0,0
"COG3579",0,6,7,4,4,0
"COG3580",4,9,9,8,8,5
"COG3581",12,4,10,6,13,2
"COG3583",1,1,2,1,0,2
"COG3584",1,3,0,4,3,0
"COG3585",0,0,0,0,0,0
"COG3586",0,0,0,0,0,2
"COG3587",2,4,0,5,10,8
"COG3588",0,0,0,0,0,0
"COG3589",0,0,0,0,0,0
"COG3590",2,9,5,1,4,3
"COG3591",0,0,0,0,0,0
"COG3592",1,0,0,0,0,0
"COG3593",3,0,0,0,3,3
"COG3594",4,3,2,2,0,6
"COG3595",0,0,0,0,1,0
"COG3596",0,0,0,0,1,0
"COG3597",0,0,0,0,1,0
"COG3598",2,0,0,0,0,0
"COG3599",0,1,1,1,0,0
"COG3600",0,0,0,1,0,0
"COG3601",0,1,2,0,2,3
"COG3602",0,0,0,0,0,0
"COG3603",0,0,0,0,0,0
"COG3604",4,1,7,1,1,7
"COG3605",2,0,0,0,0,0
"COG3608",1,1,2,4,2,0
"COG3609",1,0,0,0,0,1
"COG3610",2,4,3,1,0,0
"COG3611",0,0,0,0,0,0
"COG3613",0,0,0,0,0,0
"COG3615",0,0,0,0,0,0
"COG3616",0,0,0,1,0,0
"COG3617",0,1,0,4,4,0
"COG3618",0,0,0,0,0,0
"COG3619",1,1,0,3,0,0
"COG3621",0,0,0,0,0,0
"COG3622",1,0,0,0,1,2
"COG3623",1,0,0,0,0,0
"COG3624",1,0,0,0,0,0
"COG3625",0,0,1,0,0,2
"COG3626",1,0,0,0,0,0
"COG3627",1,0,0,0,0,0
"COG3628",0,0,0,0,0,0
"COG3629",0,0,0,0,0,0
"COG3630",0,0,0,0,0,0
"COG3633",2,2,4,1,1,3
"COG3634",3,3,1,0,3,3
"COG3635",2,1,1,4,4,3
"COG3636",0,0,0,0,0,0
"COG3637",1,0,0,0,0,0
"COG3638",0,0,0,1,1,0
"COG3639",1,0,0,1,1,0
"COG3640",3,2,0,2,0,0
"COG3641",0,0,3,2,0,2
"COG3643",0,0,5,1,2,2
"COG3645",3,3,0,0,2,1
"COG3646",2,1,0,0,0,0
"COG3647",0,0,0,0,0,1
"COG3649",0,0,1,1,3,1
"COG3650",0,0,0,1,0,0
"COG3653",0,0,1,0,1,0
"COG3654",0,0,1,0,0,0
"COG3655",0,2,1,1,1,2
"COG3657",0,1,0,0,0,0
"COG3659",0,0,0,0,0,0
"COG3660",0,0,0,0,0,0
"COG3661",1,2,3,0,2,1
"COG3662",0,0,0,0,0,0
"COG3663",4,0,2,2,2,3
"COG3664",4,1,1,2,2,2
"COG3665",0,0,0,0,0,0
"COG3666",4,17,23,16,12,13
"COG3667",0,0,0,0,0,0
"COG3668",0,0,0,0,0,0
"COG3669",6,11,19,5,21,27
"COG3671",0,0,0,0,0,0
"COG3672",0,0,0,0,0,0
"COG3675",0,1,0,0,0,0
"COG3676",0,2,0,0,2,2
"COG3677",6,0,0,1,0,1
"COG3678",0,0,0,0,0,1
"COG3679",0,0,0,0,0,0
"COG3680",0,0,0,0,0,0
"COG3681",4,1,5,3,6,7
"COG3682",4,1,2,2,0,0
"COG3683",0,0,0,0,0,0
"COG3684",1,0,0,0,0,0
"COG3685",4,0,0,0,0,0
"COG3688",1,1,3,6,6,7
"COG3689",0,0,0,1,0,0
"COG3691",0,0,0,0,0,0
"COG3692",0,0,0,0,0,0
"COG3693",0,1,3,3,5,2
"COG3694",0,1,1,0,0,0
"COG3695",2,0,0,0,0,2
"COG3696",7,13,10,8,11,12
"COG3697",0,0,1,0,0,0
"COG3698",0,0,0,0,0,0
"COG3700",0,0,0,0,0,0
"COG3701",0,0,0,0,0,0
"COG3703",0,0,0,0,0,0
"COG3704",0,0,0,0,0,0
"COG3705",0,2,1,2,1,2
"COG3706",3,3,5,16,30,26
"COG3707",0,0,0,1,0,0
"COG3708",0,0,1,1,0,0
"COG3709",1,0,0,0,0,0
"COG3710",5,0,0,0,0,0
"COG3711",14,4,1,3,2,3
"COG3712",8,29,16,10,23,37
"COG3713",2,0,0,0,0,0
"COG3714",0,0,0,0,0,1
"COG3715",7,1,0,1,2,1
"COG3716",2,0,0,1,0,3
"COG3717",3,3,2,1,5,4
"COG3718",0,0,0,2,0,0
"COG3719",0,0,0,0,0,1
"COG3720",0,0,0,0,0,0
"COG3721",0,0,0,0,0,0
"COG3722",1,0,0,0,0,1
"COG3723",0,0,0,0,0,0
"COG3724",0,0,0,0,0,1
"COG3725",0,0,0,0,0,0
"COG3726",1,0,0,0,0,0
"COG3727",3,2,1,0,2,5
"COG3728",0,0,0,0,1,0
"COG3729",1,0,0,0,0,0
"COG3730",1,0,0,0,0,0
"COG3731",0,0,0,0,0,1
"COG3732",1,0,0,0,0,0
"COG3733",1,0,0,0,0,1
"COG3734",1,0,0,0,0,1
"COG3735",0,0,0,0,0,1
"COG3736",1,0,0,0,0,0
"COG3738",0,0,0,0,1,2
"COG3740",1,0,0,0,2,0
"COG3741",0,0,0,0,0,0
"COG3744",0,0,0,0,0,0
"COG3745",0,0,0,0,0,0
"COG3746",1,1,5,4,1,1
"COG3747",0,1,1,1,0,0
"COG3753",1,0,0,0,0,1
"COG3754",2,1,1,3,2,2
"COG3755",1,0,0,0,0,0
"COG3756",0,0,0,0,0,0
"COG3757",6,12,6,7,5,2
"COG3758",0,0,0,0,0,0
"COG3759",0,0,0,0,0,0
"COG3760",2,1,1,1,1,0
"COG3762",0,0,0,0,0,0
"COG3763",0,0,0,0,0,0
"COG3764",0,2,1,6,2,1
"COG3765",2,0,0,0,0,2
"COG3766",0,0,0,0,0,0
"COG3767",0,0,0,0,0,0
"COG3768",2,0,0,0,0,1
"COG3769",1,0,0,0,0,0
"COG3770",0,0,0,0,0,0
"COG3771",0,0,0,0,0,0
"COG3772",0,1,0,0,0,0
"COG3773",1,4,1,4,2,1
"COG3774",0,1,2,0,2,4
"COG3775",0,1,3,2,1,2
"COG3776",0,0,0,0,0,0
"COG3778",0,0,0,0,0,0
"COG3779",0,0,0,0,0,0
"COG3781",0,0,0,0,0,0
"COG3783",1,0,0,0,0,0
"COG3784",0,0,0,0,0,0
"COG3785",1,0,0,0,0,0
"COG3786",0,1,0,0,0,0
"COG3787",2,0,0,0,0,0
"COG3788",0,0,0,0,0,0
"COG3789",0,0,0,0,0,0
"COG3790",1,0,0,0,0,0
"COG3791",0,0,0,0,0,0
"COG3793",0,0,0,0,0,0
"COG3794",0,0,0,0,0,0
"COG3797",0,0,0,0,0,0
"COG3799",0,0,0,0,0,0
"COG3804",0,0,0,0,0,0
"COG3808",2,6,4,2,4,5
"COG3811",0,0,0,0,0,0
"COG3815",0,0,0,0,0,0
"COG3817",0,0,0,0,0,1
"COG3819",0,0,0,0,0,0
"COG3822",2,0,1,1,1,0
"COG3823",0,0,0,0,0,0
"COG3824",0,0,0,0,0,0
"COG3825",0,0,0,0,0,0
"COG3828",0,0,0,0,0,0
"COG3829",2,0,1,1,1,5
"COG3830",2,4,1,3,7,2
"COG3831",2,0,0,0,0,0
"COG3832",0,0,0,0,0,0
"COG3833",4,0,1,2,4,0
"COG3835",2,2,1,0,1,0
"COG3836",0,0,0,0,1,1
"COG3837",0,0,0,0,0,0
"COG3839",1,1,3,6,5,3
"COG3840",0,0,0,0,0,0
"COG3842",10,9,9,4,1,3
"COG3843",4,10,1,17,5,6
"COG3845",3,4,6,6,2,4
"COG3846",0,0,0,0,0,0
"COG3848",1,2,1,3,0,2
"COG3850",4,0,1,0,1,1
"COG3851",0,0,1,0,0,1
"COG3852",0,0,0,0,0,2
"COG3853",1,0,1,5,1,3
"COG3854",2,1,1,4,1,0
"COG3855",6,8,6,1,7,4
"COG3856",0,0,0,1,0,0
"COG3857",4,6,5,11,5,3
"COG3858",2,4,1,7,1,5
"COG3859",1,1,0,3,0,0
"COG3860",0,0,0,0,0,0
"COG3862",1,0,1,0,1,1
"COG3863",0,0,0,0,0,0
"COG3864",0,0,0,0,0,0
"COG3866",2,1,1,1,1,0
"COG3867",1,4,7,5,2,2
"COG3868",0,0,0,0,1,0
"COG3869",0,1,2,1,0,0
"COG3870",0,1,0,0,0,1
"COG3871",1,2,0,0,1,0
"COG3872",2,3,1,2,1,2
"COG3874",0,0,0,2,0,0
"COG3875",0,0,1,1,2,0
"COG3876",1,4,5,4,4,3
"COG3877",0,0,0,0,2,1
"COG3878",0,1,0,1,0,0
"COG3879",0,0,0,1,1,0
"COG3880",0,0,0,2,1,0
"COG3881",0,0,0,0,0,0
"COG3882",0,1,0,1,0,0
"COG3883",0,0,0,0,0,0
"COG3884",1,1,4,6,3,3
"COG3885",0,1,0,0,0,0
"COG3886",1,1,2,1,0,0
"COG3887",4,3,5,10,1,1
"COG3892",0,0,0,0,0,0
"COG3893",1,0,0,2,0,0
"COG3894",0,0,4,8,2,0
"COG3895",0,0,0,0,0,0
"COG3896",0,0,0,0,0,0
"COG3899",0,0,0,0,0,0
"COG3901",0,0,0,0,0,0
"COG3903",0,0,0,0,0,0
"COG3906",0,0,0,0,0,0
"COG3907",0,0,0,0,0,0
"COG3910",1,2,3,3,1,1
"COG3911",0,0,0,0,0,0
"COG3915",0,0,0,0,0,0
"COG3919",0,1,1,0,0,2
"COG3920",0,1,2,0,0,0
"COG3921",0,0,0,0,0,0
"COG3923",0,0,0,0,0,0
"COG3924",0,0,0,0,0,1
"COG3925",2,0,0,0,0,0
"COG3926",0,0,0,0,0,1
"COG3933",1,3,1,0,0,1
"COG3934",0,1,0,0,0,0
"COG3935",2,5,4,1,1,1
"COG3936",0,0,0,0,0,0
"COG3937",0,0,0,0,0,1
"COG3938",0,0,0,0,0,0
"COG3940",2,2,2,0,4,2
"COG3941",0,0,0,0,0,0
"COG3942",0,1,1,0,0,0
"COG3943",3,1,1,8,8,0
"COG3944",1,8,3,9,4,3
"COG3945",0,0,0,0,0,0
"COG3947",0,0,0,0,1,0
"COG3948",0,0,1,0,1,0
"COG3949",0,0,3,2,1,0
"COG3950",2,3,5,2,3,3
"COG3951",1,0,0,0,0,0
"COG3952",0,0,0,0,0,0
"COG3953",0,0,0,0,0,0
"COG3954",0,0,0,0,0,0
"COG3955",0,0,1,0,0,0
"COG3956",1,1,2,2,1,1
"COG3957",2,2,3,2,2,0
"COG3958",4,1,5,2,4,2
"COG3959",1,7,2,3,2,3
"COG3960",2,0,0,0,0,0
"COG3961",0,0,0,0,0,0
"COG3962",1,1,0,1,1,2
"COG3963",0,0,0,0,0,0
"COG3964",0,0,0,0,0,0
"COG3965",0,0,0,0,1,0
"COG3966",0,0,0,0,0,0
"COG3967",0,0,0,0,0,0
"COG3968",6,12,14,9,16,15
"COG3969",0,5,2,1,0,5
"COG3971",2,0,0,0,0,1
"COG3972",0,0,0,0,0,0
"COG3973",4,5,7,2,3,1
"COG3975",0,0,0,0,1,0
"COG3976",1,0,0,0,0,1
"COG3977",2,0,0,0,0,2
"COG3978",0,0,0,0,0,0
"COG3979",0,0,0,1,0,0
"COG3980",0,0,0,2,1,1
"COG3981",0,1,0,1,1,0
"COG4001",5,6,4,4,2,5
"COG4012",0,0,0,0,0,0
"COG4021",0,0,0,0,0,0
"COG4032",0,0,0,0,0,0
"COG4034",0,0,0,0,0,0
"COG4043",0,0,0,0,0,0
"COG4085",0,0,0,0,0,0
"COG4086",0,0,0,1,0,0
"COG4087",0,0,0,0,0,0
"COG4091",0,0,0,0,0,0
"COG4095",0,0,0,0,0,0
"COG4096",7,2,11,1,7,8
"COG4097",0,0,0,0,0,0
"COG4098",0,0,0,0,0,0
"COG4099",1,1,0,0,0,0
"COG4100",2,2,2,3,3,1
"COG4104",0,0,0,0,0,0
"COG4105",2,0,0,0,1,1
"COG4106",0,0,0,0,0,0
"COG4107",1,0,0,0,0,0
"COG4108",5,4,6,9,11,4
"COG4109",0,0,0,0,0,0
"COG4110",0,0,0,0,0,0
"COG4112",0,0,0,0,0,0
"COG4114",0,0,0,0,0,1
"COG4115",0,2,0,2,1,0
"COG4116",0,0,0,0,0,0
"COG4117",1,0,0,0,0,0
"COG4120",3,1,4,4,3,4
"COG4121",4,0,1,0,1,3
"COG4122",3,3,3,0,2,3
"COG4123",4,4,2,4,2,0
"COG4124",0,4,7,3,2,0
"COG4125",0,0,0,0,0,0
"COG4126",0,0,0,0,0,0
"COG4127",0,0,0,0,0,0
"COG4128",0,0,0,0,0,0
"COG4129",0,0,0,0,0,0
"COG4130",0,0,0,0,0,0
"COG4132",0,0,0,0,0,0
"COG4133",0,0,0,0,1,0
"COG4134",2,0,0,0,0,0
"COG4135",0,0,0,0,0,0
"COG4136",0,0,0,0,0,0
"COG4137",1,0,1,0,0,2
"COG4138",1,0,0,0,0,0
"COG4139",0,0,0,0,0,0
"COG4143",1,0,0,0,0,1
"COG4145",2,2,0,0,1,0
"COG4146",4,3,3,2,6,7
"COG4147",2,1,0,0,0,0
"COG4148",3,0,0,0,0,0
"COG4149",0,0,2,0,0,2
"COG4150",3,0,0,0,0,1
"COG4152",0,1,0,1,0,0
"COG4154",1,0,0,0,0,0
"COG4158",1,0,0,1,0,0
"COG4160",2,0,0,0,0,0
"COG4161",2,0,0,0,0,1
"COG4166",10,4,4,8,4,13
"COG4167",1,0,0,0,0,0
"COG4168",0,0,0,0,0,1
"COG4170",1,0,0,0,0,0
"COG4171",0,0,0,0,0,0
"COG4172",2,3,0,1,1,0
"COG4174",0,0,0,0,0,1
"COG4175",1,3,1,1,2,3
"COG4176",0,2,1,0,3,3
"COG4177",5,1,2,4,1,0
"COG4178",0,0,0,0,0,1
"COG4181",1,0,0,0,0,0
"COG4185",0,3,0,3,0,1
"COG4186",1,0,4,0,2,0
"COG4187",0,0,0,0,0,0
"COG4188",0,0,0,0,0,0
"COG4189",0,1,0,0,1,0
"COG4191",1,0,1,0,1,0
"COG4192",0,0,0,0,0,0
"COG4193",1,1,2,4,0,0
"COG4194",0,0,0,0,0,0
"COG4197",0,0,0,0,0,0
"COG4198",2,4,2,2,2,2
"COG4199",0,0,0,0,0,2
"COG4200",0,0,1,1,0,0
"COG4206",5,16,19,6,16,18
"COG4208",2,0,0,0,0,0
"COG4209",6,4,4,10,3,4
"COG4211",1,2,2,5,3,3
"COG4213",4,0,1,0,0,1
"COG4214",2,0,1,2,0,2
"COG4215",0,0,0,0,0,0
"COG4219",2,1,0,9,2,4
"COG4220",2,0,0,0,0,0
"COG4221",2,1,4,1,1,2
"COG4222",1,0,0,0,0,0
"COG4224",2,1,0,0,0,0
"COG4225",6,19,8,5,14,27
"COG4226",2,0,0,1,0,0
"COG4227",1,1,0,0,1,2
"COG4228",0,0,0,0,0,0
"COG4229",0,0,0,0,0,0
"COG4230",2,0,0,0,0,1
"COG4231",3,5,2,5,4,4
"COG4232",1,4,0,3,3,3
"COG4233",1,0,0,0,1,0
"COG4235",1,1,1,0,0,0
"COG4237",0,0,0,0,1,0
"COG4238",1,0,0,0,0,0
"COG4239",0,0,0,0,0,0
"COG4241",0,0,0,0,0,0
"COG4242",0,0,0,0,0,0
"COG4243",0,2,0,0,0,0
"COG4245",0,0,0,1,0,0
"COG4248",2,1,0,0,1,0
"COG4249",0,2,0,0,1,0
"COG4251",0,0,0,0,0,0
"COG4252",0,0,0,0,0,0
"COG4253",0,0,0,0,0,0
"COG4256",0,0,0,0,0,0
"COG4258",0,0,0,0,1,0
"COG4260",2,1,1,4,1,0
"COG4261",0,1,0,0,0,2
"COG4262",0,0,0,0,0,0
"COG4263",0,1,0,0,0,0
"COG4264",2,0,0,0,0,0
"COG4267",0,0,1,0,1,0
"COG4268",0,2,0,1,2,0
"COG4269",2,0,0,0,0,0
"COG4271",0,0,0,0,0,0
"COG4277",1,4,2,5,5,4
"COG4279",0,0,0,0,0,0
"COG4282",0,0,0,0,0,0
"COG4283",0,1,0,1,1,0
"COG4284",0,2,1,2,2,1
"COG4286",2,0,1,3,0,1
"COG4288",0,0,0,0,0,0
"COG4289",1,4,1,3,8,2
"COG4290",0,0,0,0,0,0
"COG4292",0,1,0,0,0,1
"COG4294",0,1,0,0,0,0
"COG4295",0,0,1,1,0,1
"COG4296",1,0,0,1,0,2
"COG4299",0,2,3,4,3,5
"COG4300",0,0,0,0,0,0
"COG4302",1,0,0,0,0,0
"COG4303",1,0,0,1,0,0
"COG4310",0,0,0,0,0,0
"COG4314",0,0,0,0,0,0
"COG4316",0,0,0,0,0,0
"COG4319",0,0,0,0,0,0
"COG4320",0,3,0,0,0,0
"COG4325",2,0,0,0,0,0
"COG4330",0,0,0,0,0,0
"COG4332",0,0,0,0,0,0
"COG4333",0,0,0,0,2,0
"COG4335",0,0,0,0,0,1
"COG4336",0,1,0,0,0,1
"COG4354",1,3,2,1,1,2
"COG4357",0,0,0,0,0,0
"COG4359",0,0,0,0,0,0
"COG4372",0,0,0,1,0,0
"COG4373",0,0,0,1,0,0
"COG4377",0,0,0,3,0,0
"COG4379",0,1,0,0,0,0
"COG4380",0,0,0,0,0,0
"COG4381",0,0,0,0,0,0
"COG4382",0,0,0,0,0,0
"COG4383",0,0,1,1,0,2
"COG4384",1,0,0,0,1,0
"COG4385",0,1,0,0,0,1
"COG4386",0,0,0,0,0,0
"COG4387",0,0,0,0,0,0
"COG4388",0,0,0,0,0,0
"COG4389",0,0,0,0,0,0
"COG4390",0,0,0,0,0,0
"COG4392",0,0,0,0,0,0
"COG4393",0,1,0,0,0,0
"COG4394",0,0,0,0,1,0
"COG4395",0,0,0,0,0,0
"COG4396",0,0,0,0,0,0
"COG4397",0,0,0,0,0,0
"COG4399",0,0,0,0,0,1
"COG4401",0,0,0,0,0,0
"COG4403",0,0,1,0,0,0
"COG4405",0,0,0,0,0,0
"COG4408",0,0,0,0,0,0
"COG4409",3,5,3,0,4,3
"COG4412",0,0,0,1,0,0
"COG4413",0,2,2,0,0,0
"COG4420",0,0,0,0,0,0
"COG4421",0,0,0,1,0,1
"COG4422",3,5,6,1,5,2
"COG4430",0,0,1,0,1,0
"COG4443",0,0,0,0,0,1
"COG4445",0,0,0,0,0,0
"COG4448",0,0,0,0,0,0
"COG4452",2,0,0,1,1,0
"COG4453",0,0,0,0,0,0
"COG4456",0,0,0,0,0,0
"COG4457",0,0,0,0,1,0
"COG4458",0,0,0,0,0,0
"COG4460",0,0,0,0,0,0
"COG4463",1,0,0,0,0,1
"COG4464",1,1,7,1,1,0
"COG4465",0,0,0,0,2,1
"COG4466",0,0,0,0,0,0
"COG4467",0,0,0,0,0,0
"COG4468",4,3,5,6,3,3
"COG4469",0,0,0,0,0,0
"COG4470",0,0,0,0,0,0
"COG4471",0,0,0,0,0,0
"COG4472",0,0,0,2,0,1
"COG4473",0,0,0,0,0,0
"COG4474",0,2,1,3,0,1
"COG4475",0,1,1,0,0,2
"COG4476",0,0,0,0,0,0
"COG4477",0,0,0,0,0,0
"COG4478",1,0,0,0,0,1
"COG4479",0,0,0,0,0,0
"COG4481",0,1,0,1,0,0
"COG4483",0,0,0,0,0,0
"COG4485",5,3,5,11,7,1
"COG4487",0,0,0,0,0,1
"COG4492",1,0,3,2,2,0
"COG4495",1,0,0,0,0,0
"COG4496",1,1,1,0,1,1
"COG4499",0,0,0,0,0,0
"COG4502",0,0,0,0,0,0
"COG4506",0,3,1,6,1,1
"COG4508",0,0,0,0,0,0
"COG4509",5,3,2,10,4,2
"COG4512",0,0,0,0,0,0
"COG4521",2,0,0,2,1,0
"COG4525",0,0,0,0,0,0
"COG4529",1,0,0,0,0,0
"COG4531",3,0,0,0,0,0
"COG4533",0,0,0,0,0,0
"COG4535",1,0,0,0,0,1
"COG4536",0,2,1,1,1,1
"COG4537",0,0,0,0,0,1
"COG4540",0,0,0,0,0,0
"COG4541",0,0,0,0,0,0
"COG4542",0,0,0,0,0,1
"COG4545",0,0,0,0,0,0
"COG4547",0,0,0,0,0,0
"COG4548",1,0,4,1,0,0
"COG4550",0,0,0,0,0,0
"COG4552",3,1,2,2,1,1
"COG4555",0,0,0,0,0,0
"COG4558",0,0,0,0,0,0
"COG4559",1,0,0,0,0,0
"COG4564",0,2,0,2,0,0
"COG4565",2,0,0,0,0,0
"COG4566",0,1,1,0,0,0
"COG4568",1,0,0,0,0,1
"COG4569",1,0,0,0,0,0
"COG4570",1,0,0,1,0,0
"COG4571",0,0,0,0,0,0
"COG4572",1,0,0,0,0,0
"COG4573",3,0,1,0,1,0
"COG4574",0,0,1,0,0,1
"COG4575",0,0,0,0,0,0
"COG4576",1,1,1,0,0,0
"COG4577",2,1,1,3,1,0
"COG4578",1,0,0,0,0,0
"COG4579",2,0,0,0,0,0
"COG4580",3,0,0,0,0,2
"COG4581",0,0,0,2,0,0
"COG4582",0,0,1,0,0,0
"COG4584",6,11,9,13,8,8
"COG4585",0,3,4,4,2,0
"COG4586",0,0,1,1,0,0
"COG4587",0,0,0,1,0,0
"COG4589",0,0,0,0,0,0
"COG4590",0,0,0,0,0,0
"COG4591",3,3,7,2,4,7
"COG4592",2,0,0,0,0,1
"COG4594",2,0,0,0,0,0
"COG4597",3,0,1,0,0,0
"COG4598",1,0,0,0,0,0
"COG4603",2,1,2,6,4,6
"COG4604",0,0,0,0,0,0
"COG4605",0,1,1,0,0,0
"COG4606",0,0,0,0,0,0
"COG4607",0,0,0,0,0,0
"COG4608",4,1,4,6,5,6
"COG4615",1,0,0,0,0,0
"COG4618",0,0,0,0,0,0
"COG4619",0,0,0,0,0,1
"COG4623",2,4,2,2,3,2
"COG4624",12,12,2,3,6,1
"COG4625",0,0,0,1,1,0
"COG4626",0,16,2,2,3,6
"COG4627",0,0,0,0,0,0
"COG4628",0,0,0,0,0,0
"COG4631",0,0,0,0,0,0
"COG4632",1,4,2,1,1,4
"COG4633",0,1,0,0,0,0
"COG4635",0,0,0,0,0,0
"COG4636",0,0,1,1,0,0
"COG4637",1,1,0,0,0,1
"COG4638",2,0,0,0,0,0
"COG4639",1,0,0,0,0,0
"COG4640",0,0,0,0,0,0
"COG4641",2,2,1,0,1,3
"COG4642",0,0,1,1,1,0
"COG4643",2,0,0,0,1,0
"COG4644",0,0,0,0,0,0
"COG4646",16,20,14,24,26,14
"COG4648",0,0,0,0,0,0
"COG4650",1,0,0,0,0,0
"COG4651",1,0,1,0,0,0
"COG4652",0,0,0,0,0,0
"COG4653",1,0,0,0,0,0
"COG4656",5,7,10,7,8,4
"COG4657",3,2,2,5,2,3
"COG4658",9,7,8,4,6,3
"COG4659",2,3,4,2,5,1
"COG4660",3,4,3,4,3,6
"COG4662",0,0,0,0,0,0
"COG4663",0,0,0,0,0,0
"COG4664",0,0,0,0,0,0
"COG4665",0,0,0,0,0,0
"COG4666",3,0,3,0,0,0
"COG4667",2,4,5,6,0,2
"COG4668",6,0,2,1,1,2
"COG4669",5,0,0,0,0,0
"COG4670",1,0,0,1,0,1
"COG4672",1,0,0,0,0,0
"COG4674",0,0,0,0,0,0
"COG4675",0,0,0,0,0,0
"COG4676",0,0,0,0,0,0
"COG4677",4,11,10,1,8,1
"COG4678",0,0,0,0,0,0
"COG4679",0,0,1,0,0,0
"COG4680",2,0,0,0,0,1
"COG4681",1,0,0,0,0,0
"COG4682",1,0,0,0,1,0
"COG4683",0,0,0,0,0,0
"COG4684",0,0,0,0,0,0
"COG4685",0,0,0,0,0,0
"COG4687",0,0,0,0,0,0
"COG4688",0,0,0,0,0,0
"COG4690",1,3,7,3,7,4
"COG4692",2,1,0,1,4,3
"COG4693",1,0,0,0,0,0
"COG4694",0,0,0,0,0,0
"COG4695",0,2,1,1,1,0
"COG4696",0,0,0,0,0,0
"COG4698",0,0,0,0,0,0
"COG4699",0,0,0,0,0,0
"COG4700",0,0,0,0,0,0
"COG4702",0,0,0,0,0,0
"COG4703",0,0,0,0,0,0
"COG4704",0,0,0,0,0,0
"COG4706",0,0,0,0,0,0
"COG4708",1,0,3,1,1,0
"COG4709",1,0,0,0,0,0
"COG4710",0,0,0,0,0,0
"COG4712",0,0,0,0,0,2
"COG4713",1,0,0,0,2,2
"COG4715",0,0,0,0,0,0
"COG4716",2,2,1,7,2,1
"COG4717",3,1,1,1,2,1
"COG4718",1,0,0,0,0,0
"COG4720",1,2,0,0,1,1
"COG4721",0,0,0,0,0,0
"COG4722",1,0,0,0,0,0
"COG4723",1,0,0,0,0,0
"COG4724",0,1,0,2,0,0
"COG4725",1,0,1,2,0,0
"COG4728",0,0,2,0,1,3
"COG4729",0,0,0,0,0,0
"COG4731",0,0,0,0,0,0
"COG4732",1,2,0,0,0,0
"COG4733",4,1,0,0,0,0
"COG4734",0,0,0,0,1,2
"COG4735",0,0,0,0,0,0
"COG4737",0,0,0,0,0,1
"COG4739",0,1,1,1,1,2
"COG4744",0,0,0,0,0,1
"COG4747",0,2,2,2,0,1
"COG4748",0,0,1,2,0,0
"COG4750",2,0,0,3,0,2
"COG4752",0,0,0,0,0,0
"COG4753",27,42,37,35,26,33
"COG4757",0,0,0,0,0,0
"COG4758",0,0,0,0,0,0
"COG4760",0,0,0,0,0,0
"COG4763",0,0,0,0,1,0
"COG4766",0,0,0,0,0,0
"COG4767",0,0,1,1,2,1
"COG4768",0,0,0,0,0,0
"COG4769",1,1,1,1,1,1
"COG4770",0,0,0,0,1,0
"COG4771",6,15,10,6,9,11
"COG4772",0,1,0,0,0,1
"COG4773",3,0,0,0,0,0
"COG4774",3,0,0,0,0,0
"COG4775",5,5,8,8,11,8
"COG4776",0,0,0,0,0,0
"COG4778",1,0,0,0,0,0
"COG4779",0,0,0,0,0,0
"COG4781",0,0,0,0,0,0
"COG4783",1,1,1,0,1,0
"COG4784",1,3,0,1,0,0
"COG4785",2,0,1,0,0,1
"COG4786",1,3,1,1,2,4
"COG4787",0,0,0,0,0,1
"COG4789",0,0,0,0,0,0
"COG4790",0,0,1,0,0,0
"COG4791",0,0,0,0,0,0
"COG4792",0,0,0,0,0,0
"COG4794",0,0,0,0,0,0
"COG4795",3,0,0,0,0,0
"COG4796",2,0,0,0,0,0
"COG4797",0,0,0,0,0,0
"COG4799",7,4,5,11,8,12
"COG4803",0,0,0,0,0,0
"COG4804",3,10,13,5,6,8
"COG4805",2,2,1,2,1,3
"COG4806",1,3,2,5,3,4
"COG4807",0,0,0,0,0,0
"COG4808",1,0,0,0,0,0
"COG4809",0,0,0,0,0,0
"COG4810",2,0,0,0,0,0
"COG4811",1,0,0,0,0,0
"COG4812",0,0,0,0,0,0
"COG4813",0,1,1,0,0,0
"COG4814",0,0,0,0,0,0
"COG4816",0,0,0,0,0,0
"COG4819",0,0,0,0,0,0
"COG4820",1,0,0,0,0,0
"COG4821",0,1,0,0,1,0
"COG4822",2,3,7,6,0,4
"COG4823",1,1,3,3,0,3
"COG4824",0,1,0,1,1,0
"COG4825",0,0,0,0,0,0
"COG4826",0,0,0,1,0,0
"COG4828",0,1,0,0,0,3
"COG4829",0,0,0,0,0,0
"COG4832",0,1,0,1,1,1
"COG4833",1,3,0,1,5,7
"COG4834",0,0,0,0,0,1
"COG4835",0,0,0,0,0,0
"COG4839",0,0,0,0,0,0
"COG4842",0,0,0,0,0,0
"COG4843",0,0,0,0,0,0
"COG4845",4,2,0,0,0,2
"COG4849",0,0,0,0,0,0
"COG4850",0,0,1,0,0,0
"COG4851",0,0,0,0,0,0
"COG4853",0,0,0,0,0,0
"COG4856",1,1,3,3,6,4
"COG4857",0,0,0,0,0,0
"COG4858",0,0,0,0,0,0
"COG4859",0,0,0,0,0,0
"COG4861",0,0,0,0,0,0
"COG4862",1,1,0,1,0,0
"COG4864",1,3,1,2,4,1
"COG4865",0,0,0,0,0,0
"COG4866",1,6,3,4,1,3
"COG4868",3,0,1,3,2,3
"COG4869",1,1,3,1,0,0
"COG4870",5,1,3,0,2,0
"COG4871",0,0,0,0,0,0
"COG4874",1,0,0,0,0,1
"COG4877",0,0,0,0,0,1
"COG4878",0,0,0,1,0,2
"COG4880",0,1,1,0,0,1
"COG4884",0,0,0,0,0,0
"COG4886",2,3,8,5,8,5
"COG4887",0,0,0,0,1,1
"COG4889",1,2,0,0,0,0
"COG4890",0,0,0,0,0,0
"COG4892",0,0,0,0,0,0
"COG4894",0,0,2,0,1,0
"COG4895",0,0,0,0,0,0
"COG4898",0,0,0,0,0,0
"COG4903",0,0,0,0,0,0
"COG4905",1,7,1,7,4,1
"COG4907",0,0,0,1,0,0
"COG4908",0,0,0,0,0,0
"COG4909",0,1,0,0,0,0
"COG4910",0,0,0,0,0,1
"COG4912",0,4,1,2,0,2
"COG4913",2,1,5,3,1,3
"COG4916",0,0,0,0,0,0
"COG4917",2,0,0,1,1,0
"COG4922",0,0,0,0,0,0
"COG4924",0,0,0,1,0,0
"COG4925",0,0,1,0,0,0
"COG4926",1,0,0,0,3,0
"COG4927",0,0,0,0,0,0
"COG4928",0,2,1,0,1,0
"COG4929",0,1,0,0,0,0
"COG4930",0,3,1,1,1,2
"COG4932",11,13,3,14,5,11
"COG4933",0,0,1,0,1,0
"COG4936",0,2,1,0,0,1
"COG4937",1,0,0,0,1,0
"COG4938",0,0,6,0,1,0
"COG4939",0,0,0,0,0,0
"COG4940",0,0,0,0,0,0
"COG4942",0,2,1,1,1,0
"COG4943",3,0,0,0,0,1
"COG4946",6,12,6,6,12,12
"COG4947",0,0,2,1,0,0
"COG4948",13,2,4,1,5,8
"COG4950",0,0,0,0,0,1
"COG4951",0,2,7,2,1,1
"COG4952",0,0,0,0,0,0
"COG4953",0,0,0,0,1,1
"COG4955",0,0,0,0,0,0
"COG4956",0,1,0,0,0,0
"COG4957",0,0,0,0,0,0
"COG4959",0,0,0,0,0,0
"COG4962",1,2,5,9,1,1
"COG4963",0,0,0,2,0,1
"COG4964",0,0,0,0,0,0
"COG4965",0,2,1,0,3,2
"COG4967",0,0,0,0,0,0
"COG4969",0,0,0,0,0,0
"COG4972",1,0,1,2,0,0
"COG4973",1,4,2,2,3,7
"COG4974",12,21,9,17,26,12
"COG4975",0,0,0,0,0,0
"COG4977",5,5,3,0,6,5
"COG4978",0,3,0,0,0,0
"COG4981",0,1,0,0,0,0
"COG4982",0,0,0,0,0,0
"COG4983",0,1,1,0,0,1
"COG4984",0,0,0,0,2,0
"COG4985",0,0,0,1,2,1
"COG4986",0,0,0,0,0,0
"COG4987",0,0,0,0,0,1
"COG4988",1,2,1,0,4,3
"COG4989",0,0,1,0,0,0
"COG4990",0,0,1,0,0,1
"COG4992",5,6,10,4,8,3
"COG4993",1,0,0,0,0,0
"COG4995",0,0,1,1,0,0
"COG4997",0,0,0,1,0,0
"COG4999",17,13,9,20,16,27
"COG5000",3,6,3,4,8,7
"COG5001",10,9,7,15,8,9
"COG5002",21,32,33,19,45,37
"COG5004",0,0,0,0,0,0
"COG5005",0,0,0,0,0,0
"COG5006",3,2,0,0,0,0
"COG5007",1,0,0,0,0,0
"COG5009",2,9,6,3,9,9
"COG5011",1,1,3,2,0,0
"COG5012",1,1,1,3,0,0
"COG5013",1,0,0,0,0,1
"COG5015",2,0,0,1,0,1
"COG5016",1,7,13,8,11,7
"COG5017",0,0,1,0,0,0
"COG5018",0,0,0,1,0,0
"COG5026",0,0,0,0,0,0
"COG5029",0,0,0,0,0,0
"COG5039",1,0,0,0,0,1
"COG5048",0,0,0,0,0,0
"COG5108",2,0,0,0,0,0
"COG5146",0,4,0,0,0,2
"COG5184",1,1,0,4,2,1
"COG5206",0,1,5,0,0,0
"COG5263",3,5,0,1,3,3
"COG5265",0,0,0,0,0,0
"COG5266",0,0,0,0,0,0
"COG5268",0,0,0,0,0,0
"COG5271",0,0,0,0,0,0
"COG5272",0,0,0,0,0,0
"COG5276",0,0,0,0,0,0
"COG5279",5,2,2,6,3,1
"COG5280",1,0,1,1,1,2
"COG5281",2,1,0,0,0,0
"COG5282",0,0,0,0,0,0
"COG5283",1,2,5,6,4,15
"COG5285",0,0,0,0,0,0
"COG5293",0,0,0,0,0,0
"COG5294",0,0,0,0,0,0
"COG5295",2,0,0,0,0,0
"COG5298",0,0,0,0,0,0
"COG5301",2,0,0,0,0,0
"COG5302",0,0,0,0,0,0
"COG5305",0,0,0,3,0,0
"COG5309",0,0,0,1,0,0
"COG5314",0,0,0,0,0,0
"COG5319",0,0,0,0,0,0
"COG5322",0,0,0,0,0,0
"COG5324",0,0,0,0,0,0
"COG5337",1,0,2,0,0,1
"COG5339",3,0,1,0,0,0
"COG5340",0,0,0,2,0,0
"COG5341",0,0,0,0,0,0
"COG5345",0,0,0,0,0,0
"COG5353",0,0,0,0,0,0
"COG5360",0,0,1,0,0,0
"COG5361",0,0,0,0,1,1
"COG5362",0,0,0,0,0,0
"COG5368",0,5,2,0,1,2
"COG5373",0,0,0,0,0,0
"COG5377",1,2,1,3,2,0
"COG5383",2,0,0,0,0,0
"COG5393",0,0,0,0,0,0
"COG5398",0,0,0,0,0,0
"COG5401",0,0,0,0,0,0
"COG5404",1,0,0,0,0,0
"COG5405",1,0,0,0,0,0
"COG5410",0,0,1,1,2,0
"COG5412",1,0,0,1,1,1
"COG5413",0,0,0,0,0,0
"COG5418",0,0,0,0,0,0
"COG5421",1,2,1,0,1,1
"COG5423",0,0,0,0,0,0
"COG5424",0,0,0,0,0,0
"COG5426",0,0,0,0,0,0
"COG5427",1,0,0,0,0,0
"COG5433",8,2,3,2,6,5
"COG5434",6,15,20,13,13,19
"COG5437",0,0,0,0,0,0
"COG5438",0,3,3,0,0,1
"COG5441",0,0,0,0,0,0
"COG5444",1,0,0,2,0,0
"COG5445",0,0,0,0,0,0
"COG5449",1,0,0,0,0,0
"COG5455",0,0,0,0,0,1
"COG5457",0,0,0,0,0,0
"COG5459",0,0,0,0,0,0
"COG5463",2,0,0,0,0,0
"COG5464",2,0,0,0,0,2
"COG5471",0,0,0,0,0,0
"COG5474",0,0,0,0,0,0
"COG5475",0,0,0,0,0,0
"COG5476",0,0,0,0,0,0
"COG5482",0,0,0,0,0,0
"COG5483",0,0,0,0,0,0
"COG5484",0,0,2,0,0,1
"COG5485",0,0,0,0,0,1
"COG5492",2,4,6,5,5,2
"COG5493",0,0,0,0,0,0
"COG5495",0,0,0,1,2,0
"COG5496",0,0,2,1,1,1
"COG5498",1,1,1,1,1,2
"COG5499",0,0,0,0,0,0
"COG5503",0,0,0,0,0,0
"COG5504",0,0,0,0,0,0
"COG5505",0,1,0,0,0,0
"COG5506",0,0,0,0,0,0
"COG5507",1,0,0,0,0,0
"COG5510",1,0,0,0,0,0
"COG5511",2,0,1,0,0,1
"COG5512",0,0,0,0,0,0
"COG5514",0,0,0,0,0,0
"COG5517",0,0,0,0,0,0
"COG5518",1,0,0,0,0,0
"COG5519",0,3,0,0,1,0
"COG5520",0,1,1,1,6,8
"COG5521",0,0,0,0,0,0
"COG5522",0,0,0,0,0,0
"COG5523",2,1,3,1,3,2
"COG5525",2,0,0,0,1,1
"COG5527",1,1,1,1,0,1
"COG5529",1,0,0,0,0,0
"COG5532",2,0,0,0,0,0
"COG5542",0,0,0,1,0,2
"COG5544",0,0,0,0,0,0
"COG5545",14,9,12,10,14,18
"COG5546",0,0,0,0,0,0
"COG5549",0,0,0,0,0,0
"COG5551",0,0,0,1,1,0
"COG5553",0,0,0,0,0,0
"COG5557",1,0,1,0,0,1
"COG5561",0,0,0,0,0,0
"COG5562",1,0,0,0,0,0
"COG5564",0,0,0,0,0,0
"COG5565",1,0,0,0,0,0
"COG5566",0,0,0,0,0,0
"COG5567",0,0,0,0,0,0
"COG5569",0,0,0,0,0,0
"COG5571",1,0,1,0,0,0
"COG5577",3,0,0,0,0,1
"COG5578",0,0,0,0,0,0
"COG5579",0,0,1,0,0,0
"COG5581",1,0,0,0,0,0
"COG5585",0,0,0,0,0,0
"COG5586",0,0,0,0,0,0
"COG5587",1,3,2,1,3,0
"COG5595",0,0,0,0,0,0
"COG5598",0,0,0,0,0,0
"COG5606",0,0,0,0,0,0
"COG5610",2,0,0,1,1,1
"COG5614",0,0,0,0,0,0
"COG5617",0,0,1,1,3,0
"COG5618",0,0,0,0,0,0
"COG5619",0,0,0,0,0,0
"COG5620",0,2,0,1,0,1
"COG5632",2,13,2,2,3,1
"COG5633",0,0,0,0,0,0
"COG5635",0,0,0,1,2,0
"COG5640",0,0,0,0,0,0
"COG5642",0,0,0,0,0,0
"COG5645",4,0,0,0,0,1
"COG5646",0,0,0,0,0,0
"COG5651",0,0,0,0,0,0
"COG5652",2,0,3,1,0,1
"COG5654",0,0,0,0,0,0
"COG5655",3,0,0,0,0,14
"COG5658",3,1,0,2,0,1
"COG5659",0,0,0,0,0,0
"COG5663",0,0,0,0,0,0
