"","X68_DCM_0d2.3","X23_DCM_0d2.1d6","X78_DCM_0d2.0d45","X78_SUR_0d2.0d45","X38_SUR_0d2.1d6","X122_SUR_0d1.0d2"
"COG0001",7,1,3,5,9,2
"COG0002",1,6,6,9,10,1
"COG0003",0,0,1,1,0,0
"COG0004",22,19,12,20,21,7
"COG0005",6,4,6,5,5,1
"COG0006",25,36,26,7,6,4
"COG0007",2,1,2,0,1,1
"COG0008",10,20,16,11,20,3
"COG0009",2,3,3,3,6,3
"COG0010",10,11,10,5,10,5
"COG0011",0,0,0,1,0,1
"COG0012",2,6,4,11,13,2
"COG0013",20,11,18,20,21,5
"COG0014",11,6,10,11,12,5
"COG0015",6,9,3,13,11,8
"COG0016",10,6,4,7,9,2
"COG0017",3,3,4,2,1,1
"COG0018",13,11,15,16,10,1
"COG0019",7,6,4,14,14,6
"COG0020",5,4,10,2,2,0
"COG0021",12,23,16,13,13,1
"COG0022",9,13,14,5,15,4
"COG0023",2,1,0,0,1,0
"COG0024",7,6,5,6,5,6
"COG0025",6,6,1,3,2,2
"COG0026",5,2,10,5,7,0
"COG0027",0,2,0,0,0,2
"COG0028",31,33,39,45,19,14
"COG0029",1,0,0,1,9,1
"COG0030",7,3,11,6,7,1
"COG0031",9,14,13,12,8,4
"COG0033",3,0,1,0,3,1
"COG0034",9,13,21,14,17,6
"COG0035",1,2,0,0,1,0
"COG0036",5,4,7,5,2,4
"COG0037",13,7,9,2,1,3
"COG0038",7,3,0,1,4,0
"COG0039",2,7,11,7,5,0
"COG0040",14,2,5,5,3,1
"COG0041",8,3,3,3,2,0
"COG0042",10,3,9,4,10,2
"COG0043",2,1,7,0,0,1
"COG0044",12,5,9,22,10,4
"COG0045",5,6,2,15,9,3
"COG0046",20,14,17,21,21,7
"COG0047",14,7,12,5,8,10
"COG0048",3,1,3,6,1,1
"COG0049",2,0,1,3,10,1
"COG0050",10,12,7,12,6,2
"COG0051",2,4,4,2,3,2
"COG0052",12,9,5,5,5,2
"COG0053",0,0,1,1,1,0
"COG0054",3,5,1,4,2,1
"COG0055",17,12,12,7,12,4
"COG0056",13,14,13,20,19,1
"COG0057",13,13,8,13,11,6
"COG0058",4,3,1,2,6,0
"COG0059",9,10,11,10,8,1
"COG0060",18,17,24,15,28,4
"COG0061",10,11,11,6,10,4
"COG0062",7,1,3,1,1,0
"COG0063",8,3,4,4,10,2
"COG0064",9,15,11,8,13,1
"COG0065",14,13,8,15,16,3
"COG0066",5,5,10,6,4,1
"COG0067",20,29,27,29,22,10
"COG0068",0,1,0,0,0,0
"COG0069",27,50,27,37,39,12
"COG0070",26,24,25,27,21,6
"COG0071",1,2,2,7,7,37
"COG0072",16,15,14,17,18,7
"COG0073",9,14,8,5,8,8
"COG0074",8,10,9,14,7,4
"COG0075",7,6,8,6,5,3
"COG0076",6,0,1,2,6,1
"COG0077",6,8,9,7,10,4
"COG0078",6,2,5,2,2,0
"COG0079",18,10,5,11,11,8
"COG0080",5,3,4,5,0,1
"COG0081",8,5,3,5,4,1
"COG0082",11,6,12,11,9,0
"COG0083",2,0,4,2,0,0
"COG0084",7,3,4,6,5,0
"COG0085",31,37,43,27,29,12
"COG0086",30,40,31,40,19,10
"COG0087",4,3,6,4,2,2
"COG0088",7,0,7,5,5,3
"COG0089",1,2,0,5,3,0
"COG0090",0,3,4,13,7,0
"COG0091",4,3,0,2,4,2
"COG0092",4,4,9,7,2,4
"COG0093",3,5,2,4,1,0
"COG0094",5,4,2,2,1,0
"COG0095",0,0,1,0,0,0
"COG0096",4,1,5,0,3,2
"COG0097",3,5,6,3,3,2
"COG0098",6,8,6,7,3,0
"COG0099",4,0,2,3,1,0
"COG0100",0,0,0,4,1,0
"COG0101",7,4,2,7,8,1
"COG0102",4,1,8,4,2,1
"COG0103",4,1,10,2,2,0
"COG0104",8,7,7,6,11,5
"COG0105",3,2,4,0,3,1
"COG0106",4,6,6,3,8,1
"COG0107",11,5,5,9,3,1
"COG0108",9,10,10,9,13,3
"COG0109",7,1,5,10,8,1
"COG0110",4,3,2,4,4,4
"COG0111",7,21,22,31,19,7
"COG0112",18,11,11,12,9,6
"COG0113",8,6,6,1,4,1
"COG0114",7,7,4,10,4,2
"COG0115",20,6,12,14,14,3
"COG0116",4,0,0,1,1,1
"COG0117",5,11,5,6,5,3
"COG0118",5,3,3,4,1,0
"COG0119",19,21,22,31,22,11
"COG0120",4,1,1,1,0,1
"COG0121",1,1,0,0,0,0
"COG0122",2,1,1,6,4,0
"COG0123",8,7,5,10,11,3
"COG0124",5,5,3,17,8,0
"COG0125",3,6,4,8,7,0
"COG0126",7,15,10,16,7,6
"COG0127",8,4,4,1,6,1
"COG0128",11,13,8,10,11,0
"COG0129",16,23,15,12,11,7
"COG0130",5,2,3,5,6,1
"COG0131",2,6,2,2,3,2
"COG0132",2,1,1,0,1,2
"COG0133",10,4,2,6,8,4
"COG0134",4,5,1,1,7,3
"COG0135",0,0,4,3,3,0
"COG0136",4,15,6,10,6,3
"COG0137",6,6,10,7,5,1
"COG0138",12,12,23,9,10,1
"COG0139",4,3,1,1,4,0
"COG0140",2,2,0,1,2,0
"COG0141",7,9,14,14,11,1
"COG0142",14,17,10,16,15,7
"COG0143",11,8,10,10,17,3
"COG0144",3,4,4,2,0,2
"COG0145",2,4,3,2,9,2
"COG0146",2,4,3,2,6,2
"COG0147",20,15,14,21,18,4
"COG0148",4,11,12,10,10,4
"COG0149",6,7,12,7,4,0
"COG0150",6,7,9,6,10,12
"COG0151",11,8,8,13,5,3
"COG0152",5,4,4,7,11,2
"COG0153",2,2,2,1,1,0
"COG0154",23,19,24,28,23,15
"COG0155",5,4,2,5,6,2
"COG0156",8,7,4,4,7,4
"COG0157",6,2,3,8,2,2
"COG0158",1,0,0,0,0,3
"COG0159",4,6,0,11,5,2
"COG0160",4,1,8,1,7,4
"COG0161",14,8,14,11,13,1
"COG0162",1,1,3,14,4,2
"COG0163",1,0,0,0,0,0
"COG0164",8,4,9,6,3,1
"COG0165",11,6,8,7,1,4
"COG0166",9,8,5,15,6,3
"COG0167",9,11,7,4,7,9
"COG0168",17,14,15,14,13,1
"COG0169",7,3,12,12,2,1
"COG0170",2,0,0,1,2,0
"COG0171",10,6,9,5,13,14
"COG0172",7,13,11,10,16,4
"COG0173",11,15,6,11,13,2
"COG0174",16,28,30,23,21,7
"COG0175",4,0,0,2,4,10
"COG0176",9,5,4,5,10,31
"COG0177",9,7,5,3,6,1
"COG0178",26,22,22,18,17,9
"COG0179",4,7,8,7,7,1
"COG0180",8,5,7,13,5,2
"COG0181",11,7,7,7,13,2
"COG0182",5,2,4,5,3,3
"COG0183",12,24,27,22,12,18
"COG0184",3,1,1,2,1,1
"COG0185",6,7,2,2,2,1
"COG0186",7,1,2,3,1,0
"COG0187",25,20,31,24,28,11
"COG0188",27,32,25,37,33,10
"COG0189",5,10,7,7,7,17
"COG0190",10,10,8,2,2,0
"COG0191",2,2,3,3,3,2
"COG0192",8,13,13,7,8,3
"COG0193",8,3,6,8,4,1
"COG0194",4,4,4,11,4,2
"COG0195",8,14,11,8,8,4
"COG0196",8,3,3,6,6,1
"COG0197",3,4,2,1,0,0
"COG0198",1,2,0,0,0,1
"COG0199",4,1,1,1,2,0
"COG0200",4,3,4,3,2,2
"COG0201",13,9,11,11,3,3
"COG0202",8,16,5,11,10,4
"COG0203",1,3,4,1,4,2
"COG0204",10,8,22,11,10,6
"COG0205",2,4,4,7,6,0
"COG0206",11,6,10,14,10,5
"COG0207",2,2,1,5,2,12
"COG0208",2,2,1,8,25,83
"COG0209",26,35,30,12,15,58
"COG0210",13,13,21,20,26,152
"COG0211",1,4,0,1,1,1
"COG0212",3,4,7,3,3,0
"COG0213",0,2,3,1,0,0
"COG0214",1,1,3,0,1,0
"COG0215",9,13,9,10,10,4
"COG0216",5,7,10,10,5,2
"COG0217",3,3,4,3,4,0
"COG0218",3,2,1,2,1,2
"COG0219",2,4,2,1,2,0
"COG0220",4,5,2,1,2,0
"COG0221",3,1,0,0,1,1
"COG0222",7,3,2,2,6,0
"COG0223",7,5,12,12,8,5
"COG0224",8,9,11,10,10,1
"COG0225",3,8,9,3,8,4
"COG0226",2,11,13,13,4,2
"COG0227",1,0,0,5,2,1
"COG0228",4,1,7,2,4,1
"COG0229",9,4,5,7,1,0
"COG0230",0,1,1,0,1,1
"COG0231",2,3,2,0,5,3
"COG0232",5,5,6,3,2,1
"COG0233",2,2,5,5,2,2
"COG0234",2,3,3,4,1,18
"COG0235",1,4,6,7,3,0
"COG0236",2,4,3,1,1,0
"COG0237",5,4,2,4,7,2
"COG0238",0,3,1,2,0,0
"COG0239",0,1,0,0,0,0
"COG0240",1,6,7,11,10,2
"COG0241",2,1,2,5,0,2
"COG0242",5,15,2,9,6,7
"COG0243",9,8,10,3,6,12
"COG0244",2,5,6,3,2,1
"COG0245",6,2,8,3,3,1
"COG0246",2,0,1,0,0,1
"COG0247",10,11,15,10,18,2
"COG0248",7,8,3,3,2,0
"COG0249",9,6,5,6,14,4
"COG0250",5,3,4,4,4,0
"COG0251",4,7,6,4,3,1
"COG0252",0,1,2,2,1,2
"COG0253",5,4,3,12,4,1
"COG0254",2,3,1,4,2,0
"COG0255",0,1,1,1,2,0
"COG0256",6,5,3,3,1,0
"COG0257",0,0,0,0,0,0
"COG0258",25,22,23,12,22,50
"COG0259",4,3,1,7,3,2
"COG0260",15,8,11,7,6,5
"COG0261",3,4,5,5,4,0
"COG0262",1,5,4,1,4,0
"COG0263",7,7,5,9,5,5
"COG0264",7,3,4,4,5,2
"COG0265",15,19,19,18,11,1
"COG0266",9,4,8,5,8,4
"COG0267",2,1,0,0,1,0
"COG0268",4,1,5,2,0,1
"COG0269",0,0,0,0,0,0
"COG0270",1,6,1,2,8,63
"COG0271",2,0,1,1,0,0
"COG0272",19,15,12,13,11,21
"COG0274",0,2,1,1,1,0
"COG0275",2,4,3,4,9,2
"COG0276",6,7,6,4,12,1
"COG0277",17,18,23,10,25,9
"COG0278",0,1,1,1,4,1
"COG0279",4,1,2,3,4,7
"COG0280",9,7,11,10,16,2
"COG0281",6,11,10,9,7,5
"COG0282",1,0,0,0,0,0
"COG0283",8,2,4,3,4,3
"COG0284",7,3,6,4,3,1
"COG0285",13,2,10,10,7,2
"COG0286",0,0,1,2,4,3
"COG0287",8,5,5,11,9,0
"COG0288",1,3,0,0,0,1
"COG0289",5,5,4,0,2,0
"COG0290",5,7,4,4,4,1
"COG0291",1,0,0,1,0,1
"COG0292",0,0,5,5,2,1
"COG0293",3,2,3,2,2,1
"COG0294",1,2,6,10,7,1
"COG0295",0,0,0,0,2,0
"COG0296",5,0,0,3,2,1
"COG0297",1,3,0,0,5,0
"COG0298",0,0,0,0,0,0
"COG0299",1,1,0,5,5,4
"COG0300",4,2,3,6,0,2
"COG0301",0,0,0,0,0,0
"COG0302",0,1,1,1,8,6
"COG0303",3,3,2,3,2,2
"COG0304",5,10,4,11,8,9
"COG0305",14,19,14,21,23,158
"COG0306",4,6,5,1,1,2
"COG0307",2,7,5,6,6,1
"COG0308",16,5,13,11,16,4
"COG0309",0,0,1,0,0,1
"COG0310",0,1,2,2,2,0
"COG0311",2,1,3,1,2,0
"COG0312",7,20,12,17,18,0
"COG0313",5,0,8,9,5,1
"COG0314",2,3,2,2,2,3
"COG0315",0,1,1,2,0,1
"COG0316",0,2,2,5,6,4
"COG0317",11,13,9,20,12,8
"COG0318",32,37,35,34,24,24
"COG0319",4,1,2,1,5,2
"COG0320",5,7,8,9,9,1
"COG0321",6,5,6,3,3,2
"COG0322",10,18,12,19,16,4
"COG0323",5,2,4,5,1,3
"COG0324",5,0,8,5,8,1
"COG0325",6,5,7,4,3,2
"COG0326",4,9,5,2,6,4
"COG0327",0,1,0,0,1,3
"COG0328",8,2,2,2,2,0
"COG0329",5,12,13,11,5,3
"COG0330",13,13,12,18,10,7
"COG0331",6,6,12,8,4,0
"COG0332",8,3,6,1,7,3
"COG0333",0,1,0,1,1,0
"COG0334",3,6,3,6,11,3
"COG0335",4,2,4,4,7,3
"COG0336",8,9,8,2,3,3
"COG0337",12,9,12,8,9,4
"COG0338",1,3,1,1,11,17
"COG0339",8,3,6,2,9,5
"COG0340",4,3,4,4,5,0
"COG0341",4,2,3,9,8,0
"COG0342",14,14,17,12,11,6
"COG0343",12,8,6,3,6,1
"COG0344",3,5,4,8,6,0
"COG0345",2,3,4,5,6,0
"COG0346",3,8,4,6,4,5
"COG0347",0,5,2,2,1,1
"COG0348",1,0,0,0,1,2
"COG0349",4,2,4,0,0,0
"COG0350",1,0,3,1,1,5
"COG0351",2,3,4,7,5,3
"COG0352",1,1,7,3,4,1
"COG0353",3,4,5,10,2,2
"COG0354",6,5,8,4,2,1
"COG0355",0,4,1,3,2,1
"COG0356",3,7,9,6,7,2
"COG0357",7,8,4,5,7,1
"COG0358",13,16,14,16,21,29
"COG0359",5,3,2,6,0,0
"COG0360",3,1,2,0,1,0
"COG0361",2,2,4,0,1,2
"COG0362",4,1,3,1,4,1
"COG0363",6,5,1,0,5,1
"COG0364",0,0,0,3,13,1
"COG0365",21,35,31,36,29,9
"COG0366",10,6,4,11,9,2
"COG0367",11,10,18,13,11,6
"COG0368",2,0,1,0,0,0
"COG0369",4,1,1,3,3,3
"COG0370",2,0,3,1,1,1
"COG0371",2,0,3,1,0,0
"COG0372",9,8,10,15,15,3
"COG0373",9,1,4,2,2,3
"COG0374",0,0,0,0,0,1
"COG0375",0,0,0,0,0,0
"COG0376",6,17,10,13,8,7
"COG0377",2,2,8,3,0,1
"COG0378",1,1,1,1,1,0
"COG0379",9,2,6,10,5,0
"COG0380",0,1,0,0,0,1
"COG0381",3,0,2,6,4,2
"COG0382",9,4,5,12,8,1
"COG0383",1,0,1,0,2,0
"COG0384",4,1,0,1,0,0
"COG0385",2,2,3,5,9,5
"COG0386",5,1,1,0,0,1
"COG0387",3,0,0,0,0,0
"COG0388",7,15,10,10,9,8
"COG0389",14,11,12,6,10,2
"COG0390",0,0,0,0,0,0
"COG0391",4,2,4,2,1,2
"COG0392",2,0,0,1,2,0
"COG0393",1,1,2,0,1,0
"COG0394",6,3,3,2,1,3
"COG0395",9,8,11,15,14,2
"COG0396",3,3,6,7,7,1
"COG0397",10,7,4,6,7,4
"COG0398",1,3,3,3,6,2
"COG0399",15,12,18,18,17,37
"COG0400",4,1,6,3,1,1
"COG0401",0,0,0,0,0,1
"COG0402",6,3,4,4,2,3
"COG0403",19,13,13,15,20,7
"COG0404",48,67,57,70,55,2
"COG0405",10,14,11,16,8,3
"COG0406",1,3,1,5,3,2
"COG0407",2,8,6,9,8,4
"COG0408",6,4,5,8,6,3
"COG0409",1,0,0,0,0,0
"COG0410",2,11,11,8,9,4
"COG0411",3,10,7,8,8,2
"COG0412",2,5,4,4,6,3
"COG0413",5,8,9,8,12,1
"COG0414",9,7,2,4,2,1
"COG0415",7,18,19,24,26,7
"COG0416",5,5,4,6,7,1
"COG0417",8,13,3,13,40,152
"COG0418",4,2,1,0,3,3
"COG0419",4,6,2,4,19,53
"COG0420",0,0,0,0,1,0
"COG0421",4,2,0,1,2,3
"COG0422",5,2,0,1,2,0
"COG0423",6,6,9,5,6,0
"COG0424",6,5,4,3,4,1
"COG0425",2,0,0,0,0,0
"COG0426",6,3,2,1,5,0
"COG0427",0,0,0,0,1,0
"COG0428",2,0,0,1,1,0
"COG0429",2,0,0,1,2,0
"COG0430",1,0,0,0,0,0
"COG0431",1,3,3,0,1,0
"COG0432",0,2,1,2,3,0
"COG0433",0,0,1,0,2,2
"COG0434",0,0,0,0,1,0
"COG0435",3,0,0,0,0,3
"COG0436",24,20,25,23,29,8
"COG0437",1,2,0,0,3,2
"COG0438",46,26,65,59,43,52
"COG0439",10,12,16,10,7,8
"COG0440",2,4,5,5,4,1
"COG0441",10,13,14,5,4,2
"COG0442",8,12,15,12,3,5
"COG0443",26,14,24,21,22,9
"COG0444",3,3,7,2,4,3
"COG0445",12,13,11,18,9,1
"COG0446",17,30,22,23,21,11
"COG0447",1,0,0,1,1,0
"COG0448",3,1,0,1,1,1
"COG0449",6,3,6,12,11,6
"COG0450",3,0,3,1,4,8
"COG0451",16,13,16,56,46,133
"COG0452",8,10,8,7,7,2
"COG0454",7,8,6,10,10,5
"COG0455",1,0,1,1,1,0
"COG0456",1,1,1,1,4,2
"COG0457",45,44,39,47,29,26
"COG0458",8,2,9,22,28,6
"COG0459",22,25,18,14,18,61
"COG0460",11,8,8,10,15,3
"COG0461",2,3,2,6,2,12
"COG0462",6,8,11,13,7,3
"COG0463",45,21,29,43,35,40
"COG0464",11,3,7,3,4,3
"COG0465",23,23,23,15,22,9
"COG0466",15,22,20,6,0,1
"COG0467",3,3,0,1,0,0
"COG0468",9,10,12,16,14,69
"COG0469",15,12,7,3,10,1
"COG0470",16,6,14,12,20,71
"COG0471",6,8,7,2,10,5
"COG0472",13,10,15,17,12,6
"COG0473",12,10,13,11,10,6
"COG0474",5,0,0,0,1,1
"COG0475",8,3,2,4,9,5
"COG0476",4,5,10,7,7,4
"COG0477",47,50,60,44,45,23
"COG0478",0,0,0,0,0,0
"COG0479",2,11,7,5,5,5
"COG0480",14,22,21,21,9,9
"COG0481",8,18,21,19,16,2
"COG0482",13,12,3,9,7,6
"COG0483",12,9,12,11,7,3
"COG0484",11,9,17,11,12,1
"COG0486",9,8,9,16,11,1
"COG0488",14,13,11,6,8,8
"COG0489",6,7,11,6,8,10
"COG0490",0,0,0,0,0,0
"COG0491",13,14,11,15,20,9
"COG0492",14,15,23,12,13,5
"COG0493",10,15,9,9,16,6
"COG0494",15,9,10,7,14,9
"COG0495",18,22,13,26,18,9
"COG0496",1,1,1,2,5,2
"COG0497",6,0,4,1,2,3
"COG0498",5,11,14,16,9,1
"COG0499",14,10,6,9,9,0
"COG0500",36,27,34,35,25,35
"COG0501",3,7,9,11,5,2
"COG0502",2,0,0,0,0,0
"COG0503",0,1,2,1,2,4
"COG0504",16,10,8,16,12,3
"COG0505",8,8,12,8,3,1
"COG0506",1,1,2,3,3,1
"COG0507",11,2,0,3,2,4
"COG0508",19,21,28,29,20,4
"COG0509",0,4,1,4,2,0
"COG0510",0,3,1,2,1,0
"COG0511",1,5,0,0,1,2
"COG0512",11,3,7,9,5,3
"COG0513",28,20,18,18,16,11
"COG0514",4,3,0,1,0,2
"COG0515",18,4,8,2,6,6
"COG0516",9,10,14,18,17,12
"COG0517",5,7,3,8,12,3
"COG0518",11,11,16,13,11,5
"COG0519",11,6,13,9,7,3
"COG0520",16,15,18,7,21,5
"COG0521",0,2,0,3,3,1
"COG0522",8,4,4,3,4,3
"COG0523",12,3,4,9,5,2
"COG0524",11,19,16,15,14,3
"COG0525",16,13,31,15,17,4
"COG0526",28,11,18,23,13,7
"COG0527",7,11,14,11,11,2
"COG0528",3,1,5,8,5,3
"COG0529",5,2,1,1,2,1
"COG0530",4,3,8,9,6,4
"COG0531",2,3,3,1,3,2
"COG0532",15,16,16,23,19,4
"COG0533",1,4,6,5,5,1
"COG0534",9,16,12,12,8,4
"COG0535",4,0,6,2,3,10
"COG0536",12,5,12,13,6,4
"COG0537",6,2,2,5,0,5
"COG0538",8,5,7,8,9,3
"COG0539",14,6,13,10,12,2
"COG0540",7,9,4,7,5,2
"COG0541",6,11,7,8,12,1
"COG0542",30,21,12,10,24,21
"COG0543",2,1,2,0,1,3
"COG0544",16,5,7,12,13,4
"COG0545",4,2,2,3,3,1
"COG0546",8,4,3,3,7,5
"COG0547",6,5,9,8,5,3
"COG0548",5,4,9,10,7,2
"COG0549",0,0,1,0,2,0
"COG0550",18,19,16,26,14,3
"COG0551",1,6,2,2,1,2
"COG0552",4,6,7,9,10,1
"COG0553",19,12,5,3,8,168
"COG0554",7,7,6,13,10,3
"COG0555",0,0,0,0,1,1
"COG0556",8,15,19,9,10,3
"COG0557",20,6,6,7,10,5
"COG0558",7,11,5,7,9,2
"COG0559",10,10,13,16,11,2
"COG0560",0,5,0,1,0,5
"COG0561",5,2,1,2,5,14
"COG0562",0,0,1,0,1,4
"COG0563",4,2,4,3,2,3
"COG0564",11,11,12,11,10,4
"COG0565",2,2,2,5,4,0
"COG0566",14,5,12,11,10,3
"COG0567",9,24,17,25,10,2
"COG0568",25,21,22,25,23,21
"COG0569",8,7,7,2,1,1
"COG0571",1,1,4,5,5,1
"COG0572",3,0,3,1,2,1
"COG0573",2,10,9,5,2,1
"COG0574",12,9,24,19,10,5
"COG0575",5,3,5,3,5,1
"COG0576",4,3,3,10,4,1
"COG0577",10,12,9,5,9,9
"COG0578",2,1,2,4,3,2
"COG0579",4,4,4,3,2,4
"COG0580",2,3,3,3,3,0
"COG0581",3,0,1,10,2,2
"COG0582",7,14,6,10,7,83
"COG0583",9,12,10,7,11,39
"COG0584",2,3,4,6,2,3
"COG0585",0,0,2,0,1,0
"COG0586",0,0,1,2,1,1
"COG0587",31,24,33,21,18,46
"COG0588",4,1,3,9,7,1
"COG0589",2,5,3,1,2,0
"COG0590",2,0,4,2,3,3
"COG0591",11,3,13,7,12,10
"COG0592",8,12,9,1,3,4
"COG0593",13,9,18,20,12,8
"COG0594",0,0,0,0,1,0
"COG0595",6,6,7,4,11,0
"COG0596",39,38,31,36,37,15
"COG0597",3,3,0,5,5,3
"COG0598",0,2,0,0,0,0
"COG0599",0,1,0,0,3,1
"COG0600",7,4,5,7,4,3
"COG0601",12,8,6,1,3,2
"COG0602",5,3,6,1,4,16
"COG0603",4,0,3,1,7,9
"COG0604",11,26,17,20,19,11
"COG0605",1,0,0,3,2,2
"COG0606",1,1,0,0,2,3
"COG0607",7,3,7,4,6,4
"COG0608",9,10,4,5,5,4
"COG0609",1,0,3,0,4,2
"COG0610",1,0,1,0,0,0
"COG0611",4,4,4,6,6,2
"COG0612",6,5,5,6,7,3
"COG0613",3,1,5,1,0,1
"COG0614",0,3,5,4,3,2
"COG0615",0,0,1,2,0,3
"COG0616",3,10,9,6,2,6
"COG0617",18,17,9,19,18,5
"COG0618",3,3,4,0,1,0
"COG0619",3,1,0,2,1,0
"COG0620",3,2,1,3,5,2
"COG0621",18,15,19,14,17,4
"COG0622",1,2,0,0,0,0
"COG0623",7,7,2,7,2,1
"COG0624",9,15,19,20,14,6
"COG0625",8,22,7,13,10,3
"COG0626",15,6,9,14,10,3
"COG0627",0,0,3,0,0,2
"COG0628",11,10,2,5,3,3
"COG0629",5,8,2,7,4,9
"COG0630",0,1,0,1,1,0
"COG0631",2,0,1,1,1,6
"COG0632",1,1,1,1,3,0
"COG0633",6,3,3,4,6,2
"COG0634",0,3,0,1,1,1
"COG0635",4,3,0,1,6,2
"COG0636",1,0,0,1,1,0
"COG0637",4,5,2,0,6,0
"COG0638",1,0,3,0,0,1
"COG0639",4,1,0,0,1,2
"COG0640",0,2,1,1,1,3
"COG0641",1,1,0,0,0,5
"COG0642",36,44,25,29,45,76
"COG0643",1,2,0,1,1,14
"COG0644",25,12,25,12,20,5
"COG0645",0,0,0,0,0,1
"COG0646",14,9,7,6,9,2
"COG0647",5,2,3,4,6,0
"COG0648",0,1,1,2,1,0
"COG0649",3,11,12,6,5,2
"COG0650",0,0,0,0,0,0
"COG0651",1,4,5,5,2,4
"COG0652",17,6,6,8,10,3
"COG0653",19,18,19,27,15,8
"COG0654",19,12,19,27,20,7
"COG0655",0,1,1,1,0,4
"COG0656",1,1,1,0,2,0
"COG0657",6,8,5,1,2,3
"COG0658",3,1,0,0,0,0
"COG0659",3,11,3,4,10,6
"COG0661",26,15,17,14,21,5
"COG0662",8,2,4,11,10,18
"COG0663",2,2,0,4,3,2
"COG0664",7,2,2,3,5,9
"COG0665",48,55,40,16,19,2
"COG0666",8,2,2,3,2,2
"COG0667",9,11,20,14,17,3
"COG0668",11,18,10,12,10,8
"COG0669",1,4,1,3,1,1
"COG0670",3,4,3,7,3,0
"COG0671",2,0,2,3,2,10
"COG0672",0,2,0,1,0,2
"COG0673",10,6,11,22,31,16
"COG0674",5,3,8,1,1,1
"COG0675",1,0,0,0,0,0
"COG0676",0,0,0,0,0,0
"COG0677",5,1,9,10,6,1
"COG0678",3,2,6,5,7,8
"COG0679",5,4,5,5,6,8
"COG0680",0,0,0,0,0,0
"COG0681",7,6,5,4,3,0
"COG0682",6,3,3,4,6,2
"COG0683",13,12,13,4,3,0
"COG0684",2,0,0,0,3,0
"COG0685",5,7,3,6,5,1
"COG0686",6,8,5,6,4,1
"COG0687",9,10,3,6,5,2
"COG0688",4,4,6,2,3,3
"COG0689",1,2,0,0,0,1
"COG0690",1,0,0,0,0,0
"COG0691",2,1,0,2,1,1
"COG0692",1,4,2,0,0,5
"COG0693",0,0,0,0,1,1
"COG0694",3,7,2,6,4,4
"COG0695",1,0,0,3,2,8
"COG0696",8,3,0,1,4,1
"COG0697",42,39,51,66,41,10
"COG0698",1,1,2,1,6,0
"COG0699",1,0,0,0,0,0
"COG0700",0,0,0,0,0,0
"COG0701",1,0,0,0,0,2
"COG0702",13,10,10,14,10,2
"COG0703",3,2,6,4,2,1
"COG0704",2,3,2,7,0,0
"COG0705",4,3,5,2,0,5
"COG0706",9,15,4,14,10,3
"COG0707",4,2,6,11,9,2
"COG0708",4,5,6,6,10,3
"COG0709",2,2,4,3,5,1
"COG0710",0,0,0,0,1,0
"COG0711",4,5,3,6,8,1
"COG0712",3,4,5,3,8,0
"COG0713",3,1,1,3,1,1
"COG0714",12,18,16,9,25,83
"COG0715",1,1,1,3,1,10
"COG0716",0,1,3,1,5,6
"COG0717",2,4,2,2,4,5
"COG0718",0,0,0,0,1,1
"COG0719",24,19,14,20,23,2
"COG0720",3,3,1,4,0,1
"COG0721",3,3,4,2,1,2
"COG0722",6,5,2,3,4,2
"COG0723",3,11,5,1,3,1
"COG0724",3,4,1,1,3,0
"COG0725",0,1,1,0,0,1
"COG0726",5,4,3,5,6,2
"COG0727",0,1,0,0,0,0
"COG0728",13,5,13,18,15,4
"COG0729",1,0,0,0,0,4
"COG0730",8,20,15,9,16,5
"COG0731",0,1,0,0,0,0
"COG0732",1,0,0,0,0,2
"COG0733",2,8,3,1,3,3
"COG0735",4,7,8,12,4,2
"COG0736",0,1,0,2,3,1
"COG0737",2,4,0,2,2,4
"COG0738",0,0,1,0,0,1
"COG0739",18,9,23,15,16,11
"COG0740",13,8,4,8,10,8
"COG0741",7,13,11,14,14,7
"COG0742",6,5,3,2,7,0
"COG0743",3,5,2,9,7,1
"COG0744",0,0,2,2,9,3
"COG0745",19,23,12,19,18,12
"COG0746",4,0,2,2,6,3
"COG0747",17,8,13,9,15,12
"COG0748",1,0,0,0,0,0
"COG0749",22,18,26,28,32,275
"COG0750",10,8,12,14,6,2
"COG0751",9,4,11,13,11,3
"COG0752",2,1,1,5,1,0
"COG0753",0,0,0,0,0,0
"COG0754",0,0,0,0,1,0
"COG0755",6,6,10,12,5,4
"COG0756",2,4,6,4,5,6
"COG0757",1,0,4,1,5,2
"COG0758",1,1,0,0,0,3
"COG0759",1,1,4,1,0,1
"COG0760",5,12,6,10,9,4
"COG0761",9,10,12,8,7,0
"COG0762",0,3,0,3,4,1
"COG0763",4,3,3,5,4,0
"COG0764",4,4,3,10,1,4
"COG0765",3,5,9,11,18,5
"COG0766",9,11,4,8,9,6
"COG0767",4,4,1,2,1,1
"COG0768",22,31,22,25,23,4
"COG0769",10,2,13,8,1,0
"COG0770",8,6,8,6,3,4
"COG0771",7,7,9,10,7,1
"COG0772",18,11,19,12,10,0
"COG0773",12,13,12,10,11,1
"COG0774",5,7,3,8,4,2
"COG0775",3,1,1,0,2,1
"COG0776",1,1,7,4,6,2
"COG0777",7,8,4,5,7,4
"COG0778",10,17,5,9,10,4
"COG0779",3,1,2,4,2,0
"COG0780",0,4,2,2,2,2
"COG0781",5,2,1,7,1,0
"COG0782",4,1,3,2,1,0
"COG0783",0,1,0,0,1,1
"COG0784",12,5,2,2,3,47
"COG0785",3,0,3,10,1,0
"COG0786",4,1,0,1,1,1
"COG0787",6,2,4,3,6,3
"COG0788",6,0,0,2,3,3
"COG0789",3,4,4,6,2,7
"COG0790",2,0,0,0,6,5
"COG0791",6,2,2,5,3,43
"COG0792",0,0,0,0,0,0
"COG0793",6,12,11,15,8,7
"COG0794",7,5,6,4,4,2
"COG0795",9,13,9,18,12,6
"COG0796",1,0,2,1,1,1
"COG0797",1,0,0,0,0,0
"COG0798",0,2,0,1,0,2
"COG0799",3,2,3,2,2,0
"COG0800",1,0,0,0,3,0
"COG0801",3,2,5,6,4,0
"COG0802",2,4,1,1,3,1
"COG0803",5,2,3,3,5,3
"COG0804",5,1,4,5,0,2
"COG0805",6,6,9,2,9,1
"COG0806",2,1,0,3,0,2
"COG0807",3,5,9,2,0,0
"COG0809",9,3,3,6,2,3
"COG0810",2,0,1,6,1,1
"COG0811",0,16,4,1,4,1
"COG0812",4,9,7,6,7,2
"COG0813",1,0,2,0,0,2
"COG0814",1,0,0,0,0,0
"COG0815",17,8,6,12,13,7
"COG0816",3,2,3,2,1,0
"COG0817",3,2,2,0,1,0
"COG0818",1,0,0,0,0,1
"COG0819",0,0,0,2,0,0
"COG0820",3,5,3,4,7,2
"COG0821",6,8,12,14,5,3
"COG0822",1,3,3,2,3,5
"COG0823",8,5,5,3,9,3
"COG0824",6,6,1,11,4,4
"COG0825",3,0,3,6,7,1
"COG0826",2,0,0,0,2,3
"COG0827",0,1,1,0,0,4
"COG0828",2,0,0,2,3,0
"COG0829",1,2,1,3,5,0
"COG0830",0,1,4,2,1,0
"COG0831",0,0,1,1,1,1
"COG0832",0,0,0,0,1,1
"COG0833",0,0,0,0,0,0
"COG0834",11,17,12,4,10,5
"COG0835",0,0,1,0,0,1
"COG0836",2,1,6,5,4,6
"COG0837",3,3,2,1,2,2
"COG0838",2,0,5,3,3,0
"COG0839",5,5,4,1,2,1
"COG0840",1,0,1,0,1,21
"COG0841",30,32,25,34,22,39
"COG0842",10,7,13,9,5,7
"COG0843",4,5,3,16,15,3
"COG0845",14,14,13,14,13,29
"COG0846",1,2,2,0,0,0
"COG0847",6,8,4,6,5,3
"COG0848",2,0,3,3,3,0
"COG0849",2,5,3,6,4,4
"COG0850",0,0,0,0,1,1
"COG0851",0,0,0,0,0,0
"COG0852",4,4,3,11,1,0
"COG0853",0,0,0,0,1,0
"COG0854",1,5,6,3,3,1
"COG0855",10,5,3,3,3,4
"COG0856",0,0,0,0,0,0
"COG0857",1,3,0,3,1,0
"COG0858",1,2,2,4,1,1
"COG0859",4,8,15,10,11,1
"COG0860",3,4,2,3,1,2
"COG0861",8,2,4,8,8,0
"COG0863",3,11,3,16,14,93
"COG0864",1,0,1,0,0,0
"COG1001",3,0,0,0,0,0
"COG1002",0,0,0,0,2,9
"COG1003",14,12,12,15,12,7
"COG1004",6,14,8,15,18,38
"COG1005",9,4,14,1,4,0
"COG1006",1,0,1,1,1,0
"COG1007",7,10,12,13,10,2
"COG1008",14,15,14,9,11,3
"COG1009",16,8,13,10,13,3
"COG1010",5,0,1,0,1,0
"COG1011",9,9,9,5,10,5
"COG1012",42,70,65,48,40,30
"COG1013",0,2,6,1,0,0
"COG1014",5,9,8,1,0,1
"COG1015",0,0,2,1,0,1
"COG1017",0,0,0,0,0,0
"COG1018",2,3,2,2,1,10
"COG1019",1,1,0,0,0,0
"COG1020",1,0,0,0,1,4
"COG1021",0,0,0,0,0,0
"COG1022",15,11,18,18,19,3
"COG1023",0,0,0,1,5,0
"COG1024",19,34,34,31,29,17
"COG1025",0,0,0,0,3,2
"COG1026",4,3,0,1,0,2
"COG1027",1,0,0,0,0,3
"COG1028",67,87,86,77,73,58
"COG1029",0,3,0,0,0,1
"COG1030",0,0,1,0,3,0
"COG1031",0,0,1,0,1,0
"COG1032",7,4,9,8,20,15
"COG1033",9,23,10,22,14,9
"COG1034",6,7,13,9,6,3
"COG1035",0,0,1,0,1,0
"COG1036",0,0,0,0,0,0
"COG1038",2,4,0,1,4,0
"COG1039",0,0,0,0,0,0
"COG1040",0,0,1,0,0,1
"COG1041",0,0,0,0,0,0
"COG1042",2,2,4,3,1,0
"COG1043",6,8,4,5,8,1
"COG1044",4,5,7,4,10,4
"COG1045",6,8,5,3,5,2
"COG1047",0,0,1,0,1,4
"COG1048",13,19,21,15,17,7
"COG1049",11,4,5,9,10,4
"COG1051",2,5,5,1,4,1
"COG1052",7,8,7,10,10,1
"COG1053",13,31,22,23,22,8
"COG1054",4,7,7,5,6,4
"COG1055",1,1,2,0,4,1
"COG1056",0,0,0,0,0,0
"COG1057",3,3,2,5,2,0
"COG1058",3,4,5,6,5,2
"COG1059",0,0,0,0,0,0
"COG1060",1,2,5,1,3,2
"COG1061",4,12,11,8,26,93
"COG1062",1,8,4,0,4,3
"COG1063",0,2,3,4,4,2
"COG1064",3,3,1,0,1,2
"COG1066",5,0,0,2,3,12
"COG1067",0,0,1,0,0,0
"COG1069",0,0,0,0,0,1
"COG1070",4,3,3,5,3,0
"COG1071",9,8,11,9,12,4
"COG1072",1,0,0,0,0,0
"COG1073",3,6,4,11,4,7
"COG1074",13,6,5,6,6,4
"COG1075",5,0,1,0,2,4
"COG1076",3,3,4,1,1,2
"COG1077",9,9,5,9,8,1
"COG1078",1,0,1,1,3,0
"COG1079",3,3,7,4,5,0
"COG1080",0,2,2,2,4,1
"COG1082",3,8,4,2,10,2
"COG1083",3,1,7,7,0,6
"COG1084",2,0,0,0,0,0
"COG1085",4,0,1,0,0,1
"COG1086",4,5,5,4,5,9
"COG1087",2,5,3,1,3,4
"COG1088",1,4,7,13,7,21
"COG1089",8,6,6,5,7,21
"COG1090",3,2,3,2,3,0
"COG1091",3,1,3,6,4,5
"COG1092",1,0,0,1,0,5
"COG1093",1,0,0,0,0,0
"COG1094",1,0,1,0,1,0
"COG1095",2,1,0,0,1,0
"COG1096",1,0,1,0,0,0
"COG1097",1,0,1,0,0,0
"COG1098",0,0,0,0,0,0
"COG1099",0,0,0,0,0,0
"COG1100",8,3,0,3,2,2
"COG1101",0,0,0,0,1,0
"COG1102",0,0,0,0,0,0
"COG1104",5,2,2,3,5,3
"COG1105",0,0,0,0,0,0
"COG1106",0,0,0,0,0,0
"COG1107",0,0,0,0,0,0
"COG1108",3,5,3,6,4,1
"COG1109",14,25,12,21,14,8
"COG1111",2,1,2,0,1,0
"COG1112",10,0,1,2,1,1
"COG1113",0,0,0,0,0,0
"COG1114",0,0,0,0,0,0
"COG1115",5,8,5,7,6,4
"COG1116",3,5,4,1,0,3
"COG1117",0,5,3,4,1,0
"COG1118",0,0,0,0,0,1
"COG1119",2,1,0,0,1,0
"COG1120",0,0,1,1,0,1
"COG1121",7,2,6,7,7,3
"COG1122",0,0,2,3,1,0
"COG1123",15,9,4,9,9,1
"COG1124",0,0,0,0,0,0
"COG1125",0,0,0,0,0,0
"COG1126",9,6,5,1,2,1
"COG1127",3,1,0,0,3,0
"COG1129",1,1,2,5,10,0
"COG1131",15,8,17,20,14,11
"COG1132",36,32,33,33,37,9
"COG1133",2,4,4,0,4,1
"COG1134",1,1,1,0,0,0
"COG1135",0,0,0,0,0,0
"COG1136",7,11,10,11,8,2
"COG1137",9,2,7,6,3,3
"COG1138",9,11,10,19,13,5
"COG1139",0,0,0,0,0,0
"COG1140",0,0,0,0,0,0
"COG1141",1,0,0,0,2,2
"COG1142",4,0,0,0,1,0
"COG1143",3,4,1,4,4,17
"COG1144",0,0,0,0,0,0
"COG1145",2,0,0,0,1,5
"COG1146",0,4,1,4,2,4
"COG1148",0,0,0,0,0,0
"COG1150",0,0,0,0,0,0
"COG1151",0,0,0,0,0,0
"COG1153",0,0,0,0,0,0
"COG1154",10,11,10,8,11,3
"COG1155",4,0,3,0,1,0
"COG1156",1,1,2,0,2,1
"COG1157",0,4,0,0,2,2
"COG1158",3,11,11,9,6,3
"COG1159",3,3,2,1,3,1
"COG1160",7,9,10,5,7,2
"COG1161",3,0,0,0,0,0
"COG1162",3,0,0,5,0,2
"COG1163",2,1,0,0,0,0
"COG1164",3,1,1,1,2,0
"COG1165",3,0,0,3,3,0
"COG1166",5,3,1,2,1,1
"COG1167",6,4,6,1,3,5
"COG1168",1,2,1,1,1,1
"COG1169",3,0,0,0,1,1
"COG1171",9,13,6,11,9,5
"COG1172",3,11,5,9,4,0
"COG1173",5,8,12,7,7,1
"COG1174",0,0,0,0,0,0
"COG1175",7,13,8,22,15,1
"COG1176",2,8,6,9,9,1
"COG1177",6,6,2,6,5,1
"COG1178",9,5,14,11,16,1
"COG1179",0,0,0,0,0,0
"COG1180",0,0,0,0,1,0
"COG1181",6,4,7,5,5,6
"COG1182",1,2,1,1,0,1
"COG1183",4,2,5,4,4,1
"COG1184",0,0,0,0,0,0
"COG1185",13,26,20,20,16,3
"COG1186",6,10,4,8,15,4
"COG1187",8,4,1,4,5,4
"COG1188",1,1,0,0,0,1
"COG1189",1,1,1,1,1,1
"COG1190",12,1,5,5,5,4
"COG1191",0,2,0,0,4,0
"COG1192",9,10,13,13,7,6
"COG1193",4,1,3,2,2,0
"COG1194",4,7,7,8,10,7
"COG1195",11,2,7,4,8,0
"COG1196",22,12,20,14,11,7
"COG1197",19,11,10,12,15,4
"COG1198",14,11,9,20,18,8
"COG1199",5,2,4,0,1,1
"COG1200",20,15,20,3,5,2
"COG1201",6,1,9,0,8,1
"COG1202",0,0,0,0,0,0
"COG1203",0,0,0,0,0,0
"COG1204",7,2,1,0,0,0
"COG1205",0,1,0,0,0,1
"COG1206",3,6,0,1,2,0
"COG1207",4,8,5,8,6,2
"COG1208",8,9,7,13,7,14
"COG1209",2,2,6,3,4,3
"COG1210",2,3,2,2,0,2
"COG1211",6,2,9,8,3,1
"COG1212",1,2,6,4,5,9
"COG1213",1,0,2,2,0,1
"COG1214",0,2,4,3,0,0
"COG1215",4,1,0,2,4,9
"COG1216",6,5,8,8,6,7
"COG1217",11,22,10,4,13,4
"COG1218",3,3,5,4,7,0
"COG1219",8,7,5,10,3,7
"COG1220",6,3,6,6,2,2
"COG1221",0,0,0,0,0,0
"COG1222",1,0,0,0,0,0
"COG1223",1,0,0,0,0,1
"COG1224",0,0,0,0,0,0
"COG1225",6,6,5,1,5,2
"COG1226",7,5,6,5,5,7
"COG1227",1,0,0,0,0,0
"COG1228",8,8,7,10,4,2
"COG1229",0,0,0,1,0,0
"COG1230",2,1,0,0,2,3
"COG1231",0,0,1,0,1,0
"COG1232",1,1,4,2,2,0
"COG1233",18,18,14,2,5,0
"COG1234",5,5,8,3,5,3
"COG1235",2,1,4,4,1,2
"COG1236",1,0,3,2,3,1
"COG1237",0,0,0,0,0,0
"COG1238",1,2,2,4,2,1
"COG1239",11,2,1,2,4,1
"COG1240",1,0,0,0,0,0
"COG1241",3,1,3,0,1,0
"COG1242",0,0,0,0,0,0
"COG1243",1,1,2,0,0,1
"COG1244",0,0,0,0,1,0
"COG1245",3,1,1,0,2,0
"COG1246",0,1,0,0,0,1
"COG1247",1,0,0,1,2,0
"COG1249",4,4,2,25,20,15
"COG1250",18,14,20,16,19,12
"COG1251",1,0,0,0,0,3
"COG1252",6,3,1,2,0,1
"COG1253",19,3,9,1,7,3
"COG1254",0,0,1,0,0,0
"COG1255",0,0,0,0,0,0
"COG1256",1,2,1,0,1,2
"COG1257",0,1,3,1,2,1
"COG1258",0,0,1,0,0,0
"COG1259",0,0,1,0,2,1
"COG1260",0,3,3,1,0,1
"COG1261",0,0,0,0,0,1
"COG1262",4,6,4,2,3,5
"COG1263",0,0,0,0,0,0
"COG1264",0,0,0,0,0,0
"COG1266",9,3,2,1,2,0
"COG1267",1,0,2,3,1,1
"COG1268",1,1,2,7,4,2
"COG1269",0,1,2,0,0,1
"COG1270",4,1,2,0,2,0
"COG1271",0,0,0,0,0,5
"COG1272",0,0,0,0,0,0
"COG1273",0,0,0,0,0,0
"COG1274",1,0,1,0,0,0
"COG1275",0,0,0,0,0,0
"COG1276",1,0,0,0,0,0
"COG1277",0,0,1,1,0,0
"COG1278",1,3,5,4,3,2
"COG1279",1,1,3,2,0,1
"COG1280",4,6,13,2,7,1
"COG1281",2,1,0,3,3,2
"COG1282",2,2,5,18,9,2
"COG1283",1,1,0,0,3,1
"COG1284",0,0,0,0,1,1
"COG1285",0,0,0,0,0,0
"COG1286",1,0,2,0,0,0
"COG1287",1,1,3,0,3,0
"COG1288",0,0,0,0,0,0
"COG1289",0,0,0,0,0,1
"COG1290",8,8,11,3,4,2
"COG1291",2,1,1,0,0,0
"COG1292",4,3,1,1,0,5
"COG1293",6,3,2,0,3,0
"COG1294",0,0,0,0,0,2
"COG1295",0,0,2,0,0,3
"COG1296",3,1,1,4,2,0
"COG1297",0,2,3,0,1,1
"COG1298",0,1,0,0,1,1
"COG1299",0,0,0,0,0,0
"COG1300",0,0,0,0,0,0
"COG1301",3,7,1,4,3,4
"COG1302",0,0,0,0,0,0
"COG1303",0,0,0,0,0,0
"COG1304",8,15,14,11,8,1
"COG1305",0,4,1,2,3,7
"COG1306",0,2,2,1,2,0
"COG1307",0,0,1,0,0,0
"COG1308",0,0,0,0,0,0
"COG1309",3,1,1,3,3,20
"COG1310",1,0,1,0,0,51
"COG1311",1,0,0,0,0,0
"COG1312",0,1,1,1,0,0
"COG1313",0,0,0,0,0,0
"COG1314",0,0,0,0,0,1
"COG1315",1,0,0,0,0,1
"COG1316",4,1,0,2,1,0
"COG1317",0,1,0,0,0,1
"COG1319",0,3,0,2,1,1
"COG1320",0,0,0,0,0,0
"COG1321",0,1,4,3,1,0
"COG1322",4,9,16,5,10,2
"COG1324",2,0,0,0,1,0
"COG1325",0,0,0,0,0,0
"COG1326",0,0,0,0,0,0
"COG1327",5,4,2,3,3,1
"COG1328",1,0,1,0,0,0
"COG1329",3,3,2,10,3,0
"COG1330",5,4,0,1,2,1
"COG1331",7,3,6,3,4,1
"COG1333",3,0,1,0,2,2
"COG1334",0,0,0,0,0,0
"COG1335",1,2,2,1,0,3
"COG1336",0,0,0,0,0,0
"COG1337",0,0,0,0,0,0
"COG1338",0,1,1,0,0,0
"COG1339",1,0,0,0,0,0
"COG1340",0,1,1,0,0,0
"COG1341",0,0,0,0,0,0
"COG1343",0,0,0,0,0,0
"COG1344",2,8,0,2,2,5
"COG1345",0,2,0,0,1,2
"COG1346",1,0,0,0,0,1
"COG1347",2,1,1,4,1,0
"COG1348",1,4,0,2,3,0
"COG1349",0,2,0,0,0,0
"COG1350",0,0,4,0,1,0
"COG1351",6,10,9,9,7,34
"COG1352",3,0,0,0,0,5
"COG1353",0,0,0,0,0,0
"COG1354",7,6,9,10,4,1
"COG1355",0,0,0,0,0,0
"COG1356",0,0,0,0,0,0
"COG1357",4,5,4,4,7,3
"COG1358",1,0,0,0,0,0
"COG1359",0,0,0,1,0,0
"COG1360",1,1,2,1,8,1
"COG1361",0,0,1,0,0,0
"COG1362",0,0,0,0,1,1
"COG1363",2,1,2,1,1,0
"COG1364",7,6,6,9,9,3
"COG1366",0,2,1,2,0,0
"COG1368",0,0,2,0,1,0
"COG1369",0,0,0,0,0,0
"COG1370",2,1,1,0,0,0
"COG1371",0,0,1,0,0,0
"COG1372",6,6,3,4,5,54
"COG1373",0,0,0,0,0,0
"COG1374",0,0,0,0,0,0
"COG1376",1,0,0,0,1,0
"COG1377",1,1,0,0,2,0
"COG1378",0,1,0,0,0,0
"COG1379",0,0,0,0,0,0
"COG1380",0,0,0,0,0,0
"COG1381",6,1,4,5,7,1
"COG1382",0,0,0,0,0,0
"COG1383",0,0,0,0,0,0
"COG1384",6,10,9,2,1,1
"COG1385",5,3,3,5,2,1
"COG1386",7,6,4,1,1,1
"COG1387",2,1,0,0,1,0
"COG1388",0,0,1,0,0,0
"COG1389",2,0,5,0,1,0
"COG1390",0,1,0,0,0,0
"COG1391",0,1,1,1,3,2
"COG1392",2,0,4,1,1,2
"COG1393",1,3,0,1,1,1
"COG1394",0,0,0,0,0,1
"COG1395",0,0,0,0,0,0
"COG1396",1,1,8,4,8,10
"COG1397",0,0,0,0,1,0
"COG1398",3,1,0,1,3,7
"COG1399",1,0,0,0,0,0
"COG1400",0,0,0,0,0,0
"COG1401",2,0,0,0,0,1
"COG1402",2,3,0,0,2,0
"COG1403",2,6,4,6,3,10
"COG1404",20,22,20,11,16,21
"COG1405",1,2,5,1,2,0
"COG1406",0,0,0,0,0,0
"COG1407",3,2,0,0,0,2
"COG1408",1,0,0,2,2,0
"COG1409",7,3,2,3,4,7
"COG1410",10,4,11,4,7,2
"COG1411",0,0,0,0,0,0
"COG1412",1,0,0,0,0,0
"COG1413",5,2,1,1,2,2
"COG1414",3,4,0,3,0,1
"COG1415",0,0,0,0,0,0
"COG1416",0,0,0,0,0,0
"COG1418",1,0,1,1,0,1
"COG1419",0,0,0,0,0,2
"COG1420",2,1,1,1,2,0
"COG1422",0,0,0,0,0,0
"COG1426",0,0,2,0,0,0
"COG1427",1,0,1,0,0,0
"COG1428",2,1,3,3,0,1
"COG1429",12,6,5,6,12,9
"COG1430",1,1,2,3,1,10
"COG1431",0,0,0,0,0,0
"COG1432",0,0,0,0,0,1
"COG1433",0,0,0,0,0,0
"COG1434",0,4,0,0,3,0
"COG1435",1,0,3,1,4,2
"COG1436",0,0,0,0,1,0
"COG1437",0,0,0,0,0,0
"COG1438",0,1,1,0,0,0
"COG1439",0,1,0,0,1,0
"COG1441",0,1,1,0,0,0
"COG1442",1,0,1,0,0,0
"COG1443",0,0,2,0,0,0
"COG1444",1,0,0,0,0,0
"COG1445",0,0,0,0,0,0
"COG1446",3,1,0,2,1,0
"COG1448",0,2,1,0,0,2
"COG1449",0,0,1,3,2,0
"COG1450",3,6,0,2,0,2
"COG1451",1,1,0,0,0,0
"COG1452",2,10,9,7,6,2
"COG1453",2,0,0,2,5,0
"COG1454",8,11,12,15,8,4
"COG1455",0,0,0,0,0,0
"COG1456",0,0,0,0,0,0
"COG1457",0,0,0,0,0,1
"COG1459",3,2,2,5,2,2
"COG1460",0,0,0,0,0,0
"COG1461",0,0,0,0,0,0
"COG1462",1,1,1,1,2,22
"COG1463",3,2,1,0,2,1
"COG1464",0,0,0,0,0,0
"COG1465",0,0,1,0,0,0
"COG1466",10,6,9,5,7,0
"COG1467",0,0,1,1,0,0
"COG1468",0,0,0,0,0,0
"COG1469",2,1,0,0,0,2
"COG1470",0,0,0,0,0,0
"COG1471",0,0,0,0,1,0
"COG1472",7,10,11,20,13,3
"COG1473",9,6,7,6,5,2
"COG1474",3,0,0,0,1,0
"COG1475",7,3,11,10,21,37
"COG1476",1,0,0,0,1,0
"COG1477",0,2,1,4,5,1
"COG1478",0,2,3,1,0,0
"COG1479",0,0,0,2,1,2
"COG1480",7,1,1,0,6,0
"COG1481",0,0,0,0,0,0
"COG1482",0,0,0,0,0,1
"COG1483",0,0,0,0,0,0
"COG1484",1,1,0,1,0,6
"COG1485",2,2,2,7,8,3
"COG1486",0,0,1,1,0,0
"COG1487",1,0,0,1,0,0
"COG1488",1,3,1,0,1,1
"COG1489",3,0,2,3,2,1
"COG1490",1,1,2,1,0,0
"COG1491",0,0,0,0,0,0
"COG1492",0,1,1,0,3,0
"COG1493",0,0,0,0,0,0
"COG1494",4,2,3,5,4,0
"COG1495",1,0,2,2,0,2
"COG1496",4,5,5,3,2,0
"COG1497",0,0,0,0,0,0
"COG1498",2,1,1,0,1,0
"COG1499",0,0,0,0,0,0
"COG1500",2,0,0,0,1,1
"COG1501",0,0,0,0,0,0
"COG1502",0,0,1,1,2,4
"COG1503",1,0,1,0,1,0
"COG1505",2,5,3,4,2,0
"COG1506",10,7,11,9,9,7
"COG1507",0,0,0,0,0,0
"COG1508",6,2,0,1,1,1
"COG1509",1,0,3,0,0,2
"COG1510",0,0,0,0,0,0
"COG1511",0,0,0,0,0,0
"COG1512",0,0,0,0,0,4
"COG1513",0,0,0,0,0,0
"COG1514",0,0,2,0,0,0
"COG1515",0,0,0,0,0,0
"COG1516",0,0,0,0,0,1
"COG1518",0,0,0,0,0,0
"COG1519",3,7,11,8,3,0
"COG1520",6,8,10,7,5,2
"COG1521",1,2,1,8,5,0
"COG1522",4,4,7,1,1,1
"COG1523",10,1,2,2,3,1
"COG1524",1,2,1,1,2,2
"COG1525",3,3,4,3,4,3
"COG1526",3,1,3,1,2,1
"COG1527",1,0,3,0,0,0
"COG1528",3,0,1,0,3,0
"COG1529",11,7,11,7,9,8
"COG1530",8,15,10,13,12,10
"COG1533",0,0,0,0,1,1
"COG1534",0,1,0,0,0,0
"COG1535",0,0,0,0,0,0
"COG1536",0,3,1,0,2,4
"COG1537",1,0,1,0,0,0
"COG1538",16,10,10,13,21,14
"COG1539",0,1,3,5,2,0
"COG1540",2,5,7,7,4,1
"COG1541",1,1,0,0,0,2
"COG1543",2,1,0,0,1,0
"COG1544",2,1,0,0,2,0
"COG1545",1,1,0,0,0,1
"COG1546",2,1,3,1,6,0
"COG1547",1,0,2,0,2,0
"COG1548",0,1,0,1,0,0
"COG1549",0,1,1,0,0,0
"COG1550",0,0,0,0,0,0
"COG1551",0,1,0,0,0,0
"COG1552",0,0,0,0,0,0
"COG1553",0,0,0,0,0,0
"COG1554",0,0,1,0,0,1
"COG1555",0,0,0,0,0,0
"COG1556",1,0,0,0,0,1
"COG1558",0,1,0,0,0,1
"COG1559",1,8,0,5,3,3
"COG1560",6,4,6,8,3,0
"COG1561",1,3,0,3,0,1
"COG1562",2,6,4,2,9,3
"COG1563",0,0,0,0,0,0
"COG1564",0,0,4,0,0,0
"COG1565",9,2,10,6,10,1
"COG1566",1,0,0,0,0,0
"COG1568",0,0,0,0,0,0
"COG1569",0,0,0,0,0,0
"COG1570",3,4,6,5,1,5
"COG1571",0,0,1,0,0,0
"COG1572",0,0,1,0,0,0
"COG1573",4,5,8,5,3,4
"COG1574",3,1,8,1,4,6
"COG1575",7,4,4,1,5,0
"COG1576",3,0,3,0,1,1
"COG1577",0,0,0,0,0,0
"COG1578",0,0,0,0,0,0
"COG1579",1,2,1,0,0,0
"COG1580",0,0,0,0,0,1
"COG1581",0,1,1,0,0,0
"COG1582",0,0,0,0,0,0
"COG1583",0,0,0,0,0,0
"COG1584",0,0,0,0,0,0
"COG1585",0,0,0,0,0,0
"COG1586",2,4,2,7,3,11
"COG1587",9,3,4,4,3,0
"COG1588",0,0,0,0,0,0
"COG1589",1,0,0,2,1,0
"COG1590",0,0,0,0,0,0
"COG1591",0,0,0,0,0,0
"COG1592",1,0,0,0,1,0
"COG1593",10,11,15,14,11,5
"COG1594",1,0,0,2,1,0
"COG1595",6,3,3,4,1,7
"COG1596",2,3,7,1,3,2
"COG1597",3,4,3,2,4,0
"COG1598",0,0,0,0,0,0
"COG1599",0,0,1,0,1,0
"COG1600",4,3,5,7,6,1
"COG1601",0,0,0,0,0,0
"COG1602",0,0,0,0,0,0
"COG1603",0,0,0,0,0,0
"COG1604",0,0,0,0,0,0
"COG1605",1,3,1,1,0,2
"COG1606",0,1,0,0,3,0
"COG1607",1,0,2,0,3,2
"COG1608",2,0,2,0,1,0
"COG1609",1,6,3,1,11,5
"COG1610",1,6,4,2,4,1
"COG1611",5,2,1,1,5,1
"COG1612",8,4,11,5,8,5
"COG1613",0,0,0,0,0,0
"COG1615",1,1,4,2,4,0
"COG1617",0,0,0,0,0,0
"COG1618",0,0,0,0,0,0
"COG1619",2,1,0,0,0,0
"COG1620",0,1,0,0,0,1
"COG1621",0,1,2,0,0,0
"COG1622",5,9,7,7,6,1
"COG1623",0,0,0,0,0,0
"COG1624",1,1,0,0,1,0
"COG1625",2,2,0,0,2,0
"COG1626",1,0,0,0,0,0
"COG1628",0,0,0,0,0,0
"COG1629",54,105,51,48,49,105
"COG1630",0,0,1,0,0,0
"COG1631",1,0,1,0,0,1
"COG1632",0,1,1,0,0,0
"COG1633",0,0,0,0,0,0
"COG1634",0,0,0,0,0,0
"COG1635",0,0,0,0,0,0
"COG1636",0,3,0,1,1,0
"COG1637",0,0,1,0,0,0
"COG1638",5,6,11,11,8,3
"COG1639",0,0,0,0,0,1
"COG1640",5,6,2,3,1,0
"COG1641",1,0,0,0,0,0
"COG1643",8,3,1,0,3,2
"COG1644",1,0,1,0,0,0
"COG1645",0,0,0,0,0,0
"COG1646",0,0,2,0,1,0
"COG1647",1,0,0,0,0,0
"COG1648",2,1,0,1,0,0
"COG1649",1,0,1,1,0,0
"COG1650",0,0,0,0,0,0
"COG1651",6,1,5,0,3,0
"COG1652",0,0,0,1,1,4
"COG1653",9,26,11,15,14,3
"COG1654",0,0,1,0,0,0
"COG1655",0,0,0,0,0,0
"COG1656",0,0,0,0,0,0
"COG1657",0,0,0,0,0,0
"COG1658",0,0,0,0,0,0
"COG1659",0,0,0,0,0,0
"COG1660",1,1,2,1,0,2
"COG1661",1,2,0,0,2,0
"COG1662",0,0,0,0,0,0
"COG1663",4,5,5,8,4,0
"COG1664",2,0,0,0,1,0
"COG1665",0,0,0,0,0,0
"COG1666",1,2,5,2,3,0
"COG1668",2,2,0,1,0,0
"COG1669",0,0,0,0,0,0
"COG1670",1,1,1,0,1,1
"COG1671",0,0,0,1,0,1
"COG1672",0,0,0,0,0,0
"COG1673",0,0,0,0,0,0
"COG1674",7,8,14,16,10,6
"COG1675",0,0,0,0,0,0
"COG1676",0,0,2,0,0,0
"COG1677",0,0,0,0,0,0
"COG1678",2,1,3,2,2,2
"COG1679",1,0,3,0,0,1
"COG1680",13,13,21,16,9,5
"COG1681",0,0,0,0,0,0
"COG1682",0,1,0,0,0,0
"COG1683",0,0,0,0,0,0
"COG1684",0,0,0,0,0,0
"COG1685",0,1,0,0,3,0
"COG1686",5,3,5,7,6,8
"COG1687",0,0,0,0,0,0
"COG1688",0,0,0,0,0,0
"COG1690",1,1,0,0,0,1
"COG1691",1,0,2,0,1,0
"COG1692",1,1,2,2,5,0
"COG1694",8,3,2,1,13,24
"COG1695",0,0,1,1,0,0
"COG1696",1,1,1,0,0,2
"COG1697",0,0,0,0,1,0
"COG1698",0,0,0,0,0,0
"COG1699",0,1,0,0,0,0
"COG1700",0,0,0,0,0,3
"COG1701",1,0,1,0,0,0
"COG1702",11,11,11,19,35,27
"COG1703",3,1,1,1,1,3
"COG1704",1,1,0,0,0,1
"COG1705",2,0,1,0,2,2
"COG1706",0,3,0,0,0,1
"COG1707",0,0,0,0,0,0
"COG1708",0,0,0,0,0,1
"COG1709",0,0,0,0,0,0
"COG1711",0,0,0,0,0,0
"COG1712",0,0,0,0,0,0
"COG1713",0,0,0,0,0,0
"COG1714",0,0,0,0,0,1
"COG1715",0,0,0,0,0,0
"COG1716",1,1,0,0,0,0
"COG1717",0,0,0,0,0,0
"COG1718",2,0,1,0,0,0
"COG1719",0,0,0,0,0,0
"COG1720",0,0,0,0,0,0
"COG1721",3,2,4,0,2,7
"COG1722",1,1,0,0,0,0
"COG1723",0,0,0,0,0,0
"COG1724",0,0,0,0,0,0
"COG1725",4,1,1,1,0,0
"COG1726",4,3,2,2,4,0
"COG1727",0,0,1,0,0,0
"COG1729",2,2,10,10,4,3
"COG1730",0,0,0,0,0,0
"COG1732",0,0,0,0,0,0
"COG1733",1,2,1,0,0,2
"COG1734",2,1,9,1,7,1
"COG1735",0,1,1,0,0,0
"COG1736",4,0,1,0,0,0
"COG1737",0,2,1,1,1,0
"COG1738",2,3,6,2,2,5
"COG1739",0,0,0,0,0,1
"COG1740",0,0,0,0,0,0
"COG1741",3,6,3,3,3,3
"COG1742",0,0,0,0,0,0
"COG1743",0,0,0,0,0,0
"COG1744",2,7,6,7,9,4
"COG1745",0,0,0,0,0,0
"COG1746",0,0,0,0,0,0
"COG1747",0,0,0,0,0,0
"COG1748",4,3,4,1,2,0
"COG1749",0,1,1,0,2,1
"COG1750",0,0,0,0,0,0
"COG1752",1,2,3,1,0,4
"COG1754",12,12,19,9,17,2
"COG1755",0,0,0,0,0,0
"COG1756",0,0,0,0,0,0
"COG1757",2,3,4,1,1,1
"COG1758",1,2,2,4,3,1
"COG1759",1,1,4,0,1,0
"COG1760",1,1,0,0,0,0
"COG1761",0,0,0,0,0,0
"COG1762",0,0,0,1,0,0
"COG1763",1,3,0,0,0,0
"COG1764",0,1,0,0,0,0
"COG1765",0,0,2,0,0,0
"COG1766",1,1,0,1,3,2
"COG1767",0,1,0,0,0,0
"COG1768",0,0,0,0,0,0
"COG1769",0,0,0,0,0,0
"COG1770",5,5,8,14,4,1
"COG1772",0,1,0,0,0,0
"COG1773",2,1,0,0,0,1
"COG1774",0,0,0,0,0,0
"COG1775",0,0,0,0,0,0
"COG1776",1,0,0,0,0,2
"COG1777",0,0,0,0,0,0
"COG1778",0,0,3,0,2,1
"COG1779",0,0,0,0,1,0
"COG1780",0,0,0,0,0,0
"COG1781",0,0,0,0,0,0
"COG1782",1,0,0,0,1,0
"COG1783",0,1,0,0,0,24
"COG1784",0,0,0,0,0,0
"COG1785",0,1,0,0,0,1
"COG1786",1,0,1,0,0,0
"COG1787",0,0,1,1,0,0
"COG1788",2,0,1,0,0,4
"COG1791",0,0,0,0,0,1
"COG1792",3,0,5,5,3,0
"COG1793",7,8,1,4,7,25
"COG1794",1,2,1,6,4,0
"COG1795",0,1,0,0,1,0
"COG1796",0,0,1,1,1,1
"COG1797",5,3,1,1,2,0
"COG1798",0,0,0,0,0,0
"COG1799",0,1,0,0,0,0
"COG1801",0,0,0,0,0,1
"COG1802",1,1,1,0,0,1
"COG1803",0,0,0,0,0,0
"COG1804",5,12,6,16,14,8
"COG1805",2,3,4,1,4,1
"COG1806",1,4,2,3,2,0
"COG1807",10,8,3,5,10,3
"COG1808",0,0,0,1,3,1
"COG1809",0,2,0,0,1,0
"COG1811",0,0,0,0,0,0
"COG1812",0,0,0,0,0,0
"COG1813",0,0,2,0,0,0
"COG1814",0,0,1,0,0,0
"COG1815",0,0,0,0,0,2
"COG1816",2,2,5,2,5,0
"COG1817",0,1,1,0,0,0
"COG1818",0,0,0,0,0,0
"COG1819",2,1,3,1,0,2
"COG1820",0,0,0,2,0,0
"COG1821",0,0,0,0,0,0
"COG1823",0,0,0,0,0,0
"COG1824",0,0,0,0,0,0
"COG1825",2,3,4,7,4,1
"COG1826",1,0,0,1,0,0
"COG1828",2,0,2,0,0,0
"COG1829",1,0,1,0,1,0
"COG1830",1,1,1,0,0,1
"COG1831",0,0,0,1,0,0
"COG1832",0,2,4,1,0,0
"COG1833",0,0,0,0,0,0
"COG1834",2,4,9,1,5,14
"COG1835",1,2,3,3,1,0
"COG1836",2,0,2,0,2,0
"COG1837",0,0,0,0,0,0
"COG1838",3,1,0,0,0,3
"COG1840",7,7,5,14,7,4
"COG1841",0,0,0,0,0,0
"COG1842",0,0,0,0,1,0
"COG1843",0,0,1,0,0,2
"COG1845",6,12,11,11,8,4
"COG1846",1,3,1,5,5,3
"COG1847",1,2,0,2,2,0
"COG1848",0,0,0,0,0,0
"COG1849",0,0,0,0,0,0
"COG1850",5,1,0,4,3,3
"COG1852",0,0,0,0,0,0
"COG1853",10,8,3,2,5,5
"COG1854",0,0,0,0,0,0
"COG1855",0,0,1,0,0,0
"COG1856",0,0,0,0,0,0
"COG1857",0,0,0,0,0,0
"COG1858",1,4,0,1,0,3
"COG1859",0,0,0,0,0,0
"COG1861",0,0,4,4,2,3
"COG1862",1,1,0,1,0,0
"COG1863",0,1,0,0,1,1
"COG1864",0,0,0,0,0,1
"COG1865",0,0,0,0,0,0
"COG1866",8,4,7,4,10,2
"COG1867",2,1,1,0,1,0
"COG1868",1,1,0,0,0,4
"COG1869",0,0,0,0,0,0
"COG1871",0,0,0,0,0,0
"COG1872",0,0,0,0,0,0
"COG1873",0,0,0,0,0,0
"COG1874",1,1,0,0,2,1
"COG1875",0,1,2,0,0,5
"COG1876",2,0,1,0,0,0
"COG1877",2,1,0,0,0,0
"COG1878",1,1,2,0,0,0
"COG1879",6,8,6,8,2,0
"COG1881",0,0,0,0,0,0
"COG1882",0,0,0,0,0,0
"COG1883",0,0,1,0,1,0
"COG1884",5,7,5,7,4,7
"COG1885",0,0,0,0,0,0
"COG1886",0,1,0,0,0,2
"COG1887",0,0,0,0,0,0
"COG1889",0,0,0,0,0,0
"COG1890",0,0,0,0,0,0
"COG1891",0,1,0,1,0,0
"COG1892",0,0,0,0,0,0
"COG1893",4,1,2,4,1,4
"COG1894",11,11,14,16,15,3
"COG1896",0,0,1,0,0,1
"COG1897",2,0,0,1,2,0
"COG1898",4,3,7,3,2,8
"COG1899",0,3,1,4,6,0
"COG1900",0,0,0,0,0,0
"COG1901",0,1,0,0,0,0
"COG1902",5,10,6,9,5,9
"COG1903",2,0,1,1,1,0
"COG1904",0,0,0,0,0,0
"COG1905",3,3,4,4,3,1
"COG1906",0,0,0,0,0,0
"COG1907",0,0,0,0,2,0
"COG1908",0,0,0,0,0,0
"COG1909",1,0,1,0,0,0
"COG1910",0,0,0,0,1,1
"COG1911",0,0,0,0,0,0
"COG1912",1,0,0,5,0,0
"COG1913",0,0,0,0,0,0
"COG1914",2,1,2,1,3,2
"COG1915",1,0,1,0,0,0
"COG1916",2,1,0,0,2,0
"COG1917",1,2,0,0,0,0
"COG1918",0,0,0,0,0,0
"COG1920",0,1,0,1,0,0
"COG1921",3,1,6,1,1,0
"COG1922",1,1,2,0,0,0
"COG1923",0,0,0,0,0,0
"COG1924",0,0,0,0,0,0
"COG1925",1,0,0,0,0,0
"COG1926",0,0,0,0,0,0
"COG1927",0,0,0,0,0,0
"COG1928",0,0,1,1,0,0
"COG1929",0,0,2,1,1,0
"COG1931",0,0,0,0,0,0
"COG1932",2,3,3,9,2,4
"COG1933",4,0,4,0,2,0
"COG1934",0,1,0,0,0,0
"COG1936",0,0,1,0,0,0
"COG1937",0,1,0,0,0,0
"COG1938",1,0,1,0,1,0
"COG1939",0,0,0,1,0,0
"COG1940",3,5,10,4,7,2
"COG1941",0,0,0,0,0,0
"COG1942",0,2,0,0,0,0
"COG1943",0,0,0,0,0,0
"COG1944",1,1,0,0,0,1
"COG1945",0,0,0,0,0,0
"COG1946",2,3,1,3,3,0
"COG1947",2,4,3,5,5,2
"COG1948",0,0,4,0,2,4
"COG1949",1,1,1,1,0,0
"COG1950",0,0,0,0,0,0
"COG1951",2,0,0,0,0,6
"COG1952",1,1,0,0,1,0
"COG1953",4,2,6,0,0,1
"COG1954",0,0,0,0,0,0
"COG1955",1,0,0,0,0,0
"COG1956",0,0,0,1,1,0
"COG1957",1,4,2,1,1,1
"COG1958",2,0,0,0,0,0
"COG1959",3,3,3,6,2,2
"COG1960",60,60,40,47,37,34
"COG1961",4,0,1,1,2,11
"COG1963",1,0,0,0,2,0
"COG1964",0,0,1,1,3,1
"COG1965",0,0,0,0,0,2
"COG1966",1,2,0,0,0,1
"COG1967",0,0,1,0,0,0
"COG1968",5,6,2,7,5,2
"COG1969",0,0,0,0,0,0
"COG1970",0,0,0,2,1,1
"COG1971",0,0,0,0,0,0
"COG1972",1,0,2,3,2,2
"COG1974",3,6,4,11,8,1
"COG1975",2,2,4,2,3,1
"COG1976",0,0,1,0,0,0
"COG1977",0,0,0,0,0,0
"COG1978",0,0,0,0,2,0
"COG1979",0,0,0,0,0,0
"COG1980",0,0,0,0,0,0
"COG1981",4,2,3,3,5,0
"COG1982",2,0,0,0,2,2
"COG1983",0,0,0,0,0,0
"COG1984",3,2,2,2,1,1
"COG1985",8,4,7,4,5,0
"COG1986",0,0,0,0,0,0
"COG1987",0,0,0,0,0,0
"COG1988",1,1,1,0,1,0
"COG1989",1,2,1,3,1,0
"COG1990",0,0,0,0,0,0
"COG1992",1,0,5,0,0,0
"COG1993",0,0,0,0,0,0
"COG1994",5,0,1,0,1,1
"COG1995",10,4,8,11,8,3
"COG1997",0,0,0,0,0,0
"COG1998",0,0,0,0,0,0
"COG1999",2,0,3,2,1,0
"COG2001",1,7,6,7,5,0
"COG2002",0,0,0,0,0,1
"COG2003",0,2,0,0,0,0
"COG2004",0,0,0,0,0,0
"COG2005",0,0,0,0,0,0
"COG2006",0,0,0,0,0,0
"COG2007",0,0,0,0,0,0
"COG2008",5,3,3,4,1,1
"COG2009",1,1,1,1,1,2
"COG2010",1,5,0,1,5,4
"COG2011",0,0,0,0,0,0
"COG2012",0,0,0,0,0,0
"COG2013",0,0,0,0,0,1
"COG2014",0,0,0,0,0,0
"COG2015",1,3,1,3,1,0
"COG2016",1,0,0,0,0,0
"COG2017",2,2,2,1,2,0
"COG2018",0,0,0,0,0,0
"COG2019",0,0,1,0,0,0
"COG2020",1,1,1,3,3,1
"COG2021",3,10,5,8,10,3
"COG2022",3,2,1,7,4,1
"COG2023",0,0,1,0,0,0
"COG2025",4,7,1,4,0,0
"COG2026",0,1,0,0,0,0
"COG2027",4,1,0,1,4,1
"COG2029",0,0,0,0,0,0
"COG2030",2,5,4,5,6,1
"COG2031",1,1,0,0,1,0
"COG2032",0,0,0,0,0,5
"COG2035",1,2,4,2,1,1
"COG2036",0,0,0,0,0,0
"COG2037",0,0,0,0,0,0
"COG2038",0,0,1,2,3,0
"COG2039",0,0,0,0,0,0
"COG2040",3,3,0,9,1,0
"COG2041",1,0,0,4,3,1
"COG2042",1,0,0,0,0,0
"COG2043",0,0,1,0,0,0
"COG2044",0,0,0,0,0,0
"COG2045",3,0,0,1,0,0
"COG2046",1,0,5,3,1,1
"COG2047",0,0,0,0,0,0
"COG2048",0,0,0,0,0,0
"COG2049",1,2,2,2,1,2
"COG2050",6,10,2,6,2,3
"COG2051",0,0,0,0,0,0
"COG2052",0,0,0,0,0,0
"COG2053",0,0,0,0,0,0
"COG2054",0,0,0,0,0,0
"COG2055",7,9,8,8,5,0
"COG2056",0,0,0,0,0,1
"COG2057",0,1,0,2,0,3
"COG2058",0,0,1,0,0,0
"COG2059",0,1,1,2,0,3
"COG2060",0,0,0,0,0,0
"COG2061",0,0,0,0,0,0
"COG2062",2,0,0,0,4,1
"COG2063",1,0,0,0,0,0
"COG2064",0,0,0,0,1,1
"COG2065",2,3,1,0,1,0
"COG2066",0,1,1,0,0,0
"COG2067",2,1,0,0,0,1
"COG2068",1,0,2,0,1,0
"COG2070",3,11,5,2,5,7
"COG2071",2,0,1,2,1,1
"COG2072",14,12,6,6,11,11
"COG2073",4,1,1,2,0,0
"COG2074",0,0,0,0,0,0
"COG2075",0,0,0,0,0,0
"COG2076",1,2,0,1,1,0
"COG2077",0,0,0,0,0,0
"COG2078",0,0,0,0,0,0
"COG2079",8,12,2,9,4,0
"COG2080",0,1,2,2,1,1
"COG2081",3,4,1,0,1,1
"COG2082",3,0,0,0,1,0
"COG2084",8,18,13,15,9,4
"COG2085",0,0,1,0,0,1
"COG2086",3,8,6,5,6,1
"COG2087",1,0,0,1,0,0
"COG2088",0,0,1,0,0,0
"COG2089",7,3,11,10,11,4
"COG2090",0,0,0,0,0,0
"COG2091",0,1,0,0,0,1
"COG2092",0,0,1,0,0,0
"COG2093",0,0,0,0,0,0
"COG2094",1,0,0,0,1,1
"COG2095",0,0,0,0,1,0
"COG2096",0,2,5,2,0,3
"COG2097",0,0,1,0,0,0
"COG2098",0,0,0,0,0,0
"COG2099",1,1,0,0,1,0
"COG2101",2,0,0,0,0,0
"COG2102",1,0,0,0,0,0
"COG2103",0,0,1,0,0,0
"COG2104",0,0,0,0,0,0
"COG2105",0,0,1,0,0,1
"COG2106",0,0,0,0,0,0
"COG2107",0,0,0,0,1,0
"COG2108",0,0,0,0,1,0
"COG2109",0,1,0,3,6,0
"COG2110",0,0,0,0,0,1
"COG2111",0,1,0,0,0,1
"COG2112",0,0,0,0,0,0
"COG2113",4,10,11,9,9,1
"COG2114",9,12,8,12,13,44
"COG2115",0,0,0,0,1,0
"COG2116",0,0,0,0,1,0
"COG2118",0,0,0,0,0,0
"COG2119",3,0,0,0,1,0
"COG2120",7,0,4,2,2,5
"COG2121",1,2,0,1,3,0
"COG2122",0,0,0,0,0,0
"COG2123",0,0,0,0,0,0
"COG2124",7,8,10,4,5,11
"COG2125",0,0,0,0,0,0
"COG2126",0,0,0,0,0,0
"COG2127",1,0,0,0,0,0
"COG2128",1,1,2,3,3,1
"COG2129",0,0,0,0,0,0
"COG2130",2,6,3,1,1,4
"COG2131",0,1,1,1,1,4
"COG2132",2,0,1,0,0,7
"COG2133",11,12,7,15,8,6
"COG2135",3,4,1,0,1,2
"COG2136",0,0,0,0,0,0
"COG2137",2,1,1,2,0,1
"COG2138",3,2,1,2,3,0
"COG2139",0,0,0,0,1,0
"COG2140",0,0,1,1,0,0
"COG2141",18,18,19,9,9,10
"COG2142",0,0,0,0,2,1
"COG2143",0,0,0,0,1,0
"COG2144",0,0,0,1,0,1
"COG2145",0,0,0,0,0,0
"COG2146",1,1,1,0,1,2
"COG2147",0,0,0,0,1,0
"COG2148",4,4,6,2,6,3
"COG2149",0,0,0,0,0,0
"COG2150",0,0,0,0,0,0
"COG2151",0,3,2,3,1,3
"COG2152",0,0,0,0,0,0
"COG2153",1,2,1,0,0,0
"COG2154",5,0,1,0,1,0
"COG2155",0,0,0,0,0,0
"COG2156",0,0,0,0,0,0
"COG2157",0,0,0,0,0,0
"COG2159",1,0,6,1,2,6
"COG2160",0,1,0,0,0,1
"COG2161",0,0,0,0,0,0
"COG2162",0,0,0,0,0,1
"COG2163",0,0,0,0,0,0
"COG2164",0,0,0,0,0,0
"COG2165",0,1,0,1,0,0
"COG2166",1,1,0,2,1,3
"COG2167",0,0,0,0,0,0
"COG2168",1,0,0,0,0,0
"COG2169",0,0,0,0,0,0
"COG2170",5,0,0,0,2,0
"COG2171",3,5,5,5,5,2
"COG2172",2,0,0,0,0,0
"COG2173",2,2,1,0,2,0
"COG2174",0,0,0,0,1,0
"COG2175",14,11,7,15,7,1
"COG2176",0,0,0,0,0,0
"COG2177",1,4,3,1,2,4
"COG2178",0,0,0,0,1,0
"COG2179",0,1,0,1,1,0
"COG2180",0,0,0,0,0,0
"COG2181",0,0,0,0,0,0
"COG2182",0,2,0,1,1,0
"COG2183",2,0,0,0,0,5
"COG2184",0,0,0,0,0,0
"COG2185",2,2,6,5,1,8
"COG2186",0,0,0,0,1,1
"COG2187",0,0,0,0,0,0
"COG2188",0,1,0,0,0,1
"COG2189",3,0,0,0,1,0
"COG2190",0,0,0,0,0,0
"COG2191",0,0,0,0,0,0
"COG2192",13,8,11,11,29,43
"COG2193",2,1,0,1,1,2
"COG2194",0,0,0,0,0,0
"COG2195",0,1,0,0,0,0
"COG2197",4,3,1,1,0,8
"COG2198",0,0,0,0,0,4
"COG2199",6,1,0,0,3,25
"COG2200",3,0,0,0,1,7
"COG2201",1,1,0,0,0,1
"COG2202",5,5,0,0,3,45
"COG2203",2,3,0,1,5,6
"COG2204",5,15,9,8,9,12
"COG2205",0,0,0,0,0,0
"COG2206",1,0,2,1,0,1
"COG2207",1,3,1,0,4,31
"COG2208",6,5,5,6,5,4
"COG2209",0,2,2,1,0,0
"COG2210",1,0,0,0,0,0
"COG2211",6,8,4,4,9,2
"COG2212",0,0,0,0,0,0
"COG2213",0,1,1,1,1,0
"COG2214",5,3,3,7,2,2
"COG2215",0,0,0,0,0,0
"COG2216",0,0,0,0,0,0
"COG2217",9,3,4,3,8,11
"COG2218",1,0,0,0,1,0
"COG2219",2,1,0,0,0,0
"COG2220",8,4,7,10,4,7
"COG2221",0,1,1,0,1,0
"COG2222",1,2,0,0,0,1
"COG2223",2,1,0,0,2,0
"COG2224",1,7,1,6,9,4
"COG2225",8,7,10,12,10,1
"COG2226",5,9,5,8,4,4
"COG2227",6,7,5,3,2,3
"COG2229",0,0,0,0,0,1
"COG2230",5,6,10,13,12,3
"COG2231",0,0,0,0,0,0
"COG2232",1,0,0,0,0,0
"COG2233",0,3,1,0,1,2
"COG2234",7,7,5,2,3,4
"COG2235",0,0,0,0,0,0
"COG2236",1,4,6,2,3,3
"COG2237",1,0,2,0,2,0
"COG2238",1,0,2,0,0,0
"COG2239",5,10,12,6,8,4
"COG2240",1,0,0,0,0,0
"COG2241",4,1,0,2,1,0
"COG2242",1,0,0,1,0,0
"COG2243",0,1,2,1,0,0
"COG2244",4,0,3,1,2,1
"COG2246",0,0,0,0,0,0
"COG2247",0,0,0,0,0,0
"COG2249",1,0,0,0,0,2
"COG2250",0,0,0,0,0,0
"COG2251",5,1,0,4,7,0
"COG2252",6,2,5,7,2,6
"COG2253",0,0,0,0,0,0
"COG2255",5,1,1,1,4,3
"COG2256",2,2,1,1,3,1
"COG2257",0,0,0,0,0,0
"COG2258",1,0,0,0,0,1
"COG2259",0,0,1,2,0,0
"COG2260",0,0,0,0,0,0
"COG2261",0,0,0,0,0,0
"COG2262",0,2,0,10,6,0
"COG2263",0,0,0,0,0,0
"COG2264",2,1,2,2,1,1
"COG2265",0,4,0,0,3,2
"COG2266",0,0,0,0,0,0
"COG2267",1,3,1,1,4,3
"COG2268",1,0,1,0,0,0
"COG2269",0,0,0,0,0,2
"COG2270",3,6,5,3,5,0
"COG2271",1,0,1,0,0,0
"COG2272",2,3,3,4,2,4
"COG2273",0,3,2,4,4,0
"COG2274",8,3,2,1,5,4
"COG2301",2,6,6,4,5,2
"COG2302",2,2,1,0,2,0
"COG2303",20,17,21,23,21,6
"COG2304",3,4,6,2,3,3
"COG2306",0,0,0,0,0,0
"COG2307",1,4,0,0,0,2
"COG2308",6,6,6,4,5,8
"COG2309",1,0,0,1,2,0
"COG2310",0,0,0,0,0,0
"COG2311",0,2,3,0,0,1
"COG2312",0,0,0,0,0,0
"COG2313",1,0,1,1,0,0
"COG2314",0,0,0,0,0,0
"COG2315",0,1,0,0,0,0
"COG2316",1,0,0,0,0,0
"COG2317",7,0,2,2,1,0
"COG2318",0,1,0,0,0,1
"COG2319",16,5,2,0,2,0
"COG2320",0,0,0,0,0,0
"COG2321",0,0,0,0,0,0
"COG2322",0,0,0,0,0,0
"COG2323",0,1,0,0,0,0
"COG2324",1,0,0,0,1,0
"COG2326",0,3,1,4,2,1
"COG2327",0,0,0,1,0,1
"COG2329",2,2,0,0,1,0
"COG2331",0,0,0,0,0,0
"COG2332",1,0,2,3,3,2
"COG2333",0,2,0,0,0,0
"COG2334",4,1,1,6,6,3
"COG2335",1,1,1,0,3,0
"COG2336",0,0,0,0,0,0
"COG2337",0,0,0,0,0,0
"COG2339",0,0,0,2,0,0
"COG2340",0,0,2,0,3,0
"COG2342",0,0,0,0,0,0
"COG2343",0,0,0,0,0,0
"COG2344",0,1,0,0,1,0
"COG2345",0,1,0,0,0,0
"COG2346",0,0,0,0,0,2
"COG2348",0,0,0,0,0,0
"COG2350",0,0,0,0,0,1
"COG2351",1,0,1,0,0,0
"COG2352",14,9,11,10,5,7
"COG2353",0,0,2,0,0,2
"COG2354",0,0,0,0,0,1
"COG2355",6,5,3,5,3,0
"COG2356",1,0,0,1,2,0
"COG2357",0,0,0,0,0,0
"COG2358",3,7,1,1,2,2
"COG2359",0,0,0,0,0,0
"COG2360",0,2,0,0,1,0
"COG2361",0,0,0,0,0,0
"COG2362",0,1,0,0,0,0
"COG2363",0,0,0,0,0,0
"COG2364",1,1,3,5,2,0
"COG2365",2,1,1,0,0,0
"COG2366",2,3,13,7,5,5
"COG2367",0,0,0,0,1,0
"COG2368",3,3,3,1,0,1
"COG2369",0,0,0,0,0,0
"COG2370",0,0,0,1,0,0
"COG2371",1,1,1,1,2,2
"COG2372",0,0,0,0,0,0
"COG2373",0,0,0,1,0,0
"COG2374",0,1,3,3,0,4
"COG2375",0,0,1,0,0,1
"COG2376",1,3,1,4,2,0
"COG2377",4,3,4,5,4,1
"COG2378",0,0,0,0,0,4
"COG2379",0,1,2,0,1,1
"COG2380",0,0,1,0,0,0
"COG2382",0,0,0,0,0,0
"COG2384",0,0,0,0,0,0
"COG2385",7,5,2,2,5,0
"COG2386",1,1,1,1,2,0
"COG2388",0,0,0,0,0,0
"COG2389",0,0,0,0,0,0
"COG2390",0,0,0,0,0,0
"COG2391",1,1,1,1,1,3
"COG2401",0,0,0,0,0,0
"COG2402",0,0,0,0,0,0
"COG2403",0,0,0,0,0,0
"COG2404",0,0,0,0,0,0
"COG2405",0,0,0,0,0,0
"COG2406",0,0,0,0,0,0
"COG2407",2,1,0,1,1,1
"COG2409",1,0,3,0,0,0
"COG2410",0,0,0,0,0,0
"COG2412",0,0,0,0,0,0
"COG2413",0,0,0,0,0,0
"COG2414",1,0,0,0,0,1
"COG2421",0,1,0,0,0,0
"COG2423",1,1,1,0,2,0
"COG2425",0,0,0,0,0,0
"COG2426",0,0,0,0,1,0
"COG2428",0,0,0,0,0,0
"COG2429",0,0,0,0,0,0
"COG2430",0,0,0,0,0,0
"COG2431",0,0,0,0,0,0
"COG2433",0,0,0,0,0,0
"COG2440",0,0,0,0,0,0
"COG2442",0,0,0,0,0,0
"COG2443",0,0,0,0,0,0
"COG2445",0,0,0,0,0,0
"COG2450",0,0,0,0,0,0
"COG2451",0,0,0,0,0,0
"COG2452",0,1,0,0,0,0
"COG2453",0,0,0,0,0,0
"COG2454",0,0,0,0,0,0
"COG2457",0,0,0,0,0,0
"COG2461",0,0,0,0,0,0
"COG2501",1,0,0,0,1,0
"COG2502",0,0,0,0,0,0
"COG2503",0,4,0,1,0,0
"COG2508",0,0,0,0,0,0
"COG2509",1,0,1,0,0,3
"COG2510",0,0,0,0,0,0
"COG2511",2,0,3,0,1,0
"COG2512",0,0,0,0,0,0
"COG2513",3,9,3,5,4,2
"COG2514",0,0,0,0,0,0
"COG2515",0,1,0,0,0,1
"COG2516",0,0,0,0,0,0
"COG2518",3,0,3,4,1,1
"COG2519",1,1,1,0,0,0
"COG2520",1,1,3,1,0,0
"COG2521",0,0,0,0,0,0
"COG2522",0,0,0,0,0,0
"COG2524",0,0,1,0,0,0
"COG2602",0,0,0,0,0,1
"COG2603",3,1,0,3,3,2
"COG2604",0,0,0,0,1,0
"COG2605",0,1,2,6,2,3
"COG2606",2,0,2,1,3,0
"COG2607",0,0,0,0,0,0
"COG2608",0,0,0,0,0,0
"COG2609",8,8,13,9,11,1
"COG2610",0,0,1,1,0,1
"COG2703",0,0,0,0,0,0
"COG2704",0,0,0,0,0,0
"COG2706",1,0,0,0,0,0
"COG2710",7,4,0,0,8,0
"COG2715",0,0,0,0,0,0
"COG2716",0,0,0,0,0,1
"COG2717",1,1,3,0,1,0
"COG2718",0,0,0,1,0,2
"COG2719",0,0,0,0,0,3
"COG2720",0,0,1,0,0,0
"COG2721",2,6,5,9,3,0
"COG2723",0,1,5,1,2,1
"COG2730",0,0,3,1,1,0
"COG2731",0,0,0,0,0,0
"COG2733",0,0,0,0,0,0
"COG2738",2,2,3,0,0,1
"COG2740",0,0,0,0,1,0
"COG2746",0,0,0,3,1,0
"COG2747",0,0,0,0,0,0
"COG2755",4,6,2,4,7,1
"COG2759",7,9,7,11,2,0
"COG2761",0,0,0,0,1,2
"COG2764",0,0,0,0,0,1
"COG2766",0,0,0,0,0,4
"COG2768",0,1,1,0,0,0
"COG2770",0,0,0,0,0,0
"COG2771",1,3,0,0,0,4
"COG2801",1,3,0,0,1,17
"COG2802",6,1,5,2,2,1
"COG2804",9,5,3,4,3,13
"COG2805",2,0,3,1,0,3
"COG2807",0,0,0,0,0,1
"COG2808",0,0,0,0,0,0
"COG2810",0,0,0,0,0,0
"COG2812",12,14,13,12,10,4
"COG2813",0,1,0,0,0,0
"COG2814",0,0,0,0,1,1
"COG2815",0,2,0,1,2,0
"COG2816",1,2,3,1,3,1
"COG2818",0,0,0,0,0,0
"COG2819",1,0,1,0,0,0
"COG2820",0,2,1,1,1,0
"COG2821",1,0,0,0,0,0
"COG2822",0,0,0,0,0,0
"COG2823",2,1,4,3,4,1
"COG2824",0,0,0,0,0,2
"COG2825",1,0,0,0,0,1
"COG2826",1,0,0,0,0,1
"COG2827",0,0,0,1,0,0
"COG2828",0,0,0,0,0,3
"COG2829",0,0,0,0,0,0
"COG2831",2,3,0,0,2,2
"COG2832",0,3,0,1,0,0
"COG2833",1,0,0,0,0,1
"COG2834",0,2,0,0,0,0
"COG2835",0,1,1,0,0,0
"COG2836",0,0,0,0,0,0
"COG2837",0,0,0,0,0,1
"COG2838",0,0,2,0,2,2
"COG2839",0,0,0,0,0,0
"COG2840",1,1,0,1,3,0
"COG2841",0,0,0,0,0,0
"COG2842",0,1,0,0,0,0
"COG2843",1,1,1,1,0,0
"COG2844",4,9,5,1,7,1
"COG2845",0,0,1,0,0,0
"COG2846",0,0,0,0,0,0
"COG2847",0,1,0,0,0,0
"COG2848",0,0,1,0,0,0
"COG2849",4,1,3,3,3,0
"COG2850",1,0,0,1,0,1
"COG2851",0,0,0,0,0,0
"COG2852",0,0,0,0,0,0
"COG2853",1,4,10,3,2,3
"COG2854",1,2,1,2,3,0
"COG2855",2,2,1,2,0,1
"COG2856",0,0,0,0,0,0
"COG2857",4,6,6,8,6,3
"COG2859",1,1,0,1,1,3
"COG2860",0,0,0,0,0,1
"COG2861",0,0,0,0,0,0
"COG2862",0,0,0,0,0,0
"COG2863",1,1,3,1,0,3
"COG2864",0,0,0,0,0,0
"COG2865",0,0,0,0,0,0
"COG2866",7,1,1,1,3,1
"COG2867",0,2,0,0,1,0
"COG2868",0,0,0,0,0,0
"COG2869",1,1,1,0,1,0
"COG2870",4,8,2,2,4,9
"COG2871",1,2,0,1,3,2
"COG2872",1,0,0,0,0,0
"COG2873",10,12,8,13,14,4
"COG2874",0,0,0,0,0,1
"COG2875",1,0,0,0,0,0
"COG2876",3,0,0,2,1,4
"COG2877",5,7,4,2,6,3
"COG2878",0,0,1,0,1,2
"COG2879",0,0,0,0,0,0
"COG2881",0,0,0,0,0,0
"COG2882",0,0,0,0,0,0
"COG2884",0,3,2,0,2,1
"COG2885",1,1,1,2,5,10
"COG2887",0,1,0,1,3,2
"COG2888",0,0,0,0,0,0
"COG2890",7,3,10,3,2,4
"COG2891",0,0,0,0,0,0
"COG2893",1,0,0,0,0,0
"COG2894",3,1,0,0,2,2
"COG2895",2,2,0,0,1,1
"COG2896",4,3,3,8,2,4
"COG2897",5,2,7,5,7,0
"COG2898",0,0,0,0,0,0
"COG2899",0,0,0,0,0,0
"COG2900",0,0,0,0,0,1
"COG2901",1,0,0,2,0,1
"COG2902",2,0,1,0,1,3
"COG2904",0,1,0,1,1,0
"COG2905",0,1,0,0,0,2
"COG2906",0,0,0,0,0,0
"COG2907",8,4,4,9,3,0
"COG2908",3,4,5,6,5,1
"COG2909",0,0,0,0,0,0
"COG2910",0,0,0,0,0,0
"COG2911",0,1,1,0,0,1
"COG2912",0,0,0,0,0,0
"COG2913",0,0,0,0,1,0
"COG2914",0,0,0,0,0,0
"COG2915",0,2,1,0,0,0
"COG2916",0,0,0,0,0,0
"COG2917",0,1,4,2,4,2
"COG2918",1,3,2,5,2,3
"COG2919",0,0,0,0,0,1
"COG2920",0,0,0,0,0,0
"COG2921",0,1,0,0,0,0
"COG2922",0,1,0,0,0,0
"COG2923",0,0,0,0,0,0
"COG2924",1,0,0,0,1,1
"COG2925",4,7,6,8,2,0
"COG2926",0,0,0,0,0,0
"COG2927",1,1,1,0,0,0
"COG2928",2,4,5,5,2,3
"COG2929",0,0,0,0,0,0
"COG2930",0,0,0,0,1,0
"COG2931",8,8,9,2,5,3
"COG2932",0,0,0,0,0,0
"COG2933",0,0,0,0,1,0
"COG2935",0,0,0,0,1,1
"COG2936",8,6,3,0,2,4
"COG2937",1,1,2,0,1,1
"COG2938",1,0,0,0,0,0
"COG2939",1,0,1,0,1,0
"COG2940",2,1,3,3,0,1
"COG2941",1,1,3,2,2,0
"COG2942",0,1,0,0,0,0
"COG2943",1,0,0,0,0,1
"COG2944",0,0,0,0,0,0
"COG2945",1,4,2,8,3,0
"COG2946",0,0,0,0,0,1
"COG2947",2,1,4,1,0,0
"COG2948",0,0,0,0,0,1
"COG2949",0,0,0,0,0,0
"COG2951",0,3,3,1,5,1
"COG2954",0,0,0,0,1,0
"COG2956",1,0,0,1,0,6
"COG2957",2,1,2,7,1,0
"COG2958",0,0,0,0,0,0
"COG2959",0,0,0,0,0,0
"COG2960",0,0,0,1,0,1
"COG2961",1,0,0,0,0,3
"COG2962",2,3,2,0,1,1
"COG2963",0,0,0,0,0,9
"COG2964",0,0,0,0,0,0
"COG2965",0,0,0,0,0,0
"COG2966",0,0,0,0,0,0
"COG2967",0,0,0,0,0,0
"COG2968",0,0,1,0,0,0
"COG2969",0,0,0,0,0,1
"COG2971",1,0,0,0,0,0
"COG2972",1,0,0,0,0,1
"COG2973",0,0,0,0,0,0
"COG2974",0,0,0,0,0,0
"COG2975",0,0,0,0,0,0
"COG2976",0,0,0,0,0,1
"COG2977",0,0,0,0,0,0
"COG2978",0,1,0,0,1,0
"COG2979",0,0,0,0,0,0
"COG2980",0,0,0,0,0,1
"COG2981",0,0,0,0,0,0
"COG2982",0,0,1,0,0,4
"COG2983",0,0,0,1,0,0
"COG2984",0,0,0,0,0,1
"COG2985",0,0,0,0,0,0
"COG2986",2,1,0,0,2,1
"COG2987",1,0,0,1,1,0
"COG2988",1,2,0,0,0,1
"COG2989",0,0,0,0,0,0
"COG2990",0,0,0,0,0,0
"COG2991",0,0,0,0,0,0
"COG2992",3,4,4,4,4,4
"COG2993",0,0,0,0,0,1
"COG2994",0,0,0,0,0,6
"COG2995",0,0,0,0,0,0
"COG2996",0,0,0,0,0,0
"COG2998",0,3,0,0,1,0
"COG2999",0,0,0,0,0,0
"COG3000",9,11,6,5,3,4
"COG3001",2,0,2,3,2,0
"COG3002",1,0,0,0,0,1
"COG3004",4,1,4,6,2,3
"COG3005",0,0,0,0,0,0
"COG3006",0,0,0,0,0,0
"COG3007",0,0,0,0,0,2
"COG3008",0,0,0,0,0,0
"COG3009",0,0,0,0,0,0
"COG3010",1,0,0,0,0,0
"COG3011",1,1,1,0,0,0
"COG3012",1,0,0,0,0,0
"COG3013",0,0,0,0,0,0
"COG3014",0,0,0,0,0,0
"COG3015",0,0,0,0,0,0
"COG3016",0,0,0,0,0,1
"COG3017",0,0,0,0,1,0
"COG3018",0,1,0,0,1,0
"COG3019",0,2,0,1,0,1
"COG3021",0,0,0,0,0,1
"COG3022",1,5,2,2,0,1
"COG3023",6,2,6,4,3,7
"COG3024",0,1,0,0,0,0
"COG3025",0,1,0,0,0,0
"COG3026",0,0,0,0,0,0
"COG3027",3,1,0,1,0,1
"COG3028",0,1,0,0,1,0
"COG3029",0,0,0,0,0,0
"COG3030",5,0,1,3,0,0
"COG3031",0,1,0,0,0,2
"COG3033",0,1,1,1,1,0
"COG3034",0,0,0,0,0,2
"COG3036",0,0,0,0,0,0
"COG3037",0,0,0,0,0,0
"COG3038",1,1,0,4,1,1
"COG3039",1,0,0,0,1,2
"COG3040",0,0,1,0,1,1
"COG3041",0,0,0,0,0,0
"COG3042",0,0,0,0,0,0
"COG3043",0,0,0,0,0,0
"COG3044",0,0,0,0,0,0
"COG3045",1,0,0,0,0,0
"COG3046",10,9,13,15,13,0
"COG3047",1,1,0,0,1,0
"COG3048",0,0,0,0,0,0
"COG3049",0,0,0,0,0,0
"COG3050",0,0,0,0,0,0
"COG3051",0,0,0,0,0,0
"COG3053",0,0,0,0,0,0
"COG3054",0,0,0,0,0,0
"COG3055",0,0,0,0,0,1
"COG3056",0,0,0,0,0,0
"COG3057",0,0,0,0,0,0
"COG3058",0,0,0,0,0,1
"COG3059",0,0,0,0,0,0
"COG3060",1,0,0,0,0,0
"COG3061",0,0,0,0,0,0
"COG3062",0,0,0,0,0,0
"COG3063",0,0,0,0,1,1
"COG3064",0,0,0,0,0,0
"COG3065",0,0,0,0,0,0
"COG3066",0,0,0,0,0,0
"COG3067",1,2,0,0,0,1
"COG3068",0,0,0,0,0,0
"COG3069",0,0,0,0,0,0
"COG3070",0,0,0,0,0,0
"COG3071",1,1,2,1,0,1
"COG3072",0,0,0,0,0,5
"COG3073",0,0,0,0,0,0
"COG3074",0,0,0,0,0,0
"COG3075",0,0,0,0,0,0
"COG3076",0,0,0,0,0,0
"COG3077",0,0,0,0,0,0
"COG3078",0,0,0,0,0,0
"COG3079",0,0,0,0,0,0
"COG3080",0,0,0,0,0,0
"COG3081",0,0,0,0,0,0
"COG3082",0,0,0,0,0,0
"COG3083",0,0,0,0,2,0
"COG3084",0,0,0,0,0,0
"COG3085",0,0,0,0,0,0
"COG3086",0,0,0,0,0,0
"COG3087",0,0,1,0,0,0
"COG3088",0,0,1,3,0,1
"COG3089",0,0,0,0,0,0
"COG3090",0,1,0,2,1,2
"COG3091",0,0,0,0,0,0
"COG3092",0,0,0,0,0,0
"COG3093",0,0,0,0,0,0
"COG3094",0,0,0,0,0,0
"COG3095",0,0,0,0,0,0
"COG3096",0,0,0,0,0,0
"COG3097",0,0,0,0,0,0
"COG3098",0,0,0,0,0,0
"COG3099",0,0,0,0,0,0
"COG3100",0,0,0,0,0,0
"COG3101",0,0,0,0,0,0
"COG3102",0,0,0,0,0,0
"COG3103",0,0,1,0,0,0
"COG3104",2,6,3,4,2,0
"COG3105",0,0,0,0,1,0
"COG3106",0,0,0,0,0,0
"COG3107",0,1,0,0,0,1
"COG3108",0,0,0,1,0,2
"COG3109",0,0,0,0,0,0
"COG3110",0,0,0,0,0,0
"COG3111",0,0,0,0,0,0
"COG3112",0,0,0,0,0,0
"COG3113",0,0,0,0,0,0
"COG3114",0,0,0,0,0,0
"COG3115",1,1,1,1,0,0
"COG3116",0,0,0,0,0,0
"COG3117",0,0,0,0,0,0
"COG3118",0,2,1,0,1,1
"COG3119",24,39,24,17,32,12
"COG3120",0,0,0,0,0,0
"COG3121",0,0,0,0,0,0
"COG3122",0,0,0,0,0,1
"COG3123",0,0,0,0,0,0
"COG3124",0,1,0,0,0,0
"COG3125",0,0,0,0,0,0
"COG3126",0,0,0,0,0,0
"COG3127",1,6,3,6,3,1
"COG3128",1,2,0,3,3,12
"COG3129",0,0,0,0,0,0
"COG3130",0,0,0,0,0,0
"COG3131",0,0,0,0,0,0
"COG3132",0,0,0,0,0,0
"COG3133",0,2,0,0,0,0
"COG3134",0,0,0,0,0,0
"COG3135",0,0,0,0,0,0
"COG3136",0,0,0,0,0,0
"COG3137",0,0,0,0,0,0
"COG3138",1,0,0,0,0,0
"COG3139",0,0,0,0,0,0
"COG3141",0,0,1,0,0,0
"COG3142",0,0,0,0,1,0
"COG3143",0,0,0,0,0,0
"COG3144",0,0,0,0,0,0
"COG3145",2,1,2,0,1,0
"COG3146",6,1,3,1,4,1
"COG3147",0,0,0,0,0,0
"COG3148",0,0,0,0,0,1
"COG3149",0,0,0,0,0,0
"COG3150",0,0,0,2,0,0
"COG3151",0,0,0,0,0,0
"COG3152",1,1,2,2,0,0
"COG3153",1,0,0,1,0,0
"COG3154",0,0,0,0,0,0
"COG3155",0,0,0,0,0,0
"COG3156",1,0,0,1,2,1
"COG3157",0,0,0,0,0,0
"COG3158",0,0,0,0,0,0
"COG3159",0,0,0,1,0,1
"COG3160",0,0,0,0,0,0
"COG3161",0,1,0,0,0,2
"COG3162",0,0,0,0,0,0
"COG3164",1,2,0,1,0,4
"COG3165",0,0,0,0,0,1
"COG3166",0,1,0,0,0,1
"COG3167",0,0,0,0,1,0
"COG3168",0,0,0,0,0,0
"COG3169",0,0,0,0,0,1
"COG3170",0,1,0,0,1,3
"COG3171",0,0,0,0,0,0
"COG3172",1,0,0,0,0,0
"COG3173",8,6,6,2,2,5
"COG3174",0,0,0,0,0,0
"COG3175",1,5,2,1,0,0
"COG3176",0,3,2,1,3,1
"COG3177",0,0,0,0,0,3
"COG3178",2,3,1,11,1,4
"COG3179",0,1,0,0,0,3
"COG3180",2,3,2,3,1,0
"COG3181",4,12,2,8,2,4
"COG3182",2,0,0,0,1,3
"COG3183",0,0,0,0,0,0
"COG3184",0,0,0,0,0,0
"COG3185",2,1,1,0,1,1
"COG3186",1,0,0,0,0,0
"COG3187",0,0,0,0,0,0
"COG3188",0,0,0,0,0,0
"COG3189",0,0,0,0,0,0
"COG3190",0,0,0,0,0,0
"COG3191",1,0,2,0,0,0
"COG3192",0,0,0,0,0,0
"COG3193",0,1,0,0,0,1
"COG3194",0,0,1,0,1,0
"COG3195",1,0,0,0,1,0
"COG3196",0,0,0,0,0,0
"COG3197",0,0,0,0,0,0
"COG3198",0,0,0,0,0,0
"COG3199",0,0,0,0,0,0
"COG3200",3,5,8,11,1,1
"COG3201",0,0,0,2,1,0
"COG3202",2,3,2,0,1,0
"COG3203",0,0,0,0,1,2
"COG3204",0,0,0,0,1,0
"COG3205",0,0,0,0,0,0
"COG3206",0,0,3,2,0,1
"COG3207",0,0,0,0,0,0
"COG3208",0,0,0,0,0,0
"COG3209",0,0,0,0,0,5
"COG3210",2,0,0,1,1,5
"COG3211",1,2,1,0,3,3
"COG3212",0,0,0,0,0,0
"COG3213",0,0,0,0,0,0
"COG3214",1,0,0,0,0,0
"COG3215",0,0,0,0,0,0
"COG3216",3,0,0,0,1,0
"COG3217",1,1,2,3,2,3
"COG3218",0,0,0,0,0,0
"COG3219",0,0,0,0,0,0
"COG3220",0,0,0,0,0,3
"COG3221",4,11,3,0,2,3
"COG3222",1,1,0,0,1,0
"COG3223",0,0,0,0,0,0
"COG3224",0,0,0,0,0,0
"COG3225",1,3,5,2,2,2
"COG3226",0,0,0,0,0,0
"COG3227",0,0,1,0,0,0
"COG3228",0,0,0,0,0,1
"COG3230",0,0,0,0,0,0
"COG3231",0,0,0,0,0,0
"COG3232",0,0,0,0,1,1
"COG3233",0,0,0,0,0,0
"COG3235",0,0,0,0,0,0
"COG3236",0,0,0,0,0,0
"COG3237",0,0,0,0,0,2
"COG3238",0,0,1,0,0,0
"COG3239",5,9,5,3,9,2
"COG3240",0,0,0,0,0,0
"COG3241",0,0,1,0,0,0
"COG3242",0,0,0,0,0,0
"COG3243",0,0,0,0,1,2
"COG3245",0,0,0,1,0,2
"COG3246",2,4,6,5,2,1
"COG3247",0,0,0,0,0,0
"COG3248",0,0,0,0,0,1
"COG3249",1,0,1,0,0,1
"COG3250",1,5,1,2,4,3
"COG3251",0,0,0,0,0,0
"COG3252",0,0,0,0,0,0
"COG3253",0,0,1,0,0,0
"COG3254",1,0,0,0,0,0
"COG3255",0,0,0,0,0,0
"COG3256",0,0,0,0,0,1
"COG3257",1,0,0,0,1,0
"COG3258",0,0,0,0,0,0
"COG3259",0,0,0,0,0,0
"COG3261",0,0,0,0,0,0
"COG3263",1,1,2,0,0,3
"COG3264",3,1,0,1,0,0
"COG3265",0,0,0,0,0,0
"COG3266",0,0,0,0,0,0
"COG3267",1,2,0,0,1,0
"COG3268",6,3,0,3,1,2
"COG3269",0,0,0,0,0,0
"COG3270",0,0,0,0,0,0
"COG3271",0,0,0,0,0,0
"COG3272",0,1,0,0,0,1
"COG3273",0,0,1,0,0,0
"COG3274",0,0,0,0,0,0
"COG3275",0,0,0,0,1,0
"COG3276",2,6,3,1,2,0
"COG3277",0,0,0,0,0,0
"COG3278",0,0,0,0,1,0
"COG3279",0,0,1,0,0,0
"COG3280",0,0,0,0,0,0
"COG3281",0,0,0,0,0,0
"COG3283",0,0,0,0,0,0
"COG3284",0,1,0,0,0,3
"COG3285",0,0,1,0,0,1
"COG3287",0,0,0,0,0,1
"COG3288",6,17,11,9,10,0
"COG3290",0,0,0,0,0,0
"COG3291",6,5,4,2,4,3
"COG3292",5,1,3,0,2,3
"COG3293",0,0,0,0,0,0
"COG3294",0,0,0,0,0,0
"COG3295",0,0,0,0,0,1
"COG3296",0,0,0,0,0,0
"COG3297",0,0,0,0,1,0
"COG3298",0,0,0,0,0,0
"COG3299",0,0,0,0,0,0
"COG3300",1,0,0,0,1,2
"COG3301",0,0,0,0,0,0
"COG3302",0,0,0,0,0,0
"COG3303",0,0,0,0,0,0
"COG3304",0,0,0,0,0,0
"COG3305",0,0,0,0,0,0
"COG3306",1,0,0,1,4,14
"COG3307",1,1,3,1,2,0
"COG3308",0,0,0,0,0,1
"COG3309",0,0,0,0,0,0
"COG3310",0,0,0,0,0,0
"COG3311",0,0,0,0,0,1
"COG3312",0,0,0,0,0,0
"COG3313",1,2,0,1,2,1
"COG3314",0,0,0,0,0,0
"COG3315",0,2,0,0,0,0
"COG3316",0,1,0,0,0,1
"COG3317",0,3,0,0,2,0
"COG3318",0,0,1,0,0,0
"COG3319",0,0,0,0,0,2
"COG3320",0,0,1,0,0,6
"COG3321",0,0,0,1,0,1
"COG3322",0,0,0,0,0,1
"COG3323",0,0,0,1,0,0
"COG3324",0,0,0,0,0,0
"COG3325",0,2,1,0,1,0
"COG3326",0,0,0,0,0,0
"COG3327",0,0,0,0,0,0
"COG3328",0,0,0,0,0,2
"COG3329",0,1,1,0,0,0
"COG3330",3,0,0,0,2,0
"COG3331",0,0,0,0,0,0
"COG3332",0,0,0,0,0,1
"COG3333",5,8,5,9,11,9
"COG3334",0,0,0,0,0,0
"COG3335",0,0,0,0,0,1
"COG3336",0,0,0,1,0,0
"COG3338",0,0,0,0,0,0
"COG3339",2,0,0,0,1,1
"COG3340",0,1,2,1,2,1
"COG3341",0,0,0,0,0,0
"COG3342",0,0,2,1,1,0
"COG3344",1,1,0,0,1,3
"COG3345",0,0,0,0,0,0
"COG3346",5,4,0,5,6,2
"COG3347",1,2,2,2,4,0
"COG3349",5,2,2,0,0,0
"COG3350",0,0,0,0,0,0
"COG3354",0,0,0,0,0,0
"COG3356",1,0,1,0,0,0
"COG3357",0,0,0,0,0,0
"COG3358",0,0,1,0,0,0
"COG3359",0,0,0,0,0,0
"COG3360",0,0,0,0,0,0
"COG3361",0,1,0,0,0,0
"COG3363",0,0,0,0,0,0
"COG3364",0,0,0,0,0,0
"COG3365",0,0,0,0,0,0
"COG3367",1,1,0,2,2,0
"COG3369",0,0,0,0,0,0
"COG3371",0,0,0,0,0,0
"COG3372",0,0,0,0,0,0
"COG3375",0,0,0,0,0,0
"COG3376",0,0,0,0,0,0
"COG3377",0,0,0,0,0,0
"COG3378",2,0,5,3,2,11
"COG3379",0,0,0,0,0,0
"COG3380",0,4,1,2,2,1
"COG3381",0,1,0,0,0,0
"COG3382",0,0,0,0,0,0
"COG3383",9,10,8,10,9,0
"COG3384",1,1,0,1,0,3
"COG3385",2,0,0,0,0,2
"COG3386",4,6,5,4,7,1
"COG3387",0,0,0,1,0,2
"COG3388",0,0,0,0,0,0
"COG3389",1,0,0,0,0,0
"COG3390",0,0,0,0,0,0
"COG3391",2,3,5,0,0,0
"COG3392",0,0,0,0,0,0
"COG3393",0,0,0,0,0,1
"COG3394",0,0,0,0,0,0
"COG3395",4,1,1,1,3,0
"COG3396",0,2,1,1,2,3
"COG3397",0,0,0,0,0,0
"COG3398",0,0,1,0,0,0
"COG3399",0,0,0,0,0,0
"COG3400",0,0,0,0,0,0
"COG3401",0,0,0,0,0,0
"COG3402",0,0,0,0,0,0
"COG3403",0,0,0,0,0,0
"COG3404",1,0,2,0,0,0
"COG3405",0,0,0,0,0,2
"COG3407",0,0,0,0,1,0
"COG3408",0,0,0,1,1,0
"COG3409",0,2,0,0,1,0
"COG3410",0,0,0,0,0,0
"COG3411",1,0,0,0,0,0
"COG3412",0,0,0,0,0,0
"COG3413",0,0,0,0,0,0
"COG3414",0,0,0,0,0,0
"COG3415",0,0,0,0,0,1
"COG3417",0,0,0,0,0,0
"COG3418",0,0,0,0,0,0
"COG3419",1,1,2,5,1,8
"COG3420",0,0,0,0,0,0
"COG3421",0,0,0,0,0,0
"COG3422",0,0,0,0,0,0
"COG3423",0,0,0,0,0,0
"COG3424",1,0,0,0,0,0
"COG3425",2,0,1,0,0,0
"COG3426",0,0,0,0,0,0
"COG3427",0,2,1,1,0,0
"COG3428",0,0,0,1,0,1
"COG3429",0,0,0,0,2,0
"COG3431",0,0,0,0,1,0
"COG3433",0,0,0,0,0,0
"COG3434",0,1,0,0,1,0
"COG3435",0,0,0,0,0,0
"COG3436",3,0,0,0,0,15
"COG3437",4,2,0,0,1,4
"COG3439",0,0,0,0,0,0
"COG3440",0,0,0,0,1,0
"COG3442",0,0,0,0,0,0
"COG3443",0,0,0,0,0,0
"COG3444",0,0,0,0,0,0
"COG3447",0,0,0,0,0,0
"COG3448",1,1,2,0,2,1
"COG3449",0,0,0,0,0,0
"COG3450",1,0,0,0,1,0
"COG3451",1,0,0,0,0,1
"COG3452",0,0,0,0,0,3
"COG3453",0,0,0,0,0,2
"COG3454",0,4,0,0,0,0
"COG3455",0,0,0,0,0,0
"COG3456",0,0,0,0,0,0
"COG3457",0,0,0,0,0,0
"COG3458",0,0,0,0,0,0
"COG3459",0,0,0,0,1,2
"COG3460",0,0,0,0,0,0
"COG3461",0,0,0,0,0,0
"COG3463",0,0,1,0,0,0
"COG3464",0,0,0,0,0,3
"COG3467",0,0,3,0,0,0
"COG3468",1,1,1,0,0,0
"COG3469",0,0,0,0,0,0
"COG3470",0,0,0,0,0,0
"COG3471",0,0,0,0,0,0
"COG3472",0,0,0,0,0,0
"COG3473",1,1,1,2,0,0
"COG3474",0,2,1,1,3,0
"COG3475",0,0,0,0,0,0
"COG3476",0,2,1,2,2,0
"COG3478",0,0,0,0,0,0
"COG3479",0,0,0,0,0,0
"COG3480",0,0,2,1,1,0
"COG3481",0,0,1,1,1,2
"COG3482",0,0,0,0,0,0
"COG3483",1,1,2,0,2,0
"COG3484",3,3,1,3,0,0
"COG3485",0,0,0,0,1,1
"COG3486",0,0,0,0,0,1
"COG3487",0,0,0,0,0,2
"COG3488",0,0,0,1,0,1
"COG3489",0,0,0,0,0,0
"COG3490",1,0,0,0,0,0
"COG3491",8,4,1,6,4,4
"COG3492",0,0,0,0,3,1
"COG3493",0,0,0,0,0,0
"COG3494",3,0,2,2,0,0
"COG3495",0,2,1,0,0,1
"COG3496",3,2,5,6,5,1
"COG3497",5,6,7,6,39,82
"COG3498",0,0,0,0,0,0
"COG3499",0,0,0,0,0,0
"COG3500",0,0,0,0,0,0
"COG3501",0,0,0,0,0,4
"COG3502",0,0,1,2,1,0
"COG3503",0,0,1,3,1,0
"COG3504",0,0,0,0,0,0
"COG3505",0,1,0,0,0,4
"COG3506",0,0,0,0,0,0
"COG3507",0,0,2,1,0,0
"COG3508",2,0,0,0,1,0
"COG3509",3,6,6,0,4,0
"COG3510",1,0,0,0,0,0
"COG3511",0,0,0,0,0,0
"COG3512",0,0,0,0,0,0
"COG3513",0,0,0,0,0,0
"COG3514",0,0,0,0,0,0
"COG3515",0,0,0,0,0,1
"COG3516",0,0,0,0,0,0
"COG3517",1,0,0,0,0,0
"COG3518",0,0,0,0,0,0
"COG3519",0,0,0,0,0,1
"COG3520",0,0,0,0,0,1
"COG3521",0,0,0,0,0,1
"COG3522",0,1,0,0,0,0
"COG3523",1,0,0,0,0,0
"COG3524",0,0,0,0,1,0
"COG3525",0,0,2,2,1,1
"COG3526",1,0,0,0,0,0
"COG3527",0,0,0,0,0,0
"COG3528",0,0,0,0,0,1
"COG3529",1,0,0,0,0,0
"COG3530",0,0,0,0,0,0
"COG3531",0,0,0,0,1,1
"COG3533",1,0,0,0,0,0
"COG3534",0,0,0,0,2,0
"COG3535",0,1,0,0,0,0
"COG3536",1,0,0,0,0,0
"COG3537",1,0,0,0,1,0
"COG3538",0,0,0,0,0,0
"COG3539",0,0,0,0,0,0
"COG3540",1,5,3,8,1,2
"COG3541",0,0,0,0,0,1
"COG3542",0,1,0,2,3,0
"COG3543",0,0,0,0,0,0
"COG3544",1,3,1,2,2,0
"COG3545",0,0,0,0,0,0
"COG3546",0,0,0,0,0,0
"COG3547",0,1,0,0,0,2
"COG3548",0,0,0,0,0,0
"COG3549",0,0,0,0,0,0
"COG3550",0,1,0,0,0,6
"COG3551",0,0,0,0,0,0
"COG3552",1,1,1,0,2,0
"COG3553",0,0,0,0,0,0
"COG3554",0,0,0,0,0,0
"COG3555",1,2,1,1,0,6
"COG3556",1,2,0,0,1,0
"COG3558",0,0,0,0,0,1
"COG3559",0,0,0,0,0,0
"COG3560",0,0,0,0,0,0
"COG3561",0,0,0,0,0,0
"COG3562",0,0,0,0,0,0
"COG3563",0,0,0,0,0,0
"COG3564",1,0,0,1,1,0
"COG3565",1,1,3,8,2,0
"COG3566",0,0,0,0,0,0
"COG3567",0,1,0,0,0,0
"COG3568",1,1,0,0,1,2
"COG3569",1,0,0,0,0,2
"COG3570",0,0,0,0,0,0
"COG3571",1,0,0,0,0,0
"COG3572",3,4,3,4,5,0
"COG3573",0,0,0,0,0,1
"COG3575",0,0,0,0,0,0
"COG3576",2,2,0,0,0,2
"COG3577",0,0,0,0,0,0
"COG3579",0,2,0,2,1,0
"COG3580",0,0,0,0,0,0
"COG3581",0,0,0,0,0,0
"COG3582",0,0,0,0,0,0
"COG3583",0,1,0,0,0,0
"COG3584",1,0,0,0,0,0
"COG3585",0,0,0,0,0,0
"COG3586",0,0,0,0,0,0
"COG3587",1,0,0,0,0,0
"COG3588",6,7,3,5,6,8
"COG3590",1,0,0,0,0,0
"COG3591",0,0,0,0,0,0
"COG3592",0,0,0,0,0,0
"COG3593",1,1,1,0,0,0
"COG3594",1,0,0,0,0,2
"COG3595",0,0,0,0,0,0
"COG3596",0,0,0,0,0,0
"COG3597",0,0,0,0,0,0
"COG3598",0,1,0,0,0,6
"COG3599",0,0,0,1,0,0
"COG3600",0,0,0,0,0,0
"COG3602",1,1,1,0,0,0
"COG3603",0,0,0,0,0,0
"COG3604",0,0,0,0,0,2
"COG3605",0,1,0,0,0,2
"COG3607",0,0,0,0,0,0
"COG3608",1,1,0,1,4,2
"COG3609",0,0,0,0,1,1
"COG3610",0,0,0,0,0,0
"COG3612",0,0,0,0,0,0
"COG3613",0,0,1,0,3,0
"COG3614",0,0,0,0,0,3
"COG3615",0,0,0,0,0,0
"COG3616",0,0,1,0,1,3
"COG3617",0,1,0,0,0,0
"COG3618",0,3,0,1,3,1
"COG3619",0,0,0,0,0,0
"COG3620",0,0,0,0,0,0
"COG3621",0,1,0,1,0,0
"COG3622",0,3,0,0,1,1
"COG3623",0,0,1,0,2,0
"COG3624",0,1,0,0,0,0
"COG3625",0,3,0,0,0,0
"COG3626",0,3,0,0,0,0
"COG3627",1,2,0,0,0,0
"COG3628",0,0,1,0,3,3
"COG3629",0,0,0,0,0,0
"COG3631",1,0,0,1,0,0
"COG3633",0,0,0,0,0,0
"COG3634",1,0,0,1,0,1
"COG3635",2,1,2,0,0,0
"COG3636",0,0,0,0,0,0
"COG3637",0,0,0,0,0,0
"COG3638",4,7,0,2,3,1
"COG3639",5,11,1,2,2,4
"COG3640",0,0,0,0,0,0
"COG3641",0,0,0,0,0,0
"COG3642",0,0,1,0,1,0
"COG3643",2,1,0,0,1,0
"COG3644",0,0,0,0,0,0
"COG3645",0,0,0,0,0,0
"COG3646",0,0,0,0,0,0
"COG3647",0,0,0,0,0,0
"COG3648",1,0,0,0,0,0
"COG3649",0,0,0,0,0,0
"COG3650",0,0,0,0,0,0
"COG3651",1,1,3,2,2,1
"COG3652",0,0,0,0,0,0
"COG3653",1,6,11,1,2,0
"COG3654",0,0,0,0,0,0
"COG3655",0,1,0,0,0,0
"COG3656",0,0,0,0,0,1
"COG3657",0,0,0,0,0,0
"COG3658",0,1,0,0,0,0
"COG3659",1,0,0,0,0,0
"COG3660",4,9,7,3,2,0
"COG3661",0,0,0,0,0,0
"COG3662",1,1,2,0,0,0
"COG3663",0,0,0,0,0,0
"COG3664",0,0,0,0,1,0
"COG3665",3,9,3,4,1,0
"COG3666",0,1,0,0,0,3
"COG3667",0,0,0,0,0,2
"COG3668",0,0,0,0,0,0
"COG3669",0,0,2,1,0,0
"COG3670",9,1,1,1,1,1
"COG3671",0,0,0,0,0,1
"COG3672",0,0,0,0,0,0
"COG3673",0,2,0,0,0,0
"COG3675",0,2,1,1,0,4
"COG3676",0,0,0,0,0,0
"COG3677",0,0,0,0,0,0
"COG3678",0,0,0,0,0,1
"COG3679",0,0,0,0,0,0
"COG3680",0,0,0,0,0,0
"COG3681",0,0,0,0,0,0
"COG3682",0,0,0,0,0,0
"COG3683",0,0,0,0,0,0
"COG3684",0,0,0,0,0,0
"COG3685",0,0,0,0,0,0
"COG3686",2,0,1,0,0,1
"COG3687",0,0,1,0,0,4
"COG3688",0,0,0,0,0,0
"COG3689",0,0,0,0,0,0
"COG3692",0,0,0,0,0,0
"COG3693",0,1,0,0,0,0
"COG3694",1,0,0,0,0,0
"COG3695",0,0,0,0,0,0
"COG3696",2,3,0,2,0,19
"COG3698",0,0,0,1,0,1
"COG3700",0,0,0,0,0,0
"COG3701",0,0,0,0,0,0
"COG3702",0,0,0,0,0,0
"COG3703",0,0,0,0,1,0
"COG3704",0,0,0,0,0,0
"COG3705",12,3,1,2,3,2
"COG3706",0,2,0,3,2,13
"COG3707",0,0,0,0,0,1
"COG3708",0,0,0,0,0,0
"COG3709",0,2,0,0,0,0
"COG3710",0,0,0,0,0,0
"COG3711",0,0,0,0,0,0
"COG3712",0,1,0,0,0,4
"COG3713",0,0,0,0,0,2
"COG3714",0,0,0,0,0,0
"COG3716",0,0,0,0,0,0
"COG3717",0,0,0,0,0,0
"COG3718",2,2,1,1,2,0
"COG3719",0,0,0,0,0,0
"COG3720",0,0,0,0,0,0
"COG3721",0,0,0,0,0,0
"COG3723",0,0,0,0,0,1
"COG3724",0,0,0,0,1,0
"COG3725",0,0,0,0,0,0
"COG3726",0,0,0,0,0,0
"COG3727",0,0,0,0,0,0
"COG3728",0,0,0,0,0,0
"COG3729",0,0,0,0,0,1
"COG3730",0,0,0,0,0,0
"COG3731",0,1,0,0,0,0
"COG3732",0,0,0,0,3,0
"COG3733",0,1,0,0,0,0
"COG3734",0,0,0,0,0,0
"COG3735",0,0,0,0,0,0
"COG3736",0,0,0,0,0,0
"COG3737",0,0,0,1,0,0
"COG3738",0,0,0,0,0,0
"COG3739",0,0,0,0,0,0
"COG3740",1,1,1,0,0,16
"COG3741",0,0,1,0,2,0
"COG3742",0,0,0,0,0,0
"COG3743",0,0,0,0,0,1
"COG3744",0,0,0,0,0,0
"COG3745",0,0,0,0,0,0
"COG3746",0,0,1,1,1,1
"COG3747",0,0,0,0,0,2
"COG3748",8,4,3,4,2,1
"COG3749",0,0,1,0,0,0
"COG3750",0,0,0,0,0,0
"COG3751",2,0,0,0,2,5
"COG3752",1,7,3,2,5,3
"COG3753",0,0,0,0,0,0
"COG3754",1,1,0,0,0,0
"COG3755",0,0,0,0,0,0
"COG3756",0,0,0,0,0,2
"COG3757",1,0,0,0,0,0
"COG3758",0,0,0,0,0,0
"COG3759",0,0,0,0,0,0
"COG3760",1,1,0,0,1,0
"COG3761",0,1,2,0,1,0
"COG3762",0,0,0,0,0,0
"COG3764",0,2,1,2,0,1
"COG3765",0,0,0,0,0,0
"COG3766",0,0,0,0,0,0
"COG3768",0,0,0,0,0,0
"COG3769",3,0,1,2,0,1
"COG3770",0,1,0,0,0,0
"COG3771",0,0,0,0,0,0
"COG3772",1,0,0,0,0,11
"COG3773",1,4,1,0,1,13
"COG3774",0,1,1,0,0,3
"COG3775",0,0,0,0,0,0
"COG3776",0,0,0,0,0,0
"COG3777",0,1,1,2,2,0
"COG3778",0,0,0,0,0,0
"COG3779",0,0,0,0,0,0
"COG3781",1,0,0,0,0,2
"COG3782",0,0,0,0,0,0
"COG3783",0,0,0,0,0,0
"COG3784",0,0,0,0,0,2
"COG3785",2,3,1,1,3,0
"COG3786",2,0,1,1,0,0
"COG3787",0,0,0,0,0,0
"COG3788",0,0,0,0,0,0
"COG3789",0,0,0,0,0,0
"COG3791",1,5,4,5,1,1
"COG3793",0,0,0,0,0,0
"COG3794",3,3,1,3,4,3
"COG3795",0,0,0,0,0,0
"COG3797",0,0,0,0,0,0
"COG3798",0,0,0,0,0,0
"COG3799",0,0,0,0,0,0
"COG3800",1,3,4,4,3,1
"COG3801",0,0,0,0,0,0
"COG3802",0,0,2,0,0,0
"COG3803",0,1,1,0,0,0
"COG3804",0,0,0,0,1,0
"COG3805",0,0,0,0,0,1
"COG3806",2,2,0,0,0,1
"COG3807",3,0,3,2,1,0
"COG3808",8,23,13,9,20,1
"COG3809",0,0,0,0,0,0
"COG3811",0,0,0,0,0,0
"COG3812",0,0,0,0,0,0
"COG3813",0,0,0,0,0,0
"COG3814",0,0,0,0,1,0
"COG3815",0,0,0,0,0,0
"COG3816",1,0,1,0,0,1
"COG3817",0,0,0,0,0,0
"COG3818",1,1,0,0,1,0
"COG3819",0,0,0,0,0,0
"COG3820",1,3,3,2,2,1
"COG3821",0,0,0,0,0,0
"COG3822",0,0,0,0,0,0
"COG3823",1,1,0,0,0,2
"COG3824",0,0,0,0,0,0
"COG3825",3,6,1,2,2,4
"COG3826",0,0,0,0,0,0
"COG3827",0,0,0,0,0,1
"COG3828",0,3,1,1,0,0
"COG3829",0,0,0,0,0,1
"COG3830",0,0,0,2,0,0
"COG3831",0,0,0,0,0,0
"COG3832",0,0,0,0,0,1
"COG3833",0,0,1,2,1,1
"COG3835",0,0,0,0,0,0
"COG3836",0,2,4,3,2,4
"COG3837",0,0,0,0,0,1
"COG3838",0,0,0,0,0,0
"COG3839",10,15,14,19,16,1
"COG3840",0,0,0,0,1,0
"COG3842",8,7,14,17,13,4
"COG3843",0,0,0,0,0,2
"COG3844",2,0,1,1,0,0
"COG3845",3,5,6,10,9,0
"COG3846",0,0,0,0,0,0
"COG3847",0,0,0,0,0,0
"COG3848",0,0,0,0,0,0
"COG3850",0,0,0,0,0,0
"COG3851",0,0,0,0,0,3
"COG3852",0,3,0,0,2,0
"COG3853",0,0,0,0,0,0
"COG3854",4,0,1,0,0,0
"COG3855",0,0,0,0,0,0
"COG3857",0,0,0,0,0,0
"COG3858",1,0,0,0,0,0
"COG3859",0,0,0,0,0,0
"COG3860",0,0,0,0,0,0
"COG3861",0,0,0,0,0,0
"COG3864",0,1,1,1,1,28
"COG3865",0,0,0,0,0,0
"COG3866",0,0,0,0,0,0
"COG3867",0,0,0,0,0,0
"COG3868",0,0,0,0,0,0
"COG3869",1,1,0,0,0,0
"COG3870",0,0,0,0,0,0
"COG3871",0,0,0,0,0,0
"COG3872",0,0,1,1,1,0
"COG3874",0,0,0,0,0,0
"COG3875",0,0,3,0,0,0
"COG3876",1,0,1,2,1,0
"COG3877",0,0,0,0,0,0
"COG3878",0,0,0,0,0,0
"COG3879",0,0,0,0,0,0
"COG3880",0,0,0,0,0,0
"COG3882",0,1,0,1,0,0
"COG3883",0,0,0,0,0,0
"COG3884",0,0,0,0,0,0
"COG3885",0,0,0,0,0,0
"COG3886",0,1,1,1,0,0
"COG3887",0,0,0,0,0,0
"COG3889",0,1,2,0,0,0
"COG3890",0,0,0,0,0,0
"COG3892",0,1,0,1,1,0
"COG3893",2,1,0,0,0,3
"COG3894",1,2,1,0,1,0
"COG3895",0,0,0,0,0,0
"COG3896",0,0,0,0,0,0
"COG3897",1,0,0,0,0,1
"COG3898",0,2,1,0,1,0
"COG3899",0,0,0,0,0,0
"COG3900",0,0,0,0,0,0
"COG3901",0,0,0,0,0,0
"COG3903",0,0,0,0,0,2
"COG3904",0,0,0,0,0,0
"COG3905",0,0,0,0,0,0
"COG3907",0,0,0,0,0,0
"COG3908",1,4,0,1,1,0
"COG3909",0,2,1,4,1,0
"COG3910",0,0,0,0,0,0
"COG3911",0,0,0,0,0,0
"COG3913",0,0,0,0,0,0
"COG3914",3,1,3,2,3,0
"COG3915",0,0,0,0,0,0
"COG3916",0,0,0,0,0,0
"COG3917",3,7,3,5,2,4
"COG3918",0,0,0,0,0,0
"COG3919",0,0,0,0,0,0
"COG3920",0,0,0,0,0,2
"COG3921",0,0,0,0,0,0
"COG3923",0,0,0,0,0,0
"COG3926",1,1,1,0,1,8
"COG3930",0,0,1,0,0,2
"COG3931",0,0,0,0,0,0
"COG3932",0,0,0,0,0,2
"COG3934",0,0,0,0,0,0
"COG3935",0,0,0,0,0,4
"COG3936",0,0,0,0,0,0
"COG3937",0,0,0,0,1,0
"COG3938",2,0,0,0,2,0
"COG3940",0,0,0,0,0,0
"COG3941",0,1,0,0,1,16
"COG3942",0,0,0,0,0,0
"COG3943",0,0,0,0,0,0
"COG3944",0,0,0,0,0,0
"COG3945",1,0,1,0,0,0
"COG3946",0,0,0,0,0,0
"COG3947",0,0,0,0,0,0
"COG3948",0,0,0,0,0,0
"COG3949",0,0,0,0,0,0
"COG3950",0,0,0,0,0,0
"COG3951",0,0,0,1,0,0
"COG3952",0,0,0,0,0,0
"COG3953",0,0,0,0,0,0
"COG3954",2,0,0,0,2,0
"COG3955",0,0,0,0,0,0
"COG3956",0,0,0,0,0,0
"COG3957",0,0,0,0,0,0
"COG3958",3,0,3,0,0,3
"COG3959",0,1,2,0,1,3
"COG3960",0,0,0,0,0,0
"COG3961",0,0,0,0,0,0
"COG3962",3,5,7,5,4,0
"COG3963",0,0,0,0,0,0
"COG3964",0,0,0,0,0,0
"COG3965",0,0,0,0,0,0
"COG3967",0,0,0,0,0,0
"COG3968",2,0,0,0,0,0
"COG3969",0,0,0,0,0,1
"COG3970",0,0,1,0,1,0
"COG3971",1,2,3,2,3,3
"COG3972",0,0,0,0,0,1
"COG3973",0,0,1,0,1,0
"COG3975",1,1,0,1,1,0
"COG3976",0,0,0,0,0,0
"COG3977",0,0,0,0,0,0
"COG3978",0,0,0,0,0,0
"COG3979",1,0,11,0,2,4
"COG3980",1,0,0,0,0,1
"COG3981",0,0,0,0,0,0
"COG4006",0,0,0,0,0,0
"COG4012",0,0,0,0,0,0
"COG4021",0,0,0,0,0,0
"COG4032",0,0,0,3,0,0
"COG4034",0,0,0,0,0,0
"COG4043",0,0,0,0,0,0
"COG4044",0,0,0,0,0,0
"COG4046",0,0,2,0,0,0
"COG4063",0,0,0,0,0,0
"COG4067",0,2,0,1,0,1
"COG4083",0,0,0,0,0,0
"COG4085",0,0,0,0,0,0
"COG4087",0,0,0,0,0,0
"COG4088",0,0,0,0,0,0
"COG4091",1,2,1,0,0,1
"COG4092",0,0,0,0,0,0
"COG4093",0,0,0,0,0,0
"COG4094",3,0,0,1,1,0
"COG4095",0,0,0,0,0,0
"COG4096",0,2,0,2,0,2
"COG4097",0,0,0,0,0,1
"COG4099",1,1,2,1,0,0
"COG4100",3,1,0,2,3,0
"COG4101",0,0,1,0,0,0
"COG4102",0,1,4,0,1,1
"COG4103",0,2,2,0,0,0
"COG4104",0,0,0,0,0,1
"COG4105",7,7,7,6,3,2
"COG4106",0,0,0,0,0,0
"COG4107",0,4,0,0,0,1
"COG4108",5,2,0,1,4,3
"COG4110",0,0,0,0,0,0
"COG4111",0,0,0,0,0,0
"COG4112",0,0,0,0,0,0
"COG4113",0,0,0,0,0,0
"COG4114",0,0,0,0,0,0
"COG4115",0,0,0,0,0,0
"COG4117",0,0,0,0,0,0
"COG4118",0,0,0,0,0,0
"COG4119",0,0,0,0,0,0
"COG4120",0,0,0,0,0,0
"COG4121",2,0,0,1,1,2
"COG4122",0,1,1,1,0,0
"COG4123",1,0,0,0,0,1
"COG4124",0,0,0,0,0,0
"COG4125",0,0,0,0,0,0
"COG4126",1,0,0,0,1,0
"COG4127",0,0,0,0,0,0
"COG4128",0,0,0,0,0,0
"COG4130",0,0,0,0,0,0
"COG4132",0,0,0,0,0,0
"COG4133",1,2,3,2,2,0
"COG4134",1,1,0,0,1,0
"COG4135",1,0,0,1,0,0
"COG4136",0,0,0,0,0,0
"COG4137",0,0,1,0,0,0
"COG4138",0,0,0,0,0,0
"COG4139",0,0,0,0,0,0
"COG4143",0,1,1,0,1,0
"COG4145",0,1,0,0,0,0
"COG4146",3,1,1,7,5,2
"COG4147",6,10,10,11,5,5
"COG4148",0,0,1,0,1,0
"COG4149",0,0,1,0,1,1
"COG4150",0,0,0,0,0,0
"COG4152",0,0,1,0,0,0
"COG4154",1,0,0,3,0,0
"COG4158",0,0,0,0,0,0
"COG4160",4,1,5,2,0,0
"COG4161",0,0,0,0,0,0
"COG4166",5,6,9,2,3,2
"COG4167",0,0,0,0,0,0
"COG4168",0,0,0,0,0,0
"COG4170",0,0,0,0,0,0
"COG4171",0,0,0,0,0,0
"COG4172",3,6,3,3,5,0
"COG4174",1,1,0,1,3,1
"COG4175",9,9,6,9,6,1
"COG4176",11,17,16,11,10,0
"COG4177",14,15,11,16,9,4
"COG4178",5,3,0,0,2,0
"COG4181",1,2,2,1,3,0
"COG4185",0,0,0,0,0,2
"COG4186",0,0,0,0,0,0
"COG4187",0,0,0,0,0,0
"COG4188",3,2,2,2,4,0
"COG4189",0,0,0,0,0,0
"COG4190",0,0,0,0,0,0
"COG4191",1,1,0,1,0,1
"COG4193",0,0,0,0,0,0
"COG4195",0,0,0,0,0,0
"COG4196",0,1,0,0,0,6
"COG4198",0,1,3,2,1,0
"COG4199",0,0,0,0,0,0
"COG4200",0,0,0,0,0,0
"COG4206",5,3,1,2,2,10
"COG4208",0,0,0,0,0,0
"COG4209",0,0,0,0,0,0
"COG4213",0,0,0,0,0,0
"COG4214",0,0,0,0,0,0
"COG4215",2,3,0,1,1,0
"COG4219",0,0,0,0,0,0
"COG4220",0,0,0,0,0,1
"COG4221",0,0,0,1,1,1
"COG4222",0,0,0,0,0,1
"COG4223",0,0,0,0,0,0
"COG4225",0,0,0,0,0,0
"COG4226",0,0,0,0,0,0
"COG4227",0,2,0,0,0,24
"COG4228",0,0,0,0,0,0
"COG4229",0,0,0,0,0,1
"COG4230",0,3,4,4,3,4
"COG4231",4,6,4,2,2,0
"COG4232",6,6,8,3,8,3
"COG4233",0,2,3,2,3,0
"COG4235",2,0,0,0,1,1
"COG4239",1,0,0,0,0,0
"COG4240",2,4,0,2,3,1
"COG4241",1,0,0,1,0,0
"COG4242",0,0,1,0,0,0
"COG4243",2,0,0,0,4,0
"COG4244",0,0,0,0,0,0
"COG4245",0,0,0,0,0,0
"COG4246",0,0,0,0,0,0
"COG4247",0,5,1,1,1,0
"COG4248",0,0,0,1,0,0
"COG4249",1,1,1,0,0,0
"COG4251",0,0,0,0,0,1
"COG4252",3,6,4,0,9,42
"COG4253",0,0,0,0,0,1
"COG4254",0,0,1,0,0,4
"COG4255",0,0,0,0,0,1
"COG4256",0,0,0,0,0,0
"COG4257",0,0,1,0,1,0
"COG4258",0,0,0,0,0,0
"COG4259",0,0,0,0,0,0
"COG4260",0,0,0,0,0,0
"COG4261",0,0,0,0,0,0
"COG4262",0,0,0,0,0,0
"COG4263",0,0,0,0,0,0
"COG4264",0,0,0,0,0,0
"COG4266",4,2,2,2,3,0
"COG4267",0,0,0,0,0,0
"COG4268",1,0,0,0,0,0
"COG4269",0,0,0,0,0,0
"COG4270",0,1,0,0,0,0
"COG4271",0,0,0,0,0,0
"COG4273",0,0,0,0,0,0
"COG4274",1,0,2,2,1,0
"COG4275",0,0,0,0,0,0
"COG4276",1,2,0,0,1,1
"COG4277",0,0,0,0,0,0
"COG4278",0,0,0,0,0,0
"COG4279",1,0,0,0,0,0
"COG4280",0,0,0,0,0,0
"COG4281",0,0,0,0,0,0
"COG4282",0,0,0,0,0,0
"COG4283",0,0,0,0,0,0
"COG4284",1,0,0,0,0,0
"COG4285",0,0,0,0,0,0
"COG4286",0,0,0,0,0,1
"COG4287",1,2,1,1,0,0
"COG4288",0,1,0,0,0,0
"COG4289",0,0,0,0,0,0
"COG4290",0,0,0,0,0,1
"COG4291",0,0,0,0,0,0
"COG4292",0,0,0,1,0,0
"COG4293",0,0,0,0,0,0
"COG4294",0,1,0,1,0,10
"COG4295",0,0,0,0,0,0
"COG4297",0,0,0,0,0,0
"COG4298",0,0,0,0,0,0
"COG4299",0,0,2,0,1,0
"COG4300",0,0,0,0,0,0
"COG4301",2,3,3,1,0,0
"COG4302",0,0,0,0,0,0
"COG4303",0,0,0,0,0,3
"COG4304",0,0,0,0,0,0
"COG4305",0,0,0,0,0,0
"COG4307",0,0,0,0,0,0
"COG4308",0,0,0,0,1,0
"COG4310",0,0,3,0,1,0
"COG4311",1,4,2,4,4,0
"COG4312",0,0,0,0,0,0
"COG4313",0,0,0,0,0,0
"COG4314",0,0,0,0,0,0
"COG4315",0,0,0,0,0,0
"COG4317",0,0,0,0,0,0
"COG4318",0,1,0,0,2,0
"COG4319",0,0,0,0,0,1
"COG4320",0,0,0,0,0,0
"COG4321",0,0,0,0,0,0
"COG4322",0,0,0,0,0,1
"COG4323",0,2,0,0,0,0
"COG4324",0,0,0,0,0,2
"COG4325",0,0,0,0,0,2
"COG4326",0,0,0,0,0,0
"COG4327",1,1,1,1,1,0
"COG4328",0,1,0,0,0,0
"COG4329",0,0,0,0,0,0
"COG4330",0,0,0,0,0,0
"COG4331",0,0,0,0,0,0
"COG4332",0,0,0,0,0,0
"COG4333",2,2,0,0,1,0
"COG4334",0,0,0,0,0,0
"COG4335",0,0,0,0,0,1
"COG4336",0,0,0,0,1,0
"COG4337",0,3,1,0,1,0
"COG4338",0,0,0,0,0,0
"COG4339",0,0,0,0,0,0
"COG4340",0,0,0,0,0,0
"COG4341",6,2,5,2,3,0
"COG4347",0,0,0,0,0,0
"COG4352",0,0,0,0,0,0
"COG4353",0,0,0,0,0,0
"COG4354",1,1,0,0,0,0
"COG4357",0,0,0,0,0,0
"COG4359",0,0,0,0,0,0
"COG4360",4,2,0,0,0,0
"COG4362",0,0,0,0,0,0
"COG4365",0,0,0,1,0,0
"COG4370",2,0,0,2,4,0
"COG4371",2,1,0,0,0,0
"COG4372",2,1,0,0,1,0
"COG4373",0,0,0,0,0,0
"COG4374",0,0,0,0,0,0
"COG4377",0,0,0,0,0,0
"COG4379",0,0,0,0,0,0
"COG4380",0,0,0,0,0,0
"COG4381",0,0,0,0,0,0
"COG4382",0,0,0,0,0,0
"COG4383",0,0,0,0,0,0
"COG4384",0,0,0,0,0,0
"COG4385",0,0,0,0,0,0
"COG4386",0,0,0,0,0,0
"COG4387",0,0,0,0,0,0
"COG4388",0,0,0,0,0,4
"COG4389",0,0,0,0,0,2
"COG4390",0,0,0,0,0,0
"COG4391",1,0,0,0,0,0
"COG4392",0,0,0,0,0,0
"COG4393",0,0,0,0,0,0
"COG4394",0,0,0,0,0,1
"COG4395",3,0,3,3,6,0
"COG4396",0,0,0,0,0,0
"COG4397",0,0,0,0,0,0
"COG4398",1,0,0,0,0,1
"COG4399",0,0,0,0,1,1
"COG4401",1,0,1,0,0,0
"COG4402",0,0,0,0,0,0
"COG4403",0,0,0,0,0,0
"COG4405",0,0,0,0,0,0
"COG4409",0,0,0,0,0,0
"COG4412",0,1,0,3,1,0
"COG4413",0,0,0,0,0,0
"COG4420",0,0,0,0,0,0
"COG4421",1,0,1,0,2,5
"COG4422",0,0,0,0,0,0
"COG4423",0,0,0,0,0,0
"COG4424",0,0,0,0,0,0
"COG4425",0,0,0,0,0,0
"COG4427",0,0,0,0,0,0
"COG4430",0,0,0,0,0,2
"COG4445",2,2,0,1,0,0
"COG4446",0,0,0,0,1,2
"COG4447",1,0,1,0,2,5
"COG4448",1,0,0,2,1,1
"COG4449",0,0,0,0,0,0
"COG4451",3,0,0,0,0,0
"COG4452",0,0,0,0,0,1
"COG4453",0,0,0,0,0,0
"COG4454",0,0,1,2,0,2
"COG4455",0,0,0,0,0,0
"COG4456",0,0,0,0,0,0
"COG4457",0,0,0,0,0,0
"COG4458",0,0,0,0,0,0
"COG4459",0,0,0,0,0,0
"COG4460",0,0,0,0,0,0
"COG4461",0,0,0,0,0,0
"COG4464",0,0,1,0,0,0
"COG4468",0,0,0,0,0,0
"COG4469",0,0,0,0,0,0
"COG4474",0,0,0,0,0,0
"COG4481",0,0,0,0,0,0
"COG4485",0,0,0,0,0,0
"COG4487",4,1,0,1,1,0
"COG4496",0,0,0,0,0,0
"COG4502",0,0,0,0,0,0
"COG4517",2,1,0,0,1,1
"COG4519",0,0,0,0,0,0
"COG4520",1,0,0,0,0,0
"COG4521",5,2,3,0,0,0
"COG4525",1,0,2,4,1,0
"COG4529",0,0,0,0,0,0
"COG4530",0,0,0,0,0,0
"COG4531",4,3,2,2,0,1
"COG4533",0,0,0,0,0,0
"COG4535",0,3,1,2,1,2
"COG4536",1,2,2,5,1,0
"COG4538",0,0,0,0,0,0
"COG4539",0,0,1,0,0,1
"COG4540",0,0,0,0,0,0
"COG4541",0,0,0,0,0,0
"COG4542",0,0,0,0,0,0
"COG4544",0,0,0,0,0,0
"COG4547",4,8,3,17,6,2
"COG4548",0,1,3,0,1,1
"COG4549",0,0,0,0,0,0
"COG4551",0,0,0,0,0,0
"COG4552",0,0,0,0,0,0
"COG4553",0,0,0,1,0,2
"COG4555",1,0,1,0,1,1
"COG4558",0,0,0,1,1,1
"COG4559",0,0,0,0,0,0
"COG4564",0,0,0,0,0,0
"COG4565",0,0,0,0,0,0
"COG4566",0,0,0,0,0,2
"COG4567",1,3,0,1,2,1
"COG4568",0,0,0,0,0,0
"COG4569",0,1,0,0,0,3
"COG4570",0,0,0,0,0,0
"COG4572",0,0,0,0,0,0
"COG4573",0,0,0,0,0,0
"COG4574",0,0,0,0,0,0
"COG4575",0,0,0,0,0,1
"COG4576",0,0,0,0,0,0
"COG4577",0,2,0,0,0,0
"COG4579",0,0,1,0,0,3
"COG4580",0,0,0,0,0,0
"COG4581",11,7,4,3,10,0
"COG4582",0,0,0,0,0,0
"COG4583",1,1,1,3,1,0
"COG4584",0,0,0,1,0,1
"COG4585",0,1,1,0,0,8
"COG4586",1,1,0,0,1,0
"COG4587",1,1,0,0,2,0
"COG4588",0,0,0,0,0,0
"COG4589",0,0,0,0,0,0
"COG4590",0,0,0,0,0,1
"COG4591",6,3,7,5,5,5
"COG4592",0,0,0,0,0,0
"COG4594",0,0,0,0,0,0
"COG4597",7,6,10,8,2,0
"COG4598",0,0,0,0,1,0
"COG4603",2,4,5,5,2,1
"COG4604",0,0,0,0,0,0
"COG4605",0,0,0,0,0,0
"COG4606",0,0,0,0,0,0
"COG4607",0,0,0,0,0,1
"COG4608",4,5,10,2,3,2
"COG4615",0,0,0,0,0,0
"COG4618",0,0,0,0,0,0
"COG4619",0,0,0,0,0,0
"COG4623",0,1,0,1,0,2
"COG4624",0,0,0,0,0,0
"COG4625",0,0,0,0,0,0
"COG4626",0,0,0,0,0,6
"COG4627",1,1,0,1,1,0
"COG4628",0,0,0,0,0,0
"COG4630",1,0,1,2,3,0
"COG4631",1,1,7,6,4,0
"COG4632",0,0,0,0,0,0
"COG4633",0,0,0,0,0,0
"COG4634",0,0,0,0,0,0
"COG4635",0,1,0,0,2,1
"COG4636",0,0,0,0,0,0
"COG4637",0,0,0,0,0,1
"COG4638",16,13,18,9,19,4
"COG4639",0,0,0,0,0,0
"COG4641",0,1,0,1,1,1
"COG4642",5,4,1,1,1,1
"COG4643",3,0,0,1,0,16
"COG4644",2,1,0,0,0,19
"COG4645",0,0,0,0,0,0
"COG4646",0,0,0,0,0,0
"COG4647",0,0,0,0,0,0
"COG4648",0,0,0,0,0,0
"COG4649",0,0,0,0,0,0
"COG4650",0,0,0,0,0,0
"COG4651",0,0,1,0,0,0
"COG4653",0,0,1,0,1,10
"COG4654",0,0,0,0,0,0
"COG4655",0,0,0,0,0,2
"COG4656",0,0,1,0,0,2
"COG4657",2,0,0,0,0,2
"COG4658",1,0,0,0,0,1
"COG4659",0,0,0,0,0,0
"COG4660",0,0,0,0,0,1
"COG4662",2,1,0,0,1,0
"COG4663",11,11,15,19,10,1
"COG4664",11,13,15,15,22,5
"COG4665",4,10,5,8,3,1
"COG4666",6,4,4,9,4,2
"COG4667",1,1,0,1,0,1
"COG4668",0,0,1,0,0,0
"COG4669",0,0,0,0,0,0
"COG4670",0,1,0,0,0,0
"COG4671",0,1,1,1,1,0
"COG4672",0,0,0,0,0,61
"COG4674",2,1,0,0,2,0
"COG4675",0,1,0,0,0,2
"COG4676",0,0,0,0,0,0
"COG4677",0,0,0,0,0,0
"COG4678",0,0,0,0,1,0
"COG4679",0,0,0,0,0,0
"COG4680",0,0,0,0,0,0
"COG4681",0,0,0,0,0,1
"COG4682",0,0,0,0,0,0
"COG4683",0,0,0,0,0,0
"COG4688",1,0,0,0,0,6
"COG4689",0,0,0,0,0,0
"COG4690",0,0,0,0,0,0
"COG4691",0,0,0,0,0,0
"COG4692",3,1,0,0,1,1
"COG4693",0,0,0,0,0,0
"COG4694",0,0,0,0,0,1
"COG4695",0,1,1,0,1,47
"COG4696",0,0,0,1,0,0
"COG4700",0,0,0,0,0,0
"COG4701",0,0,0,0,0,0
"COG4702",0,0,0,0,0,0
"COG4704",0,0,0,0,0,0
"COG4705",0,0,0,0,0,1
"COG4706",0,0,0,0,0,0
"COG4710",0,0,0,0,0,0
"COG4711",0,0,0,0,0,0
"COG4712",0,0,0,0,0,3
"COG4713",0,0,0,0,0,0
"COG4714",0,0,0,0,0,0
"COG4715",0,0,0,0,0,0
"COG4716",0,0,0,0,0,0
"COG4717",0,1,0,0,0,0
"COG4718",0,0,0,0,0,12
"COG4719",0,0,0,0,0,0
"COG4720",0,0,0,0,0,0
"COG4721",0,0,0,0,0,0
"COG4723",0,0,0,0,0,25
"COG4724",0,0,0,0,0,0
"COG4725",0,1,0,0,0,13
"COG4726",0,0,0,0,0,0
"COG4727",0,0,0,0,0,0
"COG4728",0,0,0,0,0,1
"COG4729",0,0,0,0,0,0
"COG4731",1,0,0,0,0,0
"COG4733",0,1,2,2,5,234
"COG4734",0,0,0,0,0,1
"COG4735",0,0,0,0,0,0
"COG4736",0,0,0,0,0,0
"COG4737",0,0,0,0,0,0
"COG4738",0,0,0,0,0,0
"COG4741",0,0,0,0,0,1
"COG4742",0,0,0,0,0,0
"COG4743",0,0,0,0,0,0
"COG4744",0,0,0,0,0,0
"COG4745",1,0,0,0,0,0
"COG4746",0,0,0,0,0,0
"COG4747",1,0,0,0,0,0
"COG4748",0,0,0,0,0,0
"COG4750",0,0,0,0,0,0
"COG4752",0,0,0,0,0,0
"COG4753",0,0,0,0,0,1
"COG4754",0,0,0,0,0,0
"COG4757",0,0,0,0,0,0
"COG4759",0,0,0,0,0,0
"COG4760",3,4,1,1,0,0
"COG4762",0,0,0,0,0,0
"COG4763",0,0,0,0,0,1
"COG4764",3,3,5,4,3,0
"COG4765",0,0,4,2,1,0
"COG4766",0,0,0,0,0,0
"COG4767",0,0,0,0,0,0
"COG4769",0,0,0,0,0,0
"COG4770",5,9,3,11,9,6
"COG4771",2,1,2,4,6,8
"COG4772",2,2,3,4,2,5
"COG4773",0,0,0,0,0,5
"COG4774",1,4,2,1,1,0
"COG4775",9,13,13,11,16,2
"COG4776",0,0,0,0,0,0
"COG4778",0,2,0,0,0,0
"COG4779",0,0,0,0,0,0
"COG4781",0,0,0,0,0,0
"COG4782",0,0,0,0,0,0
"COG4783",3,3,1,3,4,5
"COG4784",0,2,0,0,1,1
"COG4785",0,0,0,0,0,0
"COG4786",0,1,0,0,1,1
"COG4787",1,0,0,0,0,0
"COG4789",0,0,0,0,0,2
"COG4790",0,0,0,0,0,0
"COG4791",0,0,0,0,0,0
"COG4792",0,0,0,0,0,1
"COG4794",0,0,0,0,0,1
"COG4795",0,1,0,0,0,1
"COG4796",4,1,3,4,1,1
"COG4797",0,0,0,0,0,0
"COG4798",5,2,0,1,1,0
"COG4799",4,3,6,9,9,7
"COG4801",0,0,0,0,0,0
"COG4802",0,0,0,0,0,0
"COG4803",0,0,0,0,0,0
"COG4804",0,0,0,0,0,1
"COG4805",3,7,5,5,2,4
"COG4806",0,0,0,0,0,0
"COG4807",0,0,0,0,0,0
"COG4809",0,0,0,0,0,0
"COG4813",0,0,0,0,0,0
"COG4815",0,0,0,0,0,0
"COG4819",0,0,1,0,0,0
"COG4821",0,0,1,1,0,0
"COG4823",0,0,0,0,0,0
"COG4825",0,0,0,0,0,0
"COG4826",0,0,0,0,0,0
"COG4828",1,0,0,0,0,0
"COG4829",0,0,0,0,0,0
"COG4830",0,0,0,0,0,0
"COG4832",0,0,0,0,0,0
"COG4833",0,0,0,0,0,0
"COG4834",0,0,0,0,1,0
"COG4842",0,0,0,0,0,0
"COG4843",1,0,0,0,0,0
"COG4845",0,0,0,0,0,0
"COG4848",0,0,0,0,0,0
"COG4849",0,0,0,0,0,1
"COG4850",0,0,0,0,0,0
"COG4852",0,0,0,1,0,0
"COG4856",0,0,0,0,0,0
"COG4857",0,0,0,0,0,0
"COG4859",0,0,0,0,0,0
"COG4860",0,0,0,0,0,0
"COG4861",0,0,0,0,0,0
"COG4864",1,1,3,0,2,0
"COG4865",0,0,0,0,0,0
"COG4866",0,0,0,0,0,0
"COG4867",0,0,1,1,0,0
"COG4869",0,0,0,0,0,0
"COG4870",2,1,1,1,0,0
"COG4872",0,0,0,0,0,0
"COG4874",0,0,0,3,0,0
"COG4875",0,1,0,0,0,1
"COG4877",0,0,0,0,0,0
"COG4878",0,0,0,0,0,0
"COG4880",0,1,2,0,0,1
"COG4886",10,2,5,2,6,6
"COG4887",0,0,0,0,0,0
"COG4888",0,0,0,0,0,0
"COG4889",1,0,1,2,5,16
"COG4890",0,0,0,0,0,0
"COG4891",0,0,0,0,0,0
"COG4892",0,0,0,0,0,0
"COG4894",0,0,0,0,0,0
"COG4895",0,0,0,0,0,0
"COG4898",0,0,0,0,0,1
"COG4899",0,0,0,0,0,0
"COG4901",0,0,0,0,0,0
"COG4902",0,0,0,0,0,0
"COG4906",0,0,0,0,0,0
"COG4907",0,0,1,0,0,0
"COG4908",0,0,0,0,0,0
"COG4909",0,0,0,0,0,0
"COG4910",0,0,0,0,0,0
"COG4911",2,0,0,0,0,0
"COG4912",0,0,1,0,0,0
"COG4913",2,0,0,0,1,0
"COG4916",0,0,0,0,0,0
"COG4922",0,0,0,0,0,0
"COG4923",0,1,0,0,0,0
"COG4924",0,0,0,0,0,0
"COG4925",0,0,0,0,0,0
"COG4926",0,0,0,0,0,0
"COG4927",0,0,0,0,0,0
"COG4928",0,0,0,0,0,0
"COG4929",0,0,1,0,0,0
"COG4930",0,0,0,0,0,0
"COG4932",0,0,0,0,0,0
"COG4933",0,0,0,0,0,0
"COG4934",1,0,0,0,0,0
"COG4935",1,0,1,0,2,0
"COG4937",0,0,0,0,0,0
"COG4938",0,0,0,0,0,1
"COG4941",0,0,0,0,0,0
"COG4942",1,0,0,1,0,2
"COG4943",0,0,0,0,0,0
"COG4944",0,0,0,0,0,0
"COG4945",0,1,0,0,0,0
"COG4946",1,0,1,0,0,0
"COG4947",0,0,0,0,0,0
"COG4948",20,22,23,15,15,2
"COG4949",0,0,0,0,0,0
"COG4950",0,0,0,0,0,0
"COG4951",0,0,0,0,0,0
"COG4952",1,0,1,0,0,0
"COG4953",0,0,0,0,0,1
"COG4954",0,0,0,0,0,0
"COG4955",0,0,0,0,0,0
"COG4956",2,1,0,0,0,0
"COG4957",0,0,0,0,0,0
"COG4959",0,0,0,0,0,0
"COG4960",0,0,0,0,0,0
"COG4961",0,0,0,0,0,0
"COG4962",0,1,0,0,1,1
"COG4963",0,0,0,0,0,0
"COG4964",0,0,0,0,0,2
"COG4965",0,0,0,0,0,1
"COG4966",0,1,0,0,0,0
"COG4967",0,0,0,0,0,0
"COG4968",0,0,0,0,0,0
"COG4969",0,0,0,0,0,0
"COG4970",0,0,0,0,0,0
"COG4972",0,0,0,0,2,2
"COG4973",2,2,0,4,0,3
"COG4974",3,7,6,6,2,6
"COG4976",0,0,1,0,0,0
"COG4977",1,2,0,0,2,4
"COG4978",0,0,0,0,0,0
"COG4981",0,0,0,0,0,0
"COG4982",0,0,0,0,0,0
"COG4983",0,0,0,1,0,13
"COG4984",0,0,0,0,0,0
"COG4985",0,0,0,0,0,0
"COG4986",0,1,0,0,0,1
"COG4987",0,0,0,0,0,1
"COG4988",0,0,0,0,0,1
"COG4989",0,1,0,0,0,0
"COG4991",0,0,0,0,0,0
"COG4992",9,8,15,9,12,4
"COG4993",5,7,4,0,4,8
"COG4994",0,0,0,0,0,0
"COG4995",0,0,0,1,1,5
"COG4997",0,0,0,0,0,0
"COG4999",0,0,0,0,0,0
"COG5000",2,1,11,10,6,5
"COG5001",0,4,0,4,0,17
"COG5002",0,0,0,0,0,1
"COG5004",0,0,0,0,0,0
"COG5005",0,0,0,0,0,0
"COG5006",0,0,0,0,0,0
"COG5007",0,0,0,0,0,0
"COG5008",0,0,0,0,0,6
"COG5009",10,5,12,12,9,5
"COG5010",0,0,0,0,0,0
"COG5011",0,0,0,0,2,0
"COG5012",0,0,1,1,0,0
"COG5013",1,0,0,0,0,0
"COG5014",0,0,0,0,0,0
"COG5015",0,0,0,0,0,0
"COG5016",2,3,3,3,1,0
"COG5017",0,0,0,0,0,0
"COG5018",0,0,0,0,0,0
"COG5019",0,0,0,0,0,0
"COG5020",0,0,0,0,0,0
"COG5021",5,0,0,0,1,0
"COG5022",4,0,0,0,0,0
"COG5023",3,0,0,0,0,0
"COG5024",0,0,0,0,0,0
"COG5026",0,0,0,0,0,0
"COG5027",0,0,0,0,0,0
"COG5028",0,0,0,0,0,0
"COG5029",0,0,0,0,0,0
"COG5030",0,0,0,0,0,0
"COG5031",2,0,0,0,0,1
"COG5032",5,0,0,0,0,0
"COG5033",0,0,0,0,0,0
"COG5034",0,0,0,0,0,0
"COG5035",0,0,0,0,0,0
"COG5036",1,0,0,0,0,0
"COG5038",1,0,0,0,0,0
"COG5039",0,0,0,0,0,0
"COG5040",0,0,0,0,0,0
"COG5041",0,0,0,0,0,0
"COG5042",0,0,0,0,0,0
"COG5043",0,0,0,0,0,0
"COG5044",0,0,0,0,0,0
"COG5045",0,0,0,0,0,0
"COG5046",0,0,0,0,0,0
"COG5047",0,1,0,0,0,0
"COG5048",1,0,0,0,0,0
"COG5049",1,0,1,1,2,2
"COG5050",0,0,0,0,0,0
"COG5051",0,0,0,0,0,0
"COG5052",1,0,0,0,0,0
"COG5053",0,1,1,0,0,0
"COG5054",2,1,0,1,0,0
"COG5055",0,0,0,0,0,5
"COG5056",1,0,0,0,0,0
"COG5057",0,0,0,0,0,0
"COG5058",0,0,0,0,0,0
"COG5059",3,0,0,1,0,0
"COG5061",0,0,0,0,0,0
"COG5062",0,0,0,0,0,0
"COG5063",0,0,0,0,0,0
"COG5064",1,0,0,0,0,0
"COG5065",0,0,0,0,0,0
"COG5066",0,0,0,0,0,0
"COG5068",0,0,0,0,0,0
"COG5069",0,0,0,0,0,0
"COG5070",0,0,0,0,0,0
"COG5071",1,0,0,0,0,0
"COG5072",0,0,0,0,0,0
"COG5074",1,0,0,0,0,0
"COG5075",0,0,0,0,0,0
"COG5076",3,0,0,0,0,0
"COG5077",0,0,0,0,0,0
"COG5078",0,0,0,0,0,0
"COG5079",0,0,0,0,0,0
"COG5080",0,0,0,0,0,0
"COG5082",0,0,0,0,0,0
"COG5083",0,0,0,0,0,0
"COG5084",0,0,0,0,0,0
"COG5086",0,0,0,0,0,0
"COG5088",0,0,0,0,0,0
"COG5090",0,0,0,0,0,0
"COG5091",0,0,0,0,0,0
"COG5092",0,0,0,0,0,0
"COG5093",0,0,0,0,0,0
"COG5094",0,0,0,0,0,0
"COG5095",1,0,0,0,0,0
"COG5096",0,0,0,0,0,0
"COG5097",0,0,0,0,0,0
"COG5098",0,0,0,0,0,0
"COG5099",1,0,0,0,0,0
"COG5100",0,0,0,0,0,0
"COG5101",1,0,0,0,0,0
"COG5102",0,0,0,0,0,0
"COG5103",0,0,0,0,0,0
"COG5104",0,0,0,0,0,0
"COG5105",0,0,0,0,0,0
"COG5106",0,0,0,0,0,0
"COG5107",1,0,0,0,0,0
"COG5108",0,6,2,1,3,73
"COG5109",0,0,0,0,0,0
"COG5110",1,0,0,0,0,0
"COG5111",0,0,0,0,0,0
"COG5112",0,0,0,0,0,0
"COG5113",1,0,0,0,0,0
"COG5114",0,0,0,0,0,0
"COG5116",0,0,0,0,0,0
"COG5117",0,0,0,0,0,0
"COG5118",0,0,0,0,0,0
"COG5119",0,0,0,0,0,0
"COG5120",0,0,0,0,0,0
"COG5122",0,0,0,0,0,0
"COG5123",0,0,0,0,0,0
"COG5124",0,0,0,0,0,0
"COG5125",0,0,0,0,0,0
"COG5126",2,0,0,0,0,0
"COG5127",0,0,0,0,0,0
"COG5128",0,0,0,0,0,0
"COG5129",0,0,0,0,0,0
"COG5132",0,0,0,0,0,0
"COG5133",0,0,0,0,0,0
"COG5134",0,0,0,0,0,0
"COG5135",4,1,0,0,0,0
"COG5137",0,0,0,0,0,0
"COG5138",0,0,0,0,0,0
"COG5139",0,0,0,0,0,0
"COG5140",0,0,0,0,0,0
"COG5141",0,0,0,0,0,0
"COG5142",0,0,0,0,0,0
"COG5143",1,0,0,0,0,0
"COG5144",0,0,0,0,0,0
"COG5145",0,0,0,0,0,0
"COG5146",0,0,0,0,0,0
"COG5147",4,0,0,0,0,0
"COG5148",0,0,0,0,0,0
"COG5149",0,0,0,0,0,0
"COG5150",0,0,0,0,0,0
"COG5151",0,0,0,0,0,0
"COG5152",0,0,0,0,0,0
"COG5154",1,0,0,0,0,0
"COG5155",0,0,0,0,0,0
"COG5156",0,0,0,0,0,0
"COG5157",0,0,0,0,0,0
"COG5158",0,0,0,0,0,1
"COG5159",0,0,0,0,0,0
"COG5160",1,0,0,0,0,0
"COG5161",0,0,0,0,0,0
"COG5162",0,0,0,0,0,0
"COG5163",0,0,0,0,0,0
"COG5164",0,0,0,0,0,0
"COG5165",0,0,0,0,0,0
"COG5167",0,0,0,0,0,0
"COG5169",0,0,0,0,0,0
"COG5170",0,0,0,0,0,0
"COG5171",0,0,0,0,0,0
"COG5173",0,0,0,0,0,0
"COG5174",0,0,0,0,0,0
"COG5175",0,0,0,0,0,0
"COG5176",0,0,0,0,0,0
"COG5177",0,0,0,0,0,0
"COG5178",1,0,0,0,0,0
"COG5179",0,0,0,0,0,0
"COG5180",0,0,0,0,0,0
"COG5181",0,0,0,0,0,0
"COG5182",0,0,0,0,0,0
"COG5183",0,0,0,0,0,0
"COG5184",4,2,5,3,2,15
"COG5185",0,0,0,0,0,0
"COG5186",0,0,0,0,0,0
"COG5187",0,0,0,0,0,0
"COG5188",0,0,0,0,0,0
"COG5190",0,0,0,0,0,0
"COG5191",0,0,0,0,0,0
"COG5192",0,0,0,0,0,0
"COG5193",0,0,0,0,0,0
"COG5194",0,0,0,0,0,0
"COG5196",0,0,0,0,0,0
"COG5197",0,0,0,0,0,0
"COG5198",0,0,0,0,0,0
"COG5199",0,0,0,0,0,0
"COG5200",0,0,0,0,0,0
"COG5201",0,0,0,0,0,0
"COG5202",0,0,0,0,0,0
"COG5204",0,0,0,0,0,0
"COG5206",2,0,0,0,0,0
"COG5207",0,0,0,0,0,0
"COG5208",0,0,0,0,0,0
"COG5209",0,0,0,0,0,0
"COG5210",1,0,0,0,0,0
"COG5211",0,0,0,0,0,0
"COG5212",0,0,0,0,0,0
"COG5213",0,0,0,0,0,0
"COG5214",0,0,0,0,0,0
"COG5215",1,0,0,0,0,0
"COG5216",0,0,0,0,0,0
"COG5217",1,0,0,0,0,0
"COG5218",0,0,0,0,1,0
"COG5219",1,0,0,0,0,0
"COG5220",0,0,0,0,0,0
"COG5222",0,0,0,0,0,0
"COG5223",0,0,0,0,0,0
"COG5224",0,0,0,0,0,0
"COG5225",0,0,0,0,0,0
"COG5226",0,0,0,0,0,0
"COG5227",0,0,0,0,0,0
"COG5228",0,0,0,0,0,0
"COG5229",0,0,0,0,0,0
"COG5230",0,0,0,0,0,0
"COG5231",0,0,0,0,0,0
"COG5232",0,0,0,0,0,0
"COG5233",0,0,0,0,0,0
"COG5234",0,0,0,0,0,0
"COG5235",1,0,0,0,0,0
"COG5236",0,0,0,0,0,0
"COG5237",0,0,0,0,0,0
"COG5238",2,0,0,0,0,0
"COG5239",0,0,0,0,0,0
"COG5240",0,0,0,0,0,0
"COG5241",2,0,0,0,0,0
"COG5242",0,0,0,0,0,0
"COG5243",0,0,0,0,0,0
"COG5244",0,0,0,0,0,0
"COG5245",8,0,1,0,0,0
"COG5246",0,0,0,0,0,0
"COG5247",0,0,0,0,0,0
"COG5248",0,0,0,0,0,0
"COG5249",0,0,0,0,0,0
"COG5250",0,0,0,0,0,0
"COG5251",0,0,0,0,0,0
"COG5252",1,0,0,0,0,0
"COG5253",2,0,0,0,0,0
"COG5254",0,0,0,0,0,0
"COG5255",0,0,0,0,0,0
"COG5256",1,0,2,1,0,0
"COG5257",1,0,1,0,0,0
"COG5258",0,0,0,0,0,0
"COG5259",0,0,0,0,0,0
"COG5260",1,0,0,0,0,0
"COG5261",0,0,0,0,0,0
"COG5262",0,0,0,0,0,0
"COG5263",0,0,0,0,0,0
"COG5264",0,0,0,0,0,0
"COG5265",1,2,1,1,1,3
"COG5266",0,0,0,0,0,0
"COG5267",1,3,5,3,2,0
"COG5268",0,0,0,0,0,1
"COG5269",0,0,0,0,0,0
"COG5271",1,0,1,0,0,0
"COG5272",0,0,0,0,0,0
"COG5273",0,0,0,0,0,0
"COG5274",1,0,0,0,0,0
"COG5275",0,0,0,0,0,0
"COG5276",0,2,3,0,1,0
"COG5277",0,1,0,0,0,0
"COG5278",0,0,0,0,0,3
"COG5279",0,0,0,0,0,0
"COG5280",0,0,0,0,0,0
"COG5281",0,0,0,0,1,29
"COG5282",0,0,2,0,0,0
"COG5283",0,1,0,0,2,17
"COG5285",9,11,9,3,4,2
"COG5290",0,0,0,0,0,0
"COG5291",0,0,0,0,0,0
"COG5293",0,0,0,0,0,0
"COG5295",0,0,0,0,1,5
"COG5296",0,0,0,0,0,0
"COG5297",0,0,0,0,0,1
"COG5301",0,3,2,0,6,59
"COG5302",0,0,0,0,0,0
"COG5304",0,0,0,0,0,0
"COG5305",0,0,0,0,0,0
"COG5306",0,0,0,0,0,0
"COG5307",0,0,0,0,0,0
"COG5308",0,0,0,0,0,0
"COG5309",0,2,0,0,0,1
"COG5310",0,0,0,0,0,0
"COG5314",0,0,0,0,0,0
"COG5316",0,0,0,0,0,0
"COG5317",0,0,0,0,0,0
"COG5319",0,0,1,1,0,1
"COG5321",0,0,0,0,0,0
"COG5322",0,0,0,1,3,0
"COG5323",0,0,0,0,0,12
"COG5324",0,0,0,0,0,0
"COG5325",0,0,0,0,0,0
"COG5328",0,1,0,0,0,0
"COG5329",0,0,0,0,0,0
"COG5330",0,0,0,0,0,0
"COG5331",0,0,1,0,0,0
"COG5333",0,0,0,0,0,0
"COG5336",2,0,0,2,0,0
"COG5337",4,2,3,0,1,0
"COG5338",0,0,0,0,0,0
"COG5339",0,0,0,0,0,0
"COG5340",0,0,0,0,0,0
"COG5342",0,0,0,0,0,0
"COG5343",0,0,0,0,0,0
"COG5345",0,0,0,0,0,0
"COG5346",0,0,0,0,0,0
"COG5347",3,0,0,0,0,0
"COG5349",0,0,0,0,0,0
"COG5350",3,0,0,1,0,0
"COG5351",0,0,0,0,0,0
"COG5352",0,2,1,2,2,0
"COG5354",1,0,0,0,0,0
"COG5360",4,4,3,8,6,0
"COG5361",0,1,0,0,1,0
"COG5362",3,7,1,1,4,109
"COG5368",0,1,0,0,0,0
"COG5369",0,0,0,0,0,0
"COG5371",1,0,0,0,0,0
"COG5373",0,0,0,0,0,1
"COG5375",0,0,0,0,0,0
"COG5377",1,1,1,1,0,1
"COG5379",0,1,0,0,0,0
"COG5380",0,0,0,0,0,0
"COG5381",0,0,0,0,0,0
"COG5383",0,0,0,0,0,0
"COG5384",0,0,0,0,0,0
"COG5385",0,0,0,0,0,0
"COG5387",0,0,0,1,0,0
"COG5388",0,0,0,0,0,0
"COG5389",0,1,0,1,1,0
"COG5391",0,0,0,0,0,0
"COG5393",0,0,0,0,0,0
"COG5394",0,0,0,1,0,1
"COG5395",0,0,0,0,0,0
"COG5397",0,0,0,0,0,0
"COG5398",0,0,0,0,2,3
"COG5400",0,0,0,0,0,2
"COG5401",0,0,0,0,0,0
"COG5402",0,1,0,3,0,0
"COG5403",0,0,0,0,0,0
"COG5404",0,0,0,0,0,0
"COG5405",1,1,3,3,3,0
"COG5406",1,0,0,0,0,0
"COG5407",0,0,0,0,0,0
"COG5409",1,0,0,0,0,0
"COG5410",0,8,4,3,3,171
"COG5411",0,0,0,0,0,0
"COG5412",0,0,0,0,0,2
"COG5413",0,0,0,0,0,0
"COG5419",0,0,0,0,0,0
"COG5421",0,0,0,0,0,0
"COG5422",0,0,0,0,0,0
"COG5423",0,0,0,0,0,0
"COG5424",1,0,0,2,0,0
"COG5425",0,0,0,1,0,0
"COG5426",0,0,0,0,0,0
"COG5427",1,0,2,0,0,0
"COG5428",0,0,0,0,0,0
"COG5429",0,0,0,0,0,0
"COG5430",0,0,0,0,0,0
"COG5431",0,0,0,0,0,0
"COG5432",0,0,0,0,0,0
"COG5433",1,1,0,0,0,0
"COG5434",0,0,0,1,0,0
"COG5436",0,0,0,0,0,0
"COG5437",0,0,0,0,1,2
"COG5438",0,0,0,0,0,0
"COG5439",0,0,0,0,0,0
"COG5440",0,0,0,0,0,0
"COG5441",0,1,0,0,0,0
"COG5442",0,0,0,0,0,0
"COG5443",0,0,0,0,0,0
"COG5444",0,0,0,0,0,0
"COG5446",0,0,0,0,0,0
"COG5447",0,0,0,0,0,0
"COG5448",0,0,0,0,0,0
"COG5449",0,0,0,0,0,0
"COG5450",0,0,0,0,0,0
"COG5451",0,0,0,0,0,0
"COG5452",0,0,1,0,1,0
"COG5453",0,0,0,0,0,0
"COG5454",1,0,0,0,0,0
"COG5455",0,0,0,0,0,0
"COG5456",0,0,0,0,0,0
"COG5457",0,0,0,0,0,0
"COG5458",1,0,0,0,0,0
"COG5459",1,0,0,0,0,0
"COG5460",0,0,0,0,0,0
"COG5461",0,0,0,0,0,0
"COG5462",0,0,0,0,0,0
"COG5463",0,0,0,0,0,0
"COG5464",0,0,0,0,0,0
"COG5465",0,1,0,1,0,0
"COG5466",0,0,0,0,0,0
"COG5467",1,0,0,1,1,0
"COG5468",0,0,0,0,0,0
"COG5469",0,1,0,0,0,0
"COG5470",0,3,2,4,1,1
"COG5471",0,0,0,0,0,0
"COG5472",0,0,0,0,0,0
"COG5473",0,1,0,0,0,0
"COG5474",0,0,0,0,0,0
"COG5476",1,2,1,2,4,0
"COG5477",0,0,1,0,0,0
"COG5478",0,0,0,0,0,0
"COG5479",0,0,1,0,0,0
"COG5480",0,0,0,0,0,0
"COG5481",0,0,0,0,0,0
"COG5482",0,0,0,0,0,0
"COG5483",0,0,0,0,0,0
"COG5484",0,0,0,0,0,0
"COG5485",0,0,1,0,1,0
"COG5486",1,0,0,1,0,0
"COG5488",0,0,0,0,0,0
"COG5489",0,0,0,1,0,0
"COG5490",0,0,0,0,0,0
"COG5491",0,0,4,0,0,0
"COG5492",0,0,0,0,0,0
"COG5493",0,0,0,0,0,0
"COG5495",1,0,0,0,0,0
"COG5496",0,0,0,0,0,0
"COG5497",0,0,0,0,0,0
"COG5498",0,2,0,1,0,0
"COG5499",0,0,0,0,0,0
"COG5500",0,0,0,0,0,0
"COG5501",0,0,1,0,0,0
"COG5502",0,0,0,0,0,0
"COG5504",0,0,0,0,0,0
"COG5505",0,1,1,0,3,0
"COG5507",0,0,0,0,0,0
"COG5508",0,0,0,0,0,0
"COG5509",0,0,0,0,0,0
"COG5511",0,1,0,0,2,34
"COG5512",0,0,0,0,1,0
"COG5513",0,0,0,0,0,0
"COG5514",0,0,0,0,0,0
"COG5515",0,0,0,0,0,0
"COG5516",0,0,0,0,0,1
"COG5517",0,0,0,0,0,0
"COG5518",0,0,0,0,0,3
"COG5519",0,0,0,1,0,15
"COG5520",1,0,1,0,1,0
"COG5522",0,0,3,3,1,0
"COG5523",0,0,0,1,0,0
"COG5524",0,0,0,0,0,0
"COG5525",0,0,0,0,2,34
"COG5526",0,0,0,0,0,0
"COG5527",0,0,0,0,0,1
"COG5528",0,0,0,0,0,0
"COG5529",0,0,0,0,0,0
"COG5530",0,0,0,0,0,0
"COG5531",0,0,0,1,0,0
"COG5532",0,0,0,0,0,0
"COG5533",0,1,1,0,0,0
"COG5534",0,0,0,0,0,0
"COG5535",0,0,0,0,0,0
"COG5536",1,0,0,0,0,0
"COG5537",0,0,0,0,0,0
"COG5539",0,0,0,0,0,0
"COG5540",1,0,0,0,0,0
"COG5541",1,0,0,0,0,0
"COG5542",1,0,0,0,0,0
"COG5543",1,0,0,0,0,0
"COG5545",1,2,1,0,1,32
"COG5549",0,0,0,0,0,0
"COG5551",0,0,0,0,0,0
"COG5552",0,0,0,0,0,0
"COG5553",0,0,0,0,0,0
"COG5555",0,0,0,0,0,0
"COG5556",0,0,0,0,0,0
"COG5557",1,2,3,1,0,0
"COG5560",0,0,0,0,0,0
"COG5562",0,0,0,0,0,0
"COG5563",0,2,0,0,0,0
"COG5564",0,0,0,0,0,0
"COG5565",0,1,0,0,0,2
"COG5566",0,0,0,0,0,0
"COG5568",0,0,0,0,0,0
"COG5569",0,0,0,0,0,1
"COG5571",0,0,0,0,0,0
"COG5572",0,0,0,0,0,0
"COG5573",0,0,0,0,0,0
"COG5574",0,0,0,0,0,0
"COG5575",1,0,0,0,0,0
"COG5576",0,0,0,0,0,0
"COG5579",0,0,0,0,0,0
"COG5580",0,0,0,0,0,0
"COG5581",0,0,0,0,0,0
"COG5583",0,0,0,0,0,0
"COG5585",0,0,0,0,0,0
"COG5586",0,0,0,0,0,0
"COG5587",0,0,0,0,0,0
"COG5588",0,2,0,2,1,0
"COG5589",0,0,0,0,0,2
"COG5590",1,2,1,0,0,0
"COG5591",0,0,0,0,0,0
"COG5593",0,0,0,0,0,0
"COG5594",0,0,0,0,0,0
"COG5595",0,0,0,0,0,0
"COG5596",0,0,0,0,0,0
"COG5597",0,0,0,0,0,0
"COG5598",2,2,1,0,6,1
"COG5599",0,0,0,0,0,0
"COG5600",0,0,0,0,0,0
"COG5601",0,0,0,0,0,0
"COG5602",0,0,0,0,0,0
"COG5603",0,0,0,0,0,0
"COG5604",0,0,0,0,0,0
"COG5605",0,2,0,0,0,0
"COG5606",0,0,0,0,0,0
"COG5607",0,0,0,0,0,0
"COG5608",0,0,0,0,0,1
"COG5610",0,0,0,0,0,0
"COG5611",0,0,0,0,0,0
"COG5613",0,0,0,0,0,0
"COG5614",0,0,0,0,0,0
"COG5615",0,0,0,0,0,0
"COG5616",1,8,3,4,2,1
"COG5618",0,0,0,0,0,0
"COG5619",0,0,0,0,0,0
"COG5620",0,0,0,0,0,0
"COG5621",0,1,0,1,0,0
"COG5622",0,0,0,0,0,0
"COG5623",0,0,0,0,0,0
"COG5624",0,0,0,0,0,0
"COG5626",0,0,0,0,0,0
"COG5628",0,0,0,0,0,0
"COG5630",0,1,0,1,0,1
"COG5631",0,0,0,0,0,0
"COG5632",0,0,0,0,0,0
"COG5633",0,0,0,0,0,0
"COG5635",0,0,0,0,1,0
"COG5636",0,0,0,0,0,0
"COG5637",0,0,0,0,1,0
"COG5638",1,0,0,0,0,0
"COG5639",0,0,0,0,0,0
"COG5640",1,0,0,0,0,0
"COG5641",0,0,0,0,0,0
"COG5642",0,0,0,0,0,0
"COG5644",0,0,0,0,0,0
"COG5645",0,0,0,0,0,0
"COG5646",0,0,0,0,0,0
"COG5647",1,0,0,0,0,0
"COG5648",1,0,0,0,0,0
"COG5649",0,0,0,0,0,0
"COG5650",0,0,0,0,0,0
"COG5651",0,0,0,0,0,0
"COG5652",0,0,0,0,0,0
"COG5653",0,0,0,0,0,0
"COG5654",0,0,0,0,0,0
"COG5655",0,1,0,0,0,0
"COG5656",0,0,0,0,0,0
"COG5657",0,0,0,0,0,0
"COG5658",0,0,0,0,0,0
"COG5659",0,0,0,0,0,0
"COG5660",1,0,1,0,0,0
"COG5661",0,0,0,0,0,0
"COG5662",0,0,0,0,0,0
"COG5663",0,0,0,0,0,0
"COG5664",0,0,0,0,0,0
"COG5665",0,0,0,0,0,0
