"","Sample.1.to.10","Sample.11.to.20","BaseMean","Estimated.dispersion","AbundanceStrata","VariabilityStrata"
"COG0005",NA,-3,34690.0839026226,0.0602567203006197,"3","1"
"COG0006",NA,-3,169649.507373292,0.03536870271459,"3","1"
"COG0019",NA,-3,83871.9431442503,0.0584953172398869,"3","1"
"COG0035",-3,NA,10974.4060944617,0.0863067591841841,"3","1"
"COG0063",NA,-3,34927.4220195323,0.113406511166582,"3","1"
"COG0077",NA,-3,44805.2469889268,0.0505342534537222,"3","1"
"COG0085",-3,NA,209446.521273868,0.0461158089714408,"3","1"
"COG0092",NA,-3,38194.5857641563,0.0390181930691178,"3","1"
"COG0109",NA,-3,55403.4058499601,0.0330092760207208,"3","1"
"COG0113",NA,-3,46027.2700228286,0.0717497066101794,"3","1"
"COG0126",-3,NA,65333.9276063738,0.03904311138544,"3","1"
"COG0129",NA,-3,106730.300169114,0.0355722271182375,"3","1"
"COG0132",-3,NA,8467.79891419891,0.192979488876265,"2","1"
"COG0135",NA,-3,24974.7201527284,0.0562191717378076,"3","1"
"COG0176",NA,-3,44007.1757208656,0.160201585079733,"3","1"
"COG0183",NA,-3,145534.576238241,0.0228196403280949,"3","1"
"COG0200",-3,NA,22510.0906585061,0.0286661920475896,"3","1"
"COG0203",-3,NA,19425.6082925295,0.0420873861291797,"3","1"
"COG0207",NA,-3,23197.9489488406,0.113141826947278,"3","1"
"COG0220",NA,-3,17675.6851319546,0.0949641642859151,"3","1"
"COG0223",NA,-3,59975.4819591133,0.0405825545756533,"3","1"
"COG0233",-3,NA,25089.699833666,0.0471560689447471,"3","1"
"COG0236",NA,-3,12497.4904949605,0.0387989881932378,"3","1"
"COG0253",NA,-3,41251.5002164897,0.0881140973057723,"3","1"
"COG0261",NA,-3,21724.1514893395,0.0748334697772577,"3","1"
"COG0267",-3,NA,4375.32924392329,0.0758689613790744,"2","1"
"COG0274",NA,-3,14004.7172038134,0.0789156220145448,"3","1"
"COG0279",-3,NA,16158.0978357005,0.0471676816594174,"3","1"
"COG0289",-3,NA,32808.8089111286,0.102156422693173,"3","1"
"COG0301",-3,NA,7384.25925918477,1.50695812199714,"2","3"
"COG0326",NA,-3,45208.3406698564,0.116834146743694,"3","1"
"COG0334",NA,-3,46259.6179950956,0.047291074323013,"3","1"
"COG0351",NA,-3,25399.9581037559,0.0541620839997555,"3","1"
"COG0357",NA,-3,26896.6344744529,0.0754491662002299,"3","1"
"COG0369",NA,-3,22270.0465090187,0.310063781223096,"3","2"
"COG0372",-3,NA,69037.8708703711,0.0165182737147097,"3","1"
"COG0382",NA,-3,56659.8187293851,0.0719844462042912,"3","1"
"COG0390",NA,-3,2719.39693995803,0.72004638205844,"2","2"
"COG0403",-3,NA,101150.165054845,0.0986412982648998,"3","1"
"COG0415",-3,NA,120124.075822345,0.689953405547044,"3","2"
"COG0418",-3,NA,13279.2448769664,0.270654033348992,"3","2"
"COG0420",-3,NA,7959.98250835521,0.718298775831971,"2","2"
"COG0430",-3,NA,424.949844964811,1.25460859155166,"1","3"
"COG0434",NA,-3,3508.15994074384,0.182279157273192,"2","1"
"COG0454",NA,-3,57666.308935668,0.0323530226862846,"3","1"
"COG0456",-3,NA,16829.5949799646,0.0463373377073721,"3","1"
"COG0462",NA,-3,57511.1016990527,0.0329212709382217,"3","1"
"COG0473",-3,NA,76622.7448666323,0.0322542639294415,"3","1"
"COG0489",NA,-3,65468.3030080499,0.0125155606120262,"3","1"
"COG0494",-3,NA,74958.5842503454,0.0127945837218618,"3","1"
"COG0507",-3,NA,35233.9327333594,0.159985819983518,"3","1"
"COG0537",-3,NA,32149.7426661488,0.0292214832176945,"3","1"
"COG0539",NA,-3,82777.9440966697,0.0639224850726816,"3","1"
"COG0543",-3,NA,12851.6109941092,0.349619265787686,"3","2"
"COG0545",NA,-3,24347.8065855044,0.0566782560862908,"3","1"
"COG0553",NA,-3,49842.7396070034,0.174944151131958,"3","1"
"COG0579",NA,-3,30615.5329072491,0.0809805051045292,"3","1"
"COG0591",-3,NA,97604.0388680277,0.15621954919877,"3","1"
"COG0601",-3,NA,73060.1126951497,0.0362320282764176,"3","1"
"COG0628",NA,-3,38295.0908859883,0.0200059621356142,"3","1"
"COG0639",-3,NA,20442.2838705634,0.0716004045594665,"3","1"
"COG0641",NA,-3,2692.73275114524,0.605758048432038,"2","2"
"COG0643",NA,-3,10690.7937384084,0.666449448347258,"3","2"
"COG0649",NA,-3,58333.6626440959,0.0676808895621102,"3","1"
"COG0650",-3,NA,20.4146703432692,9.44186799144524,"1","3"
"COG0668",-3,NA,79407.067152921,0.023348418343264,"3","1"
"COG0677",NA,-3,33775.7217744906,0.0576291380265952,"3","1"
"COG0678",-3,NA,18702.5777462141,0.175029738079874,"3","1"
"COG0680",-3,NA,359.81058323909,1.915162992237,"1","3"
"COG0700",-3,NA,1590.12873685167,0.334617316180944,"2","2"
"COG0709",NA,-3,24645.3873733033,0.191309113050929,"3","1"
"COG0721",NA,-3,11178.8221750382,0.100655555105675,"3","1"
"COG0723",NA,-3,28546.4963253185,0.0458276639610696,"3","1"
"COG0731",NA,-3,5546.60009557554,0.756476455133485,"2","2"
"COG0733",-3,NA,33713.52817419,0.0502492486513269,"3","1"
"COG0754",NA,-3,1019.10551410275,1.02247175798645,"2","2"
"COG0767",NA,-3,12970.933498269,0.162540767614146,"3","1"
"COG0776",-3,NA,31546.041993876,0.0396764681962478,"3","1"
"COG0779",-3,NA,10968.2121792674,0.0551796414910547,"3","1"
"COG0784",NA,-3,72277.6069406149,0.794291137331337,"3","2"
"COG0823",NA,-3,82471.0191530413,0.0810620282510693,"3","1"
"COG0827",-3,NA,3533.34711549853,0.36694218708237,"2","2"
"COG0828",-3,NA,7149.91063809157,0.120860046833538,"2","1"
"COG1004",NA,-3,72067.2820002207,0.0751373878160696,"3","1"
"COG1019",-3,NA,3055.69298842298,1.21871338171562,"2","3"
"COG1041",-3,NA,3355.42798575967,0.552918829270511,"2","2"
"COG1055",-3,NA,24899.3697475664,0.0758194734678111,"3","1"
"COG1094",-3,NA,3582.20246789884,0.73274426459146,"2","2"
"COG1096",-3,NA,2030.9254556632,1.02779907746556,"2","2"
"COG1100",-3,NA,26332.3412854027,0.59762247014906,"3","2"
"COG1117",NA,-3,17813.6881937,0.530453752660325,"3","2"
"COG1119",-3,NA,8312.51535827518,0.259512557920015,"2","2"
"COG1121",NA,-3,34395.100066649,0.246278222028618,"3","2"
"COG1140",NA,-3,2001.47344728518,2.00872257347555,"2","3"
"COG1141",NA,-3,2304.84700298292,1.49449875255948,"2","3"
"COG1144",-3,NA,582.545159801499,7.52259013488168,"1","3"
"COG1145",-3,NA,9469.02915864944,0.310801946601506,"2","2"
"COG1151",-3,NA,77.8311889442196,6.46998073499121,"1","3"
"COG1160",-3,NA,44526.2347855706,0.0443364692157451,"3","1"
"COG1173",-3,NA,68630.3465544982,0.0444652877902571,"3","1"
"COG1178",NA,-3,92494.1209987989,0.0952562133045043,"3","1"
"COG1184",-3,NA,606.324665268179,1.22194851347317,"1","3"
"COG1189",-3,NA,10019.6504145658,0.336408999805202,"3","2"
"COG1194",NA,-3,46370.8184556131,0.0908701143274742,"3","1"
"COG1199",NA,-3,36336.3942321142,0.0985687984695028,"3","1"
"COG1203",NA,-3,1534.39878485552,1.51920812624794,"2","3"
"COG1215",-3,NA,25817.4164516848,0.144056937769215,"3","1"
"COG1216",-3,NA,44869.629773791,0.0499003213594418,"3","1"
"COG1235",NA,-3,30667.8330044495,0.0367250532313748,"3","1"
"COG1253",NA,-3,53287.6318300677,0.0270057538101919,"3","1"
"COG1261",-3,NA,2132.37459976197,0.417510236638373,"2","2"
"COG1262",NA,-3,50452.0926631002,0.128649893412888,"3","1"
"COG1278",NA,-3,20685.9850908943,0.0372531815392503,"3","1"
"COG1284",-3,NA,1631.77056713183,1.01437908902482,"2","2"
"COG1285",NA,-3,803.778856723192,1.15375859695957,"2","3"
"COG1299",NA,-3,414.450988248359,0.755469829138763,"1","2"
"COG1320",-3,NA,946.552838652819,0.318595768531906,"2","2"
"COG1343",-3,NA,41.1208814649096,2.04072808857404,"1","3"
"COG1345",NA,-3,9737.95069978173,0.267048741829874,"3","2"
"COG1362",NA,-3,2751.42883920252,0.334202638434005,"2","2"
"COG1367",-3,NA,2.01312412460635,12.1873666276713,"1","3"
"COG1369",NA,-3,45.5526974748336,2.94004599183949,"1","3"
"COG1370",NA,-3,5659.56470912607,0.825204248428962,"2","2"
"COG1371",-3,NA,1796.04223986672,1.74678611198155,"2","3"
"COG1391",NA,-3,13565.5583426828,0.297630182340723,"3","2"
"COG1392",NA,-3,6889.33549262161,0.396458638426738,"2","2"
"COG1393",NA,-3,8359.01272357248,0.0879886528273673,"2","1"
"COG1399",NA,-3,3788.71973096599,0.292371954527937,"2","2"
"COG1404",NA,-3,129527.713515666,0.154974318839075,"3","1"
"COG1422",NA,-3,2996.61942897784,1.0791389746127,"2","2"
"COG1448",-3,NA,6097.34308448609,0.243887953299732,"2","2"
"COG1470",NA,-3,340.098454945121,1.54320890245148,"1","3"
"COG1472",-3,NA,87038.5068894733,0.062602890824219,"3","1"
"COG1483",NA,-3,981.745352979448,0.840794500534989,"2","2"
"COG1487",-3,NA,467.988856345952,0.989207583529224,"1","2"
"COG1504",NA,-3,17.1287325160243,17.1551072626009,"1","3"
"COG1516",NA,-3,1703.05060034356,0.407741265944067,"2","2"
"COG1526",NA,-3,16797.1894368869,0.145301556043841,"3","1"
"COG1550",-3,NA,252.469916068549,4.65906069859257,"1","3"
"COG1556",-3,NA,1388.29471110455,1.43120492983598,"2","3"
"COG1563",-3,NA,91.85825589927,3.62186769689512,"1","3"
"COG1565",-3,NA,36013.9147048554,0.163157090881955,"3","1"
"COG1571",NA,-3,6131.09959939113,1.09227176651578,"2","2"
"COG1572",-3,NA,2214.33185061397,0.905224523413272,"2","2"
"COG1582",-3,NA,21.2735564364013,1.52693786793657,"1","3"
"COG1586",NA,-3,18120.6699344226,0.238097021351422,"3","2"
"COG1592",-3,NA,5670.32445767217,0.370533055736832,"2","2"
"COG1602",NA,-3,4096.01041911542,3.35029324037322,"2","3"
"COG1605",-3,NA,12430.5307546601,0.0590024484081646,"3","1"
"COG1609",NA,-3,28746.5678107094,0.273791109854266,"3","2"
"COG1658",NA,-3,514.069590780317,1.41172628900744,"1","3"
"COG1669",-3,NA,104.076755017641,1.47467802051366,"1","3"
"COG1673",-3,NA,7.86112333736128,2.79670618398364,"1","3"
"COG1675",-3,NA,1724.63095616536,2.67739084427168,"2","3"
"COG1683",-3,NA,1982.11392270506,0.501877099549215,"2","2"
"COG1687",-3,NA,127.675914390607,1.76808722360228,"1","3"
"COG1700",-3,NA,151.18625187559,1.98576168020808,"1","3"
"COG1707",NA,-3,31.6903785643068,13.249350256664,"1","3"
"COG1723",-3,NA,433.173519095827,1.13688995180083,"1","3"
"COG1734",NA,-3,18486.9754657065,0.0471199223219943,"3","1"
"COG1745",-3,NA,6.97450037979469,5.71563170153357,"1","3"
"COG1754",-3,NA,83759.5556381811,0.144998425076953,"3","1"
"COG1760",-3,NA,5527.66165426934,0.424100328729258,"2","2"
"COG1786",NA,-3,2364.04556631023,0.256691922703669,"2","2"
"COG1795",NA,-3,1402.84902611196,0.282008959268451,"2","2"
"COG1813",-3,NA,1330.292101756,0.517582054939259,"2","2"
"COG1817",-3,NA,4036.03934928643,1.23025209828825,"2","3"
"COG1823",NA,-3,539.276392042696,0.401815761632193,"1","2"
"COG1831",-3,NA,2252.98073223163,0.75036322946169,"2","2"
"COG1834",NA,-3,38254.244641248,0.113568632978362,"3","1"
"COG1882",NA,-3,634.654974480851,2.05130458677344,"1","3"
"COG1897",NA,-3,10059.4140857614,0.214198786074319,"3","2"
"COG1902",NA,-3,58609.9912339179,0.147237426350165,"3","1"
"COG1908",NA,-3,1055.01169096082,4.40359119210148,"2","3"
"COG1924",NA,-3,339.603469690135,2.86957180456798,"1","3"
"COG1925",-3,NA,2643.42665280733,0.0918196833804473,"2","1"
"COG1931",NA,-3,1222.29768243954,2.21791262388043,"2","3"
"COG1939",NA,-3,1976.85746299568,0.861782450587768,"2","2"
"COG1940",NA,-3,32823.6884905384,0.0503417006875141,"3","1"
"COG1944",-3,NA,1110.16289774306,1.08814834164293,"2","2"
"COG1967",NA,-3,2434.69310989277,0.796352631263802,"2","2"
"COG1984",-3,NA,23873.3982657904,0.0563326206421994,"3","1"
"COG1990",-3,NA,2267.20220406981,0.729880856654108,"2","2"
"COG1993",-3,NA,26.1577107106469,3.79101654498642,"1","3"
"COG1999",-3,NA,28768.8503812773,0.0535250520363316,"3","1"
"COG2010",-3,NA,19774.5116263159,0.0552182405235103,"3","1"
"COG2018",-3,NA,7.82910545018525,3.72642363749501,"1","3"
"COG2040",-3,NA,25776.7516460198,0.0685369354592956,"3","1"
"COG2046",NA,-3,21251.9894360877,0.149402232874625,"3","1"
"COG2053",NA,-3,1138.41952783569,0.912413435996648,"2","2"
"COG2054",-3,NA,292.569602714221,0.397283105961708,"1","2"
"COG2068",-3,NA,10040.7874949369,0.080622822917468,"3","1"
"COG2077",NA,-3,1649.24548106703,0.318582861754879,"2","2"
"COG2124",-3,NA,55917.5368258352,0.101354095429662,"3","1"
"COG2138",-3,NA,10747.5415712674,0.320128189064444,"3","2"
"COG2140",-3,NA,366.457440288609,0.45287211780876,"1","2"
"COG2152",-3,NA,832.308786706352,0.986936197064198,"2","2"
"COG2154",-3,NA,16534.8558537043,0.0565993629058981,"3","1"
"COG2180",-3,NA,408.153319831277,3.04700805612781,"1","3"
"COG2189",NA,-3,5950.95191581471,0.241307638002542,"2","2"
"COG2203",NA,-3,20588.6767248093,0.403278897139578,"3","2"
"COG2205",NA,-3,2363.96096193199,1.37000877887095,"2","3"
"COG2212",NA,-3,178.850042670548,1.48179079555101,"1","3"
"COG2213",-3,NA,3629.37795504035,1.08172568103443,"2","2"
"COG2225",-3,NA,63520.36076483,0.0845457883682394,"3","1"
"COG2230",-3,NA,63034.3409982516,0.146033390172372,"3","1"
"COG2237",-3,NA,5966.76048532508,1.01422833494142,"2","2"
"COG2260",-3,NA,109.222317803568,2.45183370731086,"1","3"
"COG2265",NA,-3,21708.8893895503,0.0988556441387012,"3","1"
"COG2267",-3,NA,13818.0547516561,0.162479566812395,"3","1"
"COG2301",-3,NA,24341.5477526263,0.0811324171648168,"3","1"
"COG2310",-3,NA,418.067145711114,1.01737931515223,"1","2"
"COG2313",NA,-3,6192.33136311045,0.165448045344366,"2","1"
"COG2316",-3,NA,1005.84400648832,1.38081774302744,"2","3"
"COG2339",NA,-3,3789.31495948003,0.113506360567917,"2","1"
"COG2344",-3,NA,2965.59374026943,0.527161414091907,"2","2"
"COG2348",-3,NA,462.134283737014,0.370241946233628,"1","2"
"COG2351",NA,-3,6006.43488273187,0.0588436525405887,"2","1"
"COG2358",-3,NA,21701.4541812679,0.0480000773841496,"3","1"
"COG2374",-3,NA,17660.4779494024,0.151382345087654,"3","1"
"COG2389",NA,-3,393.305027026658,2.54487650716934,"1","3"
"COG2403",-3,NA,394.568030851097,6.49995439230281,"1","3"
"COG2425",-3,NA,292.252237058199,1.21721530705775,"1","3"
"COG2430",-3,NA,54.1688286716396,8.97337319521238,"1","3"
"COG2452",-3,NA,176.283836056374,1.90346904274337,"1","3"
"COG2522",NA,-3,693.854110258245,0.81995534801175,"1","2"
"COG2603",-3,NA,11776.4388477576,0.251252973650421,"3","2"
"COG2607",NA,-3,3848.87288830213,0.191900640491103,"2","1"
"COG2608",-3,NA,461.193465044668,0.984652265622269,"1","2"
"COG2703",-3,NA,476.498363360265,2.15904997462392,"1","3"
"COG2720",NA,-3,872.311944245929,0.677033582759464,"2","2"
"COG2730",-3,NA,10766.9676129208,0.161822932441173,"3","1"
"COG2731",-3,NA,91.0546662938304,1.02329574227757,"1","2"
"COG2733",NA,-3,852.426389315371,1.64156416775174,"2","3"
"COG2804",NA,-3,43224.8552307531,0.0637901721188704,"3","1"
"COG2813",NA,-3,4928.96853558418,0.498149396467549,"2","2"
"COG2815",NA,-3,6150.94913223939,0.678565397874481,"2","2"
"COG2829",-3,NA,1166.0747216688,1.63933986416301,"2","3"
"COG2844",NA,-3,33746.3595408577,0.0337407769033239,"3","1"
"COG2848",-3,NA,360.099083609673,0.721589642541382,"1","2"
"COG2859",-3,NA,2736.99200431392,0.635834957806791,"2","2"
"COG2862",-3,NA,2172.12498467047,0.1759946388345,"2","1"
"COG2869",NA,-3,9693.11432233723,0.186240206848982,"3","1"
"COG2893",NA,-3,1215.10522697747,0.14780191728644,"2","1"
"COG2899",NA,-3,822.803091509131,0.757128099471166,"2","2"
"COG2925",NA,-3,40051.2605061179,0.140388850027727,"3","1"
"COG2927",-3,NA,2518.88511546019,0.0926741039658412,"2","1"
"COG2933",-3,NA,1293.66340741051,1.35655213520173,"2","3"
"COG2942",-3,NA,2565.15075653882,0.248532734412144,"2","2"
"COG2960",-3,NA,1250.77639842015,0.191702687008871,"2","1"
"COG2975",-3,NA,1235.3996432652,0.324431753591298,"2","2"
"COG2983",-3,NA,2412.2259981534,0.249393129625992,"2","2"
"COG3007",NA,-3,2201.31822572805,0.633215520990057,"2","2"
"COG3015",NA,-3,50.3116080396538,2.27039934530483,"1","3"
"COG3024",-3,NA,776.053139342954,0.290094436985965,"2","2"
"COG3043",NA,-3,47.3829695254093,3.41856140194649,"1","3"
"COG3057",NA,-3,230.208254819763,2.24941391660107,"1","3"
"COG3089",NA,-3,352.86898364245,0.764592159256732,"1","2"
"COG3092",NA,-3,268.428439201271,2.28663859776757,"1","3"
"COG3099",NA,-3,18.2512415782697,4.74098312122164,"1","3"
"COG3114",-3,NA,27.3336886377015,2.01573149707975,"1","3"
"COG3141",NA,-3,315.802855462491,2.06898223486008,"1","3"
"COG3143",NA,-3,749.947789125394,1.83162203400485,"2","3"
"COG3152",-3,NA,6582.68256330953,0.0630910561645117,"2","1"
"COG3154",-3,NA,171.044180941701,2.25548713991507,"1","3"
"COG3170",-3,NA,2913.39940313206,0.824749408988301,"2","2"
"COG3173",-3,NA,31082.4581389607,0.0538335381249956,"3","1"
"COG3174",NA,-3,340.321715433313,1.2009120093691,"1","3"
"COG3175",NA,-3,15517.0296144395,0.22441989474536,"3","2"
"COG3176",NA,-3,15675.1695346267,0.233268437288049,"3","2"
"COG3183",-3,NA,585.110748680108,0.355588694142188,"1","2"
"COG3188",NA,-3,853.065009724132,1.7870653968248,"2","3"
"COG3208",NA,-3,763.922188689119,0.599949192151286,"2","2"
"COG3215",-3,NA,247.90183144712,0.782955202659415,"1","2"
"COG3242",-3,NA,95.3699545320752,0.705793810854877,"1","2"
"COG3252",NA,-3,1172.53136245843,0.218340428873596,"2","2"
"COG3254",NA,-3,1500.69323670118,0.102817354944109,"2","1"
"COG3300",-3,NA,2676.377219307,1.61010792730842,"2","3"
"COG3302",-3,NA,1808.40318398799,0.857739604709078,"2","2"
"COG3316",NA,-3,1682.56920806981,1.0935959625377,"2","2"
"COG3336",-3,NA,4585.47078630928,0.386092553096816,"2","2"
"COG3338",-3,NA,411.037062937517,0.408673060411569,"1","2"
"COG3347",NA,-3,20987.5844925279,0.0960583167015268,"3","1"
"COG3354",-3,NA,17.5086266132256,5.09733619803189,"1","3"
"COG3358",-3,NA,1918.6671837222,0.330134110653044,"2","2"
"COG3359",-3,NA,420.40369870744,0.986350861191411,"1","2"
"COG3394",-3,NA,2538.87796870639,0.240133677957249,"2","2"
"COG3408",-3,NA,1838.04320974173,0.855215191090807,"2","2"
"COG3414",-3,NA,10.2833015001026,3.93375716139782,"1","3"
"COG3431",NA,-3,327.033076746098,2.17242399746033,"1","3"
"COG3444",NA,-3,11.764914472592,5.8521007528356,"1","3"
"COG3449",NA,-3,353.534376876945,1.99550622129503,"1","3"
"COG3468",-3,NA,706.164887059489,0.565564810691009,"1","2"
"COG3486",NA,-3,198.752681561104,1.77543025572561,"1","3"
"COG3498",NA,-3,54.4012999750579,2.59962731650071,"1","3"
"COG3506",-3,NA,47.596469582622,1.54049252761529,"1","3"
"COG3522",-3,NA,688.11064131885,0.668590283510098,"1","2"
"COG3556",NA,-3,2723.42226890821,1.32672521485193,"2","3"
"COG3559",-3,NA,21.6066387359271,4.82277723477852,"1","3"
"COG3579",NA,-3,8809.66418399528,0.168974143102629,"2","1"
"COG3588",NA,-3,40424.2920295162,0.0919914262858326,"3","1"
"COG3616",NA,-3,11179.2978298281,0.107728909450514,"3","1"
"COG3620",-3,NA,1825.5948639753,1.16967049367462,"2","3"
"COG3663",-3,NA,849.30251831081,0.678341784084332,"2","2"
"COG3677",-3,NA,850.435716657449,1.86348344460142,"2","3"
"COG3693",NA,-3,6449.37704447035,0.525198607267767,"2","2"
"COG3705",-3,NA,31061.0232085947,0.195764325452751,"3","1"
"COG3719",NA,-3,212.779786342481,0.80598978838732,"1","2"
"COG3736",-3,NA,76.0619313612146,1.58105195614273,"1","3"
"COG3794",NA,-3,21205.4888539986,0.170351146967853,"3","1"
"COG3820",-3,NA,12703.9546823996,0.192400228778648,"3","1"
"COG3828",-3,NA,6422.60614644268,0.156841083401062,"2","1"
"COG3835",NA,-3,154.051366908913,2.62537107143887,"1","3"
"COG3847",NA,-3,3.67787597573735,3.8194521154979,"1","3"
"COG3858",-3,NA,3959.71617323167,0.426184392672286,"2","2"
"COG3875",NA,-3,5204.70580719278,1.12971531008904,"2","2"
"COG3885",-3,NA,7.06563743501995,7.8423072764941,"1","3"
"COG3914",-3,NA,25712.7687614243,0.108678187834773,"3","1"
"COG3934",NA,-3,1128.76251925931,1.08769259198859,"2","2"
"COG3959",NA,-3,17001.1085461188,0.1125312974046,"3","1"
"COG3977",NA,-3,1537.01831345391,0.933195350044802,"2","2"
"COG4001",NA,-3,3.16103031286909,11.8810529801887,"1","3"
"COG4091",NA,-3,9895.31869059925,0.245510722170293,"3","2"
"COG4095",-3,NA,1561.66540465727,0.405859806832106,"2","2"
"COG4104",-3,NA,428.100817944042,0.485340892457442,"1","2"
"COG4115",NA,-3,250.750595784371,0.9347218231848,"1","2"
"COG4120",NA,-3,102.530690062033,1.76167563651135,"1","3"
"COG4126",-3,NA,4204.77669280616,0.20350036596123,"2","1"
"COG4133",-3,NA,9138.2308047682,0.0938074680904001,"2","1"
"COG4149",NA,-3,4273.34617752586,0.201053667662156,"2","1"
"COG4198",NA,-3,15742.1991621076,0.166864807277448,"3","1"
"COG4199",-3,NA,7.18017969249107,2.59267912309463,"1","3"
"COG4221",NA,-3,19169.119756911,0.111344574167814,"3","1"
"COG4239",NA,-3,8711.91551837627,0.0721383578952755,"2","1"
"COG4243",-3,NA,6816.54873803772,1.29814325289199,"2","3"
"COG4246",NA,-3,784.851622806602,0.402321827120444,"2","2"
"COG4288",-3,NA,143.00989340634,1.03072203114722,"1","2"
"COG4290",-3,NA,5.71870169955426,3.19550869679808,"1","3"
"COG4333",NA,-3,4775.51189498602,0.403103719445127,"2","2"
"COG4335",-3,NA,140.921670652545,1.16457177607041,"1","3"
"COG4339",NA,-3,405.485795373112,0.668357502155055,"1","2"
"COG4379",NA,-3,28.2523054312193,2.47354827462961,"1","3"
"COG4384",NA,-3,11.3192716576173,2.63717817225325,"1","3"
"COG4399",NA,-3,1103.16970121849,0.783859726560299,"2","2"
"COG4448",-3,NA,15864.3274043389,0.146685954028595,"3","1"
"COG4531",NA,-3,16789.9947274461,0.339796599634495,"3","2"
"COG4564",NA,-3,1181.72811394989,1.50224116001596,"2","3"
"COG4569",-3,NA,1376.33894199638,0.33064144371423,"2","2"
"COG4572",NA,-3,12.8327884340616,2.3774925626865,"1","3"
"COG4583",-3,NA,10414.0146205489,0.153452163283888,"3","1"
"COG4591",NA,-3,66736.6427588484,0.0458772834554939,"3","1"
"COG4619",NA,-3,562.148275869709,0.994306757657899,"1","2"
"COG4625",-3,NA,2657.73645406734,0.349525266170065,"2","2"
"COG4636",NA,-3,100.271460040512,1.75440297167686,"1","3"
"COG4650",-3,NA,153.691941688784,2.12563898888367,"1","3"
"COG4659",-3,NA,1370.32475250361,0.956084699256662,"2","2"
"COG4674",NA,-3,6419.72015701035,0.401864954590406,"2","2"
"COG4696",-3,NA,165.061076709689,1.04853615018586,"1","2"
"COG4711",-3,NA,3.97821591094822,6.36729676990861,"1","3"
"COG4724",NA,-3,57.7197276545477,2.72218826683017,"1","3"
"COG4729",NA,-3,29.7729039276611,2.43381887841932,"1","3"
"COG4736",NA,-3,101.408785640662,1.96681128163912,"1","3"
"COG4744",NA,-3,16.2060452127685,2.53342324284782,"1","3"
"COG4745",-3,NA,1515.94072034425,1.72304554704765,"2","3"
"COG4753",-3,NA,3445.44290563147,0.993744050498284,"2","2"
"COG4757",NA,-3,824.693208630469,1.48840481001926,"2","3"
"COG4775",-3,NA,96627.5883736579,0.0559707858398726,"3","1"
"COG4784",NA,-3,5028.84636451932,0.0874189173298906,"2","1"
"COG4796",NA,-3,20550.1631725508,0.0732026652367776,"3","1"
"COG4799",NA,-3,86568.0253837909,0.0319283603696149,"3","1"
"COG4809",NA,-3,19.5185890079301,2.26549242287155,"1","3"
"COG4813",-3,NA,1103.19617354382,0.368545676774289,"2","2"
"COG4829",NA,-3,75.2014221844166,1.31726224134983,"1","3"
"COG4833",NA,-3,149.656963206921,2.90982338536578,"1","3"
"COG4834",-3,NA,91.1864361878296,3.31674360118693,"1","3"
"COG4843",-3,NA,1442.06202857848,0.683582273099586,"2","2"
"COG4845",-3,NA,202.843723615503,2.21238762499555,"1","3"
"COG4848",-3,NA,14.4564484443596,2.51902878162312,"1","3"
"COG4850",NA,-3,706.292218685269,1.48309532700091,"1","3"
"COG4861",NA,-3,312.658690194806,2.28327644195722,"1","3"
"COG4866",-3,NA,138.001575351511,2.65566466081858,"1","3"
"COG4875",-3,NA,1238.74963010333,0.662138104745339,"2","2"
"COG4886",NA,-3,26933.1378061396,0.228953844306917,"3","2"
"COG4892",NA,-3,5.20939573934339,3.4507168053275,"1","3"
"COG4898",-3,NA,298.036862604834,0.974824438659554,"1","2"
"COG4910",-3,NA,53.2992663026749,1.47974406174687,"1","3"
"COG4928",-3,NA,2612.61416951499,0.317652451843234,"2","2"
"COG4957",-3,NA,457.712591294083,0.731379152482564,"1","2"
"COG4967",NA,-3,137.790441529076,1.83594103651067,"1","3"
"COG4982",-3,NA,19.4814168499727,1.87339378570473,"1","3"
"COG4989",-3,NA,3676.86014877025,0.326214962450919,"2","2"
"COG4999",NA,-3,9.05969539748631,3.92658568617518,"1","3"
"COG5029",-3,NA,354.951017919468,1.33474136110696,"1","3"
"COG5056",-3,NA,22.4330978042235,3.32033232759291,"1","3"
"COG5065",NA,-3,21.4785087868796,3.57588190045912,"1","3"
"COG5095",-3,NA,132.229451408056,2.63835921231224,"1","3"
"COG5104",NA,-3,146.560231195402,3.64762712250732,"1","3"
"COG5118",-3,NA,84.2316122517435,2.86626684090562,"1","3"
"COG5126",-3,NA,2508.61429377515,1.33258684025775,"2","3"
"COG5137",-3,NA,58.4627484226688,2.7334862425087,"1","3"
"COG5141",NA,-3,962.466012581448,2.90071095040577,"2","3"
"COG5146",NA,-3,280.826194606605,2.26909259487304,"1","3"
"COG5149",-3,NA,4.44957264495931,12.8767789430812,"1","3"
"COG5156",NA,-3,102.109753020648,2.97886240766747,"1","3"
"COG5173",NA,-3,26.3158895078397,4.5036294998443,"1","3"
"COG5180",-3,NA,95.9163728340739,3.56585619462771,"1","3"
"COG5196",-3,NA,167.87252149978,2.75058682102964,"1","3"
"COG5200",-3,NA,73.1423544273587,3.34364770905571,"1","3"
"COG5204",NA,-3,22.8816366125968,3.5627849919614,"1","3"
"COG5214",-3,NA,126.086276449456,2.72142151459012,"1","3"
"COG5217",-3,NA,113.525802288811,3.23966125650646,"1","3"
"COG5226",-3,NA,2391.54958338976,1.38893291178467,"2","3"
"COG5227",NA,-3,116.298004058444,3.02552323382488,"1","3"
"COG5234",NA,-3,472.843611287569,2.63276895252296,"1","3"
"COG5246",-3,NA,70.9590246776899,2.69960214669124,"1","3"
"COG5276",-3,NA,7062.18527283599,0.331153292212268,"2","2"
"COG5282",NA,-3,2150.83865910448,1.19352393853262,"2","3"
"COG5338",-3,NA,190.780509976134,1.46905205014193,"1","3"
"COG5339",NA,-3,68.0873280961046,2.17692561856149,"1","3"
"COG5387",-3,NA,1892.32219414239,0.315140084782784,"2","2"
"COG5427",NA,-3,4506.42276490924,1.82849830177945,"2","3"
"COG5432",-3,NA,46.2308892604847,6.36255827556554,"1","3"
"COG5439",NA,-3,6.5691933212512,3.04503263122102,"1","3"
"COG5446",-3,NA,890.3937264328,0.818101725924898,"2","2"
"COG5450",-3,NA,5.25083300876406,3.83304407841974,"1","3"
"COG5455",NA,-3,8.44644448201718,3.94455580810062,"1","3"
"COG5456",-3,NA,211.509433500731,1.55735151238026,"1","3"
"COG5472",NA,-3,40.5954034353975,0.951154074285991,"1","2"
"COG5473",-3,NA,649.66629800616,1.49501584003292,"1","3"
"COG5478",NA,-3,9.92746464851872,4.80527867693118,"1","3"
"COG5480",NA,-3,81.4033189376513,0.963904869530858,"1","2"
"COG5484",NA,-3,118.701920854418,2.21248944379043,"1","3"
"COG5486",-3,NA,2917.84559728546,0.117820265667357,"2","1"
"COG5496",NA,-3,713.831163694524,0.699994617202586,"1","2"
"COG5499",NA,-3,193.918807736398,1.37399996890089,"1","3"
"COG5514",NA,-3,178.09322581441,1.87092609530688,"1","3"
"COG5525",NA,-3,3003.23172936827,0.507899963962344,"2","2"
"COG5529",NA,-3,7.74240713529074,3.23377651116847,"1","3"
"COG5532",NA,-3,48.6273627558065,2.48001141436725,"1","3"
"COG5535",-3,NA,154.480160105603,3.06435230451409,"1","3"
"COG5549",-3,NA,435.296746844955,3.14232326590449,"1","3"
"COG5573",NA,-3,113.706587186356,1.02468779510502,"1","2"
"COG5588",NA,-3,3338.52797941586,0.147482053038173,"2","1"
"COG5596",-3,NA,189.74815989634,2.86963158024997,"1","3"
"COG5602",NA,-3,409.206183647029,1.26447872171428,"1","3"
"COG5639",-3,NA,104.306146850469,1.35088818717511,"1","3"
"COG5655",NA,-3,154.301883930864,1.71661031075333,"1","3"
"COG5656",NA,-3,296.567009291553,2.90937982926268,"1","3"
