"","DOF014","NOF005","DLF003","DLM002","NLM029","NLF015"
"COG0001",152,72,62,107,107,46
"COG0002",220,215,213,187,203,202
"COG0003",58,65,3,31,10,34
"COG0004",256,269,333,293,301,227
"COG0005",89,100,167,146,118,114
"COG0006",633,621,578,545,512,627
"COG0007",71,60,31,78,103,39
"COG0008",692,675,950,752,735,571
"COG0009",269,276,227,260,267,253
"COG0010",69,71,47,65,66,115
"COG0011",10,3,2,2,7,1
"COG0012",270,223,325,258,330,220
"COG0013",541,564,639,537,668,627
"COG0014",177,167,130,209,251,283
"COG0015",355,330,357,327,339,222
"COG0016",288,251,263,248,280,250
"COG0017",275,411,323,270,261,307
"COG0018",300,301,278,412,414,433
"COG0019",437,508,497,559,480,331
"COG0020",126,108,169,210,196,133
"COG0021",193,179,261,280,270,237
"COG0022",23,64,17,46,43,198
"COG0023",71,40,8,28,28,57
"COG0024",249,234,333,347,403,306
"COG0025",98,45,80,53,99,23
"COG0026",21,5,3,6,6,3
"COG0027",140,73,131,82,62,107
"COG0028",478,551,487,491,535,569
"COG0029",217,173,171,250,215,311
"COG0030",265,307,315,334,394,160
"COG0031",334,307,320,227,219,221
"COG0033",32,1,1,0,1,4
"COG0034",421,436,591,458,481,538
"COG0035",192,226,247,232,168,197
"COG0036",240,195,259,228,240,133
"COG0037",568,567,583,563,549,425
"COG0038",427,416,333,333,313,505
"COG0039",342,310,251,348,295,369
"COG0040",191,196,201,150,120,134
"COG0041",134,141,135,108,126,99
"COG0042",339,372,338,330,465,373
"COG0043",11,22,13,51,62,40
"COG0044",352,350,344,224,222,213
"COG0045",49,13,18,29,6,63
"COG0046",424,405,462,604,695,621
"COG0047",560,501,601,412,400,264
"COG0048",92,75,139,104,117,60
"COG0049",175,150,180,167,193,124
"COG0050",308,366,413,334,304,294
"COG0051",126,139,119,104,125,79
"COG0052",128,98,152,194,231,148
"COG0053",207,257,252,259,271,155
"COG0054",114,124,155,72,86,57
"COG0055",332,367,425,383,540,299
"COG0056",362,433,467,418,557,350
"COG0057",264,252,379,274,273,239
"COG0058",658,676,709,486,550,290
"COG0059",239,246,219,177,241,234
"COG0060",631,568,832,625,732,511
"COG0061",206,164,217,216,197,184
"COG0062",234,156,294,247,203,122
"COG0063",241,205,319,271,243,199
"COG0064",211,112,194,159,236,69
"COG0065",282,246,274,241,329,341
"COG0066",139,130,120,127,138,131
"COG0067",421,540,564,543,573,554
"COG0068",33,65,27,61,26,22
"COG0069",428,588,583,528,539,586
"COG0070",415,554,554,448,527,519
"COG0071",192,221,267,145,127,79
"COG0072",393,378,572,485,526,389
"COG0073",845,785,936,831,980,708
"COG0074",28,29,28,40,14,78
"COG0075",136,122,67,134,113,146
"COG0076",89,133,31,50,59,186
"COG0077",173,152,192,163,200,202
"COG0078",290,328,218,253,268,252
"COG0079",584,468,378,423,518,356
"COG0080",129,133,208,145,146,87
"COG0081",187,225,250,211,217,169
"COG0082",199,174,202,229,216,193
"COG0083",53,31,22,57,25,24
"COG0084",320,255,284,231,283,272
"COG0085",758,983,1188,863,961,765
"COG0086",766,727,1191,803,972,816
"COG0087",153,225,221,153,209,127
"COG0088",132,137,156,193,208,123
"COG0089",100,137,150,117,117,62
"COG0090",142,179,311,244,294,137
"COG0091",135,139,165,145,123,83
"COG0092",178,155,230,185,219,98
"COG0093",96,95,165,118,139,62
"COG0094",196,177,231,150,176,95
"COG0095",38,42,39,88,31,90
"COG0096",94,121,171,135,149,57
"COG0097",152,157,261,174,161,115
"COG0098",142,166,214,108,144,82
"COG0099",139,124,156,93,86,63
"COG0100",123,87,181,129,124,54
"COG0101",269,254,285,252,313,152
"COG0102",132,112,178,145,158,80
"COG0103",103,125,191,141,139,92
"COG0104",296,373,429,318,400,268
"COG0105",22,42,45,29,51,30
"COG0106",192,176,160,137,156,117
"COG0107",167,205,191,185,160,132
"COG0108",226,268,277,224,267,283
"COG0109",0,0,1,0,0,2
"COG0110",751,734,514,812,545,851
"COG0111",435,396,338,376,388,379
"COG0112",220,228,352,315,300,211
"COG0113",53,29,19,53,52,24
"COG0114",49,21,13,7,5,14
"COG0115",345,295,303,334,338,287
"COG0116",158,202,229,192,211,107
"COG0117",183,148,193,127,146,152
"COG0118",148,123,150,121,111,107
"COG0119",370,384,394,594,838,491
"COG0120",35,28,9,19,23,36
"COG0121",1,2,0,1,0,2
"COG0122",76,87,95,71,68,42
"COG0123",2,2,1,11,15,12
"COG0124",312,306,414,325,346,318
"COG0125",74,59,87,67,98,66
"COG0126",222,233,327,292,328,225
"COG0127",153,145,217,178,157,102
"COG0128",193,252,247,224,256,185
"COG0129",404,420,395,323,339,407
"COG0130",198,155,233,168,215,122
"COG0131",178,153,145,156,152,168
"COG0132",61,65,20,51,50,104
"COG0133",191,160,186,198,137,198
"COG0134",144,136,134,162,125,124
"COG0135",80,67,124,101,88,54
"COG0136",222,165,249,230,258,168
"COG0137",282,281,318,283,251,269
"COG0138",359,348,368,363,347,456
"COG0139",168,168,151,172,151,102
"COG0140",142,129,135,128,91,117
"COG0141",249,227,235,133,138,155
"COG0142",332,320,440,371,238,296
"COG0143",396,416,509,425,528,395
"COG0144",346,331,378,382,406,213
"COG0145",11,20,24,13,25,23
"COG0146",1,0,4,7,4,1
"COG0147",334,311,254,335,227,310
"COG0148",287,285,353,329,441,428
"COG0149",184,172,174,148,170,147
"COG0150",238,234,250,231,249,204
"COG0151",227,216,266,263,232,231
"COG0152",230,209,226,236,203,188
"COG0153",308,308,305,284,267,228
"COG0154",114,77,122,155,248,73
"COG0155",7,21,9,3,12,15
"COG0156",396,633,209,269,204,497
"COG0157",215,180,208,184,151,202
"COG0158",5,5,5,3,3,3
"COG0159",126,157,158,139,129,122
"COG0160",33,17,79,127,79,9
"COG0161",131,157,27,92,85,248
"COG0162",215,266,387,267,304,319
"COG0163",9,17,9,22,21,15
"COG0164",163,162,251,150,179,125
"COG0165",279,227,350,312,264,289
"COG0166",354,359,276,354,370,303
"COG0167",417,309,249,269,313,331
"COG0168",719,685,670,634,605,627
"COG0169",232,239,258,233,218,162
"COG0170",0,1,0,0,4,0
"COG0171",305,309,461,356,355,336
"COG0172",301,281,398,336,347,244
"COG0173",420,386,535,440,643,367
"COG0174",240,200,209,193,237,194
"COG0175",343,205,127,192,186,123
"COG0176",154,141,93,109,93,128
"COG0177",172,167,176,160,175,160
"COG0178",935,755,1038,875,815,900
"COG0179",124,77,114,81,42,74
"COG0180",284,258,329,268,291,211
"COG0181",51,50,33,61,73,27
"COG0182",29,30,28,41,35,23
"COG0183",36,138,123,110,214,77
"COG0184",94,95,93,85,87,69
"COG0185",81,94,135,91,112,63
"COG0186",53,50,86,104,110,41
"COG0187",801,909,971,820,940,697
"COG0188",931,1010,1289,973,1008,754
"COG0189",12,32,13,27,37,37
"COG0190",210,217,284,191,234,256
"COG0191",221,288,301,342,320,227
"COG0192",311,330,455,323,323,280
"COG0193",115,83,117,142,148,120
"COG0194",179,233,269,280,216,130
"COG0195",274,266,393,294,339,256
"COG0196",200,181,210,218,231,162
"COG0197",155,154,183,154,196,130
"COG0198",101,87,141,135,103,61
"COG0199",69,44,87,67,48,43
"COG0200",151,146,177,142,146,82
"COG0201",337,402,492,370,401,232
"COG0202",273,275,302,273,257,168
"COG0203",131,116,160,137,171,77
"COG0204",346,403,403,364,384,508
"COG0205",754,905,676,750,762,786
"COG0206",314,271,413,294,329,258
"COG0207",159,191,188,132,147,205
"COG0208",76,101,27,60,67,63
"COG0209",310,280,190,120,192,291
"COG0210",1248,830,1332,1343,914,504
"COG0211",66,62,98,77,82,34
"COG0212",138,138,149,154,118,124
"COG0213",56,69,108,68,157,23
"COG0214",56,45,126,111,103,30
"COG0215",333,310,372,345,326,281
"COG0216",217,212,289,245,282,235
"COG0217",223,172,241,173,210,164
"COG0218",98,121,184,177,133,93
"COG0219",70,83,117,91,101,32
"COG0220",189,183,187,165,191,159
"COG0221",58,38,54,34,38,11
"COG0222",72,83,146,99,143,59
"COG0223",239,200,276,229,284,193
"COG0224",243,257,265,249,329,203
"COG0225",115,73,29,62,28,102
"COG0226",214,241,221,261,258,347
"COG0227",46,22,38,52,22,34
"COG0228",74,56,90,90,79,67
"COG0229",55,15,9,35,7,55
"COG0230",43,44,20,21,26,36
"COG0231",173,147,197,151,183,148
"COG0232",285,250,341,268,287,170
"COG0233",183,151,194,164,202,161
"COG0234",102,78,101,112,90,61
"COG0235",324,253,257,296,206,290
"COG0236",146,156,133,118,120,67
"COG0237",107,86,114,150,169,90
"COG0238",61,52,84,90,77,28
"COG0239",58,48,14,35,38,41
"COG0240",250,197,268,245,252,232
"COG0241",141,134,157,108,113,206
"COG0242",194,177,293,259,214,129
"COG0243",87,79,62,58,59,137
"COG0244",121,112,125,98,143,91
"COG0245",175,154,144,145,154,118
"COG0246",277,279,425,469,232,383
"COG0247",259,119,149,95,122,126
"COG0248",145,139,186,185,161,175
"COG0249",638,667,700,709,800,645
"COG0250",187,186,220,196,220,121
"COG0251",264,236,213,181,239,271
"COG0252",362,312,236,271,257,351
"COG0253",198,198,227,187,212,165
"COG0254",69,35,43,52,62,32
"COG0255",51,39,48,39,50,9
"COG0256",125,114,180,130,152,75
"COG0257",7,8,11,10,3,4
"COG0258",476,460,458,497,530,381
"COG0259",48,33,5,19,28,70
"COG0260",12,15,4,21,8,31
"COG0261",123,87,153,98,97,61
"COG0262",167,175,151,167,122,155
"COG0263",204,223,162,164,200,199
"COG0264",253,260,281,248,261,158
"COG0265",375,366,446,340,484,323
"COG0266",26,45,29,42,57,52
"COG0267",26,26,32,51,21,25
"COG0268",40,30,41,49,45,9
"COG0269",0,0,1,4,2,2
"COG0270",761,376,1602,1065,368,380
"COG0272",449,438,529,468,554,357
"COG0274",181,158,214,191,141,148
"COG0275",241,300,344,276,259,242
"COG0276",3,2,1,1,1,1
"COG0277",160,149,86,81,201,109
"COG0278",0,2,0,0,0,0
"COG0279",43,27,43,43,44,47
"COG0280",621,579,536,454,514,730
"COG0281",339,418,295,297,355,382
"COG0282",211,238,377,204,226,132
"COG0283",156,145,192,189,179,117
"COG0284",210,216,207,207,215,185
"COG0285",293,295,364,345,359,198
"COG0286",628,561,695,742,887,483
"COG0287",135,143,136,160,199,124
"COG0288",79,49,60,58,36,72
"COG0289",231,219,242,195,196,228
"COG0290",173,135,173,170,193,97
"COG0291",47,45,51,56,59,41
"COG0292",106,97,149,141,91,50
"COG0293",2,0,1,3,1,2
"COG0294",148,125,153,79,65,68
"COG0295",103,101,170,127,131,73
"COG0296",585,590,684,611,661,440
"COG0297",293,311,278,302,297,194
"COG0298",8,3,7,16,2,1
"COG0299",141,189,112,114,141,117
"COG0300",167,198,165,169,182,171
"COG0301",102,140,163,160,161,60
"COG0302",147,105,177,104,128,109
"COG0303",35,97,58,100,73,70
"COG0304",434,448,463,385,436,508
"COG0305",456,396,466,436,353,485
"COG0306",67,81,16,53,22,127
"COG0307",103,141,145,110,106,138
"COG0308",71,36,20,36,17,61
"COG0309",41,51,61,84,91,29
"COG0310",13,12,13,22,13,9
"COG0311",35,27,88,82,82,15
"COG0312",143,98,42,81,86,148
"COG0313",332,278,269,235,260,216
"COG0314",4,2,1,1,1,8
"COG0315",23,43,23,35,28,29
"COG0316",6,5,1,3,2,6
"COG0317",714,613,907,678,616,690
"COG0318",418,531,542,242,378,427
"COG0319",123,148,193,169,166,100
"COG0320",116,109,33,54,31,123
"COG0321",74,46,12,34,37,108
"COG0322",388,357,450,417,509,390
"COG0323",302,300,388,313,375,249
"COG0324",392,297,370,280,285,307
"COG0325",189,181,180,177,157,117
"COG0326",448,499,488,429,489,441
"COG0327",161,115,131,125,110,113
"COG0328",66,47,126,105,44,18
"COG0329",331,445,348,434,357,412
"COG0330",268,255,297,339,551,157
"COG0331",291,244,232,207,250,219
"COG0332",254,524,279,323,382,375
"COG0333",51,30,44,31,30,14
"COG0334",464,481,408,387,408,479
"COG0335",101,99,131,129,111,64
"COG0336",198,158,245,190,193,104
"COG0337",216,215,240,250,234,159
"COG0338",261,168,119,154,129,132
"COG0339",455,385,356,369,224,538
"COG0340",192,200,245,224,279,175
"COG0341",123,179,138,154,154,221
"COG0342",266,326,490,428,494,486
"COG0343",254,241,309,299,295,256
"COG0344",76,117,121,133,120,45
"COG0345",205,198,194,155,157,186
"COG0346",354,329,134,239,162,268
"COG0347",200,223,248,266,282,116
"COG0348",168,242,175,218,230,216
"COG0349",22,2,3,0,1,1
"COG0350",144,158,149,135,135,142
"COG0351",246,195,307,233,198,212
"COG0352",208,201,175,179,205,128
"COG0353",179,169,269,154,183,171
"COG0354",3,2,1,1,0,4
"COG0355",74,58,78,88,118,51
"COG0356",202,259,245,258,315,227
"COG0357",122,108,129,172,162,129
"COG0358",644,621,909,698,805,531
"COG0359",117,148,190,155,161,90
"COG0360",100,92,158,109,94,64
"COG0361",94,84,100,89,78,43
"COG0362",140,118,28,85,49,159
"COG0363",529,391,394,378,298,584
"COG0364",140,121,16,77,76,190
"COG0365",225,134,204,181,146,236
"COG0366",1209,1248,1606,1587,1259,909
"COG0367",292,381,330,322,348,315
"COG0368",49,72,44,71,91,66
"COG0369",4,0,3,0,0,2
"COG0370",564,628,746,758,812,398
"COG0371",104,114,94,151,153,98
"COG0372",367,387,434,411,451,250
"COG0373",66,37,43,69,64,30
"COG0374",18,12,11,48,6,41
"COG0375",32,13,24,43,23,5
"COG0376",2,2,0,0,0,8
"COG0377",45,36,85,45,33,67
"COG0378",39,29,20,102,59,36
"COG0379",226,151,188,162,157,171
"COG0380",63,86,14,30,36,153
"COG0381",326,299,261,343,267,484
"COG0382",20,5,119,54,30,13
"COG0383",499,256,192,237,315,400
"COG0384",5,3,13,8,6,5
"COG0385",103,106,121,102,102,86
"COG0386",37,64,48,26,15,54
"COG0387",1,1,0,0,0,2
"COG0388",661,609,759,650,661,637
"COG0389",390,340,479,394,457,203
"COG0390",58,35,25,30,47,67
"COG0391",16,13,65,29,38,25
"COG0392",118,64,111,72,56,31
"COG0393",77,98,76,33,114,103
"COG0394",214,262,189,198,182,173
"COG0395",941,875,739,1031,955,355
"COG0396",134,94,169,178,191,139
"COG0397",0,0,1,0,0,1
"COG0398",32,32,44,45,36,13
"COG0399",555,508,357,505,551,746
"COG0400",5,1,0,0,0,3
"COG0401",0,0,0,1,0,0
"COG0402",214,142,155,244,166,140
"COG0403",200,215,77,172,118,289
"COG0404",135,157,53,122,81,164
"COG0405",22,11,12,6,6,4
"COG0406",291,280,306,304,336,156
"COG0407",50,67,22,33,18,55
"COG0408",0,0,0,0,0,1
"COG0409",18,25,17,49,20,14
"COG0410",103,79,113,93,105,66
"COG0411",103,78,83,74,108,65
"COG0412",0,3,0,0,0,7
"COG0413",109,108,155,129,122,178
"COG0414",142,136,193,152,155,185
"COG0415",0,2,1,0,0,3
"COG0416",106,124,146,152,208,76
"COG0417",0,3,0,0,0,3
"COG0418",0,0,2,0,0,2
"COG0419",267,315,605,448,316,476
"COG0420",203,292,419,336,410,233
"COG0421",62,79,53,81,83,55
"COG0422",191,301,292,226,238,279
"COG0423",286,372,406,333,353,288
"COG0424",178,147,190,161,168,125
"COG0425",102,205,56,112,106,265
"COG0426",297,339,341,311,300,322
"COG0427",231,276,252,259,186,283
"COG0428",112,88,250,178,209,57
"COG0429",7,2,0,4,4,13
"COG0430",4,1,0,0,0,2
"COG0431",4,1,1,3,1,1
"COG0432",77,47,51,23,21,66
"COG0433",184,89,226,244,133,42
"COG0434",17,11,4,26,5,3
"COG0435",9,7,4,0,1,1
"COG0436",1349,1220,1147,1042,1061,1223
"COG0437",21,31,33,19,15,31
"COG0438",3444,3191,2607,3167,2728,3569
"COG0439",214,326,109,245,246,343
"COG0440",132,134,107,118,118,74
"COG0441",629,647,812,636,867,724
"COG0442",354,295,406,291,390,217
"COG0443",473,580,632,567,706,443
"COG0444",224,251,184,264,240,182
"COG0445",431,479,562,546,517,409
"COG0446",462,680,441,432,459,528
"COG0447",68,74,117,39,20,80
"COG0448",192,274,271,422,468,161
"COG0449",488,469,472,427,471,345
"COG0450",116,137,41,69,70,137
"COG0451",1177,1155,1229,1044,894,1642
"COG0452",272,230,263,201,329,247
"COG0454",786,734,536,696,724,693
"COG0455",20,24,24,57,81,10
"COG0456",88,108,78,107,118,74
"COG0457",1500,1332,1025,1341,1043,1745
"COG0458",749,822,1062,906,850,945
"COG0459",347,370,394,335,372,260
"COG0460",357,349,400,343,341,325
"COG0461",151,178,201,184,175,117
"COG0462",276,296,324,371,307,211
"COG0463",3151,3448,3831,3516,3100,3428
"COG0464",264,117,356,155,197,96
"COG0465",513,532,681,715,720,506
"COG0466",401,466,571,566,484,311
"COG0468",287,282,302,153,186,153
"COG0469",303,355,389,330,407,262
"COG0470",36,29,52,23,19,28
"COG0471",541,467,518,598,495,609
"COG0472",384,309,500,511,382,450
"COG0473",278,294,239,244,224,285
"COG0474",739,732,951,881,812,744
"COG0475",599,513,490,499,373,879
"COG0476",167,103,92,117,111,190
"COG0477",1999,1591,1471,1760,889,2446
"COG0479",90,94,149,62,51,129
"COG0480",1609,1509,1460,1286,1576,1316
"COG0481",403,371,528,426,476,417
"COG0482",377,355,356,339,337,483
"COG0483",100,78,38,56,52,90
"COG0484",221,272,344,262,300,200
"COG0486",324,376,390,302,337,260
"COG0488",1666,1590,1473,999,1209,1069
"COG0489",534,616,685,639,433,631
"COG0490",1,2,2,8,4,5
"COG0491",314,306,293,299,426,226
"COG0492",281,242,313,250,265,217
"COG0493",764,818,849,875,859,723
"COG0494",565,485,525,610,567,228
"COG0495",562,489,658,583,620,545
"COG0496",99,89,137,98,71,151
"COG0497",358,260,359,328,382,323
"COG0498",333,291,330,348,337,223
"COG0499",70,94,42,71,53,117
"COG0500",688,765,575,826,906,692
"COG0501",152,100,135,147,72,188
"COG0502",307,292,166,202,245,440
"COG0503",274,268,373,332,276,197
"COG0504",371,364,350,365,368,281
"COG0505",227,229,276,212,201,190
"COG0506",66,171,18,46,49,166
"COG0507",938,1121,1194,1049,1547,841
"COG0508",21,51,15,47,30,150
"COG0509",70,73,29,60,47,68
"COG0510",28,97,18,78,34,31
"COG0511",166,249,156,145,120,247
"COG0512",130,99,140,81,70,55
"COG0513",632,777,486,527,492,730
"COG0514",1054,911,887,862,636,1148
"COG0515",632,556,1411,652,1375,283
"COG0516",348,323,346,346,305,350
"COG0517",414,393,485,456,454,449
"COG0518",386,456,355,343,415,444
"COG0519",326,446,306,395,381,437
"COG0520",341,302,369,373,300,278
"COG0521",18,37,16,51,42,28
"COG0522",172,128,242,209,223,95
"COG0523",109,107,150,108,210,137
"COG0524",1156,929,946,943,832,970
"COG0525",506,508,671,505,607,383
"COG0526",664,721,608,952,668,1123
"COG0527",622,507,626,591,489,619
"COG0528",201,179,213,207,198,170
"COG0529",96,48,16,49,36,82
"COG0530",161,228,164,190,272,154
"COG0531",393,443,155,405,237,471
"COG0532",355,329,471,327,404,331
"COG0533",173,178,219,272,285,181
"COG0534",3560,3922,3285,3842,4287,3534
"COG0535",304,568,570,571,489,459
"COG0536",253,201,324,255,330,225
"COG0537",235,203,208,201,188,147
"COG0538",254,201,280,152,157,136
"COG0539",363,386,398,391,472,355
"COG0540",226,198,246,274,241,197
"COG0541",310,325,304,278,351,312
"COG0542",1209,1498,1449,1302,1426,991
"COG0543",484,511,560,460,427,544
"COG0544",391,551,571,468,458,336
"COG0545",388,285,444,342,227,371
"COG0546",381,359,427,305,238,187
"COG0547",187,172,151,153,151,195
"COG0548",208,198,198,151,168,155
"COG0549",41,87,56,65,62,37
"COG0550",1137,1427,1092,1297,1390,1817
"COG0551",131,163,182,229,244,95
"COG0552",212,184,209,187,242,152
"COG0553",891,949,897,446,774,668
"COG0554",152,220,157,158,230,238
"COG0555",24,40,10,41,77,12
"COG0556",323,381,503,393,419,316
"COG0557",279,384,629,425,487,356
"COG0558",144,128,207,182,220,109
"COG0559",104,110,125,102,116,84
"COG0560",226,159,216,143,148,174
"COG0561",751,795,620,746,627,616
"COG0562",192,216,348,324,232,208
"COG0563",205,171,257,199,220,128
"COG0564",749,699,1040,790,761,699
"COG0565",4,5,2,1,1,2
"COG0566",561,535,505,522,594,517
"COG0567",6,5,14,3,3,8
"COG0568",238,214,602,460,344,161
"COG0569",520,560,518,477,544,478
"COG0571",195,216,255,227,190,157
"COG0572",298,321,543,395,437,408
"COG0573",187,198,117,181,163,181
"COG0574",619,725,1028,730,950,774
"COG0575",227,155,291,199,226,145
"COG0576",142,137,180,156,150,112
"COG0577",1850,1901,1744,1672,1795,1387
"COG0578",39,16,6,23,11,66
"COG0579",49,56,48,73,88,53
"COG0580",74,48,23,26,39,59
"COG0581",123,119,109,152,163,173
"COG0582",3345,2550,2105,2599,2674,2020
"COG0583",986,1219,1200,1284,1213,860
"COG0584",395,328,183,273,326,564
"COG0585",0,1,0,0,0,1
"COG0586",137,100,93,74,70,116
"COG0587",751,764,939,801,925,537
"COG0588",101,115,27,50,52,113
"COG0589",427,301,301,286,193,421
"COG0590",149,149,291,201,186,139
"COG0591",482,531,477,575,568,700
"COG0592",297,316,363,425,357,280
"COG0593",139,68,82,113,109,153
"COG0594",47,74,84,92,92,19
"COG0595",179,201,385,176,247,77
"COG0596",245,218,241,285,316,137
"COG0597",70,66,106,97,127,44
"COG0598",318,284,268,249,256,339
"COG0599",134,97,108,106,172,230
"COG0600",142,136,213,156,160,102
"COG0601",356,292,199,294,224,237
"COG0602",231,218,285,226,219,170
"COG0603",108,81,141,130,86,116
"COG0604",49,6,7,1,4,8
"COG0605",80,51,50,53,58,80
"COG0606",331,318,347,320,319,291
"COG0607",258,331,247,271,231,382
"COG0608",227,205,257,373,488,364
"COG0609",260,295,240,364,439,412
"COG0610",523,488,636,640,720,498
"COG0611",56,66,47,49,35,77
"COG0612",851,719,867,761,887,1230
"COG0613",121,101,148,140,191,60
"COG0614",429,411,277,456,402,440
"COG0615",117,81,115,143,89,85
"COG0616",216,143,226,177,113,173
"COG0617",159,167,224,302,323,230
"COG0618",278,286,409,231,226,96
"COG0619",297,248,275,299,260,90
"COG0620",224,163,119,238,211,67
"COG0621",813,773,947,869,895,731
"COG0622",228,189,230,206,183,145
"COG0623",77,51,113,90,53,84
"COG0624",515,500,304,341,332,472
"COG0625",6,6,3,2,1,6
"COG0626",74,34,69,30,52,56
"COG0627",255,130,41,139,141,202
"COG0628",514,499,520,499,606,445
"COG0629",248,138,247,240,357,167
"COG0630",24,15,5,24,37,3
"COG0631",190,206,418,242,446,93
"COG0632",112,101,138,142,159,133
"COG0633",3,3,1,2,1,7
"COG0634",213,175,207,160,167,142
"COG0635",395,381,408,501,456,348
"COG0636",133,120,96,124,108,82
"COG0637",431,395,388,464,427,386
"COG0639",136,120,60,177,80,137
"COG0640",114,122,134,121,142,40
"COG0641",568,682,546,727,517,492
"COG0642",8387,8695,5778,7947,8320,11172
"COG0643",41,47,42,81,144,22
"COG0644",4,7,6,4,0,11
"COG0645",0,0,0,0,7,0
"COG0646",497,499,498,544,527,491
"COG0647",61,42,29,58,44,49
"COG0648",182,209,86,174,181,169
"COG0649",139,162,158,117,119,194
"COG0650",3,15,9,10,6,17
"COG0651",32,63,21,75,51,71
"COG0652",224,207,281,269,259,170
"COG0653",540,605,716,700,675,507
"COG0654",11,3,1,34,5,32
"COG0655",225,260,161,268,266,212
"COG0656",191,272,169,180,102,382
"COG0657",513,437,412,449,454,543
"COG0658",292,269,318,318,336,249
"COG0659",276,367,314,342,380,302
"COG0661",49,53,30,38,44,9
"COG0662",102,98,109,163,119,35
"COG0663",99,102,114,91,81,128
"COG0664",690,627,484,527,398,607
"COG0665",48,62,93,37,56,33
"COG0666",161,61,66,114,53,65
"COG0667",492,350,314,377,378,760
"COG0668",530,457,578,455,452,706
"COG0669",146,156,165,149,143,148
"COG0670",46,23,138,70,69,23
"COG0671",218,183,295,278,239,125
"COG0672",20,3,0,0,2,0
"COG0673",987,987,619,930,713,958
"COG0674",854,936,919,844,839,1208
"COG0675",152,140,103,405,210,138
"COG0676",29,0,2,1,0,1
"COG0677",177,89,268,158,80,75
"COG0679",307,278,294,325,285,121
"COG0680",8,1,4,12,5,5
"COG0681",518,526,477,414,519,438
"COG0682",187,226,287,258,242,174
"COG0683",179,105,153,137,158,98
"COG0684",18,18,23,29,39,24
"COG0685",220,268,285,277,287,206
"COG0686",98,90,93,116,79,190
"COG0687",166,175,185,258,271,194
"COG0688",180,143,180,139,83,112
"COG0689",21,11,9,15,7,24
"COG0690",2,1,4,3,2,7
"COG0691",152,111,176,122,126,63
"COG0692",163,92,120,146,275,82
"COG0693",202,206,181,135,144,176
"COG0694",2,4,8,2,5,1
"COG0695",10,1,1,0,1,0
"COG0696",345,331,473,336,420,341
"COG0697",894,766,871,881,707,791
"COG0698",143,146,197,207,177,96
"COG0699",70,22,114,188,24,23
"COG0700",135,132,235,128,112,176
"COG0701",57,50,94,50,15,117
"COG0702",4,9,9,6,3,12
"COG0703",231,214,229,203,242,125
"COG0704",180,154,119,176,154,194
"COG0705",187,195,203,214,183,207
"COG0706",453,381,434,380,407,354
"COG0707",285,364,435,455,400,284
"COG0708",164,133,180,162,126,148
"COG0709",28,54,30,46,42,31
"COG0710",35,75,69,59,81,21
"COG0711",136,128,121,116,161,114
"COG0712",114,88,56,84,118,68
"COG0713",30,15,5,10,14,28
"COG0714",491,426,571,460,552,538
"COG0715",168,208,310,240,258,181
"COG0716",398,306,284,341,379,549
"COG0717",34,7,6,8,5,5
"COG0718",45,38,99,87,89,22
"COG0719",324,297,380,480,409,503
"COG0720",87,79,95,84,109,75
"COG0721",46,41,60,49,57,12
"COG0722",116,85,106,48,84,27
"COG0723",8,13,26,5,17,6
"COG0724",86,130,15,54,62,98
"COG0725",25,60,26,45,41,27
"COG0726",629,516,562,558,668,541
"COG0727",37,12,11,2,10,15
"COG0728",100,35,22,13,31,17
"COG0729",0,4,8,3,0,37
"COG0730",46,54,65,68,42,52
"COG0731",138,83,104,91,91,145
"COG0732",413,402,551,400,506,246
"COG0733",553,559,706,698,747,356
"COG0735",239,225,305,196,165,142
"COG0736",40,18,26,23,25,19
"COG0737",475,448,487,321,322,464
"COG0738",714,629,739,692,482,979
"COG0739",1125,1006,936,944,1333,1133
"COG0740",314,299,477,305,367,269
"COG0741",288,241,248,310,297,328
"COG0742",162,152,175,187,156,104
"COG0743",287,249,269,241,268,289
"COG0744",293,295,485,352,535,247
"COG0745",3801,3939,3516,3449,3331,4003
"COG0746",9,24,10,20,5,14
"COG0747",431,276,206,342,217,355
"COG0749",482,468,697,547,1183,398
"COG0750",287,287,462,365,442,191
"COG0751",17,20,23,41,17,44
"COG0752",16,11,15,28,7,17
"COG0753",42,42,29,22,23,39
"COG0754",27,14,8,11,1,13
"COG0755",204,117,166,200,127,389
"COG0756",159,191,252,207,326,131
"COG0757",110,80,118,106,73,79
"COG0758",246,277,286,262,235,271
"COG0759",74,65,83,83,86,35
"COG0760",319,229,304,289,229,366
"COG0761",260,276,336,281,342,200
"COG0762",16,2,1,2,2,2
"COG0763",146,129,140,144,93,142
"COG0764",227,179,206,217,231,289
"COG0765",457,367,459,445,521,175
"COG0766",384,318,462,368,439,321
"COG0767",93,96,110,109,54,131
"COG0768",1053,1185,1467,843,995,605
"COG0769",404,393,571,462,580,322
"COG0770",600,474,637,548,465,562
"COG0771",301,263,353,294,326,220
"COG0772",602,622,966,782,875,549
"COG0773",264,320,473,365,362,341
"COG0774",149,124,164,137,121,256
"COG0775",283,303,198,246,240,316
"COG0776",335,271,246,239,230,179
"COG0777",100,120,115,167,136,48
"COG0778",699,525,606,597,437,563
"COG0779",76,65,77,104,123,30
"COG0780",95,68,116,111,106,89
"COG0781",191,126,238,174,129,83
"COG0782",204,219,271,240,226,125
"COG0783",78,48,13,31,39,121
"COG0784",1205,1355,1073,932,1246,704
"COG0785",3,9,0,7,2,8
"COG0786",102,132,57,121,149,110
"COG0787",479,360,529,442,452,332
"COG0788",87,54,9,25,21,72
"COG0789",358,313,273,339,308,186
"COG0790",223,196,267,148,222,154
"COG0791",314,475,339,449,488,303
"COG0792",102,121,122,101,106,108
"COG0793",1213,1283,1255,1004,835,1468
"COG0794",46,88,78,123,60,124
"COG0795",255,195,374,268,184,260
"COG0796",215,201,244,185,231,192
"COG0797",1,3,63,40,1,7
"COG0798",26,41,33,8,6,64
"COG0799",138,137,116,157,123,84
"COG0800",148,154,129,143,102,131
"COG0801",65,50,73,110,102,83
"COG0802",110,134,169,145,146,64
"COG0803",206,143,157,186,173,138
"COG0804",18,7,2,9,15,12
"COG0805",191,91,78,86,63,249
"COG0806",81,76,197,132,138,58
"COG0807",194,196,268,215,235,165
"COG0809",386,382,426,357,360,464
"COG0810",0,3,3,1,5,8
"COG0811",240,256,183,200,136,304
"COG0812",211,201,253,242,233,177
"COG0813",40,85,71,49,44,18
"COG0814",14,24,12,37,44,24
"COG0815",19,15,4,9,8,6
"COG0816",145,103,203,156,145,85
"COG0817",136,78,116,83,80,104
"COG0818",64,52,39,25,35,48
"COG0819",45,23,14,23,25,7
"COG0820",313,288,325,316,307,235
"COG0821",335,257,256,241,309,416
"COG0822",241,224,263,240,298,125
"COG0823",81,205,58,81,84,293
"COG0824",140,130,83,107,109,129
"COG0825",99,118,126,143,204,53
"COG0826",619,645,792,690,837,656
"COG0827",833,1219,666,950,1088,757
"COG0828",22,12,22,40,33,2
"COG0829",13,2,3,1,3,2
"COG0830",6,1,1,1,3,5
"COG0831",2,0,1,0,2,2
"COG0832",6,3,4,2,4,3
"COG0833",23,5,3,30,0,22
"COG0834",652,520,581,562,619,364
"COG0835",72,53,57,106,229,24
"COG0836",245,256,430,377,282,209
"COG0837",0,2,0,0,2,5
"COG0838",51,69,73,33,38,50
"COG0839",82,85,77,58,48,115
"COG0840",587,815,476,1079,1593,288
"COG0841",2431,2411,1124,1695,1837,4318
"COG0842",689,657,629,354,448,614
"COG0843",0,0,0,0,0,3
"COG0845",2102,2068,1355,1504,1468,3016
"COG0846",311,266,263,202,260,147
"COG0847",174,163,194,209,162,231
"COG0848",4,9,10,29,13,31
"COG0849",134,96,271,152,186,123
"COG0850",24,44,57,59,61,16
"COG0851",8,23,22,30,39,14
"COG0852",166,182,140,99,120,209
"COG0853",67,73,94,72,68,59
"COG0854",104,92,33,31,54,112
"COG0855",410,470,287,345,444,420
"COG0857",24,3,0,2,0,6
"COG0858",133,99,194,132,127,93
"COG0859",89,135,180,208,123,252
"COG0860",291,321,386,412,436,229
"COG0861",38,3,91,76,16,17
"COG0863",249,128,209,345,324,308
"COG0864",7,5,1,6,0,4
"COG1001",114,84,68,79,97,65
"COG1002",604,194,371,492,193,257
"COG1003",195,183,67,168,131,260
"COG1004",547,371,392,451,364,553
"COG1005",88,99,131,95,91,158
"COG1006",0,2,2,6,4,6
"COG1007",158,170,166,114,106,228
"COG1008",128,108,151,107,135,306
"COG1009",168,147,277,147,93,223
"COG1010",72,85,44,78,111,106
"COG1011",430,361,419,418,209,362
"COG1012",391,464,216,301,331,342
"COG1013",805,863,774,748,780,981
"COG1014",912,1034,896,825,941,1170
"COG1015",51,121,76,89,211,58
"COG1017",4,0,2,2,1,8
"COG1018",7,10,5,3,2,10
"COG1020",188,210,144,200,241,159
"COG1021",17,8,0,6,3,8
"COG1022",922,705,705,657,523,899
"COG1023",0,2,0,0,0,0
"COG1024",45,69,77,105,120,62
"COG1025",1,1,2,0,0,9
"COG1026",141,210,229,291,287,110
"COG1027",196,97,115,101,48,116
"COG1028",1127,1139,1034,1087,1132,1333
"COG1030",14,16,14,21,8,15
"COG1032",620,678,619,667,733,670
"COG1033",217,349,344,366,345,131
"COG1034",119,136,65,74,66,80
"COG1035",244,289,259,385,220,301
"COG1038",93,136,63,83,59,140
"COG1039",0,5,37,6,15,1
"COG1040",188,158,262,204,192,130
"COG1041",10,36,10,29,10,10
"COG1042",135,113,35,68,101,201
"COG1043",168,171,164,149,111,292
"COG1044",137,131,165,112,85,187
"COG1045",219,308,309,207,206,284
"COG1047",55,62,81,89,86,80
"COG1048",393,404,435,416,427,413
"COG1049",2,3,0,0,1,6
"COG1051",257,187,190,130,108,217
"COG1052",362,345,363,304,310,347
"COG1053",575,542,509,509,504,777
"COG1054",2,9,2,0,0,4
"COG1055",86,122,331,320,252,77
"COG1056",2,4,5,40,6,4
"COG1057",163,108,187,148,158,108
"COG1058",56,89,56,90,60,68
"COG1059",0,0,0,0,0,6
"COG1060",269,430,173,344,254,440
"COG1061",405,357,830,580,828,548
"COG1062",0,2,2,0,0,2
"COG1063",321,270,267,353,313,360
"COG1064",6,6,2,2,1,5
"COG1066",249,256,312,274,313,243
"COG1067",23,8,68,75,46,20
"COG1069",75,49,38,34,36,123
"COG1070",639,636,569,728,517,730
"COG1071",18,55,9,50,35,167
"COG1072",2,5,0,6,1,4
"COG1073",570,619,377,488,458,934
"COG1074",413,413,668,554,599,250
"COG1075",58,18,22,61,56,4
"COG1076",87,92,80,62,56,112
"COG1077",293,379,445,433,464,354
"COG1078",88,102,40,47,38,110
"COG1079",99,95,112,98,82,52
"COG1080",246,277,223,265,314,162
"COG1082",284,272,147,277,211,244
"COG1083",84,124,68,57,125,126
"COG1085",34,6,10,21,2,9
"COG1086",433,541,260,333,452,757
"COG1087",239,260,328,241,287,188
"COG1088",250,332,327,280,331,338
"COG1089",168,152,125,172,109,245
"COG1090",22,22,8,10,6,60
"COG1091",225,286,226,213,323,310
"COG1092",261,300,398,311,341,205
"COG1098",34,23,33,26,32,14
"COG1099",0,0,3,0,0,0
"COG1101",86,151,96,100,152,84
"COG1102",0,2,11,4,9,0
"COG1104",287,391,374,342,482,158
"COG1105",89,122,90,140,162,57
"COG1106",409,317,685,481,292,97
"COG1108",170,128,139,153,173,177
"COG1109",803,846,986,927,958,620
"COG1112",841,672,555,666,450,721
"COG1113",71,7,7,53,1,24
"COG1114",58,62,48,80,53,61
"COG1115",422,492,648,517,563,444
"COG1116",121,129,81,119,146,94
"COG1117",147,164,117,139,179,158
"COG1118",68,124,52,82,76,25
"COG1119",122,57,96,75,52,118
"COG1120",234,296,213,319,284,338
"COG1121",159,153,117,152,179,178
"COG1122",641,430,490,497,529,185
"COG1123",155,32,26,52,11,50
"COG1124",13,19,9,11,5,28
"COG1125",11,25,8,41,12,22
"COG1126",344,289,380,317,386,173
"COG1127",102,107,105,102,70,168
"COG1129",177,306,224,295,444,268
"COG1131",1282,1408,1346,1555,1653,810
"COG1132",2766,2762,2785,2727,3612,1885
"COG1133",0,1,1,0,0,3
"COG1134",192,174,165,169,234,183
"COG1135",99,87,103,84,97,69
"COG1136",1397,1403,1559,1430,1677,977
"COG1137",101,102,120,100,74,109
"COG1138",9,8,4,5,3,17
"COG1139",78,117,120,122,59,169
"COG1140",5,1,1,1,1,11
"COG1141",5,10,4,7,8,3
"COG1142",11,18,10,17,12,22
"COG1143",52,37,61,33,55,57
"COG1144",13,15,32,20,43,9
"COG1145",431,533,362,532,419,590
"COG1146",76,69,53,58,64,41
"COG1148",25,21,26,13,21,18
"COG1149",0,1,1,0,0,17
"COG1150",7,4,7,14,5,1
"COG1151",248,363,270,287,256,333
"COG1152",15,5,15,11,5,13
"COG1154",566,531,646,538,586,519
"COG1155",275,310,188,195,162,299
"COG1156",223,236,148,151,159,251
"COG1157",25,57,43,66,131,19
"COG1158",211,163,253,179,174,143
"COG1159",195,163,290,252,257,195
"COG1160",391,482,422,428,402,465
"COG1161",87,121,154,127,196,51
"COG1162",200,231,269,169,168,143
"COG1164",150,177,175,199,188,116
"COG1165",197,147,264,150,125,108
"COG1166",153,151,211,134,153,287
"COG1167",359,332,350,392,440,161
"COG1168",399,442,321,341,350,500
"COG1169",38,48,95,66,47,148
"COG1171",155,208,224,170,178,153
"COG1172",153,223,193,180,200,178
"COG1173",319,339,215,289,254,224
"COG1174",7,27,6,37,22,22
"COG1175",916,806,685,1018,768,280
"COG1176",125,163,234,205,205,123
"COG1177",173,188,224,182,160,157
"COG1178",62,101,115,122,80,92
"COG1179",131,167,192,175,169,144
"COG1180",198,246,312,316,256,220
"COG1181",242,271,401,279,286,266
"COG1182",4,3,4,9,4,5
"COG1183",154,127,196,123,101,124
"COG1184",2,0,1,17,0,0
"COG1185",400,404,565,495,491,434
"COG1186",293,274,305,265,272,258
"COG1187",231,218,408,269,317,178
"COG1188",56,70,96,92,71,74
"COG1189",116,102,117,130,158,54
"COG1190",367,383,414,387,391,400
"COG1191",315,347,506,373,696,111
"COG1192",638,832,749,714,585,298
"COG1193",393,386,559,461,491,417
"COG1194",160,157,144,122,141,149
"COG1195",371,308,324,333,264,219
"COG1196",309,301,419,407,625,157
"COG1197",589,560,778,419,461,361
"COG1198",427,416,586,454,518,383
"COG1199",178,208,188,196,193,110
"COG1200",410,321,451,426,431,338
"COG1201",112,9,4,3,10,7
"COG1203",331,180,174,247,146,144
"COG1204",46,44,38,149,36,42
"COG1205",73,30,63,144,19,188
"COG1206",63,53,67,77,69,29
"COG1207",104,47,72,97,99,40
"COG1208",419,256,364,171,101,235
"COG1209",233,252,254,245,269,252
"COG1210",49,46,109,79,39,42
"COG1211",275,266,362,246,347,243
"COG1212",123,84,99,121,69,151
"COG1213",13,26,20,13,13,36
"COG1214",121,132,151,201,207,182
"COG1215",279,171,214,270,281,422
"COG1216",622,551,476,607,582,490
"COG1217",451,445,471,407,466,437
"COG1218",130,80,14,43,46,78
"COG1219",371,347,483,393,491,272
"COG1220",8,5,13,28,2,20
"COG1221",39,75,18,185,22,31
"COG1225",144,81,73,91,70,86
"COG1226",62,81,51,109,51,149
"COG1227",113,167,226,190,269,103
"COG1228",211,180,121,151,189,214
"COG1230",57,14,18,27,8,31
"COG1232",146,41,181,33,104,30
"COG1233",42,68,13,40,30,38
"COG1234",166,206,263,231,219,160
"COG1235",356,262,396,302,276,288
"COG1236",87,132,144,158,200,66
"COG1237",23,30,60,76,22,31
"COG1238",88,57,79,70,51,79
"COG1239",23,4,24,12,75,9
"COG1240",11,4,8,8,46,5
"COG1242",195,126,232,160,192,99
"COG1243",26,21,24,33,26,21
"COG1246",4,4,4,7,5,9
"COG1247",131,126,75,96,112,45
"COG1249",309,298,125,237,244,651
"COG1250",45,94,111,76,93,49
"COG1251",6,24,2,8,6,16
"COG1252",44,50,71,62,37,126
"COG1253",395,342,449,671,558,503
"COG1254",7,13,17,30,31,9
"COG1256",103,156,80,183,284,34
"COG1257",0,0,2,0,0,1
"COG1259",57,33,16,21,29,78
"COG1260",121,117,161,101,86,193
"COG1261",0,1,0,0,0,2
"COG1262",126,212,246,122,79,354
"COG1263",298,470,184,282,312,252
"COG1264",272,450,185,288,336,217
"COG1266",211,251,263,256,189,144
"COG1267",55,27,53,49,42,59
"COG1268",94,92,109,94,102,45
"COG1269",323,329,185,199,161,255
"COG1270",109,103,58,89,137,157
"COG1271",159,99,139,120,106,253
"COG1272",133,140,96,145,127,120
"COG1273",0,1,1,0,0,0
"COG1274",24,9,18,21,30,7
"COG1275",0,17,1,24,7,22
"COG1276",0,1,0,0,0,0
"COG1277",119,99,63,64,90,124
"COG1278",26,25,56,44,32,12
"COG1279",19,5,4,25,7,11
"COG1280",69,34,13,35,43,47
"COG1281",77,97,130,131,172,69
"COG1282",25,1,2,0,0,1
"COG1283",531,612,697,596,533,481
"COG1284",494,550,699,545,569,424
"COG1285",72,41,123,108,52,49
"COG1286",0,1,6,7,2,3
"COG1287",0,1,4,0,1,0
"COG1288",52,79,115,75,58,97
"COG1289",5,9,1,2,11,32
"COG1291",18,19,18,38,61,7
"COG1292",42,50,25,67,47,33
"COG1293",159,168,168,219,236,73
"COG1294",152,131,124,127,84,184
"COG1295",175,162,258,228,212,205
"COG1296",66,69,51,133,113,57
"COG1297",204,158,196,198,228,266
"COG1298",47,76,35,99,146,26
"COG1299",137,165,180,257,250,133
"COG1300",15,19,75,38,25,54
"COG1301",182,279,304,359,228,424
"COG1302",103,99,157,123,160,41
"COG1304",26,56,39,43,36,41
"COG1305",354,265,192,248,258,198
"COG1306",4,6,36,12,9,19
"COG1307",333,416,385,501,516,163
"COG1309",544,375,521,475,474,216
"COG1310",17,14,6,28,34,5
"COG1312",184,205,148,171,130,185
"COG1313",84,63,113,114,154,43
"COG1314",2,1,5,0,7,2
"COG1315",71,76,47,81,183,18
"COG1316",282,237,335,376,374,72
"COG1317",2,1,5,3,11,6
"COG1319",44,75,45,92,115,33
"COG1320",0,1,1,1,5,3
"COG1321",97,79,98,95,105,30
"COG1322",160,153,186,132,142,158
"COG1323",89,101,152,135,139,48
"COG1324",0,1,2,2,9,2
"COG1327",93,77,70,89,89,37
"COG1328",518,608,767,856,1350,646
"COG1329",24,5,15,15,19,2
"COG1330",2,4,1,0,0,7
"COG1331",5,1,1,1,1,1
"COG1332",11,6,1,9,22,11
"COG1333",9,27,6,30,17,20
"COG1335",84,138,134,119,106,65
"COG1336",0,0,3,1,0,0
"COG1337",3,4,1,5,14,3
"COG1338",23,39,19,49,62,9
"COG1342",29,45,39,55,23,16
"COG1343",42,37,47,39,26,28
"COG1344",115,265,126,258,477,54
"COG1345",37,59,35,64,107,19
"COG1346",71,108,125,152,153,117
"COG1347",95,61,61,62,47,97
"COG1348",31,29,16,22,31,11
"COG1349",207,304,147,321,199,211
"COG1350",148,128,152,118,88,188
"COG1351",201,64,156,53,332,21
"COG1352",28,16,22,31,69,6
"COG1353",29,14,11,22,33,15
"COG1354",87,108,116,108,123,45
"COG1355",4,1,109,69,0,0
"COG1357",96,81,36,83,95,75
"COG1358",55,24,42,47,36,10
"COG1359",46,24,31,14,12,37
"COG1360",32,77,144,105,106,62
"COG1361",5,19,5,13,5,5
"COG1362",260,279,455,396,388,136
"COG1363",122,121,142,65,69,68
"COG1364",154,159,204,157,188,70
"COG1366",53,61,63,62,81,18
"COG1368",621,568,987,674,557,463
"COG1372",0,26,2,0,4,0
"COG1373",1343,1450,4084,1521,966,707
"COG1376",163,195,192,197,177,67
"COG1377",28,45,33,55,99,17
"COG1378",8,45,5,29,19,7
"COG1379",4,12,13,14,13,6
"COG1380",84,106,120,91,83,63
"COG1381",110,89,120,96,132,40
"COG1384",4,4,0,2,2,1
"COG1385",81,134,211,162,167,130
"COG1386",79,58,123,94,122,33
"COG1387",302,296,204,367,247,256
"COG1388",211,235,198,240,303,131
"COG1390",5,15,7,25,0,2
"COG1391",45,5,4,6,5,12
"COG1392",56,56,25,44,15,57
"COG1393",50,59,57,65,87,33
"COG1394",126,112,83,105,53,64
"COG1396",454,422,492,526,615,317
"COG1397",104,176,189,118,123,84
"COG1399",91,51,55,68,40,17
"COG1401",284,89,257,225,46,20
"COG1402",58,86,48,45,33,82
"COG1403",23,8,92,69,55,15
"COG1404",564,657,579,552,534,474
"COG1406",13,12,2,21,17,1
"COG1408",324,269,486,301,231,397
"COG1409",391,318,290,509,464,582
"COG1410",569,537,558,493,488,547
"COG1413",2,8,2,3,0,1
"COG1414",92,52,49,54,44,51
"COG1415",0,0,1,0,0,1
"COG1416",2,1,0,0,0,0
"COG1418",473,448,641,553,527,368
"COG1419",33,30,29,60,114,5
"COG1420",137,149,183,158,208,76
"COG1424",3,2,2,7,7,2
"COG1426",0,4,7,7,7,5
"COG1427",6,6,6,30,8,1
"COG1428",4,3,157,76,24,0
"COG1429",203,335,112,139,293,213
"COG1430",6,10,13,1,2,6
"COG1431",1,0,3,0,1,1
"COG1432",36,97,99,70,118,13
"COG1433",15,15,17,39,37,20
"COG1434",55,44,39,109,76,42
"COG1435",104,74,71,63,67,111
"COG1436",17,5,17,7,8,7
"COG1437",1,1,1,0,2,1
"COG1438",153,152,189,133,139,129
"COG1440",8,21,12,14,17,18
"COG1441",1,0,0,0,0,0
"COG1442",202,203,95,230,268,112
"COG1443",46,25,51,33,28,49
"COG1444",0,1,0,0,0,8
"COG1445",107,148,203,261,206,128
"COG1446",32,44,4,7,6,49
"COG1447",11,22,24,21,15,21
"COG1448",19,13,28,26,13,24
"COG1449",112,87,125,90,115,142
"COG1450",0,5,5,3,1,17
"COG1451",203,135,116,71,100,81
"COG1452",17,6,5,4,2,12
"COG1453",187,180,111,153,178,317
"COG1454",740,680,497,666,753,522
"COG1455",43,133,58,56,181,77
"COG1456",8,8,9,11,4,3
"COG1457",57,68,41,59,44,28
"COG1459",63,93,225,133,170,41
"COG1461",105,181,190,187,266,84
"COG1462",1,0,0,0,0,10
"COG1463",6,14,15,27,8,8
"COG1464",103,75,122,96,103,64
"COG1465",0,5,1,1,1,2
"COG1466",158,149,174,254,271,167
"COG1468",66,30,56,58,33,43
"COG1469",6,8,7,18,16,8
"COG1470",18,23,3,27,23,58
"COG1472",1715,1449,1308,2176,2283,3671
"COG1473",219,290,190,260,200,296
"COG1475",847,758,750,725,740,585
"COG1476",56,56,35,63,68,16
"COG1477",236,275,296,289,263,251
"COG1479",398,246,689,396,452,158
"COG1480",227,314,318,237,131,316
"COG1481",101,96,138,133,164,51
"COG1482",339,275,213,330,225,274
"COG1483",98,0,18,0,3,10
"COG1484",590,560,600,554,585,454
"COG1485",0,0,0,1,0,1
"COG1486",52,57,51,66,66,92
"COG1487",53,33,11,14,21,60
"COG1488",243,197,214,231,269,252
"COG1489",22,29,43,35,24,31
"COG1490",131,165,182,147,144,128
"COG1492",185,169,106,161,222,234
"COG1493",86,124,118,114,172,50
"COG1494",7,5,12,12,10,21
"COG1495",0,3,8,5,2,3
"COG1496",175,132,178,164,135,103
"COG1501",963,1041,1000,906,1140,1697
"COG1502",505,614,682,612,811,493
"COG1505",23,36,30,52,45,74
"COG1506",946,1095,975,871,500,1654
"COG1507",17,0,0,0,0,0
"COG1508",220,218,198,191,107,284
"COG1509",52,69,23,88,66,233
"COG1511",440,399,270,417,464,108
"COG1512",159,167,130,116,128,127
"COG1513",0,0,0,0,2,0
"COG1514",4,0,24,0,1,4
"COG1515",0,0,0,0,0,1
"COG1516",11,20,15,22,37,4
"COG1518",224,193,276,224,137,133
"COG1519",211,151,131,159,101,213
"COG1520",181,247,76,153,186,466
"COG1521",177,165,151,164,187,100
"COG1522",142,165,216,322,324,214
"COG1523",462,425,319,344,252,352
"COG1524",364,236,344,246,195,337
"COG1525",13,6,8,0,5,7
"COG1526",6,22,11,11,5,11
"COG1527",38,75,79,53,65,20
"COG1528",106,120,49,103,69,83
"COG1529",133,300,143,276,286,218
"COG1530",220,172,257,200,228,262
"COG1533",157,287,117,209,436,191
"COG1534",55,45,56,49,65,20
"COG1535",0,0,0,1,0,2
"COG1536",23,37,24,48,106,17
"COG1538",1618,1398,1134,1140,937,2382
"COG1539",133,83,143,109,104,86
"COG1540",17,21,23,17,9,13
"COG1541",289,312,216,202,241,526
"COG1543",0,0,12,22,15,0
"COG1544",93,84,130,104,135,44
"COG1546",140,130,151,127,143,136
"COG1550",0,2,0,0,0,0
"COG1551",4,9,13,14,26,3
"COG1553",0,1,0,0,0,2
"COG1554",155,126,54,93,136,159
"COG1555",138,103,197,96,99,51
"COG1556",27,30,9,8,9,35
"COG1558",12,22,24,24,59,7
"COG1559",193,103,299,175,149,125
"COG1560",99,85,121,128,92,129
"COG1561",202,207,206,227,188,167
"COG1562",1,0,5,0,0,0
"COG1564",125,140,87,114,108,96
"COG1565",0,0,2,1,0,0
"COG1566",169,111,168,127,86,206
"COG1567",11,1,2,2,20,3
"COG1568",145,0,3,0,57,168
"COG1569",0,0,1,2,0,5
"COG1570",294,281,308,239,269,236
"COG1573",111,85,63,82,103,119
"COG1574",99,55,44,85,82,54
"COG1575",116,65,128,90,88,215
"COG1576",136,105,169,102,118,65
"COG1577",0,1,0,2,0,0
"COG1578",5,4,0,0,3,1
"COG1579",119,81,110,68,59,81
"COG1580",0,0,1,0,0,1
"COG1582",5,1,4,6,8,1
"COG1583",8,26,10,1,1,0
"COG1584",1,4,0,3,0,10
"COG1585",35,32,56,49,80,33
"COG1586",23,4,10,19,3,22
"COG1587",52,46,22,70,78,40
"COG1589",21,24,37,36,38,10
"COG1592",258,307,391,344,316,241
"COG1593",178,240,167,239,240,216
"COG1595",2043,1824,1420,1608,1419,2167
"COG1596",315,307,350,300,180,463
"COG1597",450,289,409,354,365,290
"COG1598",17,8,18,26,7,5
"COG1600",40,27,31,45,25,32
"COG1604",0,0,0,1,0,0
"COG1605",71,57,74,59,57,43
"COG1606",16,31,16,61,28,21
"COG1607",9,9,32,17,40,12
"COG1609",1742,1211,1150,1458,1247,1019
"COG1610",97,144,98,143,109,105
"COG1611",161,171,129,128,147,184
"COG1613",21,37,16,40,67,9
"COG1614",12,15,19,9,6,8
"COG1615",38,0,41,19,44,0
"COG1618",1,4,7,2,6,0
"COG1619",114,107,123,150,179,131
"COG1620",19,44,55,74,35,105
"COG1621",464,376,350,281,212,321
"COG1622",0,4,0,0,0,2
"COG1623",1,4,18,9,19,9
"COG1624",173,149,299,194,223,122
"COG1625",47,90,89,101,100,45
"COG1626",190,103,51,68,123,271
"COG1629",598,846,707,628,601,1299
"COG1633",1,10,15,2,15,2
"COG1635",5,7,19,15,22,11
"COG1636",126,115,167,120,146,112
"COG1637",11,1,3,0,0,0
"COG1638",119,179,125,180,176,195
"COG1640",448,474,504,535,531,431
"COG1641",35,46,23,60,51,27
"COG1643",70,9,146,40,26,18
"COG1647",0,5,16,13,10,2
"COG1648",24,40,32,76,43,23
"COG1649",494,445,404,372,468,675
"COG1651",46,9,3,13,49,10
"COG1652",3,14,8,14,12,15
"COG1653",1319,1201,738,1224,1331,444
"COG1654",88,94,103,96,139,39
"COG1655",20,33,31,48,78,7
"COG1657",0,0,0,0,0,1
"COG1658",28,24,26,39,33,32
"COG1659",1,4,1,6,8,5
"COG1660",234,212,242,187,228,263
"COG1661",12,46,47,11,4,2
"COG1662",2,25,7,0,2,20
"COG1663",124,161,156,146,62,165
"COG1664",4,4,8,20,15,4
"COG1666",8,5,3,14,4,6
"COG1668",54,44,182,63,175,10
"COG1669",35,76,78,65,44,76
"COG1670",513,445,305,458,455,460
"COG1671",37,50,68,42,97,8
"COG1672",663,360,1851,887,232,399
"COG1674",391,488,747,517,667,368
"COG1677",15,15,16,27,47,6
"COG1678",84,41,12,25,28,70
"COG1679",13,5,26,13,13,1
"COG1680",476,440,262,230,341,374
"COG1682",170,98,155,148,210,102
"COG1683",21,29,48,29,46,19
"COG1684",29,14,22,33,59,13
"COG1686",377,494,563,533,660,209
"COG1687",27,30,24,32,21,11
"COG1688",0,0,0,0,0,1
"COG1690",102,47,109,61,59,121
"COG1691",22,32,19,34,32,17
"COG1692",43,17,34,43,37,12
"COG1694",165,125,103,88,63,130
"COG1695",168,225,125,218,217,91
"COG1696",545,429,579,598,618,318
"COG1699",18,27,17,27,43,4
"COG1700",31,2,121,9,70,84
"COG1702",228,212,235,230,251,144
"COG1703",145,101,48,97,83,169
"COG1704",111,106,133,110,141,139
"COG1705",226,120,247,163,260,321
"COG1706",1,2,0,0,0,1
"COG1708",58,25,15,36,29,37
"COG1712",24,80,13,23,19,101
"COG1713",84,80,100,103,106,34
"COG1714",23,31,21,10,44,76
"COG1715",24,35,19,19,3,4
"COG1716",47,14,165,99,141,7
"COG1719",0,0,1,1,0,0
"COG1720",40,54,142,95,57,11
"COG1721",211,153,219,194,172,291
"COG1722",10,5,17,6,12,4
"COG1724",0,0,4,6,1,0
"COG1725",238,223,177,226,228,98
"COG1726",114,118,138,94,42,152
"COG1728",9,17,16,31,57,2
"COG1729",4,4,7,3,0,2
"COG1732",5,26,5,32,13,34
"COG1733",187,175,129,165,154,143
"COG1734",12,5,18,12,6,4
"COG1735",3,12,4,8,4,13
"COG1737",176,236,130,225,149,98
"COG1738",61,62,101,65,41,56
"COG1739",142,127,188,144,176,119
"COG1740",10,15,5,25,5,17
"COG1741",78,129,11,51,53,128
"COG1742",0,0,0,0,0,2
"COG1743",98,0,17,0,1,10
"COG1744",123,139,202,261,352,109
"COG1747",0,0,4,0,0,0
"COG1748",196,220,189,197,185,225
"COG1749",25,47,30,44,112,5
"COG1751",0,1,0,0,0,0
"COG1752",391,460,295,333,338,516
"COG1754",261,217,291,201,137,274
"COG1755",0,1,0,1,1,0
"COG1757",481,624,678,629,496,613
"COG1758",13,0,5,2,4,2
"COG1760",245,225,262,225,261,226
"COG1762",211,326,252,434,279,200
"COG1763",18,20,14,27,15,20
"COG1765",14,2,0,6,1,5
"COG1766",18,22,25,33,87,12
"COG1767",7,26,7,14,7,23
"COG1768",47,32,57,49,47,20
"COG1770",39,1,0,0,0,4
"COG1773",46,43,48,65,53,55
"COG1774",179,227,277,172,252,168
"COG1775",107,184,42,72,106,50
"COG1776",26,71,42,71,118,10
"COG1778",67,88,98,83,121,98
"COG1780",14,1,3,2,0,1
"COG1781",62,70,95,105,115,74
"COG1782",5,0,4,1,1,0
"COG1783",337,52,95,62,80,28
"COG1785",194,213,75,146,231,288
"COG1786",0,0,4,0,1,0
"COG1787",3,5,9,5,15,3
"COG1788",13,17,9,18,21,18
"COG1792",212,186,309,137,159,118
"COG1793",4,6,7,4,2,33
"COG1794",14,22,24,15,29,12
"COG1797",146,105,81,128,194,117
"COG1799",63,59,103,76,108,37
"COG1801",1,5,1,7,0,0
"COG1802",165,233,137,298,236,121
"COG1803",145,133,119,147,115,89
"COG1804",38,52,31,37,86,51
"COG1805",78,99,96,70,57,159
"COG1806",18,6,7,4,3,6
"COG1807",191,159,170,162,110,208
"COG1808",148,107,34,89,66,118
"COG1811",14,34,43,37,36,29
"COG1814",7,14,1,7,12,5
"COG1815",11,11,10,22,41,5
"COG1816",33,54,20,31,73,20
"COG1817",55,0,3,0,0,0
"COG1819",74,98,30,51,59,105
"COG1820",296,309,139,215,186,307
"COG1823",5,5,1,11,0,20
"COG1825",138,116,97,79,78,103
"COG1826",4,7,3,19,0,5
"COG1827",33,74,57,71,80,19
"COG1830",79,171,18,72,52,171
"COG1832",0,1,1,0,0,0
"COG1834",9,13,8,9,14,28
"COG1835",365,154,107,143,185,249
"COG1837",36,30,55,69,55,13
"COG1838",193,239,256,249,172,165
"COG1840",55,97,92,84,75,76
"COG1841",22,15,33,28,27,8
"COG1842",14,6,40,46,57,5
"COG1843",22,28,10,34,48,4
"COG1845",0,1,0,0,0,2
"COG1846",331,402,193,302,334,228
"COG1847",87,113,130,113,146,42
"COG1850",5,0,1,1,2,0
"COG1852",0,2,1,9,0,10
"COG1853",227,287,336,238,205,176
"COG1854",101,69,119,96,98,56
"COG1857",16,7,13,2,8,1
"COG1858",39,25,20,18,6,23
"COG1859",30,1,6,4,8,3
"COG1861",19,32,6,4,8,44
"COG1862",131,70,99,96,59,63
"COG1863",2,3,2,8,6,4
"COG1864",100,90,182,123,132,140
"COG1865",1,8,4,12,7,8
"COG1866",345,386,431,359,332,288
"COG1868",36,33,26,54,117,13
"COG1869",6,14,6,6,12,16
"COG1871",9,7,13,30,55,2
"COG1872",0,0,1,1,0,1
"COG1873",31,28,50,33,56,2
"COG1874",438,604,333,463,423,682
"COG1875",83,83,31,55,117,137
"COG1876",154,79,142,68,167,31
"COG1877",76,100,14,28,32,231
"COG1878",34,43,15,44,34,22
"COG1879",539,664,788,718,606,533
"COG1881",17,1,3,3,1,9
"COG1882",570,762,474,583,667,657
"COG1883",482,338,357,384,423,481
"COG1884",394,314,164,274,217,549
"COG1886",9,27,17,25,58,6
"COG1887",186,206,120,198,390,118
"COG1892",1,0,0,0,3,0
"COG1893",231,201,141,149,225,198
"COG1894",142,183,102,175,122,187
"COG1895",66,65,27,22,13,104
"COG1896",83,122,135,131,141,40
"COG1897",195,176,223,205,196,159
"COG1898",347,254,254,191,188,183
"COG1899",0,0,2,1,0,0
"COG1900",7,1,2,2,2,1
"COG1902",266,345,184,228,226,273
"COG1903",198,148,54,122,136,275
"COG1904",201,185,200,181,173,302
"COG1905",44,59,33,44,33,59
"COG1906",8,10,1,9,11,10
"COG1908",6,3,7,12,5,12
"COG1910",2,6,5,4,5,11
"COG1912",0,3,3,0,1,2
"COG1913",0,0,0,0,1,0
"COG1914",146,145,26,86,64,151
"COG1915",10,8,4,12,1,2
"COG1917",292,181,174,185,219,272
"COG1918",343,306,360,389,307,150
"COG1921",12,23,9,6,15,16
"COG1922",89,104,123,120,46,175
"COG1923",11,4,9,10,4,2
"COG1924",213,300,340,539,667,250
"COG1925",102,139,111,128,125,52
"COG1928",24,4,38,41,39,11
"COG1929",130,132,96,148,148,132
"COG1930",0,1,0,0,0,1
"COG1932",179,135,162,236,223,184
"COG1934",3,3,0,2,0,4
"COG1937",72,68,78,80,86,25
"COG1939",49,60,76,61,94,30
"COG1940",850,555,647,573,644,617
"COG1941",0,1,2,0,0,0
"COG1942",0,0,4,1,2,2
"COG1943",142,99,138,232,126,95
"COG1944",0,3,2,3,26,3
"COG1945",0,1,2,1,0,0
"COG1946",8,1,0,0,0,2
"COG1947",178,134,194,231,209,130
"COG1949",8,3,3,2,2,2
"COG1950",0,0,6,0,10,0
"COG1951",250,289,260,273,176,243
"COG1952",4,2,11,2,0,3
"COG1953",3,5,4,3,1,9
"COG1954",16,12,8,17,13,12
"COG1956",48,26,21,24,36,51
"COG1957",53,46,28,21,46,30
"COG1959",167,193,211,199,213,64
"COG1960",277,343,309,239,222,399
"COG1961",2222,2321,1923,2506,2411,1046
"COG1963",14,14,34,33,21,15
"COG1964",1,3,6,3,6,4
"COG1965",2,0,0,1,0,2
"COG1966",296,357,448,449,444,268
"COG1968",221,186,294,271,213,165
"COG1969",9,10,6,23,1,9
"COG1970",128,73,104,86,68,73
"COG1971",118,142,130,135,112,101
"COG1972",6,20,2,16,8,19
"COG1974",147,176,217,178,172,65
"COG1975",51,111,56,101,90,70
"COG1977",0,0,0,1,0,1
"COG1979",224,276,157,159,124,346
"COG1982",224,222,190,203,300,151
"COG1983",46,48,16,24,17,38
"COG1984",27,22,21,15,18,17
"COG1985",182,161,218,202,209,245
"COG1986",0,0,20,19,2,0
"COG1987",11,9,13,27,33,3
"COG1988",7,4,3,4,9,6
"COG1989",29,39,99,75,125,17
"COG1990",1,8,8,5,7,4
"COG1992",1,4,0,3,1,0
"COG1993",0,1,0,2,1,2
"COG1994",46,27,73,56,49,10
"COG1995",138,136,143,138,84,106
"COG2000",19,20,27,18,18,7
"COG2001",101,89,108,89,122,71
"COG2002",84,99,128,54,92,23
"COG2003",135,213,280,196,281,161
"COG2005",4,6,7,7,9,10
"COG2006",12,41,17,87,21,64
"COG2008",186,177,163,170,123,188
"COG2009",8,1,4,17,3,10
"COG2010",0,0,1,0,0,1
"COG2011",64,44,100,66,89,48
"COG2013",34,47,101,33,98,12
"COG2014",0,0,3,2,0,0
"COG2015",42,30,19,53,34,37
"COG2017",737,669,611,613,600,745
"COG2020",2,8,3,0,2,0
"COG2021",0,3,2,4,4,0
"COG2022",129,110,74,88,117,141
"COG2025",142,232,293,228,219,229
"COG2026",4,1,3,3,11,9
"COG2027",78,117,16,55,33,141
"COG2030",209,89,84,53,45,90
"COG2031",6,15,2,9,23,18
"COG2032",3,9,7,4,2,4
"COG2033",23,17,73,44,20,7
"COG2035",69,28,69,57,90,29
"COG2038",145,201,90,156,122,189
"COG2039",34,13,6,9,11,9
"COG2040",5,15,12,9,4,11
"COG2041",1,0,2,0,1,2
"COG2043",1,1,2,2,0,1
"COG2045",4,1,4,2,1,6
"COG2048",13,6,11,19,16,16
"COG2049",15,17,19,17,18,9
"COG2050",136,99,150,105,81,153
"COG2052",18,23,35,31,30,7
"COG2055",13,29,18,41,21,31
"COG2056",2,7,6,4,2,4
"COG2057",17,11,14,14,12,25
"COG2059",289,369,430,345,227,285
"COG2060",227,194,52,111,81,233
"COG2062",16,5,4,0,0,0
"COG2063",0,1,0,0,0,0
"COG2064",3,12,14,6,27,0
"COG2065",14,14,13,29,15,10
"COG2066",85,148,38,104,96,219
"COG2067",35,29,61,49,45,85
"COG2068",17,29,9,29,19,28
"COG2069",4,2,4,7,5,5
"COG2070",237,329,149,266,279,274
"COG2071",112,161,309,152,114,261
"COG2073",97,153,40,76,62,93
"COG2076",51,28,30,59,16,21
"COG2077",81,85,16,31,42,93
"COG2078",18,0,84,49,0,1
"COG2079",14,23,11,25,14,11
"COG2080",71,98,53,91,115,103
"COG2081",181,180,306,280,374,81
"COG2082",57,76,31,92,118,102
"COG2084",31,69,27,66,20,51
"COG2085",13,0,2,1,0,0
"COG2086",147,180,189,183,162,200
"COG2087",79,99,51,61,85,88
"COG2088",46,83,66,75,112,31
"COG2089",114,126,124,74,101,133
"COG2091",34,29,28,59,75,11
"COG2094",7,4,6,3,3,3
"COG2095",185,188,38,71,55,185
"COG2096",104,146,56,76,65,134
"COG2099",187,188,51,108,144,247
"COG2102",13,5,1,12,14,0
"COG2103",81,54,43,76,64,100
"COG2104",0,2,0,1,1,3
"COG2105",1,1,1,0,0,1
"COG2107",1,1,2,4,3,1
"COG2108",0,2,1,15,11,3
"COG2109",55,61,68,83,78,40
"COG2110",102,137,111,141,143,74
"COG2111",1,9,2,6,7,16
"COG2113",64,40,1,30,19,47
"COG2114",3,0,18,2,10,1
"COG2115",168,82,38,59,45,174
"COG2116",49,53,71,78,77,26
"COG2119",7,3,6,25,21,6
"COG2120",27,35,27,40,37,30
"COG2121",0,4,0,0,1,7
"COG2122",3,2,0,3,0,3
"COG2127",12,6,43,11,14,11
"COG2128",3,2,4,1,0,7
"COG2129",30,35,80,95,83,53
"COG2131",146,150,190,227,123,103
"COG2132",2,2,5,0,0,4
"COG2133",0,0,0,2,1,4
"COG2134",0,0,0,0,0,2
"COG2135",24,4,16,25,10,10
"COG2137",33,17,82,56,58,19
"COG2140",92,43,9,11,2,59
"COG2141",1,4,3,1,1,7
"COG2142",0,0,0,0,0,1
"COG2143",0,0,0,1,0,0
"COG2145",88,76,96,93,85,43
"COG2146",2,2,0,0,1,3
"COG2148",665,679,644,652,734,602
"COG2149",0,0,0,0,0,1
"COG2151",60,54,77,48,18,41
"COG2152",245,194,140,378,248,668
"COG2153",10,5,3,3,7,3
"COG2155",19,16,27,29,30,5
"COG2156",89,51,21,35,22,39
"COG2158",5,11,5,8,4,5
"COG2159",48,65,63,111,51,41
"COG2160",185,220,147,190,125,308
"COG2161",9,1,6,10,6,3
"COG2162",4,3,0,6,5,2
"COG2163",3,1,3,4,1,0
"COG2165",1,9,2,4,7,21
"COG2166",77,85,77,59,47,86
"COG2168",0,0,0,0,0,2
"COG2169",23,27,3,40,4,25
"COG2170",0,1,0,0,0,1
"COG2171",28,8,9,13,10,5
"COG2172",53,74,91,96,120,41
"COG2173",69,117,26,58,55,129
"COG2175",0,2,0,0,0,1
"COG2176",395,383,620,444,725,184
"COG2177",206,216,322,249,267,162
"COG2179",61,69,79,83,104,18
"COG2180",1,1,0,0,0,6
"COG2181",6,3,2,1,1,11
"COG2182",132,131,61,199,191,31
"COG2183",334,327,501,417,394,381
"COG2184",92,68,114,48,66,27
"COG2185",352,284,157,228,159,410
"COG2186",176,141,109,135,154,101
"COG2188",134,152,87,219,113,140
"COG2189",229,266,249,130,154,106
"COG2190",171,228,79,109,117,74
"COG2191",4,3,2,0,2,1
"COG2192",0,0,5,12,13,0
"COG2193",24,49,10,18,8,49
"COG2194",263,184,276,300,94,198
"COG2195",615,586,680,638,583,753
"COG2197",872,814,401,482,361,1021
"COG2198",5,14,2,2,1,27
"COG2199",544,716,929,1018,1213,225
"COG2200",285,318,333,390,857,111
"COG2201",42,38,19,59,94,9
"COG2202",47,98,88,62,38,123
"COG2203",3,7,5,19,33,2
"COG2204",882,993,619,906,641,1665
"COG2205",295,333,270,289,277,298
"COG2206",212,302,215,387,484,94
"COG2207",4890,4941,2694,3850,3484,6337
"COG2208",103,162,122,137,169,79
"COG2209",56,42,95,56,44,55
"COG2210",71,126,28,105,99,265
"COG2211",700,791,795,852,685,567
"COG2212",0,0,1,0,1,1
"COG2213",17,22,6,47,11,14
"COG2214",164,135,160,105,137,146
"COG2215",0,1,0,0,0,1
"COG2216",187,167,53,102,119,259
"COG2217",1006,1057,912,642,789,561
"COG2220",371,384,190,245,246,360
"COG2221",31,75,25,74,89,34
"COG2222",37,73,55,62,59,56
"COG2223",4,2,0,1,0,4
"COG2224",0,0,0,0,0,2
"COG2225",0,1,1,0,0,6
"COG2226",95,101,94,75,69,127
"COG2227",29,19,33,17,28,33
"COG2230",60,23,25,46,30,28
"COG2231",11,0,0,0,0,0
"COG2233",355,439,548,494,465,353
"COG2234",301,301,129,150,155,305
"COG2235",9,19,52,18,20,3
"COG2236",1,1,1,1,0,0
"COG2239",287,324,219,261,291,229
"COG2240",137,175,209,167,185,169
"COG2241",121,183,54,117,166,163
"COG2242",131,141,61,104,128,154
"COG2243",81,95,50,63,106,115
"COG2244",1112,952,899,644,662,562
"COG2246",63,53,48,88,43,16
"COG2247",0,0,0,0,0,1
"COG2249",81,27,12,21,32,76
"COG2250",0,0,0,0,0,0
"COG2252",184,213,279,233,291,120
"COG2253",0,1,0,12,15,0
"COG2255",214,237,288,216,265,205
"COG2256",286,242,339,269,325,293
"COG2257",6,7,10,16,31,8
"COG2258",28,49,23,60,45,30
"COG2259",41,63,13,19,18,51
"COG2261",0,3,0,0,0,1
"COG2262",259,280,302,245,267,226
"COG2264",218,212,216,207,245,173
"COG2265",364,406,499,414,445,364
"COG2267",125,143,128,125,143,45
"COG2268",76,87,65,158,137,70
"COG2269",0,0,0,0,0,6
"COG2270",58,76,47,44,60,31
"COG2271",130,80,19,83,32,147
"COG2272",162,100,244,115,129,142
"COG2273",147,259,269,243,197,288
"COG2274",209,424,384,449,294,788
"COG2301",13,31,37,30,47,56
"COG2302",67,61,99,110,123,33
"COG2303",0,3,3,0,2,2
"COG2304",427,213,373,293,256,265
"COG2306",0,0,0,0,4,0
"COG2307",43,0,0,0,1,0
"COG2308",33,0,6,1,3,7
"COG2309",90,147,171,176,227,75
"COG2310",7,12,10,18,17,55
"COG2311",76,149,109,128,53,304
"COG2312",0,3,0,4,5,4
"COG2313",4,6,11,11,8,6
"COG2314",14,2,7,6,2,0
"COG2315",148,164,105,117,119,165
"COG2316",24,37,63,56,35,8
"COG2317",37,45,40,43,35,40
"COG2319",4,19,72,10,60,6
"COG2320",10,11,16,17,13,36
"COG2321",4,1,0,0,1,2
"COG2323",66,39,87,61,86,20
"COG2326",61,67,60,115,101,57
"COG2327",84,163,74,94,67,140
"COG2329",3,6,1,0,0,0
"COG2331",11,1,1,0,0,2
"COG2332",3,0,2,1,0,3
"COG2333",153,219,230,281,279,88
"COG2334",13,6,7,8,6,4
"COG2335",0,0,2,0,0,0
"COG2336",0,1,0,0,0,3
"COG2337",153,217,149,222,169,61
"COG2339",14,9,27,13,10,4
"COG2340",51,8,24,74,97,17
"COG2344",157,188,73,156,119,120
"COG2346",0,0,2,1,0,0
"COG2348",45,12,61,21,77,6
"COG2350",0,0,0,1,1,0
"COG2351",6,2,6,2,0,0
"COG2352",55,1,3,2,5,6
"COG2353",0,8,1,0,0,3
"COG2354",0,1,0,1,0,2
"COG2355",134,203,253,167,144,251
"COG2356",4,1,69,36,34,3
"COG2357",151,194,207,225,188,53
"COG2358",81,81,114,91,114,55
"COG2359",10,2,8,8,16,1
"COG2360",18,15,67,34,34,95
"COG2361",14,17,12,56,36,43
"COG2362",3,6,1,8,3,10
"COG2363",1,1,0,0,0,1
"COG2364",102,77,123,139,96,71
"COG2365",120,101,55,58,88,153
"COG2367",152,114,186,81,53,100
"COG2368",4,28,11,10,11,12
"COG2369",1,7,8,25,35,5
"COG2371",14,2,3,2,3,3
"COG2372",0,1,1,0,0,0
"COG2373",404,409,322,409,229,763
"COG2374",0,1,4,1,10,1
"COG2375",0,1,0,0,0,0
"COG2376",26,57,25,115,43,29
"COG2377",45,29,7,7,34,57
"COG2378",32,50,47,95,73,18
"COG2379",34,44,32,48,45,28
"COG2382",257,231,257,138,213,323
"COG2384",56,72,112,89,101,22
"COG2385",280,318,290,322,339,226
"COG2386",5,2,0,0,1,1
"COG2388",29,45,10,25,12,28
"COG2390",31,21,15,43,17,19
"COG2391",7,0,1,2,2,1
"COG2404",0,0,3,0,8,0
"COG2405",0,8,3,6,3,0
"COG2406",6,10,0,10,5,34
"COG2407",401,517,325,360,399,670
"COG2414",19,50,37,32,30,42
"COG2421",8,5,3,4,12,22
"COG2423",38,50,134,55,31,7
"COG2425",68,73,91,58,57,162
"COG2426",17,6,21,10,11,5
"COG2431",120,133,120,100,72,238
"COG2440",1,0,1,2,0,3
"COG2452",18,17,13,26,18,7
"COG2453",0,3,0,0,0,1
"COG2461",27,64,38,54,136,13
"COG2501",27,54,30,26,28,7
"COG2502",140,151,158,146,83,148
"COG2503",0,2,8,1,0,7
"COG2508",243,325,213,298,324,88
"COG2509",338,378,465,448,532,333
"COG2510",22,31,60,79,79,10
"COG2513",24,25,9,24,27,51
"COG2514",0,0,0,1,0,0
"COG2515",7,6,16,26,18,5
"COG2516",0,0,1,0,7,0
"COG2518",0,0,0,1,2,2
"COG2519",22,1,0,1,0,1
"COG2602",28,29,19,66,59,20
"COG2603",0,0,0,0,1,4
"COG2604",14,2,16,21,19,4
"COG2605",154,212,103,116,115,135
"COG2606",108,73,57,130,171,110
"COG2607",80,156,137,189,194,63
"COG2608",63,86,60,107,85,17
"COG2609",0,3,0,1,1,1
"COG2610",94,144,67,128,90,156
"COG2703",31,42,30,46,65,6
"COG2704",179,110,44,129,79,257
"COG2706",117,151,102,75,54,78
"COG2707",1,1,1,10,0,0
"COG2710",74,64,22,52,83,31
"COG2715",150,133,227,118,126,194
"COG2716",0,2,0,1,1,0
"COG2717",9,79,2,11,7,0
"COG2718",0,0,0,1,0,3
"COG2719",1,0,0,1,1,3
"COG2720",82,76,161,101,153,36
"COG2721",211,187,148,225,164,300
"COG2723",190,382,302,294,374,81
"COG2730",504,204,657,498,630,274
"COG2731",107,108,122,160,98,97
"COG2733",18,1,17,51,3,12
"COG2738",137,146,120,91,71,94
"COG2739",57,53,71,58,80,21
"COG2740",40,41,71,47,61,22
"COG2746",34,12,9,22,15,1
"COG2755",876,657,889,760,557,792
"COG2759",316,289,388,349,330,289
"COG2761",2,2,0,0,0,0
"COG2764",1,1,0,4,0,0
"COG2766",1,1,1,0,2,1
"COG2768",121,102,80,124,119,193
"COG2770",1,0,0,0,0,0
"COG2771",2,13,10,4,11,17
"COG2801",1262,658,1869,966,892,571
"COG2804",73,87,255,183,221,48
"COG2805",89,93,173,96,108,33
"COG2807",2,0,3,1,1,1
"COG2812",573,602,629,525,546,583
"COG2813",21,8,21,2,8,4
"COG2814",126,107,150,191,135,192
"COG2815",87,84,157,133,139,37
"COG2816",126,116,165,112,105,98
"COG2818",124,85,59,58,83,99
"COG2819",92,95,123,141,96,69
"COG2820",146,146,171,136,114,133
"COG2821",10,5,3,7,2,4
"COG2822",0,0,0,0,0,6
"COG2823",2,1,4,2,2,3
"COG2824",0,0,2,0,0,2
"COG2825",7,13,3,6,5,36
"COG2826",342,430,174,501,327,84
"COG2827",13,38,18,23,20,8
"COG2828",4,3,3,5,25,25
"COG2829",7,5,1,8,2,3
"COG2830",70,64,10,30,21,82
"COG2831",0,10,1,16,66,30
"COG2832",14,17,8,24,12,5
"COG2834",4,7,29,0,28,3
"COG2835",1,0,0,1,0,0
"COG2836",3,2,9,1,4,1
"COG2837",2,12,2,15,8,42
"COG2839",13,8,2,9,12,17
"COG2840",1,1,1,1,0,2
"COG2841",0,1,0,0,0,0
"COG2842",4,12,7,27,25,18
"COG2843",257,250,192,195,240,196
"COG2844",49,4,2,3,1,6
"COG2845",0,2,0,0,0,0
"COG2846",67,62,8,26,43,66
"COG2848",167,127,224,175,175,75
"COG2849",89,31,2,42,15,45
"COG2850",2,3,0,0,1,1
"COG2851",7,35,12,24,20,26
"COG2852",26,11,52,18,21,8
"COG2853",1,3,2,1,0,10
"COG2854",1,2,2,0,2,3
"COG2855",174,162,226,188,172,195
"COG2856",55,36,122,132,147,23
"COG2859",77,48,101,48,52,73
"COG2860",91,77,33,29,32,95
"COG2861",10,10,1,8,15,10
"COG2862",0,2,3,0,0,2
"COG2864",0,3,1,0,0,4
"COG2865",633,487,797,818,533,646
"COG2866",44,65,69,56,149,91
"COG2867",0,0,0,0,0,2
"COG2868",40,38,50,62,73,26
"COG2869",63,54,96,60,37,98
"COG2870",28,33,33,40,49,98
"COG2871",108,96,111,90,53,122
"COG2872",47,76,56,55,57,34
"COG2873",300,364,402,531,529,459
"COG2875",116,153,50,107,104,199
"COG2876",222,245,189,207,192,261
"COG2877",114,95,110,94,57,139
"COG2878",115,176,167,139,131,170
"COG2879",0,0,0,0,0,2
"COG2882",0,0,0,0,0,4
"COG2884",194,184,238,216,209,158
"COG2885",193,202,508,285,149,302
"COG2887",57,0,0,1,4,0
"COG2890",237,194,253,225,224,179
"COG2891",3,3,1,4,3,5
"COG2893",30,70,36,54,27,33
"COG2894",79,95,130,133,123,50
"COG2895",183,133,58,135,198,136
"COG2896",26,68,100,63,44,41
"COG2897",3,4,4,1,2,3
"COG2898",38,4,6,7,4,8
"COG2900",1,0,0,0,0,1
"COG2901",1,0,0,3,0,1
"COG2904",0,0,1,2,0,5
"COG2907",0,0,1,0,0,0
"COG2908",142,127,130,95,87,171
"COG2909",31,35,24,108,36,23
"COG2910",18,12,30,9,4,11
"COG2911",29,20,17,97,37,31
"COG2912",0,1,0,0,0,2
"COG2913",1,2,1,2,0,5
"COG2915",0,3,0,0,0,1
"COG2916",0,1,1,0,0,2
"COG2917",3,1,2,5,0,2
"COG2918",0,54,12,0,3,96
"COG2919",8,0,2,2,0,2
"COG2920",0,0,1,0,1,2
"COG2921",1,1,1,1,0,0
"COG2922",0,5,0,0,1,0
"COG2923",0,2,0,0,1,0
"COG2924",0,3,0,0,0,1
"COG2925",6,5,3,4,2,3
"COG2926",0,0,0,0,0,4
"COG2927",0,0,0,1,0,1
"COG2928",1,2,0,7,0,10
"COG2929",3,9,7,10,4,0
"COG2931",45,29,16,52,29,84
"COG2932",39,33,36,46,40,24
"COG2933",0,5,0,0,0,2
"COG2935",2,3,1,0,0,0
"COG2936",107,112,22,46,39,81
"COG2937",0,2,1,1,1,4
"COG2938",0,1,0,0,1,1
"COG2939",0,0,1,2,0,0
"COG2942",327,217,198,221,187,405
"COG2943",0,2,0,0,0,9
"COG2944",8,3,4,4,3,2
"COG2945",0,0,3,0,0,0
"COG2946",49,204,38,77,98,36
"COG2947",1,0,0,1,0,2
"COG2948",1,0,1,0,2,0
"COG2949",10,24,38,16,43,11
"COG2951",4,5,0,0,0,10
"COG2954",148,89,173,136,107,92
"COG2956",0,2,3,2,5,7
"COG2957",145,131,121,153,118,178
"COG2958",0,1,19,2,6,0
"COG2959",0,0,2,0,0,1
"COG2961",4,10,0,15,10,51
"COG2962",5,11,18,16,17,8
"COG2963",99,133,94,171,83,51
"COG2964",36,41,27,37,12,14
"COG2965",4,1,1,0,1,3
"COG2966",208,198,276,271,198,219
"COG2967",0,3,0,0,0,2
"COG2968",15,14,18,24,13,17
"COG2969",2,1,4,0,2,6
"COG2971",20,20,12,12,14,4
"COG2972",1155,1330,981,1534,1789,570
"COG2974",1,0,0,0,0,0
"COG2975",0,0,2,0,0,2
"COG2976",3,2,1,3,1,3
"COG2977",0,0,0,1,1,0
"COG2978",70,89,85,62,81,130
"COG2979",0,3,0,0,0,1
"COG2980",2,1,4,0,1,0
"COG2981",0,1,0,0,0,7
"COG2982",0,4,1,0,1,11
"COG2983",0,1,0,0,0,0
"COG2984",129,171,147,152,201,120
"COG2985",497,469,416,517,423,1025
"COG2986",176,169,57,121,152,357
"COG2987",149,181,65,94,129,268
"COG2988",0,1,0,0,1,0
"COG2989",5,24,142,67,4,49
"COG2990",0,8,0,3,6,13
"COG2992",1,2,1,0,0,6
"COG2994",0,1,0,5,4,1
"COG2995",0,3,1,0,0,3
"COG2996",160,194,167,197,186,126
"COG2998",0,0,1,3,2,3
"COG2999",0,1,0,0,0,2
"COG3001",31,0,1,1,1,0
"COG3004",82,102,37,69,50,116
"COG3005",24,22,3,16,10,56
"COG3006",0,1,0,0,0,2
"COG3007",7,0,63,44,7,2
"COG3008",1,5,0,1,6,8
"COG3009",0,1,0,0,0,3
"COG3010",43,30,33,21,17,22
"COG3012",2,3,0,2,1,1
"COG3013",0,1,0,0,0,3
"COG3014",0,3,1,2,0,0
"COG3015",27,38,49,52,29,38
"COG3016",2,59,7,38,37,10
"COG3017",2,1,0,0,0,0
"COG3021",105,84,133,101,68,190
"COG3022",118,94,120,140,98,122
"COG3023",151,148,242,178,140,412
"COG3024",2,0,0,0,1,1
"COG3025",0,19,0,28,18,13
"COG3026",0,1,0,1,0,1
"COG3027",3,6,1,6,4,2
"COG3028",4,1,3,0,3,1
"COG3029",0,1,0,0,0,0
"COG3030",0,1,0,0,0,0
"COG3031",0,2,0,0,0,0
"COG3033",41,54,34,32,43,58
"COG3034",0,3,4,1,2,4
"COG3037",43,32,12,43,3,14
"COG3038",1,2,0,2,0,0
"COG3039",114,1519,81,31,54,180
"COG3040",15,20,10,22,4,64
"COG3041",22,19,37,37,30,25
"COG3042",0,0,0,1,0,2
"COG3043",0,3,1,0,2,2
"COG3044",36,47,15,22,48,25
"COG3045",0,0,2,0,0,1
"COG3048",8,9,16,3,7,22
"COG3049",203,244,153,202,242,215
"COG3050",0,0,0,0,0,1
"COG3051",13,49,43,32,56,64
"COG3052",4,11,15,5,18,19
"COG3053",15,20,32,41,23,15
"COG3054",0,1,0,0,0,5
"COG3055",35,58,20,62,47,116
"COG3056",0,3,0,0,0,0
"COG3057",0,0,0,0,0,1
"COG3058",1,5,3,1,2,5
"COG3059",51,56,11,24,34,71
"COG3060",0,1,1,0,0,0
"COG3064",0,1,0,0,1,1
"COG3065",0,1,1,0,0,1
"COG3066",0,0,0,0,0,1
"COG3067",0,2,1,0,0,0
"COG3068",1,1,1,1,1,0
"COG3069",55,68,20,48,61,92
"COG3070",31,22,19,30,23,9
"COG3071",0,0,0,0,0,4
"COG3072",0,1,0,0,1,3
"COG3073",0,1,0,0,0,1
"COG3074",0,1,0,0,0,0
"COG3075",27,5,1,6,1,7
"COG3076",0,0,0,0,0,1
"COG3077",42,62,101,78,82,31
"COG3078",1,0,0,0,0,1
"COG3081",9,2,0,0,0,1
"COG3083",26,22,83,26,23,39
"COG3084",1,1,0,0,0,0
"COG3085",0,1,0,0,0,0
"COG3086",0,0,2,0,0,5
"COG3087",3,5,4,1,0,2
"COG3088",0,2,2,1,0,5
"COG3089",0,1,0,0,0,1
"COG3090",81,96,71,115,86,61
"COG3091",0,2,0,0,0,0
"COG3092",0,0,0,0,0,2
"COG3093",9,89,39,118,25,67
"COG3094",0,0,0,0,1,0
"COG3095",0,1,0,0,0,1
"COG3096",2,1,0,0,0,6
"COG3097",0,1,1,0,0,0
"COG3098",0,0,0,0,1,1
"COG3101",0,0,1,0,0,1
"COG3102",0,2,1,0,0,1
"COG3103",43,36,48,68,111,39
"COG3104",385,197,187,181,123,215
"COG3105",0,1,0,0,1,0
"COG3106",0,3,0,1,0,2
"COG3107",1,1,0,1,0,6
"COG3108",0,0,0,0,0,1
"COG3109",1,0,0,0,0,2
"COG3110",0,2,0,0,0,0
"COG3111",2,1,1,14,0,4
"COG3112",0,0,0,0,0,1
"COG3113",0,0,0,2,0,0
"COG3115",0,0,0,0,1,2
"COG3116",0,0,0,0,0,1
"COG3117",5,1,2,2,1,5
"COG3118",9,1,1,1,0,1
"COG3119",2031,1879,734,1035,1259,3012
"COG3120",0,0,0,0,0,1
"COG3121",2,8,1,1,1,9
"COG3122",0,0,0,0,0,2
"COG3123",0,1,2,0,0,1
"COG3124",10,11,1,2,15,25
"COG3125",0,0,0,0,0,1
"COG3127",0,1,0,0,0,3
"COG3128",1,1,0,0,0,1
"COG3129",6,19,4,5,5,13
"COG3131",0,1,1,0,0,4
"COG3133",0,0,2,0,0,0
"COG3134",1,0,0,0,0,2
"COG3135",0,0,0,1,0,1
"COG3136",0,1,0,0,0,1
"COG3137",0,0,0,0,0,2
"COG3138",0,0,0,0,0,2
"COG3139",0,0,0,0,0,1
"COG3142",92,93,87,72,48,82
"COG3143",1,3,0,0,0,0
"COG3144",6,17,22,27,103,5
"COG3145",0,1,0,0,0,1
"COG3147",0,1,0,1,0,0
"COG3149",0,0,1,0,0,0
"COG3150",1,1,11,3,2,1
"COG3151",0,0,0,1,0,1
"COG3152",40,18,63,15,12,25
"COG3153",26,63,27,43,10,36
"COG3154",0,0,1,0,0,1
"COG3155",2,2,0,0,1,1
"COG3156",0,0,1,0,1,2
"COG3157",0,2,0,1,0,4
"COG3158",61,6,99,41,40,3
"COG3159",2,0,0,0,1,1
"COG3160",1,0,0,0,0,1
"COG3161",1,2,0,0,0,1
"COG3162",0,0,0,1,0,0
"COG3164",12,10,8,7,6,19
"COG3165",1,0,0,0,0,1
"COG3166",0,2,0,9,0,3
"COG3169",63,60,48,40,34,49
"COG3171",0,0,0,1,0,0
"COG3172",2,1,2,18,1,1
"COG3173",7,0,2,9,5,8
"COG3174",100,86,10,35,64,179
"COG3176",253,198,262,196,151,234
"COG3177",529,633,484,489,399,275
"COG3178",125,123,128,78,77,182
"COG3179",0,0,34,11,0,0
"COG3180",0,6,0,12,9,10
"COG3181",29,58,54,51,48,75
"COG3182",90,67,16,37,26,110
"COG3183",1,13,2,2,3,2
"COG3187",87,60,22,22,32,47
"COG3188",3,22,5,2,1,36
"COG3189",43,42,11,15,22,52
"COG3190",0,1,0,0,0,2
"COG3191",36,46,29,23,44,24
"COG3192",10,7,10,6,3,20
"COG3193",6,9,0,8,6,7
"COG3194",0,1,0,0,0,1
"COG3196",4,35,2,12,7,9
"COG3199",0,0,2,9,2,3
"COG3201",89,89,93,86,82,91
"COG3203",36,13,22,25,15,44
"COG3204",0,0,0,0,0,2
"COG3206",166,156,176,140,102,251
"COG3208",16,3,2,1,1,3
"COG3209",221,759,303,669,513,780
"COG3210",45,15,117,37,105,70
"COG3212",9,6,4,23,2,2
"COG3214",0,4,0,0,1,4
"COG3216",0,0,2,0,0,0
"COG3217",0,2,0,0,1,3
"COG3218",0,1,0,0,0,0
"COG3220",0,1,0,0,1,0
"COG3221",29,18,16,20,29,8
"COG3222",3,5,0,0,2,0
"COG3223",0,1,1,0,0,3
"COG3225",134,179,117,151,147,181
"COG3226",1,0,0,0,0,2
"COG3228",0,2,0,0,0,2
"COG3231",0,1,3,2,0,6
"COG3234",0,3,1,0,0,2
"COG3236",16,19,19,17,31,3
"COG3237",0,2,0,0,0,0
"COG3238",19,32,13,26,34,10
"COG3242",0,0,0,0,0,2
"COG3243",1,0,0,0,0,0
"COG3246",10,27,20,17,20,18
"COG3247",19,0,5,4,2,3
"COG3248",0,1,0,0,1,2
"COG3250",4018,4820,3051,3530,3691,8258
"COG3251",0,0,0,0,0,1
"COG3254",22,45,20,37,17,39
"COG3256",1,0,0,0,0,3
"COG3257",0,4,1,5,2,4
"COG3259",0,2,1,0,0,0
"COG3260",4,8,7,7,3,12
"COG3261",7,7,16,15,7,17
"COG3262",1,4,1,2,2,6
"COG3263",157,153,45,75,42,119
"COG3264",10,12,2,7,6,22
"COG3265",2,1,0,1,0,0
"COG3266",0,1,0,0,0,1
"COG3267",2,20,2,6,13,4
"COG3268",0,1,0,9,1,0
"COG3270",33,45,39,41,69,27
"COG3271",0,2,0,2,3,0
"COG3272",0,1,0,0,1,1
"COG3274",171,226,159,164,109,274
"COG3275",505,357,290,237,267,453
"COG3276",14,17,12,7,10,27
"COG3279",1138,919,946,1064,1354,629
"COG3283",1,1,1,28,0,9
"COG3284",4,22,2,51,24,17
"COG3287",7,7,8,10,79,9
"COG3288",38,0,1,1,0,5
"COG3290",3,29,98,121,63,61
"COG3291",49,65,127,96,66,71
"COG3292",4021,4221,3208,3509,2895,7827
"COG3293",51,5,34,29,22,6
"COG3294",2,9,7,15,38,1
"COG3296",0,1,0,0,0,0
"COG3297",0,1,1,0,0,3
"COG3299",46,35,20,44,26,53
"COG3301",16,2,8,4,3,8
"COG3302",0,0,0,0,2,3
"COG3303",62,65,18,49,22,163
"COG3304",53,50,46,40,26,49
"COG3306",3,10,0,1,3,5
"COG3307",25,15,30,34,11,35
"COG3309",2,8,47,30,1,2
"COG3311",1,2,0,0,0,0
"COG3312",0,1,0,0,0,1
"COG3314",87,85,109,115,154,41
"COG3315",82,46,135,132,157,58
"COG3316",3,7,2,13,0,15
"COG3317",2,2,5,8,0,0
"COG3318",0,1,1,3,0,0
"COG3319",1,6,1,1,1,21
"COG3320",7,51,13,22,21,26
"COG3321",6,6,5,1,14,15
"COG3323",98,53,45,38,31,34
"COG3324",8,18,3,12,8,31
"COG3325",124,107,18,42,128,204
"COG3326",35,27,55,41,31,5
"COG3328",426,375,536,1042,246,219
"COG3330",0,0,4,0,7,0
"COG3331",40,42,59,41,63,10
"COG3333",32,44,49,78,83,101
"COG3335",95,76,42,30,43,19
"COG3339",3,1,5,9,3,4
"COG3340",103,103,73,132,182,35
"COG3341",116,116,88,90,108,88
"COG3343",0,0,2,0,0,0
"COG3344",1808,958,999,1094,979,707
"COG3345",497,507,483,460,277,426
"COG3347",2,4,0,14,3,1
"COG3350",0,1,0,0,0,0
"COG3359",26,44,57,86,72,13
"COG3366",0,0,2,1,1,2
"COG3369",9,7,1,5,3,1
"COG3378",946,167,247,154,198,70
"COG3379",0,0,6,1,0,0
"COG3381",6,2,1,1,0,7
"COG3382",69,51,92,42,34,72
"COG3383",12,36,25,38,15,17
"COG3384",2,6,2,0,0,2
"COG3385",580,234,1243,264,468,190
"COG3386",26,31,16,34,59,43
"COG3387",87,38,34,12,36,85
"COG3391",76,101,53,104,49,85
"COG3392",40,47,50,18,39,71
"COG3393",5,13,0,7,2,5
"COG3394",17,46,18,31,36,34
"COG3395",24,73,35,65,22,21
"COG3396",1,1,0,0,0,0
"COG3397",6,1,2,1,0,6
"COG3401",9,9,140,214,23,12
"COG3402",44,2,1,4,6,1
"COG3404",110,130,76,82,131,138
"COG3405",72,45,67,86,34,31
"COG3407",0,0,1,1,0,0
"COG3408",321,286,369,306,224,389
"COG3409",80,86,130,60,163,37
"COG3410",8,9,12,30,14,14
"COG3411",14,11,7,11,10,6
"COG3412",1,3,0,5,0,3
"COG3414",16,11,2,27,0,3
"COG3415",0,0,0,0,0,0
"COG3417",0,3,2,1,0,1
"COG3418",0,0,0,0,0,1
"COG3420",3,0,0,0,1,3
"COG3421",1,3,16,12,30,0
"COG3422",0,0,1,0,1,1
"COG3423",1,0,0,0,1,1
"COG3425",0,0,1,1,0,0
"COG3426",96,133,132,95,142,173
"COG3428",59,1,5,2,3,0
"COG3429",24,0,0,0,0,0
"COG3433",1,4,0,0,0,9
"COG3434",8,4,6,12,9,6
"COG3436",369,1211,848,1254,345,696
"COG3437",272,291,440,326,347,430
"COG3439",5,14,3,9,5,46
"COG3440",48,6,34,1,17,0
"COG3442",32,19,55,36,55,4
"COG3443",2,2,0,3,4,2
"COG3444",23,68,21,55,26,41
"COG3445",0,1,0,0,0,0
"COG3447",0,1,0,0,0,0
"COG3448",0,0,0,6,0,1
"COG3449",215,71,12,50,64,165
"COG3450",0,1,1,0,1,0
"COG3451",1317,1612,818,1274,1451,1502
"COG3452",51,51,92,72,103,22
"COG3454",0,4,2,1,12,1
"COG3456",0,0,0,0,0,1
"COG3457",10,7,7,17,12,4
"COG3458",204,145,195,116,103,265
"COG3459",251,232,726,411,717,147
"COG3463",22,16,9,15,30,7
"COG3464",915,1101,886,365,112,582
"COG3467",149,128,149,110,107,112
"COG3468",23,158,5,231,448,233
"COG3469",0,13,4,5,3,0
"COG3470",12,0,0,0,1,0
"COG3472",41,14,46,22,139,18
"COG3473",0,0,12,0,1,0
"COG3475",257,249,198,245,429,183
"COG3476",21,49,18,25,24,22
"COG3477",0,1,0,0,0,0
"COG3478",0,0,0,0,1,2
"COG3480",20,0,39,1,7,0
"COG3481",94,116,158,172,231,51
"COG3487",113,63,16,37,34,80
"COG3488",97,66,93,76,88,155
"COG3491",0,0,0,1,0,0
"COG3493",4,41,9,11,40,107
"COG3494",4,6,4,21,14,15
"COG3496",0,0,0,1,0,0
"COG3497",6,31,25,31,36,30
"COG3498",1,3,10,13,7,2
"COG3499",0,0,0,0,0,2
"COG3500",1,26,22,24,30,31
"COG3501",9,228,9,40,95,26
"COG3503",11,19,8,17,22,10
"COG3504",2,0,0,3,5,2
"COG3505",1015,1293,740,940,1196,1229
"COG3506",26,31,10,34,35,17
"COG3507",1319,1136,1012,970,698,2352
"COG3509",7,3,99,29,5,4
"COG3512",14,12,44,20,26,16
"COG3513",267,326,331,138,245,189
"COG3515",0,2,0,0,0,2
"COG3516",0,0,1,0,0,1
"COG3517",0,2,2,2,0,5
"COG3518",0,1,0,1,0,1
"COG3519",0,3,1,0,3,5
"COG3520",0,1,0,0,0,1
"COG3521",0,1,1,0,0,0
"COG3522",0,2,0,0,1,4
"COG3523",2,0,0,1,2,6
"COG3524",0,0,0,0,0,5
"COG3525",1361,1414,843,804,589,2192
"COG3527",18,0,4,3,1,0
"COG3528",0,0,2,0,0,0
"COG3530",0,1,0,0,0,1
"COG3533",649,990,566,640,409,1592
"COG3534",483,490,570,480,326,920
"COG3535",2,3,9,7,11,1
"COG3536",0,0,2,1,1,0
"COG3537",1743,1475,798,1237,1040,3078
"COG3538",343,159,92,104,194,444
"COG3539",1,9,1,2,3,10
"COG3541",5,2,64,16,5,3
"COG3542",5,6,1,6,6,4
"COG3543",22,24,17,11,22,16
"COG3544",3,1,0,7,2,3
"COG3545",0,0,9,2,6,0
"COG3546",51,48,90,60,70,37
"COG3547",726,486,633,526,390,491
"COG3548",0,1,2,3,0,0
"COG3549",0,1,4,1,1,0
"COG3550",257,633,522,360,361,388
"COG3552",0,0,1,0,1,0
"COG3557",0,2,22,1,12,0
"COG3560",73,75,16,50,31,85
"COG3561",51,13,42,25,23,2
"COG3562",0,1,4,1,11,4
"COG3563",0,1,3,1,0,3
"COG3566",2,1,4,38,0,12
"COG3567",25,0,4,27,6,12
"COG3568",335,297,107,212,237,498
"COG3570",0,0,0,2,8,1
"COG3572",49,0,12,7,5,1
"COG3576",16,2,4,0,0,0
"COG3579",361,241,204,157,169,323
"COG3580",278,384,403,493,617,201
"COG3581",274,312,378,490,511,163
"COG3583",60,51,65,65,72,32
"COG3584",44,36,52,68,89,52
"COG3585",1,1,1,1,0,0
"COG3586",15,29,3,30,12,2
"COG3587",227,482,323,250,321,164
"COG3588",0,0,12,8,0,1
"COG3589",0,12,4,16,9,5
"COG3590",260,150,343,213,117,279
"COG3591",1,1,14,17,22,8
"COG3592",0,1,0,0,1,1
"COG3593",74,56,296,153,35,29
"COG3594",168,138,113,247,124,134
"COG3595",1,2,0,5,27,1
"COG3596",0,2,51,13,2,11
"COG3597",2,3,2,0,2,1
"COG3598",12,13,1,2,5,3
"COG3599",34,28,77,53,81,14
"COG3600",9,33,75,39,20,38
"COG3601",45,48,26,74,75,26
"COG3602",0,4,2,1,0,16
"COG3603",0,4,1,10,11,3
"COG3604",50,125,33,102,50,222
"COG3605",0,2,0,1,0,1
"COG3608",54,47,113,88,128,25
"COG3609",0,0,2,0,1,0
"COG3610",31,63,41,63,63,60
"COG3611",0,0,38,0,25,0
"COG3613",6,1,10,7,4,0
"COG3616",7,4,9,8,6,4
"COG3617",123,59,287,136,90,20
"COG3618",11,3,0,0,0,2
"COG3619",95,77,105,150,97,35
"COG3621",0,17,1,57,0,0
"COG3622",11,8,2,9,2,4
"COG3623",17,16,4,4,2,4
"COG3624",0,0,0,0,0,1
"COG3625",0,3,0,2,7,13
"COG3626",1,5,1,2,11,8
"COG3627",0,7,3,5,7,10
"COG3628",1,4,1,2,3,4
"COG3629",2,7,5,9,19,6
"COG3633",57,51,77,112,116,59
"COG3634",152,164,31,61,76,243
"COG3635",150,116,129,89,102,208
"COG3636",6,0,0,0,1,1
"COG3637",1,1,1,0,0,4
"COG3638",24,23,8,26,21,10
"COG3639",26,23,18,29,42,10
"COG3640",40,33,27,38,29,13
"COG3641",53,61,44,48,42,29
"COG3643",78,62,23,33,34,93
"COG3645",103,44,327,165,138,30
"COG3646",27,6,61,27,8,22
"COG3647",0,1,2,0,1,0
"COG3649",65,47,64,91,41,62
"COG3650",6,3,0,1,2,1
"COG3653",10,15,19,31,21,34
"COG3654",20,20,39,40,26,8
"COG3655",55,47,40,81,59,25
"COG3657",3,0,0,2,0,0
"COG3660",1,0,0,0,0,0
"COG3661",97,96,162,91,35,199
"COG3663",100,108,127,122,103,70
"COG3664",27,34,20,32,46,41
"COG3665",2,2,0,1,8,1
"COG3666",732,466,1487,1687,668,482
"COG3668",2,2,1,3,5,0
"COG3669",769,893,472,466,478,1112
"COG3671",1,0,0,2,0,2
"COG3672",0,0,0,1,0,2
"COG3675",0,0,0,25,0,3
"COG3676",33,65,27,14,33,53
"COG3677",8,34,16,17,220,23
"COG3678",0,2,0,0,0,3
"COG3680",10,0,2,2,0,0
"COG3681",211,226,184,224,162,203
"COG3682",55,57,68,107,108,21
"COG3683",0,0,0,0,0,1
"COG3684",0,1,0,0,0,4
"COG3685",0,1,0,1,1,2
"COG3688",134,176,181,121,170,41
"COG3689",27,28,22,20,71,12
"COG3691",0,1,0,0,0,1
"COG3692",0,1,0,0,0,0
"COG3693",97,43,130,60,62,129
"COG3694",7,0,15,6,16,1
"COG3695",67,65,12,26,29,69
"COG3696",323,260,199,276,239,806
"COG3697",13,21,13,16,20,23
"COG3698",1,0,0,0,0,2
"COG3700",0,1,0,0,0,4
"COG3701",0,0,1,5,0,0
"COG3703",0,0,0,1,0,0
"COG3705",74,73,85,110,145,41
"COG3706",1168,1515,917,1144,1154,2770
"COG3707",49,23,35,36,37,16
"COG3708",10,28,13,49,40,7
"COG3709",0,1,0,0,1,2
"COG3710",1,2,0,1,0,7
"COG3711",186,292,115,256,121,105
"COG3712",1353,1676,432,1241,549,2086
"COG3713",0,0,0,0,1,6
"COG3714",0,1,1,0,0,2
"COG3715",35,112,39,90,46,73
"COG3716",40,117,46,103,30,74
"COG3717",132,138,132,156,116,302
"COG3718",19,11,8,35,8,3
"COG3719",0,2,0,0,0,2
"COG3720",0,0,0,0,0,3
"COG3721",3,1,2,0,4,3
"COG3722",0,0,0,0,0,2
"COG3723",26,6,9,48,71,17
"COG3724",1,0,0,0,0,1
"COG3725",0,1,0,0,0,1
"COG3726",0,0,0,0,0,3
"COG3727",123,31,63,88,27,109
"COG3728",12,9,11,24,51,17
"COG3729",1,1,0,1,0,1
"COG3730",2,6,0,4,0,1
"COG3731",3,0,2,9,1,1
"COG3732",6,6,2,9,0,4
"COG3733",0,0,0,0,0,1
"COG3734",1,8,7,1,4,13
"COG3735",45,44,19,47,31,97
"COG3736",0,0,0,1,0,1
"COG3738",19,23,31,18,12,5
"COG3740",22,5,18,11,8,17
"COG3745",0,15,0,9,0,0
"COG3746",70,86,38,22,14,88
"COG3747",13,12,2,2,2,5
"COG3753",4,2,1,0,0,1
"COG3754",80,144,105,99,66,100
"COG3757",628,271,470,454,409,99
"COG3758",1,0,2,0,1,3
"COG3759",0,0,1,0,1,0
"COG3760",65,71,80,90,95,41
"COG3762",0,1,1,0,0,0
"COG3763",0,0,5,0,4,0
"COG3764",208,128,129,69,97,18
"COG3765",0,0,0,0,0,3
"COG3769",0,1,0,0,0,2
"COG3770",0,0,0,0,0,2
"COG3772",7,7,76,8,6,7
"COG3773",46,72,67,129,187,42
"COG3774",120,131,214,120,39,166
"COG3775",188,97,118,140,75,142
"COG3776",0,0,0,0,0,1
"COG3778",1,1,1,1,1,0
"COG3781",0,1,0,0,0,2
"COG3783",0,1,0,0,0,0
"COG3784",0,1,0,0,0,1
"COG3785",0,0,1,0,0,0
"COG3786",12,6,3,9,36,1
"COG3787",3,2,0,2,5,1
"COG3788",0,1,1,0,0,3
"COG3789",0,3,0,0,0,2
"COG3797",1,1,3,0,1,1
"COG3799",0,0,2,3,0,18
"COG3804",13,9,37,12,18,4
"COG3808",205,239,115,170,192,461
"COG3811",0,0,1,0,0,0
"COG3815",6,2,0,0,1,1
"COG3817",1,12,3,1,11,10
"COG3819",3,5,3,3,7,7
"COG3822",7,16,12,13,22,29
"COG3823",3,4,4,8,6,2
"COG3824",2,0,1,1,0,1
"COG3825",4,10,5,2,4,6
"COG3828",0,0,1,0,0,0
"COG3829",81,186,73,152,81,171
"COG3830",181,156,140,118,102,164
"COG3831",7,18,2,16,9,52
"COG3833",83,79,58,117,77,19
"COG3835",30,19,12,20,17,6
"COG3836",4,13,15,12,15,20
"COG3837",0,1,3,5,4,1
"COG3839",189,218,232,185,148,79
"COG3842",287,303,315,318,319,299
"COG3843",378,510,284,489,552,142
"COG3845",184,137,166,156,139,94
"COG3846",1,0,0,8,0,0
"COG3848",35,58,100,79,57,48
"COG3850",7,8,3,7,3,14
"COG3851",7,5,0,5,7,4
"COG3852",14,12,1,3,3,4
"COG3853",60,62,57,71,45,33
"COG3854",82,68,118,110,124,40
"COG3855",330,322,320,330,249,274
"COG3856",8,1,16,9,9,3
"COG3857",262,282,327,399,519,128
"COG3858",76,152,91,136,142,37
"COG3859",48,37,28,55,62,19
"COG3860",0,0,0,0,0,1
"COG3862",19,42,29,31,34,21
"COG3863",0,0,1,0,0,0
"COG3864",3,3,92,1,17,0
"COG3866",51,23,244,77,38,9
"COG3867",144,71,148,186,135,102
"COG3868",2,1,2,2,4,3
"COG3869",32,21,36,43,32,11
"COG3870",19,14,11,3,9,5
"COG3871",57,91,18,34,16,69
"COG3872",103,120,101,133,164,36
"COG3874",19,10,30,21,24,5
"COG3875",55,82,43,70,66,45
"COG3876",201,92,45,70,83,149
"COG3877",4,3,1,5,1,10
"COG3878",26,8,18,24,5,9
"COG3879",71,8,39,36,39,8
"COG3880",43,29,24,24,29,5
"COG3881",0,0,0,10,0,0
"COG3882",139,36,26,32,20,120
"COG3883",5,17,66,32,44,2
"COG3884",128,184,181,153,182,129
"COG3885",4,0,8,0,0,6
"COG3886",143,126,185,149,228,88
"COG3887",161,270,311,292,296,95
"COG3892",0,0,0,0,2,1
"COG3893",6,15,4,9,6,1
"COG3894",38,54,90,74,92,18
"COG3895",0,0,0,0,0,1
"COG3896",2,0,2,0,0,0
"COG3899",5,1,7,4,15,5
"COG3901",3,2,11,9,4,1
"COG3906",0,2,0,3,0,0
"COG3907",3,3,1,0,0,0
"COG3910",37,36,29,56,88,9
"COG3911",3,0,0,3,0,0
"COG3919",75,59,101,47,15,19
"COG3920",44,6,20,29,7,14
"COG3924",1,1,0,0,1,0
"COG3925",0,0,0,0,0,2
"COG3926",45,11,127,6,10,10
"COG3933",32,52,13,191,28,26
"COG3934",38,0,5,3,10,2
"COG3935",88,77,145,107,166,32
"COG3936",2,1,17,73,30,2
"COG3937",13,14,2,0,1,3
"COG3938",4,13,4,9,7,5
"COG3940",104,157,44,93,134,193
"COG3941",0,1,1,4,14,10
"COG3942",44,3,12,2,0,0
"COG3943",245,366,426,335,325,270
"COG3944",136,131,121,141,134,31
"COG3945",2,1,0,5,0,0
"COG3947",9,12,9,22,19,0
"COG3948",1,6,27,26,47,8
"COG3949",12,17,55,24,26,13
"COG3950",136,211,206,222,108,165
"COG3951",8,4,0,6,1,8
"COG3952",4,1,1,2,2,1
"COG3954",0,1,0,0,0,4
"COG3955",3,18,69,8,35,2
"COG3956",92,62,79,78,79,73
"COG3957",73,62,104,49,169,22
"COG3958",116,177,210,148,209,186
"COG3959",98,206,189,117,211,135
"COG3960",0,0,0,0,0,3
"COG3962",11,11,14,34,7,2
"COG3963",0,1,1,1,1,1
"COG3964",9,34,4,31,36,25
"COG3965",2,22,34,18,12,3
"COG3966",4,3,1,2,4,1
"COG3967",5,0,1,0,0,5
"COG3968",572,574,596,398,395,517
"COG3969",206,184,29,74,105,244
"COG3971",0,10,0,0,0,3
"COG3972",4,5,133,9,2,10
"COG3973",186,115,164,152,177,134
"COG3975",4,3,3,2,0,0
"COG3976",24,28,15,20,21,16
"COG3977",0,1,2,0,1,5
"COG3979",5,1,6,2,2,1
"COG3980",41,35,12,6,28,64
"COG3981",13,8,22,11,41,13
"COG4001",193,436,1,487,276,374
"COG4012",0,1,2,0,0,5
"COG4021",1,1,3,39,5,2
"COG4032",3,16,3,6,4,6
"COG4034",8,5,8,0,2,0
"COG4043",0,1,20,6,16,1
"COG4085",2,15,0,1,1,0
"COG4086",23,29,15,18,25,8
"COG4087",0,4,1,0,2,0
"COG4091",0,2,0,1,1,4
"COG4095",1,0,1,0,0,0
"COG4096",183,306,210,258,491,271
"COG4097",4,0,0,0,0,1
"COG4098",0,2,1,1,1,0
"COG4099",60,39,70,65,69,91
"COG4100",105,98,181,121,144,29
"COG4104",8,4,0,6,0,0
"COG4105",6,5,1,1,0,2
"COG4106",1,3,1,1,1,5
"COG4107",0,5,3,5,6,3
"COG4108",252,275,326,305,300,297
"COG4109",0,0,3,0,5,0
"COG4112",0,0,4,0,0,0
"COG4114",0,2,0,0,3,1
"COG4115",41,110,29,23,16,39
"COG4116",7,5,4,0,0,0
"COG4117",0,1,0,0,0,1
"COG4120",120,192,122,130,187,97
"COG4121",65,42,14,34,22,59
"COG4122",131,136,146,114,154,134
"COG4123",145,113,184,169,207,100
"COG4124",209,63,237,168,92,165
"COG4126",5,2,5,10,3,3
"COG4127",7,0,5,1,0,2
"COG4129",7,11,9,9,8,10
"COG4132",20,0,2,2,0,7
"COG4133",1,2,3,2,0,3
"COG4134",3,5,1,2,2,3
"COG4135",0,2,0,0,0,2
"COG4136",0,0,0,0,0,1
"COG4137",4,0,2,1,0,3
"COG4138",0,0,0,0,0,1
"COG4139",0,2,0,0,0,2
"COG4143",0,1,0,0,0,2
"COG4145",24,49,16,73,30,45
"COG4146",123,250,135,151,62,331
"COG4147",1,2,0,0,0,3
"COG4148",7,6,5,2,0,0
"COG4149",23,59,36,36,40,30
"COG4150",0,0,0,1,1,0
"COG4152",21,29,75,62,104,8
"COG4154",19,16,17,18,15,5
"COG4158",10,24,12,13,19,7
"COG4160",0,3,0,0,0,4
"COG4161",0,2,1,0,0,3
"COG4166",234,274,205,242,271,160
"COG4167",1,0,1,0,0,3
"COG4168",0,0,1,0,0,2
"COG4170",0,0,0,0,0,1
"COG4172",35,5,11,15,9,16
"COG4174",0,0,4,0,0,2
"COG4175",89,107,11,55,26,130
"COG4176",58,80,9,39,20,85
"COG4177",129,90,111,84,104,50
"COG4178",0,10,17,40,13,15
"COG4181",6,2,0,0,1,1
"COG4185",99,56,87,74,31,22
"COG4186",42,53,12,87,21,20
"COG4187",4,9,3,2,11,3
"COG4188",0,1,0,0,3,0
"COG4189",5,32,8,19,21,10
"COG4191",58,49,2,8,15,33
"COG4192",0,0,0,0,0,1
"COG4193",23,35,155,110,198,5
"COG4194",0,0,1,0,1,0
"COG4197",0,0,0,0,3,0
"COG4198",146,171,246,187,187,164
"COG4199",8,4,1,1,0,0
"COG4200",6,3,9,18,15,2
"COG4206",809,926,752,562,419,941
"COG4208",25,32,21,53,80,6
"COG4209",226,203,202,317,237,70
"COG4211",46,101,149,116,133,39
"COG4213",22,20,26,27,24,13
"COG4214",9,11,11,17,11,11
"COG4215",0,1,0,0,0,6
"COG4219",115,114,136,203,201,50
"COG4220",0,2,1,2,5,2
"COG4221",103,92,98,70,64,119
"COG4222",1,1,49,18,0,2
"COG4224",25,30,19,22,46,7
"COG4225",643,654,218,513,401,979
"COG4226",7,3,26,23,32,6
"COG4227",186,209,21,334,34,34
"COG4228",1,0,0,1,0,0
"COG4230",0,3,0,0,1,1
"COG4231",220,284,248,187,258,285
"COG4232",135,105,212,129,116,190
"COG4233",0,1,2,6,0,2
"COG4235",6,1,2,5,3,7
"COG4237",4,2,0,4,2,9
"COG4238",0,0,0,0,0,1
"COG4239",0,0,0,0,1,3
"COG4241",2,6,11,16,9,10
"COG4242",1,0,0,0,1,0
"COG4243",13,0,0,0,0,0
"COG4245",13,3,17,4,0,65
"COG4248",0,3,40,5,7,1
"COG4249",55,6,141,23,47,3
"COG4251",0,0,1,0,0,0
"COG4252",0,0,19,0,0,0
"COG4253",0,0,0,0,1,0
"COG4258",6,4,1,1,1,0
"COG4260",67,99,137,133,122,27
"COG4261",25,67,7,20,10,49
"COG4262",0,0,2,0,0,2
"COG4263",2,0,0,0,0,4
"COG4264",0,1,0,0,0,0
"COG4267",16,24,23,23,26,7
"COG4268",76,33,52,75,41,4
"COG4269",0,2,0,0,0,4
"COG4271",2,4,2,8,38,0
"COG4277",151,131,71,169,225,175
"COG4279",4,1,54,0,0,0
"COG4283",40,36,31,61,32,11
"COG4284",89,51,113,99,123,9
"COG4286",18,56,46,33,55,13
"COG4288",0,1,0,4,0,0
"COG4289",267,226,101,123,119,462
"COG4290",0,1,0,0,0,0
"COG4292",9,0,0,13,5,10
"COG4294",4,0,16,0,14,0
"COG4295",22,7,84,56,11,3
"COG4296",5,9,2,29,41,18
"COG4299",193,197,45,139,144,294
"COG4302",9,6,14,1,4,6
"COG4303",20,8,18,12,9,14
"COG4310",0,0,0,0,1,2
"COG4314",2,0,1,0,0,1
"COG4320",25,0,1,1,0,0
"COG4325",0,2,0,0,0,1
"COG4330",0,1,0,0,0,0
"COG4332",4,8,2,8,7,22
"COG4333",24,19,8,15,14,10
"COG4335",13,12,1,7,4,32
"COG4336",18,7,17,8,15,5
"COG4354",223,84,32,48,122,166
"COG4372",8,3,8,20,10,5
"COG4373",0,1,0,0,0,0
"COG4377",46,22,17,37,80,5
"COG4379",3,0,0,4,0,0
"COG4381",1,0,0,1,0,0
"COG4382",0,0,2,0,0,0
"COG4383",14,26,5,11,23,64
"COG4384",0,2,0,0,0,0
"COG4385",9,6,14,17,4,5
"COG4386",3,3,0,2,1,4
"COG4388",2,0,0,0,0,1
"COG4389",0,0,0,0,1,0
"COG4392",0,0,2,0,1,0
"COG4393",26,0,1,1,1,0
"COG4394",3,0,1,2,5,11
"COG4395",4,0,8,4,2,3
"COG4396",1,2,1,1,6,0
"COG4397",1,0,4,0,0,0
"COG4399",0,1,0,0,4,8
"COG4401",0,0,1,10,2,2
"COG4403",12,20,5,2,5,8
"COG4405",4,0,3,2,2,1
"COG4408",0,0,0,0,0,5
"COG4409",151,159,146,174,120,286
"COG4412",12,17,458,90,96,14
"COG4413",60,21,5,22,46,112
"COG4420",4,1,9,2,8,0
"COG4421",0,2,1,0,0,6
"COG4422",253,326,114,174,224,254
"COG4430",38,28,13,29,32,48
"COG4443",15,13,26,15,34,7
"COG4448",1,3,62,70,2,2
"COG4452",18,18,3,28,10,70
"COG4456",4,8,3,4,0,0
"COG4457",0,4,1,3,4,0
"COG4458",0,1,4,0,3,4
"COG4463",18,17,18,24,23,9
"COG4464",99,113,168,168,95,94
"COG4465",38,62,60,77,37,21
"COG4466",0,1,17,6,9,0
"COG4468",167,153,165,179,180,63
"COG4469",0,0,0,1,0,0
"COG4470",0,0,8,0,6,0
"COG4472",47,46,55,62,66,16
"COG4473",0,0,1,1,0,0
"COG4474",31,21,14,37,20,65
"COG4475",18,39,44,39,41,18
"COG4476",0,1,1,0,0,0
"COG4477",1,1,37,2,23,0
"COG4478",3,2,1,7,2,2
"COG4481",9,11,25,28,49,7
"COG4483",0,0,0,1,0,0
"COG4485",320,275,401,445,368,81
"COG4487",15,2,12,5,18,2
"COG4492",58,68,51,55,42,29
"COG4495",3,13,6,17,10,0
"COG4496",39,52,41,41,32,13
"COG4499",0,4,0,2,7,1
"COG4502",0,0,2,6,2,5
"COG4506",68,70,74,96,67,17
"COG4508",0,0,1,0,0,0
"COG4509",172,203,231,257,251,50
"COG4512",0,3,18,18,15,1
"COG4521",2,11,4,5,5,3
"COG4525",0,0,16,0,0,2
"COG4529",0,5,0,0,0,4
"COG4531",0,1,0,0,0,0
"COG4533",0,4,0,0,2,4
"COG4535",3,2,3,2,2,6
"COG4536",62,93,136,84,38,45
"COG4537",1,2,2,0,0,0
"COG4540",1,0,10,7,11,7
"COG4541",0,0,0,1,0,0
"COG4542",3,1,0,11,1,5
"COG4545",0,0,0,0,1,7
"COG4548",18,27,19,39,26,9
"COG4552",83,114,50,110,116,102
"COG4555",0,5,15,0,35,0
"COG4558",0,0,0,0,0,2
"COG4559",0,1,0,0,0,3
"COG4564",28,19,9,17,18,0
"COG4565",1,3,3,1,12,32
"COG4566",39,16,11,37,3,30
"COG4568",1,0,1,0,0,0
"COG4569",0,1,1,0,0,3
"COG4570",2,9,5,12,16,4
"COG4571",0,0,0,0,0,1
"COG4572",0,0,0,1,0,0
"COG4573",5,17,13,13,9,17
"COG4574",0,1,0,0,0,0
"COG4575",2,2,0,1,0,3
"COG4576",7,13,2,5,4,3
"COG4577",18,21,6,22,13,30
"COG4578",0,0,0,5,0,3
"COG4579",0,1,0,1,1,4
"COG4580",0,5,1,1,1,4
"COG4581",88,1,3,0,3,1
"COG4582",1,2,0,5,1,6
"COG4584",566,634,576,500,322,978
"COG4585",205,68,185,127,107,59
"COG4586",10,3,23,2,17,0
"COG4587",4,0,24,6,16,2
"COG4589",5,13,1,10,6,47
"COG4591",217,193,236,200,155,178
"COG4592",0,1,1,0,0,3
"COG4594",0,1,0,0,1,0
"COG4597",4,2,4,3,1,4
"COG4598",0,0,0,0,0,1
"COG4603",123,105,115,131,117,57
"COG4604",10,18,5,3,19,11
"COG4605",13,17,5,5,13,10
"COG4606",7,15,4,13,10,10
"COG4607",10,16,2,7,12,14
"COG4608",154,208,142,126,144,105
"COG4615",0,1,0,0,0,3
"COG4619",7,0,2,0,0,0
"COG4623",161,105,19,67,53,192
"COG4624",364,549,356,423,412,496
"COG4625",6,1,8,4,3,38
"COG4626",586,65,143,40,156,72
"COG4628",0,1,0,0,0,0
"COG4631",0,1,0,0,0,2
"COG4632",127,193,122,162,169,187
"COG4633",39,1,10,2,0,2
"COG4635",5,1,1,10,2,4
"COG4636",21,26,13,33,46,21
"COG4637",46,95,84,42,7,91
"COG4638",0,0,1,0,0,3
"COG4639",0,10,1,55,7,0
"COG4640",2,1,0,0,0,1
"COG4641",59,67,41,119,174,22
"COG4642",92,58,135,59,40,61
"COG4643",0,0,4,3,3,1
"COG4644",1,2,31,3,0,3
"COG4646",820,1264,509,1067,1078,928
"COG4648",1,2,0,0,0,0
"COG4650",4,2,0,0,1,6
"COG4651",3,2,7,5,3,12
"COG4652",18,37,4,7,0,0
"COG4653",31,21,53,15,28,24
"COG4656",226,277,299,273,265,233
"COG4657",135,143,169,88,111,65
"COG4658",215,241,271,188,263,220
"COG4659",153,128,122,117,100,133
"COG4660",178,191,222,114,115,116
"COG4662",0,2,1,5,2,4
"COG4663",4,1,3,5,6,2
"COG4664",6,3,3,4,8,0
"COG4665",2,3,0,6,5,0
"COG4666",50,75,165,66,64,97
"COG4667",240,203,236,174,163,109
"COG4668",15,27,13,41,18,19
"COG4669",0,1,0,0,0,2
"COG4670",12,15,7,31,6,31
"COG4672",0,5,1,0,0,6
"COG4674",0,0,2,0,3,3
"COG4675",0,0,1,1,3,0
"COG4676",1,0,0,0,0,0
"COG4677",379,310,331,293,180,392
"COG4678",0,1,0,0,0,2
"COG4679",4,20,13,7,6,4
"COG4680",29,5,57,28,6,6
"COG4681",0,1,2,1,2,1
"COG4682",1,0,0,0,0,2
"COG4683",1,0,0,0,0,0
"COG4684",7,21,5,11,4,7
"COG4685",0,2,1,1,1,1
"COG4687",1,4,2,2,0,0
"COG4690",241,186,235,220,169,185
"COG4692",149,178,51,157,59,231
"COG4693",0,4,0,1,12,2
"COG4694",75,14,59,21,1,62
"COG4695",105,17,41,29,12,23
"COG4696",2,8,0,0,3,0
"COG4698",0,0,1,0,0,0
"COG4702",4,11,2,9,9,4
"COG4703",0,0,1,0,0,0
"COG4704",2,4,0,2,2,0
"COG4706",0,1,0,0,0,0
"COG4708",51,64,59,50,59,28
"COG4709",7,9,5,2,6,3
"COG4712",3,17,5,20,2,27
"COG4713",59,41,21,43,87,13
"COG4715",0,0,1,2,0,5
"COG4716",154,120,214,185,277,57
"COG4717",47,94,94,65,183,23
"COG4718",0,0,0,0,0,3
"COG4720",67,42,42,49,41,19
"COG4721",30,0,0,3,0,4
"COG4722",10,11,1,0,0,2
"COG4723",0,0,0,0,0,3
"COG4724",36,27,135,209,189,3
"COG4725",28,37,25,34,46,18
"COG4728",20,109,81,60,46,22
"COG4729",0,2,0,1,1,1
"COG4731",0,0,0,2,0,0
"COG4732",33,46,26,19,30,9
"COG4733",0,8,0,0,2,11
"COG4734",56,54,14,31,33,83
"COG4735",0,3,2,8,5,1
"COG4737",0,1,0,3,0,1
"COG4739",78,49,15,24,40,106
"COG4744",28,62,20,28,21,38
"COG4747",95,79,46,48,45,78
"COG4748",3,47,6,13,3,5
"COG4750",77,199,29,122,57,27
"COG4752",1,6,4,3,4,10
"COG4753",1902,1762,815,1307,1489,1787
"COG4758",0,0,1,0,0,0
"COG4760",1,0,0,17,7,1
"COG4763",0,2,0,9,1,1
"COG4766",0,5,1,1,1,2
"COG4767",124,97,109,136,110,26
"COG4769",23,39,24,72,75,25
"COG4770",46,3,3,0,4,4
"COG4771",774,593,407,509,477,1136
"COG4772",8,6,0,1,1,0
"COG4773",0,4,0,3,0,3
"COG4774",0,2,2,0,0,2
"COG4775",278,235,385,236,162,409
"COG4776",0,1,1,0,0,1
"COG4778",1,6,0,6,7,10
"COG4779",0,2,0,0,0,1
"COG4783",13,14,13,28,12,13
"COG4784",39,9,8,17,12,26
"COG4785",0,0,0,0,0,1
"COG4786",58,62,51,80,187,19
"COG4787",0,0,0,0,0,2
"COG4789",1,2,2,0,0,4
"COG4790",1,2,1,0,0,3
"COG4791",0,0,0,1,1,1
"COG4792",0,1,0,2,0,1
"COG4794",0,1,0,0,0,1
"COG4795",0,1,0,0,1,3
"COG4796",10,17,11,23,14,15
"COG4797",0,0,0,0,0,1
"COG4799",404,510,338,391,375,707
"COG4803",0,1,1,0,0,4
"COG4804",501,396,579,456,203,426
"COG4805",70,112,114,130,150,27
"COG4806",218,131,81,132,59,158
"COG4807",0,0,0,0,0,3
"COG4808",0,1,0,0,0,0
"COG4809",0,1,0,1,0,0
"COG4810",5,21,6,11,2,11
"COG4811",0,1,1,0,0,0
"COG4812",0,1,5,0,2,2
"COG4813",4,0,4,1,4,0
"COG4816",8,19,7,2,3,13
"COG4819",14,7,16,3,5,9
"COG4820",2,6,4,2,2,7
"COG4821",37,8,3,15,19,25
"COG4822",203,196,63,115,193,210
"COG4823",110,180,185,160,119,36
"COG4824",28,13,28,19,16,8
"COG4826",55,59,139,115,60,14
"COG4828",12,19,0,12,3,36
"COG4832",54,40,27,38,61,3
"COG4833",276,280,118,163,187,675
"COG4834",17,1,3,4,10,19
"COG4835",0,0,1,0,0,0
"COG4839",0,0,1,0,0,0
"COG4842",0,20,16,11,7,2
"COG4843",0,0,2,0,0,0
"COG4845",158,81,71,99,75,82
"COG4849",0,0,0,0,1,0
"COG4850",27,0,0,2,1,0
"COG4851",0,2,3,1,1,1
"COG4856",125,140,175,113,163,54
"COG4857",3,5,6,5,2,6
"COG4858",0,0,1,2,0,0
"COG4859",7,8,2,4,15,7
"COG4861",0,6,0,0,0,0
"COG4862",36,73,70,71,92,14
"COG4864",154,116,38,65,76,172
"COG4865",3,5,1,1,1,13
"COG4866",195,176,124,118,134,202
"COG4868",99,126,308,202,209,69
"COG4869",28,33,30,31,33,25
"COG4870",165,140,60,167,207,30
"COG4874",7,22,2,3,7,48
"COG4877",5,9,6,8,18,6
"COG4878",18,30,25,18,18,9
"COG4880",21,83,27,36,37,8
"COG4884",3,3,1,0,2,7
"COG4886",234,230,334,284,240,165
"COG4887",27,55,18,19,19,52
"COG4889",71,106,9,22,12,10
"COG4892",1,0,0,0,0,0
"COG4894",51,34,43,35,35,9
"COG4895",0,0,0,0,0,0
"COG4898",1,2,0,1,5,2
"COG4903",0,0,14,0,7,0
"COG4905",230,196,292,222,278,66
"COG4907",0,7,11,2,0,13
"COG4908",0,1,0,0,1,0
"COG4909",4,11,2,1,1,12
"COG4910",1,3,0,1,1,1
"COG4912",125,150,142,123,122,105
"COG4913",62,154,67,44,125,50
"COG4916",0,0,0,1,0,2
"COG4917",4,13,5,4,7,5
"COG4922",3,20,3,1,1,0
"COG4924",5,16,1,1,56,0
"COG4925",23,13,6,10,14,57
"COG4926",4,13,26,1,1,17
"COG4927",11,7,2,17,7,3
"COG4928",34,9,49,107,133,9
"COG4929",2,3,1,7,0,11
"COG4930",186,54,50,47,38,9
"COG4932",569,420,283,414,570,141
"COG4933",19,9,8,34,41,7
"COG4936",35,12,25,22,111,8
"COG4937",38,38,69,38,3,15
"COG4938",12,64,8,60,51,6
"COG4939",3,1,0,0,0,0
"COG4940",2,9,2,19,14,9
"COG4942",38,58,51,59,50,95
"COG4943",0,7,1,0,0,2
"COG4946",360,526,239,244,193,426
"COG4947",16,38,35,21,26,20
"COG4948",232,182,183,191,149,262
"COG4950",0,0,0,0,0,2
"COG4951",73,30,113,36,16,18
"COG4952",2,7,2,0,2,1
"COG4953",26,45,7,53,25,117
"COG4956",8,5,11,22,6,13
"COG4957",0,2,0,0,0,0
"COG4959",1,0,0,6,0,0
"COG4962",136,208,242,279,351,60
"COG4963",0,15,2,1,1,0
"COG4964",0,0,2,8,0,0
"COG4965",24,52,34,51,84,16
"COG4967",1,1,0,1,0,2
"COG4969",10,2,0,0,1,1
"COG4972",26,32,113,97,108,14
"COG4973",192,98,114,97,56,118
"COG4974",1044,922,1042,994,1126,1135
"COG4977",228,196,191,306,293,476
"COG4978",42,55,25,63,84,45
"COG4981",129,0,0,0,1,0
"COG4982",102,0,2,0,0,0
"COG4983",3,21,28,31,8,10
"COG4984",8,16,3,8,5,46
"COG4985",13,8,3,27,15,8
"COG4986",8,0,0,0,0,0
"COG4987",1,2,2,26,1,6
"COG4988",107,65,36,42,69,15
"COG4989",11,38,13,12,8,4
"COG4990",46,35,28,52,34,7
"COG4992",348,384,231,338,353,347
"COG4993",0,1,0,2,1,3
"COG4995",7,121,83,64,66,193
"COG4997",25,0,24,0,12,0
"COG4999",881,1420,0,1283,1677,1348
"COG5000",226,375,142,195,89,394
"COG5001",370,486,500,771,958,167
"COG5002",1635,2486,1113,1325,1400,4187
"COG5006",21,1,1,1,1,6
"COG5009",151,206,309,326,285,330
"COG5011",64,62,67,69,90,22
"COG5012",49,63,17,39,25,131
"COG5013",12,10,4,1,12,25
"COG5015",22,40,64,46,65,6
"COG5016",391,537,338,393,331,569
"COG5017",16,23,32,39,47,54
"COG5018",31,77,82,90,126,37
"COG5026",8,14,2,33,11,41
"COG5029",0,0,0,3,0,3
"COG5039",37,10,13,28,2,9
"COG5048",0,1,0,9,5,0
"COG5108",0,0,0,12,0,0
"COG5146",76,40,72,50,65,72
"COG5184",39,26,61,70,253,50
"COG5206",44,4,10,25,2,2
"COG5255",0,0,0,0,1,0
"COG5263",170,107,97,61,105,104
"COG5265",0,1,0,0,1,1
"COG5266",5,2,0,4,2,1
"COG5268",0,0,0,0,1,1
"COG5271",3,0,0,1,0,0
"COG5272",4,3,2,1,0,0
"COG5276",0,25,1,2,3,2
"COG5279",173,143,239,252,233,53
"COG5280",52,23,99,13,8,15
"COG5281",52,17,4,10,6,29
"COG5282",33,0,0,0,0,0
"COG5283",35,43,145,87,122,83
"COG5285",0,0,0,0,1,0
"COG5293",0,10,1,27,1,1
"COG5295",17,25,117,44,142,49
"COG5298",0,15,3,1,0,0
"COG5301",0,3,8,5,1,7
"COG5302",0,0,0,0,0,1
"COG5305",17,17,15,11,36,3
"COG5309",2,4,2,1,2,0
"COG5319",2,0,1,0,2,1
"COG5322",0,1,0,4,7,6
"COG5324",12,0,0,37,0,1
"COG5337",26,43,26,23,9,10
"COG5339",0,4,0,0,1,4
"COG5340",2,1,0,6,2,5
"COG5341",23,6,20,25,6,5
"COG5353",0,0,1,0,0,0
"COG5360",7,9,1,3,2,2
"COG5361",11,29,14,30,7,0
"COG5362",0,0,1,5,5,2
"COG5368",175,130,19,86,200,408
"COG5373",2,7,1,23,5,38
"COG5377",38,51,40,51,93,9
"COG5383",0,3,0,0,0,1
"COG5393",0,0,0,0,0,1
"COG5401",0,0,26,0,12,1
"COG5404",0,4,0,0,1,2
"COG5405",7,1,5,15,1,11
"COG5410",9,55,68,92,26,30
"COG5412",102,51,22,61,125,13
"COG5418",0,6,1,0,0,0
"COG5421",160,62,54,134,31,20
"COG5423",3,7,0,3,1,1
"COG5426",4,0,0,1,2,7
"COG5427",5,12,5,7,9,2
"COG5433",295,223,169,104,70,222
"COG5434",792,984,899,790,453,1548
"COG5437",0,2,3,0,6,4
"COG5438",61,68,35,64,71,47
"COG5441",9,5,3,5,2,3
"COG5444",8,25,15,42,17,6
"COG5445",1,0,0,0,0,4
"COG5449",0,0,0,0,1,0
"COG5457",1,0,1,0,0,0
"COG5459",0,0,2,0,14,0
"COG5463",0,1,0,0,0,2
"COG5464",11,5,39,59,3,29
"COG5474",0,11,0,1,0,0
"COG5475",0,0,0,0,0,1
"COG5476",6,21,9,2,3,5
"COG5482",0,0,0,2,3,4
"COG5483",0,45,2,0,8,0
"COG5484",0,2,4,8,4,2
"COG5485",0,0,0,3,1,0
"COG5492",183,171,274,339,1335,197
"COG5493",0,0,0,1,5,0
"COG5495",17,43,40,55,52,20
"COG5496",46,58,44,66,41,49
"COG5498",62,242,173,120,67,53
"COG5499",0,0,0,0,0,1
"COG5503",0,0,1,0,0,0
"COG5504",15,4,6,0,1,0
"COG5505",34,33,24,30,28,7
"COG5510",0,0,0,0,0,1
"COG5511",3,14,20,31,38,9
"COG5512",17,6,1,26,8,13
"COG5517",0,0,0,0,0,1
"COG5518",0,2,0,4,0,1
"COG5519",303,3,4,10,3,2
"COG5520",121,217,146,266,144,299
"COG5521",0,0,1,0,0,0
"COG5522",4,14,11,10,10,7
"COG5523",93,80,138,131,99,64
"COG5525",1,25,40,31,31,23
"COG5527",32,28,81,72,55,6
"COG5529",0,0,0,0,0,1
"COG5532",0,1,0,0,0,1
"COG5542",11,18,24,52,41,10
"COG5544",0,0,1,0,0,3
"COG5545",556,828,913,633,557,1001
"COG5546",0,0,3,1,0,0
"COG5549",0,0,0,1,0,0
"COG5551",8,9,6,7,22,4
"COG5557",0,2,7,1,4,4
"COG5561",4,8,1,13,12,9
"COG5562",0,1,0,0,0,1
"COG5564",0,0,4,3,0,0
"COG5565",0,0,0,0,0,1
"COG5566",0,0,0,0,0,2
"COG5567",0,0,0,0,0,2
"COG5571",0,0,0,1,0,4
"COG5577",20,18,34,45,53,3
"COG5579",7,3,20,4,3,4
"COG5581",0,0,0,0,0,1
"COG5585",12,50,21,42,7,9
"COG5586",0,0,2,2,0,0
"COG5587",124,93,46,67,44,76
"COG5598",0,2,4,2,2,1
"COG5610",39,45,59,79,35,37
"COG5614",0,2,0,0,0,3
"COG5617",20,19,83,48,24,2
"COG5618",0,1,1,0,0,0
"COG5619",1,4,0,2,0,1
"COG5620",50,22,16,2,43,1
"COG5632",285,64,53,54,76,33
"COG5633",0,0,0,0,0,1
"COG5635",25,19,2,17,1,1
"COG5640",2,0,0,0,0,0
"COG5645",0,1,0,0,1,4
"COG5651",0,0,4,0,1,8
"COG5652",28,27,36,59,101,14
"COG5655",2,6,0,45,3,12
"COG5658",20,44,59,35,39,5
"COG5659",0,0,0,0,0,1
"COG5663",30,5,26,15,44,0
