"","X18_SUR_0.0d2","X98_DCM_0d2.3","X76_SUR_0.0d2","X124_DCM_0d2.3","X93_SUR_0d2.3","X68_MES_0d2.3"
"COG0001",3,9,4,13,8,6
"COG0002",2,5,2,8,8,8
"COG0003",0,0,0,0,0,0
"COG0004",9,16,5,16,15,12
"COG0005",3,3,3,4,7,7
"COG0006",12,31,8,26,22,30
"COG0007",3,1,1,0,2,1
"COG0008",12,12,10,19,19,13
"COG0009",4,5,10,7,13,9
"COG0010",6,13,3,11,5,12
"COG0011",0,0,0,0,0,0
"COG0012",2,8,4,9,7,10
"COG0013",10,21,11,13,7,7
"COG0014",2,4,6,7,11,7
"COG0015",2,13,4,9,11,10
"COG0016",0,14,2,5,5,6
"COG0017",3,2,1,2,1,7
"COG0018",3,20,5,11,15,6
"COG0019",9,15,14,6,13,13
"COG0020",3,7,4,5,8,8
"COG0021",8,8,7,14,14,11
"COG0022",4,9,9,9,7,6
"COG0023",2,1,0,1,1,0
"COG0024",6,6,4,4,1,4
"COG0025",5,3,4,1,3,2
"COG0026",4,5,4,8,6,2
"COG0027",4,4,1,0,0,0
"COG0028",12,23,12,28,11,32
"COG0029",4,3,5,1,4,0
"COG0030",5,5,2,3,7,10
"COG0031",6,9,12,15,6,13
"COG0033",0,2,3,0,2,0
"COG0034",2,7,6,10,10,7
"COG0035",0,2,2,2,2,3
"COG0036",1,4,3,5,8,11
"COG0037",6,12,6,15,11,13
"COG0038",12,4,9,3,4,2
"COG0039",4,15,2,14,5,8
"COG0040",1,2,2,5,6,4
"COG0041",2,5,1,1,3,5
"COG0042",9,8,8,6,12,7
"COG0043",2,6,0,6,3,3
"COG0044",5,15,8,13,14,14
"COG0045",5,8,4,9,13,7
"COG0046",7,24,6,24,14,14
"COG0047",4,8,1,7,8,12
"COG0048",2,4,3,3,2,3
"COG0049",4,3,1,6,2,4
"COG0050",8,11,6,6,6,6
"COG0051",1,3,0,2,1,0
"COG0052",2,8,2,4,6,11
"COG0053",3,0,2,0,0,3
"COG0054",2,3,1,4,3,2
"COG0055",3,8,5,4,4,5
"COG0056",6,18,4,8,8,10
"COG0057",11,10,10,9,8,6
"COG0058",0,1,3,2,0,2
"COG0059",4,12,3,5,6,9
"COG0060",6,26,10,16,25,21
"COG0061",5,8,2,7,4,4
"COG0062",1,5,1,4,1,4
"COG0063",3,6,4,3,1,9
"COG0064",2,6,3,7,8,7
"COG0065",4,13,5,10,12,10
"COG0066",0,5,1,4,1,2
"COG0067",10,35,14,14,23,14
"COG0068",0,0,0,0,0,0
"COG0069",11,31,13,27,37,33
"COG0070",13,27,11,18,17,19
"COG0071",9,4,8,4,7,2
"COG0072",8,25,3,19,22,11
"COG0073",6,8,9,17,16,5
"COG0074",3,8,2,6,6,10
"COG0075",4,7,2,9,5,5
"COG0076",2,1,0,1,3,6
"COG0077",3,12,4,8,9,4
"COG0078",9,1,8,5,9,5
"COG0079",3,14,8,7,4,12
"COG0080",1,5,3,1,3,3
"COG0081",2,2,5,6,4,5
"COG0082",4,14,5,8,7,13
"COG0083",1,5,1,1,1,2
"COG0084",2,3,2,8,3,5
"COG0085",15,34,14,25,33,22
"COG0086",13,34,15,26,27,22
"COG0087",3,3,0,5,2,2
"COG0088",4,3,1,4,11,2
"COG0089",1,0,1,2,4,2
"COG0090",1,9,4,6,5,6
"COG0091",2,4,1,0,3,2
"COG0092",1,1,1,8,3,4
"COG0093",1,3,0,2,2,3
"COG0094",4,4,0,5,5,4
"COG0095",0,1,2,0,0,2
"COG0096",1,0,0,1,7,3
"COG0097",4,2,0,6,3,7
"COG0098",0,10,0,2,3,3
"COG0099",1,4,1,4,3,4
"COG0100",1,2,0,5,1,6
"COG0101",5,8,5,6,6,4
"COG0102",4,0,1,2,4,0
"COG0103",2,10,4,3,5,2
"COG0104",7,9,3,3,8,7
"COG0105",3,1,0,6,1,2
"COG0106",2,1,3,5,2,4
"COG0107",2,6,2,9,4,5
"COG0108",3,7,2,7,9,7
"COG0109",3,6,1,5,7,10
"COG0110",5,4,2,2,1,5
"COG0111",11,17,8,27,13,21
"COG0112",2,7,4,5,10,5
"COG0113",4,7,6,5,9,4
"COG0114",6,12,10,7,6,3
"COG0115",10,11,12,19,13,15
"COG0116",6,2,1,0,4,0
"COG0117",0,6,4,1,6,2
"COG0118",3,2,1,5,4,6
"COG0119",11,18,15,10,12,12
"COG0120",0,1,2,2,2,2
"COG0121",0,0,1,0,1,0
"COG0122",3,4,1,4,3,7
"COG0123",6,3,5,3,11,8
"COG0124",5,15,6,11,7,8
"COG0125",3,3,2,4,1,9
"COG0126",7,13,2,12,10,5
"COG0127",2,7,2,6,4,8
"COG0128",3,10,4,4,8,4
"COG0129",7,20,16,16,12,10
"COG0130",4,7,5,8,3,3
"COG0131",1,9,2,1,4,4
"COG0132",2,0,0,0,1,1
"COG0133",5,9,3,3,5,8
"COG0134",0,4,0,5,6,4
"COG0135",5,5,0,4,3,5
"COG0136",6,6,6,7,11,3
"COG0137",4,7,5,11,8,6
"COG0138",3,11,7,8,10,5
"COG0139",0,6,2,5,2,2
"COG0140",0,2,1,2,2,4
"COG0141",5,11,5,9,13,9
"COG0142",5,15,7,18,17,8
"COG0143",5,17,6,7,4,7
"COG0144",5,6,8,4,4,5
"COG0145",8,1,3,17,4,14
"COG0146",8,3,4,11,3,16
"COG0147",7,14,7,13,23,12
"COG0148",1,8,2,10,13,11
"COG0149",3,5,4,3,6,1
"COG0150",2,12,1,10,8,7
"COG0151",2,11,5,4,2,11
"COG0152",2,4,3,6,9,6
"COG0153",0,1,1,1,2,2
"COG0154",14,26,14,19,14,18
"COG0155",5,5,6,5,1,3
"COG0156",10,2,5,8,2,7
"COG0157",2,2,5,4,3,2
"COG0158",3,1,1,1,1,0
"COG0159",2,3,0,5,5,3
"COG0160",4,6,6,4,4,4
"COG0161",7,10,8,16,10,15
"COG0162",4,7,4,6,10,8
"COG0163",3,2,0,1,0,3
"COG0164",5,6,2,6,8,7
"COG0165",5,15,3,9,3,6
"COG0166",7,5,3,10,8,6
"COG0167",5,3,5,11,7,8
"COG0168",11,15,8,20,14,9
"COG0169",4,12,3,5,6,3
"COG0170",0,1,0,1,0,2
"COG0171",0,10,7,8,1,10
"COG0172",3,11,6,6,13,8
"COG0173",6,14,6,9,21,10
"COG0174",15,19,10,17,25,22
"COG0175",5,4,5,1,2,3
"COG0176",4,4,4,3,7,5
"COG0177",2,4,9,10,3,2
"COG0178",10,25,6,18,19,21
"COG0179",6,6,7,9,8,8
"COG0180",3,11,2,7,11,4
"COG0181",1,9,4,7,10,3
"COG0182",1,4,0,4,3,6
"COG0183",23,12,7,14,15,25
"COG0184",1,3,0,5,1,3
"COG0185",2,1,0,0,1,0
"COG0186",1,4,0,2,0,3
"COG0187",17,23,16,16,22,23
"COG0188",16,28,19,25,25,17
"COG0189",9,6,8,10,8,6
"COG0190",5,9,4,6,5,6
"COG0191",2,2,2,0,3,1
"COG0192",4,4,6,14,10,11
"COG0193",3,3,2,3,2,5
"COG0194",1,4,5,2,2,4
"COG0195",4,16,7,8,9,15
"COG0196",4,13,1,8,10,6
"COG0197",1,6,1,5,3,3
"COG0198",1,1,0,0,3,4
"COG0199",1,3,1,0,2,1
"COG0200",0,1,4,1,3,2
"COG0201",3,11,1,16,8,8
"COG0202",2,7,1,13,4,8
"COG0203",2,2,1,2,2,2
"COG0204",10,15,5,14,6,12
"COG0205",2,2,2,3,1,4
"COG0206",4,6,5,4,5,12
"COG0207",4,1,6,5,2,2
"COG0208",7,4,17,2,10,2
"COG0209",41,25,62,28,23,18
"COG0210",60,21,119,16,20,27
"COG0211",0,1,0,1,1,1
"COG0212",3,3,3,3,5,1
"COG0213",2,1,2,2,2,1
"COG0214",0,3,0,1,0,1
"COG0215",9,15,3,10,7,9
"COG0216",0,12,2,12,11,8
"COG0217",4,5,3,6,5,10
"COG0218",1,0,0,1,2,0
"COG0219",2,3,0,3,2,8
"COG0220",2,1,0,1,2,2
"COG0221",0,2,1,0,1,0
"COG0222",1,0,2,4,6,1
"COG0223",3,8,3,9,11,8
"COG0224",7,5,7,4,7,8
"COG0225",3,5,3,7,6,4
"COG0226",4,2,10,6,2,1
"COG0227",0,4,2,5,1,2
"COG0228",2,3,3,0,4,2
"COG0229",3,3,3,2,4,3
"COG0230",1,0,0,0,0,0
"COG0231",4,6,4,3,2,2
"COG0232",9,5,6,1,2,4
"COG0233",5,1,2,2,2,3
"COG0234",5,2,7,2,0,1
"COG0235",4,3,5,4,6,3
"COG0236",3,1,1,3,0,1
"COG0237",1,6,2,4,2,4
"COG0238",0,1,1,0,2,2
"COG0239",0,3,1,0,0,0
"COG0240",4,6,4,2,14,6
"COG0241",1,2,1,1,4,3
"COG0242",6,6,4,6,4,7
"COG0243",9,4,0,7,10,12
"COG0244",1,3,3,3,3,4
"COG0245",2,3,5,7,7,6
"COG0246",3,2,1,0,3,1
"COG0247",2,9,3,14,15,12
"COG0248",7,5,5,3,8,4
"COG0249",10,9,10,8,11,13
"COG0250",1,5,2,5,2,0
"COG0251",2,7,3,7,6,10
"COG0252",4,1,3,1,1,2
"COG0253",2,5,1,5,5,3
"COG0254",0,2,0,2,0,0
"COG0255",1,1,0,1,1,0
"COG0256",0,3,2,2,2,2
"COG0257",0,0,1,0,0,0
"COG0258",9,16,18,18,19,12
"COG0259",2,5,2,2,3,4
"COG0260",6,8,2,12,19,7
"COG0261",3,6,1,4,3,6
"COG0262",4,1,4,0,1,3
"COG0263",6,5,2,5,5,5
"COG0264",3,4,6,10,8,4
"COG0265",8,18,10,18,21,13
"COG0266",3,13,6,6,7,7
"COG0267",2,0,0,1,0,0
"COG0268",1,5,0,3,1,0
"COG0269",0,0,0,0,0,0
"COG0270",12,1,30,3,3,2
"COG0271",1,0,1,1,1,1
"COG0272",7,12,7,11,14,7
"COG0274",0,0,1,0,1,1
"COG0275",3,7,3,9,6,6
"COG0276",2,12,4,9,4,4
"COG0277",22,19,14,21,11,16
"COG0278",0,1,3,2,1,0
"COG0279",0,3,0,4,0,0
"COG0280",8,8,12,8,14,6
"COG0281",6,11,9,9,11,5
"COG0282",1,0,3,0,0,0
"COG0283",2,5,1,9,7,1
"COG0284",3,2,1,8,7,8
"COG0285",4,7,6,9,5,6
"COG0286",5,0,9,2,3,2
"COG0287",6,9,3,4,7,5
"COG0288",3,0,4,0,1,0
"COG0289",0,2,3,3,10,4
"COG0290",0,3,3,5,2,1
"COG0291",2,0,1,0,2,0
"COG0292",0,3,2,1,1,1
"COG0293",2,4,3,4,2,5
"COG0294",2,4,2,5,5,5
"COG0295",0,0,2,1,2,0
"COG0296",2,1,5,2,5,1
"COG0297",1,5,2,1,4,3
"COG0298",0,0,0,0,0,0
"COG0299",3,4,6,2,4,2
"COG0300",3,2,4,1,2,3
"COG0301",0,1,0,3,1,4
"COG0302",4,6,1,2,4,4
"COG0303",5,4,2,7,4,6
"COG0304",10,11,3,16,16,6
"COG0305",39,13,74,10,17,5
"COG0306",2,3,0,3,4,6
"COG0307",2,4,4,3,2,3
"COG0308",15,25,22,11,10,13
"COG0309",0,0,0,0,0,0
"COG0310",2,0,0,0,0,0
"COG0311",0,1,0,2,0,1
"COG0312",7,9,5,6,6,12
"COG0313",5,7,3,3,9,5
"COG0314",1,2,1,5,4,1
"COG0315",2,2,1,1,2,1
"COG0316",3,4,5,6,3,4
"COG0317",7,20,5,11,10,13
"COG0318",59,29,40,42,27,47
"COG0319",1,2,4,2,3,2
"COG0320",3,10,6,7,6,3
"COG0321",3,2,2,5,2,4
"COG0322",7,13,6,10,21,11
"COG0323",4,3,10,5,3,6
"COG0324",1,9,3,5,6,8
"COG0325",1,4,1,2,4,2
"COG0326",6,8,0,5,7,4
"COG0327",0,2,2,1,2,1
"COG0328",0,7,2,2,2,5
"COG0329",5,7,3,11,10,12
"COG0330",7,7,8,11,12,13
"COG0331",1,8,2,9,5,5
"COG0332",5,4,4,6,4,3
"COG0333",0,0,0,0,2,0
"COG0334",3,2,4,5,6,7
"COG0335",0,3,3,3,3,4
"COG0336",2,5,3,9,9,5
"COG0337",5,10,4,7,12,6
"COG0338",3,2,5,3,0,1
"COG0339",9,6,10,7,10,4
"COG0340",0,5,2,4,5,7
"COG0341",7,5,6,7,10,5
"COG0342",8,13,4,5,15,14
"COG0343",0,3,0,7,4,12
"COG0344",3,2,1,0,2,5
"COG0345",1,10,2,3,5,3
"COG0346",14,2,13,7,5,12
"COG0347",4,2,4,4,1,0
"COG0348",6,2,1,1,3,0
"COG0349",2,7,6,6,6,2
"COG0350",5,5,4,3,3,0
"COG0351",0,4,0,4,11,2
"COG0352",0,8,2,2,3,1
"COG0353",2,3,1,7,5,2
"COG0354",0,1,2,3,5,3
"COG0355",2,0,3,1,3,0
"COG0356",3,7,4,4,6,4
"COG0357",2,5,1,5,3,3
"COG0358",13,17,24,10,8,11
"COG0359",1,3,5,4,2,1
"COG0360",1,2,1,1,4,2
"COG0361",2,1,1,2,2,3
"COG0362",0,2,1,0,2,0
"COG0363",0,3,9,4,6,4
"COG0364",4,1,4,0,5,0
"COG0365",16,26,15,26,26,30
"COG0366",3,9,26,3,13,4
"COG0367",15,15,7,15,6,12
"COG0368",4,2,0,3,0,4
"COG0369",5,2,2,3,0,0
"COG0370",7,0,1,2,5,3
"COG0371",0,2,0,2,1,4
"COG0372",5,13,8,8,8,10
"COG0373",3,3,4,4,5,3
"COG0374",0,0,2,0,0,0
"COG0375",0,0,0,0,0,0
"COG0376",8,15,5,6,9,2
"COG0377",2,6,1,2,1,5
"COG0378",0,0,0,1,2,2
"COG0379",3,5,1,2,4,2
"COG0380",0,0,7,0,3,0
"COG0381",2,4,3,6,3,4
"COG0382",2,10,3,8,3,7
"COG0383",0,0,1,0,0,0
"COG0384",3,1,4,2,2,0
"COG0385",2,6,4,3,3,1
"COG0386",0,3,1,5,3,3
"COG0387",0,1,0,0,0,0
"COG0388",10,14,18,9,11,11
"COG0389",9,11,10,12,11,8
"COG0390",0,0,0,1,1,4
"COG0391",1,1,0,2,2,5
"COG0392",0,1,1,1,2,4
"COG0393",1,2,0,1,1,1
"COG0394",8,2,3,4,0,0
"COG0395",5,7,15,10,10,13
"COG0396",0,4,3,1,3,3
"COG0397",5,6,0,6,7,1
"COG0398",5,6,1,2,5,2
"COG0399",10,15,8,17,21,22
"COG0400",1,3,1,4,7,1
"COG0401",0,0,0,0,1,0
"COG0402",7,9,12,11,1,12
"COG0403",17,12,16,13,11,3
"COG0404",7,56,9,52,41,62
"COG0405",14,21,9,16,9,16
"COG0406",5,2,6,2,5,7
"COG0407",4,5,3,3,7,3
"COG0408",3,2,1,5,6,2
"COG0409",1,0,0,0,0,0
"COG0410",9,13,4,9,10,11
"COG0411",8,9,3,9,4,6
"COG0412",7,3,5,3,2,7
"COG0413",4,11,2,7,6,3
"COG0414",0,5,5,3,6,2
"COG0415",7,18,3,14,22,3
"COG0416",0,3,1,4,5,4
"COG0417",14,10,22,10,8,4
"COG0418",3,2,0,1,5,0
"COG0419",6,1,9,2,8,4
"COG0420",1,0,3,3,0,1
"COG0421",2,0,2,1,3,1
"COG0422",1,3,2,6,4,5
"COG0423",0,3,2,6,8,4
"COG0424",2,6,4,4,3,4
"COG0425",1,1,0,1,0,1
"COG0426",0,6,0,2,2,1
"COG0427",1,0,1,0,0,0
"COG0428",0,0,1,4,1,0
"COG0429",2,3,2,0,1,1
"COG0430",0,0,0,0,0,0
"COG0431",2,2,2,1,0,4
"COG0432",1,2,0,3,2,5
"COG0433",3,0,10,3,2,1
"COG0434",0,1,1,0,0,0
"COG0435",1,1,2,1,1,1
"COG0436",17,20,12,30,19,21
"COG0437",4,2,0,4,3,5
"COG0438",47,47,53,44,40,31
"COG0439",10,11,5,11,8,12
"COG0440",2,2,1,4,3,3
"COG0441",5,15,4,17,11,17
"COG0442",11,10,5,17,8,17
"COG0443",18,19,5,15,17,14
"COG0444",5,1,5,3,5,11
"COG0445",6,10,7,13,6,12
"COG0446",9,10,8,13,17,23
"COG0447",0,1,2,2,0,0
"COG0448",0,3,3,1,0,0
"COG0449",6,10,8,10,14,10
"COG0450",3,2,3,1,0,3
"COG0451",49,57,36,35,36,35
"COG0452",4,12,4,5,12,5
"COG0454",13,6,15,13,9,9
"COG0455",1,0,3,0,0,0
"COG0456",2,4,2,2,5,6
"COG0457",53,43,19,44,47,46
"COG0458",10,21,11,25,17,24
"COG0459",13,19,31,18,15,18
"COG0460",4,7,7,7,9,6
"COG0461",3,4,2,3,3,3
"COG0462",2,8,6,10,6,6
"COG0463",33,46,29,30,25,27
"COG0464",2,3,4,2,3,11
"COG0465",7,20,10,16,16,8
"COG0466",10,12,8,9,15,9
"COG0467",0,3,0,0,0,0
"COG0468",6,16,16,13,8,7
"COG0469",5,5,3,5,7,7
"COG0470",7,5,13,11,3,12
"COG0471",13,15,5,5,4,10
"COG0472",13,16,2,7,12,13
"COG0473",3,10,5,16,9,11
"COG0474",6,1,6,3,0,1
"COG0475",2,2,11,5,4,7
"COG0476",1,7,3,7,8,4
"COG0477",56,46,77,62,41,63
"COG0478",0,0,0,0,0,0
"COG0479",5,7,3,9,2,4
"COG0480",8,20,8,21,15,21
"COG0481",4,10,10,11,13,13
"COG0482",7,12,4,9,10,12
"COG0483",5,9,5,15,12,12
"COG0484",3,13,3,19,8,13
"COG0486",0,7,1,5,10,6
"COG0488",20,10,15,9,23,10
"COG0489",16,9,10,12,7,17
"COG0490",0,0,0,0,0,0
"COG0491",16,13,19,15,18,17
"COG0492",3,15,8,2,5,4
"COG0493",3,7,10,10,11,11
"COG0494",17,4,11,10,8,16
"COG0495",10,27,10,25,17,20
"COG0496",2,3,2,3,2,1
"COG0497",8,5,1,2,5,7
"COG0498",7,14,5,10,9,22
"COG0499",10,9,8,12,10,14
"COG0500",26,34,24,30,21,40
"COG0501",8,6,9,7,12,6
"COG0502",5,3,4,3,0,1
"COG0503",2,3,0,8,5,2
"COG0504",4,8,5,6,9,21
"COG0505",4,6,5,7,11,11
"COG0506",8,3,7,7,8,3
"COG0507",11,5,24,3,7,8
"COG0508",13,11,20,17,23,12
"COG0509",0,1,0,0,2,1
"COG0510",0,0,0,0,2,2
"COG0511",4,3,1,4,2,5
"COG0512",5,0,7,8,8,2
"COG0513",21,17,16,15,31,18
"COG0514",5,2,9,3,9,1
"COG0515",25,6,14,8,6,5
"COG0516",7,12,8,12,9,15
"COG0517",17,13,10,12,12,16
"COG0518",5,15,10,14,15,10
"COG0519",5,12,6,6,11,16
"COG0520",9,13,8,12,13,13
"COG0521",1,2,0,3,4,2
"COG0522",1,6,2,6,2,3
"COG0523",1,5,1,4,4,1
"COG0524",4,19,10,20,8,23
"COG0525",6,20,9,13,14,12
"COG0526",10,22,8,19,8,20
"COG0527",11,10,3,8,17,6
"COG0528",3,3,1,5,1,5
"COG0529",4,2,5,2,2,7
"COG0530",4,7,3,7,8,6
"COG0531",7,3,8,7,0,10
"COG0532",4,13,4,16,21,14
"COG0533",3,10,3,11,6,4
"COG0534",13,12,14,10,18,12
"COG0535",1,8,3,4,2,8
"COG0536",6,7,4,8,6,5
"COG0537",3,4,3,7,6,6
"COG0538",6,3,4,3,6,6
"COG0539",3,10,9,11,13,8
"COG0540",1,7,2,2,5,7
"COG0541",5,16,9,5,5,10
"COG0542",17,19,20,17,18,13
"COG0543",5,2,0,4,3,2
"COG0544",6,11,4,9,13,10
"COG0545",3,1,7,6,4,4
"COG0546",5,4,6,5,8,10
"COG0547",2,4,8,9,7,4
"COG0548",6,4,2,8,6,8
"COG0549",0,0,0,0,0,1
"COG0550",14,24,13,15,20,11
"COG0551",4,1,0,1,7,3
"COG0552",4,5,1,6,8,8
"COG0553",58,5,113,1,3,3
"COG0554",5,10,8,11,10,12
"COG0555",0,0,0,0,0,0
"COG0556",5,15,12,16,11,12
"COG0557",9,6,6,6,10,7
"COG0558",5,6,3,2,4,8
"COG0559",4,17,9,4,10,14
"COG0560",3,2,8,3,2,2
"COG0561",0,1,7,1,1,1
"COG0562",1,0,1,0,0,0
"COG0563",4,3,5,4,1,3
"COG0564",6,13,8,7,17,12
"COG0565",1,4,3,4,5,1
"COG0566",6,9,5,7,11,4
"COG0567",13,18,13,9,27,8
"COG0568",18,35,16,10,19,12
"COG0569",3,10,4,9,6,8
"COG0571",2,8,2,4,6,4
"COG0572",0,1,1,0,1,2
"COG0573",2,5,4,1,0,1
"COG0574",6,16,7,14,10,22
"COG0575",1,4,2,4,7,3
"COG0576",7,5,5,2,5,6
"COG0577",14,4,13,15,10,3
"COG0578",5,0,10,1,3,2
"COG0579",0,8,4,3,3,8
"COG0580",0,3,6,4,1,2
"COG0581",4,1,5,3,1,0
"COG0582",51,6,59,3,13,8
"COG0583",63,13,37,10,28,6
"COG0584",7,3,6,5,7,6
"COG0585",0,1,0,3,0,2
"COG0586",1,3,4,1,2,2
"COG0587",23,25,44,31,34,20
"COG0588",0,4,2,1,4,2
"COG0589",13,0,5,3,8,2
"COG0590",1,4,2,4,3,4
"COG0591",17,12,6,20,11,23
"COG0592",1,10,5,9,12,8
"COG0593",8,8,7,14,17,8
"COG0594",1,1,0,0,1,0
"COG0595",0,4,6,5,7,6
"COG0596",20,29,38,38,28,47
"COG0597",2,3,2,3,4,2
"COG0598",7,0,3,1,0,1
"COG0599",2,0,1,4,1,2
"COG0600",4,7,6,3,8,9
"COG0601",8,10,10,10,4,17
"COG0602",1,8,1,4,1,4
"COG0603",4,0,2,1,0,1
"COG0604",35,19,15,19,9,21
"COG0605",0,1,5,2,1,4
"COG0606",6,0,4,0,1,3
"COG0607",1,2,8,5,5,4
"COG0608",7,6,0,5,10,8
"COG0609",3,6,7,10,1,2
"COG0610",6,0,14,1,5,2
"COG0611",2,2,3,5,5,6
"COG0612",8,6,12,7,10,9
"COG0613",4,0,1,1,3,2
"COG0614",3,4,1,6,2,5
"COG0615",0,1,0,2,1,2
"COG0616",2,8,4,3,9,2
"COG0617",6,14,2,8,21,13
"COG0618",0,2,1,1,3,3
"COG0619",0,2,2,1,1,0
"COG0620",2,2,0,2,4,5
"COG0621",10,24,5,23,15,11
"COG0622",0,0,1,1,0,0
"COG0623",2,12,4,2,3,4
"COG0624",25,20,24,18,17,25
"COG0625",15,10,11,11,17,13
"COG0626",12,11,13,9,9,10
"COG0627",5,0,2,2,2,1
"COG0628",10,5,11,5,7,4
"COG0629",2,4,0,3,3,4
"COG0630",0,0,2,0,0,1
"COG0631",1,0,4,2,1,1
"COG0632",2,0,1,3,3,3
"COG0633",2,3,0,0,3,1
"COG0634",1,1,3,1,0,0
"COG0635",5,6,9,2,5,4
"COG0636",0,0,0,2,1,0
"COG0637",1,3,5,6,2,3
"COG0638",0,0,0,5,0,11
"COG0639",0,2,3,7,4,2
"COG0640",12,1,7,1,2,3
"COG0641",0,0,0,0,0,0
"COG0642",151,28,82,32,75,26
"COG0643",2,0,5,0,3,1
"COG0644",4,11,7,15,10,8
"COG0645",0,0,0,0,0,0
"COG0646",9,12,5,4,9,7
"COG0647",3,2,3,1,5,3
"COG0648",0,1,0,1,0,1
"COG0649",0,8,2,4,6,10
"COG0650",0,0,0,0,0,0
"COG0651",14,2,2,3,2,7
"COG0652",7,5,7,9,8,6
"COG0653",12,13,6,16,14,19
"COG0654",15,19,11,9,11,14
"COG0655",6,1,5,0,2,0
"COG0656",3,1,0,3,1,2
"COG0657",15,9,6,11,5,5
"COG0658",2,0,12,2,2,0
"COG0659",12,3,11,2,10,0
"COG0661",12,18,9,11,22,7
"COG0662",3,9,3,3,9,4
"COG0663",6,2,4,1,2,1
"COG0664",15,5,4,3,5,3
"COG0665",13,56,16,41,53,64
"COG0666",2,6,0,7,2,10
"COG0667",10,17,13,16,19,18
"COG0668",21,12,13,12,13,7
"COG0669",0,7,0,4,7,3
"COG0670",2,9,1,2,5,3
"COG0671",4,1,6,0,6,1
"COG0672",2,0,0,0,0,1
"COG0673",21,40,13,47,29,41
"COG0674",3,9,2,9,1,9
"COG0675",0,0,0,0,0,0
"COG0676",0,0,0,0,0,0
"COG0677",5,5,0,8,6,4
"COG0678",2,4,1,1,4,1
"COG0679",7,3,4,6,5,4
"COG0680",0,0,0,0,0,0
"COG0681",2,3,7,7,4,5
"COG0682",5,6,5,10,8,4
"COG0683",7,14,10,9,10,15
"COG0684",2,1,2,1,1,1
"COG0685",1,4,1,5,5,3
"COG0686",4,3,3,2,3,5
"COG0687",10,4,8,6,6,9
"COG0688",3,6,3,3,8,3
"COG0689",1,1,2,5,1,2
"COG0690",0,0,1,0,1,0
"COG0691",1,1,1,1,5,3
"COG0692",2,2,3,3,0,1
"COG0693",3,1,4,2,3,1
"COG0694",1,3,2,4,5,1
"COG0695",4,2,5,2,5,1
"COG0696",2,5,1,1,7,3
"COG0697",10,41,13,48,52,32
"COG0698",1,1,1,1,1,2
"COG0699",0,1,0,1,3,0
"COG0700",1,0,0,0,0,0
"COG0701",2,1,0,0,2,1
"COG0702",12,14,10,10,9,7
"COG0703",2,4,0,3,8,2
"COG0704",2,1,3,1,0,3
"COG0705",1,5,3,4,3,5
"COG0706",7,13,7,14,13,6
"COG0707",1,5,4,3,4,2
"COG0708",3,7,2,6,5,6
"COG0709",2,6,0,4,0,2
"COG0710",0,0,0,1,1,0
"COG0711",3,3,1,2,10,3
"COG0712",2,1,4,8,6,2
"COG0713",0,5,1,1,3,3
"COG0714",21,13,34,19,14,19
"COG0715",8,3,7,6,4,4
"COG0716",0,2,0,2,3,0
"COG0717",2,3,9,3,2,4
"COG0718",1,4,1,2,0,0
"COG0719",7,19,11,21,17,15
"COG0720",0,3,1,0,1,1
"COG0721",0,2,0,1,1,1
"COG0722",2,3,1,2,1,2
"COG0723",3,6,1,4,7,5
"COG0724",0,3,0,0,1,0
"COG0725",1,1,0,1,1,0
"COG0726",6,9,4,8,12,13
"COG0727",0,0,0,0,0,0
"COG0728",3,11,2,9,4,7
"COG0729",3,0,4,0,1,0
"COG0730",5,14,2,6,11,7
"COG0731",0,0,0,2,0,0
"COG0732",6,0,3,2,1,0
"COG0733",3,6,6,7,1,5
"COG0735",1,8,5,7,7,2
"COG0736",1,1,0,4,1,1
"COG0737",1,0,11,5,7,3
"COG0738",2,1,5,1,3,0
"COG0739",9,11,27,11,19,9
"COG0740",2,5,12,1,5,6
"COG0741",19,14,14,9,15,16
"COG0742",5,2,2,1,3,2
"COG0743",2,7,0,9,6,2
"COG0744",11,4,8,3,2,2
"COG0745",32,14,22,10,21,7
"COG0746",2,1,0,1,2,4
"COG0747",14,18,11,16,15,14
"COG0748",0,2,0,2,0,0
"COG0749",104,24,201,16,25,9
"COG0750",1,15,3,10,4,16
"COG0751",8,11,7,4,16,10
"COG0752",2,6,2,2,4,1
"COG0753",1,0,2,0,0,1
"COG0754",0,0,0,0,1,0
"COG0755",4,5,3,7,8,5
"COG0756",1,0,2,1,6,0
"COG0757",1,3,0,1,5,1
"COG0758",1,0,5,0,0,2
"COG0759",1,2,1,2,1,0
"COG0760",12,10,12,13,20,11
"COG0761",2,9,4,8,5,5
"COG0762",3,1,1,1,1,5
"COG0763",2,6,1,6,6,1
"COG0764",4,6,5,6,3,3
"COG0765",2,14,6,7,11,6
"COG0766",4,16,6,7,11,5
"COG0767",7,3,1,0,0,2
"COG0768",16,25,13,21,25,18
"COG0769",2,6,4,10,8,5
"COG0770",4,9,2,5,3,6
"COG0771",3,13,6,3,8,7
"COG0772",10,21,11,9,17,9
"COG0773",0,7,5,9,9,6
"COG0774",4,11,0,11,3,3
"COG0775",3,0,1,3,1,2
"COG0776",2,2,0,3,4,6
"COG0777",2,2,1,2,3,4
"COG0778",3,7,10,14,12,4
"COG0779",2,0,3,0,2,0
"COG0780",2,1,2,0,0,1
"COG0781",0,2,0,2,2,2
"COG0782",3,1,1,3,5,6
"COG0783",2,0,2,0,1,0
"COG0784",68,2,34,5,19,13
"COG0785",2,6,1,4,3,3
"COG0786",0,1,0,0,0,0
"COG0787",2,2,3,6,4,7
"COG0788",3,1,3,0,1,1
"COG0789",17,3,13,4,3,7
"COG0790",3,3,5,3,1,7
"COG0791",3,2,4,1,4,3
"COG0792",1,1,0,0,0,1
"COG0793",9,10,13,13,18,8
"COG0794",3,5,1,3,9,6
"COG0795",1,13,4,18,16,9
"COG0796",0,1,1,0,1,1
"COG0797",1,2,1,3,0,0
"COG0798",2,0,2,0,1,0
"COG0799",0,3,2,2,2,3
"COG0800",4,0,4,0,1,0
"COG0801",3,9,0,2,3,1
"COG0802",1,2,1,3,2,3
"COG0803",2,9,2,3,1,0
"COG0804",0,3,2,0,2,1
"COG0805",5,5,2,8,6,6
"COG0806",3,0,1,1,3,1
"COG0807",8,14,5,4,7,3
"COG0809",0,1,5,4,2,5
"COG0810",2,3,1,3,5,1
"COG0811",5,10,6,12,6,7
"COG0812",4,1,0,8,10,6
"COG0813",0,0,0,0,0,1
"COG0814",0,0,0,0,0,0
"COG0815",7,10,16,8,11,12
"COG0816",0,2,1,3,5,3
"COG0817",3,1,2,0,0,3
"COG0818",0,0,0,0,0,0
"COG0819",0,1,0,0,1,0
"COG0820",2,2,0,3,2,3
"COG0821",1,5,5,2,6,7
"COG0822",1,2,1,3,1,6
"COG0823",13,7,9,18,7,10
"COG0824",6,8,3,5,4,9
"COG0825",2,18,3,2,9,15
"COG0826",2,0,0,1,0,2
"COG0827",0,0,4,1,1,1
"COG0828",1,1,1,0,0,1
"COG0829",1,4,0,1,0,2
"COG0830",0,1,1,0,0,3
"COG0831",0,1,0,0,0,0
"COG0832",0,1,0,0,0,0
"COG0833",0,0,0,0,0,0
"COG0834",3,20,2,6,11,7
"COG0835",2,0,1,1,0,0
"COG0836",0,8,4,2,2,3
"COG0837",1,3,1,1,4,0
"COG0838",2,2,2,2,5,2
"COG0839",1,5,0,1,4,5
"COG0840",27,0,20,3,27,12
"COG0841",49,15,18,28,40,29
"COG0842",6,5,6,10,8,8
"COG0843",3,25,5,18,12,14
"COG0845",56,10,30,16,17,12
"COG0846",3,2,1,1,2,3
"COG0847",5,9,6,7,12,4
"COG0848",7,5,2,5,3,2
"COG0849",1,3,4,7,5,2
"COG0850",2,0,1,0,0,0
"COG0851",0,0,0,0,1,0
"COG0852",2,7,1,2,2,6
"COG0853",0,1,1,0,0,0
"COG0854",1,4,4,4,4,3
"COG0855",5,5,9,2,8,1
"COG0856",0,0,0,0,0,0
"COG0857",0,0,6,0,0,0
"COG0858",0,3,1,1,2,1
"COG0859",5,10,0,14,7,9
"COG0860",6,2,4,5,4,2
"COG0861",1,4,5,3,3,1
"COG0863",9,12,21,8,5,6
"COG0864",0,0,0,1,0,1
"COG1001",1,1,1,2,2,4
"COG1002",11,2,2,4,2,3
"COG1003",11,25,11,14,7,8
"COG1004",11,9,17,10,15,8
"COG1005",6,6,3,10,3,6
"COG1006",0,0,1,1,0,0
"COG1007",3,11,4,9,5,13
"COG1008",3,16,2,11,12,7
"COG1009",9,22,7,14,13,7
"COG1010",1,1,0,1,0,4
"COG1011",8,20,4,12,6,17
"COG1012",43,41,51,42,53,63
"COG1013",0,5,0,6,1,3
"COG1014",15,5,4,8,1,7
"COG1015",0,0,0,0,0,2
"COG1017",0,0,0,0,0,0
"COG1018",8,1,9,4,4,5
"COG1019",0,1,0,0,0,1
"COG1020",6,0,0,3,0,1
"COG1021",0,0,0,1,0,0
"COG1022",11,17,11,7,12,6
"COG1023",0,0,0,0,0,0
"COG1024",47,38,29,26,23,19
"COG1025",6,0,0,0,4,2
"COG1026",7,2,0,2,3,1
"COG1027",0,0,1,2,0,1
"COG1028",99,75,93,97,76,98
"COG1029",1,0,0,0,0,0
"COG1030",6,3,0,2,0,2
"COG1031",0,1,0,0,0,0
"COG1032",11,4,7,5,3,26
"COG1033",7,17,2,17,14,19
"COG1034",2,7,6,7,2,8
"COG1035",0,1,0,0,0,2
"COG1036",0,0,0,0,0,0
"COG1038",6,4,4,2,3,1
"COG1039",0,0,0,0,0,0
"COG1040",1,0,4,0,1,0
"COG1041",0,0,0,1,0,0
"COG1042",4,1,1,6,4,12
"COG1043",1,4,3,1,6,0
"COG1044",8,7,1,7,6,3
"COG1045",3,0,0,5,6,4
"COG1047",4,1,2,3,0,5
"COG1048",9,12,10,12,18,14
"COG1049",3,13,1,2,2,2
"COG1051",1,0,1,3,1,5
"COG1052",5,16,5,6,8,8
"COG1053",19,20,3,27,11,19
"COG1054",2,9,0,5,9,5
"COG1055",2,5,4,2,4,3
"COG1056",1,0,0,0,0,3
"COG1057",2,3,3,4,4,9
"COG1058",2,5,1,1,1,3
"COG1059",0,0,0,0,0,0
"COG1060",2,4,0,10,1,16
"COG1061",15,6,24,5,10,1
"COG1062",3,5,7,5,4,6
"COG1063",5,8,6,9,3,9
"COG1064",0,2,0,2,4,3
"COG1066",2,2,4,2,6,2
"COG1067",2,1,0,0,1,3
"COG1069",0,0,3,1,1,2
"COG1070",0,5,7,1,7,2
"COG1071",8,9,2,14,4,7
"COG1072",0,1,3,1,1,1
"COG1073",6,12,9,8,5,8
"COG1074",9,8,10,6,15,5
"COG1075",1,3,0,0,1,2
"COG1076",2,2,0,2,4,4
"COG1077",3,10,1,6,5,5
"COG1078",2,3,0,1,0,4
"COG1079",2,3,2,7,4,7
"COG1080",1,1,5,1,0,1
"COG1082",7,4,3,3,4,7
"COG1083",2,4,1,2,6,3
"COG1084",0,0,0,1,0,0
"COG1085",0,1,2,0,2,2
"COG1086",6,8,3,14,7,7
"COG1087",4,3,4,1,9,2
"COG1088",2,8,2,5,3,6
"COG1089",3,8,12,5,9,3
"COG1090",2,2,3,6,1,2
"COG1091",6,7,5,8,0,4
"COG1092",3,0,2,3,7,0
"COG1093",0,0,0,0,0,3
"COG1094",0,0,0,0,0,1
"COG1095",0,0,0,0,0,1
"COG1096",0,0,0,2,0,0
"COG1097",0,0,0,2,0,1
"COG1098",0,0,0,0,0,0
"COG1099",0,0,0,0,0,0
"COG1100",0,2,0,1,3,0
"COG1101",1,0,0,0,0,0
"COG1102",0,2,0,1,0,2
"COG1104",5,8,4,7,7,5
"COG1105",0,0,0,0,0,0
"COG1106",0,0,0,0,0,0
"COG1107",0,0,0,0,0,0
"COG1108",5,9,1,7,6,2
"COG1109",8,21,12,20,19,18
"COG1111",0,0,0,1,0,0
"COG1112",5,4,11,3,1,2
"COG1113",0,0,0,0,0,0
"COG1114",0,0,0,0,0,0
"COG1115",2,3,2,10,7,9
"COG1116",2,1,1,2,0,3
"COG1117",0,1,3,2,1,1
"COG1118",0,0,0,1,0,0
"COG1119",1,5,1,1,1,4
"COG1120",2,3,3,1,0,0
"COG1121",2,3,4,2,1,3
"COG1122",0,2,3,3,1,1
"COG1123",3,5,9,6,11,3
"COG1124",0,0,0,0,0,0
"COG1125",2,0,1,0,0,0
"COG1126",0,4,1,5,2,3
"COG1127",3,2,2,3,1,0
"COG1129",6,1,14,5,5,2
"COG1131",10,17,10,14,8,19
"COG1132",13,38,21,33,27,32
"COG1133",0,1,0,4,4,5
"COG1134",3,0,4,3,1,5
"COG1135",0,0,2,0,0,4
"COG1136",7,17,6,7,11,11
"COG1137",2,5,1,4,3,1
"COG1138",6,15,5,11,6,11
"COG1139",0,0,0,0,0,1
"COG1140",0,1,0,0,0,0
"COG1141",0,0,0,0,0,0
"COG1142",0,1,0,1,1,0
"COG1143",2,4,3,4,0,1
"COG1144",0,0,0,0,0,0
"COG1145",0,1,0,1,2,3
"COG1146",3,4,5,3,1,4
"COG1148",0,0,0,0,0,1
"COG1150",0,0,0,0,0,0
"COG1151",0,0,0,0,0,0
"COG1153",0,0,0,0,0,0
"COG1154",5,14,9,16,9,6
"COG1155",1,0,0,6,0,5
"COG1156",0,1,0,1,0,2
"COG1157",4,0,3,2,1,1
"COG1158",8,9,8,15,12,8
"COG1159",2,2,2,3,4,2
"COG1160",7,1,5,12,2,11
"COG1161",0,0,0,0,1,0
"COG1162",3,2,1,2,5,0
"COG1163",0,0,0,2,0,2
"COG1164",1,2,2,1,5,1
"COG1165",0,5,2,1,2,2
"COG1166",7,1,0,1,1,3
"COG1167",5,2,12,2,2,7
"COG1168",0,0,1,1,0,2
"COG1169",0,8,2,0,3,1
"COG1171",8,8,7,10,10,14
"COG1172",8,9,6,3,5,5
"COG1173",10,6,6,16,11,12
"COG1174",1,0,4,2,0,0
"COG1175",5,8,16,7,12,9
"COG1176",6,2,3,5,2,6
"COG1177",4,5,5,6,5,7
"COG1178",7,15,2,12,18,9
"COG1179",0,0,0,0,0,0
"COG1180",2,0,0,1,0,1
"COG1181",4,2,5,0,9,3
"COG1182",3,0,1,2,1,0
"COG1183",1,2,1,1,5,5
"COG1184",0,0,0,0,0,0
"COG1185",8,22,6,14,8,13
"COG1186",6,8,4,5,4,2
"COG1187",8,0,2,5,5,6
"COG1188",0,0,2,0,2,0
"COG1189",0,1,3,1,1,2
"COG1190",9,5,2,5,5,8
"COG1191",1,2,0,1,2,3
"COG1192",6,10,14,9,9,8
"COG1193",2,4,0,0,4,3
"COG1194",2,6,3,4,3,3
"COG1195",4,7,3,5,6,5
"COG1196",8,19,11,21,22,17
"COG1197",10,14,12,13,11,11
"COG1198",8,21,7,12,13,4
"COG1199",2,7,7,5,3,7
"COG1200",10,13,11,17,11,15
"COG1201",3,2,8,9,3,5
"COG1202",0,0,0,0,0,0
"COG1203",0,0,0,0,0,1
"COG1204",1,2,0,4,0,2
"COG1205",0,0,1,1,3,0
"COG1206",1,2,2,0,1,0
"COG1207",1,3,3,3,6,4
"COG1208",3,14,4,12,11,14
"COG1209",7,4,0,1,6,3
"COG1210",5,3,4,0,2,3
"COG1211",7,5,2,6,5,2
"COG1212",2,5,1,5,7,3
"COG1213",0,2,0,3,0,3
"COG1214",2,4,4,2,1,3
"COG1215",6,4,11,3,3,5
"COG1216",14,4,10,7,4,7
"COG1217",2,7,2,6,12,11
"COG1218",0,5,2,5,4,2
"COG1219",5,6,2,5,5,8
"COG1220",3,1,3,8,10,4
"COG1221",3,0,1,0,0,0
"COG1222",0,0,0,0,0,0
"COG1223",0,0,0,0,0,0
"COG1224",0,0,0,0,0,0
"COG1225",2,10,3,8,4,2
"COG1226",10,7,8,7,2,6
"COG1227",0,0,0,0,0,0
"COG1228",23,13,21,14,14,12
"COG1229",0,0,0,0,0,0
"COG1230",9,0,11,0,2,2
"COG1231",1,2,1,0,1,1
"COG1232",0,2,3,4,1,3
"COG1233",5,16,13,13,13,11
"COG1234",3,2,4,2,0,3
"COG1235",4,2,0,2,1,3
"COG1236",5,3,1,4,2,9
"COG1237",0,0,0,1,0,1
"COG1238",3,4,2,4,7,1
"COG1239",0,3,1,2,2,1
"COG1240",0,3,1,2,2,1
"COG1241",0,0,0,0,0,1
"COG1242",0,0,0,0,0,1
"COG1243",0,0,0,1,0,5
"COG1244",0,0,0,1,0,1
"COG1245",0,2,0,0,0,1
"COG1246",2,0,3,0,1,1
"COG1247",0,0,0,0,0,0
"COG1249",18,9,21,25,10,20
"COG1250",8,12,9,18,21,18
"COG1251",5,0,0,0,0,0
"COG1252",3,3,3,2,4,2
"COG1253",9,3,12,6,8,5
"COG1254",0,0,0,1,0,0
"COG1255",0,0,0,0,0,0
"COG1256",3,0,2,1,2,0
"COG1257",2,1,0,2,4,5
"COG1258",0,1,0,2,0,3
"COG1259",0,1,0,0,1,0
"COG1260",0,1,0,0,0,3
"COG1261",0,0,1,0,0,0
"COG1262",11,5,8,6,5,10
"COG1263",0,0,0,0,0,0
"COG1264",0,0,0,0,0,0
"COG1266",2,2,0,2,0,2
"COG1267",3,3,0,3,2,1
"COG1268",2,3,0,1,3,1
"COG1269",0,0,0,5,0,2
"COG1270",1,1,0,1,2,1
"COG1271",2,0,8,1,3,1
"COG1272",1,1,0,0,0,0
"COG1273",0,0,5,0,0,0
"COG1274",0,0,4,0,0,2
"COG1275",0,0,0,0,1,0
"COG1276",0,0,0,0,0,0
"COG1277",4,2,1,4,0,1
"COG1278",2,5,2,2,4,1
"COG1279",0,2,0,1,1,0
"COG1280",9,5,2,4,8,6
"COG1281",2,1,2,0,0,0
"COG1282",4,9,1,10,7,8
"COG1283",0,3,0,0,1,3
"COG1284",1,0,0,0,0,1
"COG1285",1,1,0,0,0,0
"COG1286",0,0,0,0,0,1
"COG1287",0,1,0,2,0,0
"COG1288",0,0,0,0,0,0
"COG1289",0,0,2,0,1,1
"COG1290",4,11,4,4,10,6
"COG1291",9,4,3,1,0,2
"COG1292",15,3,7,0,2,3
"COG1293",0,1,0,1,0,2
"COG1294",3,0,1,0,2,1
"COG1295",3,3,5,0,2,1
"COG1296",0,1,1,1,3,0
"COG1297",0,1,0,3,0,4
"COG1298",9,1,2,0,1,3
"COG1299",0,0,0,0,0,0
"COG1300",0,0,1,0,0,0
"COG1301",4,0,3,0,1,2
"COG1302",0,0,0,0,0,0
"COG1303",0,0,0,1,0,5
"COG1304",3,5,2,13,10,8
"COG1305",6,7,11,1,2,2
"COG1306",0,0,0,1,0,0
"COG1307",0,2,0,0,0,1
"COG1308",0,0,0,1,0,0
"COG1309",12,3,16,6,7,2
"COG1310",0,0,7,1,0,0
"COG1311",0,1,0,0,0,0
"COG1312",1,2,0,2,0,0
"COG1313",0,0,0,1,0,0
"COG1314",0,1,0,0,0,0
"COG1315",0,0,0,1,1,1
"COG1316",0,1,3,0,1,0
"COG1317",1,0,0,0,0,2
"COG1319",3,4,2,4,2,3
"COG1320",0,0,0,0,0,0
"COG1321",0,1,1,1,0,6
"COG1322",4,6,8,9,12,3
"COG1324",0,1,0,0,0,2
"COG1325",0,0,0,0,0,0
"COG1326",0,0,0,0,0,0
"COG1327",0,3,0,3,2,0
"COG1328",0,0,0,2,0,1
"COG1329",1,5,2,3,3,1
"COG1330",5,6,3,0,3,3
"COG1331",1,2,0,11,7,10
"COG1333",0,2,2,0,0,0
"COG1334",1,0,0,0,1,0
"COG1335",3,3,1,0,4,2
"COG1336",0,0,0,0,0,0
"COG1337",0,0,0,0,0,0
"COG1338",2,1,2,0,0,1
"COG1339",0,0,0,1,0,1
"COG1340",0,0,0,0,0,0
"COG1341",0,0,0,0,0,0
"COG1343",0,0,0,0,0,0
"COG1344",7,7,1,11,6,8
"COG1345",4,1,0,0,1,3
"COG1346",1,0,0,0,1,0
"COG1347",1,1,0,2,2,1
"COG1348",0,3,0,1,0,0
"COG1349",2,0,1,0,3,0
"COG1350",0,1,0,3,0,0
"COG1351",3,8,6,0,5,7
"COG1352",2,1,2,0,2,0
"COG1353",0,0,0,0,0,0
"COG1354",2,6,3,8,4,5
"COG1355",1,0,0,0,0,0
"COG1356",0,0,0,0,0,0
"COG1357",5,6,2,4,2,7
"COG1358",0,0,0,0,0,0
"COG1359",0,0,2,1,0,1
"COG1360",5,1,8,5,1,4
"COG1361",0,0,0,2,0,3
"COG1362",3,0,0,0,0,1
"COG1363",3,0,1,4,1,2
"COG1364",0,6,3,5,10,4
"COG1366",0,0,1,0,0,0
"COG1368",1,2,6,1,0,1
"COG1369",0,0,0,0,0,0
"COG1370",0,2,0,3,0,6
"COG1371",0,0,0,0,0,1
"COG1372",13,3,25,2,4,1
"COG1373",0,0,0,0,0,0
"COG1374",0,0,0,0,0,0
"COG1376",1,0,3,0,1,1
"COG1377",2,0,2,1,1,1
"COG1378",0,0,0,0,0,0
"COG1379",0,0,0,0,0,0
"COG1380",0,0,0,0,0,1
"COG1381",0,2,1,3,4,1
"COG1382",0,0,0,0,0,0
"COG1383",0,0,0,0,0,0
"COG1384",2,9,2,7,8,4
"COG1385",2,6,1,4,6,2
"COG1386",2,3,8,3,7,4
"COG1387",0,2,0,1,0,0
"COG1388",0,0,1,1,2,1
"COG1389",1,0,0,1,0,5
"COG1390",0,0,0,0,0,0
"COG1391",7,0,10,2,6,4
"COG1392",0,0,1,2,1,1
"COG1393",2,0,1,0,2,3
"COG1394",0,0,0,0,0,0
"COG1395",0,0,0,0,0,0
"COG1396",9,2,10,4,4,4
"COG1397",1,1,0,0,0,0
"COG1398",1,0,1,0,1,2
"COG1399",0,1,1,0,1,1
"COG1400",0,0,0,0,0,0
"COG1401",1,0,1,2,0,1
"COG1402",0,2,3,3,1,4
"COG1403",1,7,6,4,3,1
"COG1404",12,14,10,25,8,20
"COG1405",0,0,0,0,1,5
"COG1406",0,0,0,0,0,0
"COG1407",3,0,2,0,1,3
"COG1408",3,2,4,0,2,2
"COG1409",6,4,4,4,5,13
"COG1410",11,14,9,3,5,10
"COG1411",0,0,0,0,0,0
"COG1412",0,0,0,0,0,0
"COG1413",1,8,0,3,2,3
"COG1414",4,1,8,2,2,2
"COG1415",0,0,0,0,0,0
"COG1416",0,0,0,0,0,0
"COG1418",0,2,2,3,2,1
"COG1419",2,0,0,0,1,1
"COG1420",3,1,2,5,2,0
"COG1422",0,1,0,1,0,2
"COG1426",1,0,1,2,0,0
"COG1427",1,0,0,3,0,2
"COG1428",2,0,0,2,2,0
"COG1429",2,13,2,8,11,2
"COG1430",2,2,2,0,0,1
"COG1431",0,0,0,0,0,0
"COG1432",2,1,2,3,2,3
"COG1433",0,0,0,0,0,0
"COG1434",0,1,0,1,1,0
"COG1435",2,2,1,2,2,3
"COG1436",0,0,0,0,0,1
"COG1437",0,0,0,0,0,0
"COG1438",0,2,0,0,0,1
"COG1439",0,0,0,0,0,2
"COG1441",0,0,0,0,0,0
"COG1442",0,1,1,1,1,0
"COG1443",1,2,1,1,0,1
"COG1444",0,0,2,1,1,1
"COG1445",0,1,0,0,0,0
"COG1446",2,2,1,0,1,2
"COG1448",1,1,4,0,2,1
"COG1449",1,0,0,2,0,0
"COG1450",13,3,1,6,5,0
"COG1451",1,0,1,0,1,0
"COG1452",4,9,4,10,10,6
"COG1453",0,0,0,0,0,0
"COG1454",7,9,3,10,10,8
"COG1455",0,0,0,0,0,0
"COG1456",0,0,0,0,0,0
"COG1457",2,0,2,0,0,0
"COG1459",5,3,5,6,4,8
"COG1460",0,0,0,0,0,0
"COG1461",0,1,0,0,0,4
"COG1462",6,0,12,0,1,1
"COG1463",1,0,2,1,1,1
"COG1464",0,0,2,0,0,0
"COG1465",0,0,0,1,0,3
"COG1466",4,7,6,2,8,5
"COG1467",0,0,0,2,0,1
"COG1468",0,0,0,0,0,0
"COG1469",0,1,0,0,2,0
"COG1470",0,0,0,0,0,0
"COG1471",0,2,0,0,0,2
"COG1472",6,11,10,7,14,7
"COG1473",7,4,4,10,3,10
"COG1474",0,0,0,3,0,0
"COG1475",6,6,18,6,7,1
"COG1476",1,0,3,0,1,0
"COG1477",3,1,5,1,2,1
"COG1478",0,1,0,1,1,3
"COG1479",1,1,6,0,0,1
"COG1480",1,6,0,3,4,1
"COG1481",0,0,1,0,0,0
"COG1482",0,0,3,1,0,3
"COG1483",0,0,1,0,0,0
"COG1484",3,0,2,0,1,0
"COG1485",3,1,6,6,8,2
"COG1486",0,3,0,1,0,0
"COG1487",0,0,0,0,0,0
"COG1488",0,1,2,0,1,2
"COG1489",0,3,0,3,4,0
"COG1490",1,1,0,3,1,2
"COG1491",0,0,0,2,0,0
"COG1492",2,0,0,2,3,3
"COG1493",0,0,0,1,1,0
"COG1494",0,1,1,4,1,2
"COG1495",0,1,3,1,3,0
"COG1496",2,6,4,7,3,3
"COG1497",0,0,0,0,0,0
"COG1498",0,0,0,1,0,2
"COG1499",0,0,0,0,0,0
"COG1500",0,2,0,0,0,1
"COG1501",1,1,2,0,2,1
"COG1502",6,0,10,1,3,0
"COG1503",0,0,0,2,0,3
"COG1505",2,0,4,1,4,2
"COG1506",27,13,19,15,19,17
"COG1507",0,0,0,0,0,1
"COG1508",2,3,3,5,5,7
"COG1509",2,0,0,8,0,4
"COG1510",0,0,1,0,0,0
"COG1511",0,0,1,0,0,0
"COG1512",0,0,1,1,0,0
"COG1513",0,0,0,0,0,0
"COG1514",2,1,1,0,1,2
"COG1515",0,0,0,0,0,0
"COG1516",0,1,0,0,0,2
"COG1518",1,0,1,0,0,0
"COG1519",1,6,1,4,9,8
"COG1520",5,5,3,9,4,7
"COG1521",2,5,0,6,1,4
"COG1522",10,1,6,11,6,9
"COG1523",0,2,3,0,6,0
"COG1524",3,4,5,7,2,2
"COG1525",3,0,5,3,1,0
"COG1526",3,1,2,6,3,4
"COG1527",0,0,0,4,0,1
"COG1528",0,1,0,1,0,0
"COG1529",15,9,14,25,3,29
"COG1530",12,12,7,12,13,7
"COG1533",0,0,3,2,0,2
"COG1534",0,0,0,0,0,0
"COG1535",0,0,0,0,0,0
"COG1536",4,2,1,4,1,5
"COG1537",0,1,0,1,0,3
"COG1538",37,13,23,12,12,9
"COG1539",0,4,0,1,1,2
"COG1540",1,2,3,2,1,3
"COG1541",4,0,0,0,1,3
"COG1543",0,1,0,0,1,0
"COG1544",0,1,2,1,0,0
"COG1545",4,2,0,3,1,0
"COG1546",2,3,3,1,5,3
"COG1547",0,0,0,0,0,0
"COG1548",0,0,0,0,0,0
"COG1549",0,0,0,1,0,0
"COG1550",0,0,0,0,0,0
"COG1551",1,1,0,0,0,1
"COG1552",0,0,0,0,0,0
"COG1553",1,0,0,0,0,0
"COG1554",0,0,0,0,1,0
"COG1555",0,0,1,0,0,1
"COG1556",0,0,0,0,0,0
"COG1558",1,0,1,2,1,1
"COG1559",8,1,0,1,0,2
"COG1560",2,5,2,5,8,6
"COG1561",3,0,0,2,1,2
"COG1562",0,8,2,4,12,1
"COG1563",0,0,0,0,0,0
"COG1564",0,1,0,0,0,1
"COG1565",1,10,1,1,7,5
"COG1566",6,0,3,0,2,1
"COG1568",0,0,0,0,0,0
"COG1569",0,0,1,0,0,0
"COG1570",3,3,5,7,5,2
"COG1571",0,0,0,1,0,5
"COG1572",0,0,0,1,0,0
"COG1573",6,7,2,6,5,4
"COG1574",4,1,0,4,7,11
"COG1575",1,4,4,3,1,5
"COG1576",2,1,1,2,1,1
"COG1577",0,1,0,1,0,0
"COG1578",0,0,0,0,0,0
"COG1579",1,0,0,1,0,2
"COG1580",0,0,0,0,1,1
"COG1581",0,0,0,1,0,0
"COG1582",0,0,0,0,0,0
"COG1583",1,0,0,0,0,0
"COG1584",0,0,0,0,0,0
"COG1585",0,1,1,0,0,0
"COG1586",4,4,2,1,1,1
"COG1587",0,6,3,2,6,6
"COG1588",0,0,0,0,0,0
"COG1589",0,2,3,1,1,1
"COG1590",0,0,0,0,0,1
"COG1591",0,0,0,0,0,0
"COG1592",0,0,0,0,3,0
"COG1593",17,6,16,9,9,8
"COG1594",0,0,0,0,0,0
"COG1595",11,4,12,4,4,8
"COG1596",4,2,1,1,1,2
"COG1597",3,1,4,5,3,6
"COG1598",0,0,0,0,0,0
"COG1599",0,0,0,2,0,2
"COG1600",2,6,0,2,5,4
"COG1601",0,1,0,2,0,0
"COG1602",0,0,0,1,0,2
"COG1603",0,0,0,0,0,0
"COG1604",0,0,0,0,0,0
"COG1605",2,1,0,2,3,5
"COG1606",0,0,0,1,0,1
"COG1607",4,0,1,0,1,1
"COG1608",0,0,0,0,0,1
"COG1609",8,1,29,2,7,4
"COG1610",1,1,0,3,1,1
"COG1611",6,1,2,3,5,8
"COG1612",0,6,3,4,4,3
"COG1613",0,0,0,0,0,0
"COG1615",0,0,2,7,0,5
"COG1617",0,0,0,0,0,0
"COG1618",0,0,0,1,0,0
"COG1619",0,4,2,0,4,1
"COG1620",0,0,0,0,0,1
"COG1621",2,1,0,1,0,1
"COG1622",6,9,6,15,7,7
"COG1623",0,1,0,0,0,0
"COG1624",0,1,0,0,0,1
"COG1625",0,3,0,0,0,1
"COG1626",0,0,1,0,1,1
"COG1628",0,0,0,0,0,0
"COG1629",185,29,119,49,85,38
"COG1630",0,0,0,1,0,0
"COG1631",0,0,0,0,0,0
"COG1632",0,1,0,1,0,1
"COG1633",0,0,0,0,0,0
"COG1634",0,0,0,2,0,2
"COG1635",0,0,0,1,0,1
"COG1636",0,0,0,0,0,1
"COG1637",0,0,1,0,0,1
"COG1638",15,15,7,10,6,10
"COG1639",4,0,2,0,0,0
"COG1640",0,4,0,0,0,0
"COG1641",0,2,0,5,1,2
"COG1643",12,0,12,0,5,0
"COG1644",0,0,0,0,0,0
"COG1645",0,0,0,0,0,0
"COG1646",0,0,0,2,0,2
"COG1647",0,0,0,1,0,0
"COG1648",3,1,2,0,5,2
"COG1649",0,0,2,0,0,0
"COG1650",0,0,0,0,0,5
"COG1651",2,7,11,5,4,4
"COG1652",4,1,1,1,1,1
"COG1653",12,17,18,25,10,10
"COG1654",0,0,0,1,0,1
"COG1655",0,0,0,0,0,0
"COG1656",0,0,0,0,0,0
"COG1657",0,0,0,1,0,0
"COG1658",0,0,0,0,0,0
"COG1659",0,0,0,0,0,0
"COG1660",0,2,2,2,0,1
"COG1661",0,0,0,0,0,0
"COG1662",0,0,0,0,0,0
"COG1663",3,6,2,4,7,3
"COG1664",2,3,1,0,1,1
"COG1665",0,0,0,0,0,0
"COG1666",1,1,0,1,2,2
"COG1668",0,0,1,2,1,1
"COG1669",0,0,0,0,0,0
"COG1670",2,2,7,3,3,5
"COG1671",1,0,0,0,0,1
"COG1672",0,0,0,0,0,0
"COG1673",0,0,0,0,0,0
"COG1674",3,11,13,10,15,6
"COG1675",0,0,0,0,0,0
"COG1676",0,2,0,1,0,5
"COG1677",1,0,1,0,0,0
"COG1678",1,3,0,4,3,2
"COG1679",0,0,0,0,0,4
"COG1680",17,12,34,32,13,23
"COG1681",0,0,0,0,0,0
"COG1682",4,0,4,0,0,1
"COG1683",1,1,1,1,0,0
"COG1684",1,0,0,0,0,0
"COG1685",0,0,0,0,0,3
"COG1686",9,6,5,8,7,3
"COG1687",0,0,0,0,0,0
"COG1688",0,0,0,0,0,0
"COG1690",1,0,0,2,1,2
"COG1691",0,0,0,1,0,1
"COG1692",1,5,0,1,0,1
"COG1694",7,4,5,2,5,1
"COG1695",0,0,0,0,0,2
"COG1696",0,1,3,2,1,0
"COG1697",0,0,0,0,0,2
"COG1698",0,0,0,0,0,0
"COG1699",1,0,0,0,0,0
"COG1700",0,0,0,0,0,0
"COG1701",0,0,0,0,0,0
"COG1702",5,10,5,4,8,6
"COG1703",7,4,2,7,2,5
"COG1704",2,0,2,0,0,0
"COG1705",1,2,0,1,0,0
"COG1706",1,3,2,1,2,2
"COG1707",0,0,0,0,0,0
"COG1708",0,0,3,0,0,0
"COG1709",0,0,0,0,0,0
"COG1711",0,0,0,0,0,0
"COG1712",0,2,0,1,2,1
"COG1713",0,0,0,0,0,0
"COG1714",1,1,0,0,0,0
"COG1715",0,0,0,0,0,0
"COG1716",0,0,1,1,0,3
"COG1717",0,0,0,1,0,1
"COG1718",0,0,0,0,1,1
"COG1719",0,0,0,0,0,0
"COG1720",0,0,0,0,1,0
"COG1721",8,2,8,4,3,6
"COG1722",0,1,0,0,0,0
"COG1723",0,0,0,0,0,0
"COG1724",0,0,0,0,0,0
"COG1725",3,1,1,0,1,0
"COG1726",3,4,0,5,6,1
"COG1727",0,0,0,2,0,0
"COG1729",0,2,0,7,4,5
"COG1730",0,0,0,0,0,0
"COG1732",0,0,4,0,0,0
"COG1733",5,0,5,0,2,1
"COG1734",3,7,1,4,4,1
"COG1735",0,3,0,0,0,0
"COG1736",0,0,0,4,0,2
"COG1737",5,2,2,0,2,0
"COG1738",4,11,2,2,6,3
"COG1739",1,0,0,0,0,1
"COG1740",0,0,1,0,0,0
"COG1741",5,0,6,3,2,2
"COG1742",1,0,1,0,0,0
"COG1743",0,1,0,0,0,0
"COG1744",4,5,6,4,1,5
"COG1745",0,0,0,0,0,0
"COG1746",0,1,0,0,0,3
"COG1747",0,0,0,0,0,0
"COG1748",1,2,5,3,2,0
"COG1749",2,1,1,1,5,2
"COG1750",0,0,0,0,0,0
"COG1752",4,1,4,2,0,0
"COG1754",6,7,9,7,11,6
"COG1755",0,0,0,0,0,0
"COG1756",0,0,0,1,0,0
"COG1757",4,2,0,2,3,4
"COG1758",0,0,0,3,2,2
"COG1759",0,0,0,2,0,1
"COG1760",2,0,1,1,0,0
"COG1761",0,0,0,1,0,0
"COG1762",1,1,2,1,0,0
"COG1763",0,0,0,0,0,0
"COG1764",1,0,7,0,0,0
"COG1765",2,1,2,1,1,1
"COG1766",4,0,3,1,3,0
"COG1767",0,0,0,0,0,0
"COG1768",0,0,0,0,0,0
"COG1769",0,0,0,0,0,0
"COG1770",3,8,5,13,13,4
"COG1772",0,0,0,0,0,0
"COG1773",0,0,0,0,0,0
"COG1774",0,0,0,0,1,0
"COG1775",0,0,0,0,0,0
"COG1776",0,0,0,0,0,0
"COG1777",0,0,0,0,0,0
"COG1778",2,0,1,1,2,0
"COG1779",0,0,0,0,0,0
"COG1780",0,0,0,0,0,0
"COG1781",0,0,0,0,0,0
"COG1782",0,1,0,1,0,3
"COG1783",5,0,1,0,0,0
"COG1784",0,0,0,0,0,0
"COG1785",0,2,3,2,2,1
"COG1786",0,0,0,0,1,0
"COG1787",0,0,0,0,0,1
"COG1788",4,2,2,1,1,0
"COG1791",0,0,0,0,0,0
"COG1792",3,2,2,4,7,4
"COG1793",6,2,14,4,4,4
"COG1794",1,5,0,2,1,0
"COG1795",0,0,0,0,1,0
"COG1796",1,0,0,4,1,0
"COG1797",0,0,0,1,0,3
"COG1798",0,0,0,1,0,1
"COG1799",0,0,0,0,0,0
"COG1801",0,1,1,0,0,0
"COG1802",8,3,6,0,2,0
"COG1803",0,0,0,0,1,0
"COG1804",12,20,4,25,5,29
"COG1805",3,1,4,2,3,0
"COG1806",0,6,0,3,4,3
"COG1807",3,13,3,5,6,3
"COG1808",0,0,3,0,1,0
"COG1809",0,0,0,0,0,1
"COG1811",0,0,0,0,0,0
"COG1812",0,0,0,0,0,0
"COG1813",0,0,0,1,0,0
"COG1814",0,1,0,1,0,6
"COG1815",0,0,1,0,0,0
"COG1816",0,4,0,0,0,5
"COG1817",0,0,0,0,0,2
"COG1818",0,0,0,2,0,0
"COG1819",0,1,1,4,1,1
"COG1820",0,1,2,1,0,1
"COG1821",0,0,0,0,0,1
"COG1823",2,0,0,0,0,0
"COG1824",0,0,0,0,0,0
"COG1825",3,8,0,6,6,3
"COG1826",1,0,0,0,0,0
"COG1828",0,1,1,1,0,0
"COG1829",0,0,0,1,0,0
"COG1830",0,0,0,6,0,5
"COG1831",0,0,0,1,0,2
"COG1832",0,2,0,5,4,0
"COG1833",0,0,0,0,0,0
"COG1834",2,1,3,6,9,2
"COG1835",6,3,1,5,1,3
"COG1836",0,1,0,0,0,1
"COG1837",0,0,0,0,0,0
"COG1838",2,0,2,1,0,7
"COG1840",5,7,4,6,4,5
"COG1841",0,0,0,3,1,0
"COG1842",1,1,2,1,2,2
"COG1843",1,0,0,0,0,1
"COG1845",4,11,3,5,6,10
"COG1846",4,3,5,1,1,4
"COG1847",0,2,0,0,0,0
"COG1848",0,0,0,0,0,0
"COG1849",0,1,0,0,0,0
"COG1850",1,5,0,2,1,1
"COG1852",0,0,0,0,0,0
"COG1853",3,5,3,5,3,6
"COG1854",0,0,0,0,0,0
"COG1855",0,0,0,0,0,0
"COG1856",0,0,0,0,0,0
"COG1857",0,0,0,0,0,0
"COG1858",6,3,0,1,4,2
"COG1859",1,1,0,1,0,0
"COG1861",0,3,0,1,0,2
"COG1862",1,0,2,1,1,2
"COG1863",0,0,1,0,0,0
"COG1864",1,1,0,0,0,1
"COG1865",0,0,0,0,0,0
"COG1866",5,8,1,2,1,3
"COG1867",0,0,0,2,0,1
"COG1868",1,1,0,2,0,2
"COG1869",0,0,0,0,0,0
"COG1871",0,0,0,0,1,0
"COG1872",0,0,0,0,0,0
"COG1873",0,0,0,0,0,0
"COG1874",2,0,0,0,2,0
"COG1875",7,0,6,0,2,4
"COG1876",1,1,2,0,0,1
"COG1877",1,0,0,0,0,0
"COG1878",1,0,0,1,2,3
"COG1879",16,5,7,8,5,2
"COG1881",0,0,0,1,0,3
"COG1882",0,0,0,0,0,0
"COG1883",1,0,0,1,4,1
"COG1884",12,3,7,12,2,5
"COG1885",0,0,0,0,0,0
"COG1886",1,0,1,0,0,2
"COG1887",0,0,2,1,0,1
"COG1889",0,0,0,1,0,1
"COG1890",0,0,0,0,0,1
"COG1891",0,1,0,0,0,1
"COG1892",0,0,0,0,0,0
"COG1893",1,3,1,2,2,4
"COG1894",5,2,1,12,8,22
"COG1896",3,0,1,1,1,2
"COG1897",1,2,1,0,1,3
"COG1898",3,1,1,2,4,3
"COG1899",1,4,0,6,4,8
"COG1900",0,0,0,0,0,0
"COG1901",0,0,0,0,0,0
"COG1902",13,6,3,8,10,14
"COG1903",0,1,0,2,0,0
"COG1904",2,0,1,0,0,0
"COG1905",3,4,2,2,4,2
"COG1906",0,0,0,1,0,0
"COG1907",0,1,0,0,0,0
"COG1908",0,0,0,0,0,1
"COG1909",0,0,0,0,0,0
"COG1910",1,0,0,0,1,2
"COG1911",0,0,0,0,0,0
"COG1912",1,1,1,0,1,0
"COG1913",0,0,0,0,0,0
"COG1914",5,2,2,0,0,3
"COG1915",0,0,0,0,0,1
"COG1916",0,0,0,2,0,2
"COG1917",0,0,1,3,0,2
"COG1918",0,0,0,0,0,0
"COG1920",0,1,0,2,0,2
"COG1921",0,1,0,5,1,6
"COG1922",1,1,2,0,1,0
"COG1923",1,0,2,0,0,0
"COG1924",0,0,0,0,0,0
"COG1925",2,0,0,1,0,0
"COG1926",0,0,0,0,0,0
"COG1927",0,0,0,0,0,0
"COG1928",0,0,0,0,0,0
"COG1929",1,1,0,2,0,1
"COG1931",0,0,0,0,0,0
"COG1932",0,2,3,3,5,7
"COG1933",0,2,0,10,0,2
"COG1934",2,0,0,0,0,0
"COG1936",0,0,0,1,0,0
"COG1937",0,0,1,0,0,0
"COG1938",0,0,0,3,0,4
"COG1939",0,0,0,0,0,0
"COG1940",1,5,21,4,0,2
"COG1941",0,0,1,0,0,0
"COG1942",0,1,0,1,0,0
"COG1943",1,0,1,0,0,1
"COG1944",1,0,1,0,0,0
"COG1945",0,0,0,0,0,2
"COG1946",5,0,9,2,1,0
"COG1947",4,2,6,4,2,4
"COG1948",0,0,3,2,0,1
"COG1949",1,2,0,2,0,1
"COG1950",0,0,1,0,0,0
"COG1951",5,0,3,1,0,0
"COG1952",0,0,1,1,0,1
"COG1953",0,5,0,2,5,3
"COG1954",0,0,1,0,0,0
"COG1955",0,1,0,0,0,0
"COG1956",1,0,1,0,1,0
"COG1957",2,1,2,1,0,2
"COG1958",0,0,0,1,0,0
"COG1959",4,2,3,5,3,2
"COG1960",81,42,73,47,42,59
"COG1961",6,4,19,3,1,0
"COG1963",0,2,0,0,0,0
"COG1964",0,0,0,1,0,2
"COG1965",0,0,0,0,0,1
"COG1966",2,0,1,0,0,1
"COG1967",0,0,0,0,0,1
"COG1968",6,10,2,6,3,4
"COG1969",0,0,0,0,0,0
"COG1970",4,0,3,0,0,0
"COG1971",0,0,0,0,0,0
"COG1972",1,4,1,2,4,2
"COG1974",6,8,4,9,7,4
"COG1975",3,5,2,5,1,5
"COG1976",0,0,0,1,0,3
"COG1977",0,2,0,2,0,2
"COG1978",0,0,2,0,0,0
"COG1979",0,0,0,0,0,1
"COG1980",0,0,0,1,0,1
"COG1981",1,1,3,3,2,0
"COG1982",1,1,0,0,2,0
"COG1983",0,0,0,0,0,0
"COG1984",2,3,2,3,2,4
"COG1985",2,12,2,5,4,5
"COG1986",0,0,0,0,0,0
"COG1987",0,0,0,0,0,0
"COG1988",3,0,2,1,0,0
"COG1989",0,2,1,4,2,1
"COG1990",0,1,0,1,0,1
"COG1992",0,1,0,1,0,2
"COG1993",0,0,0,0,0,0
"COG1994",1,3,0,1,1,1
"COG1995",4,5,3,4,3,3
"COG1997",0,0,0,0,0,0
"COG1998",0,0,0,0,0,0
"COG1999",2,3,2,5,5,5
"COG2001",2,2,0,2,2,3
"COG2002",1,0,0,0,0,0
"COG2003",8,0,1,0,0,1
"COG2004",0,1,0,0,0,0
"COG2005",1,0,0,0,0,0
"COG2006",0,0,0,1,0,1
"COG2007",0,0,0,1,0,1
"COG2008",1,6,4,4,3,2
"COG2009",2,2,3,1,2,2
"COG2010",8,4,7,1,3,1
"COG2011",0,0,0,0,0,0
"COG2012",0,0,0,0,0,0
"COG2013",1,1,0,0,1,1
"COG2014",0,0,0,0,0,0
"COG2015",5,3,0,3,0,4
"COG2016",0,0,0,0,0,1
"COG2017",3,4,1,3,1,3
"COG2018",0,0,0,0,0,0
"COG2019",0,0,0,1,0,0
"COG2020",1,0,0,1,1,0
"COG2021",10,12,5,7,9,8
"COG2022",1,4,3,3,3,2
"COG2023",0,0,0,0,0,0
"COG2025",6,6,5,7,9,7
"COG2026",1,0,0,0,0,0
"COG2027",4,2,0,3,3,1
"COG2029",0,0,0,0,0,0
"COG2030",6,8,5,6,2,5
"COG2031",0,0,0,2,1,0
"COG2032",3,0,2,0,0,2
"COG2035",1,2,2,2,5,1
"COG2036",0,0,0,0,0,1
"COG2037",0,0,0,0,0,0
"COG2038",1,3,2,2,1,2
"COG2039",0,0,0,0,0,0
"COG2040",0,4,0,2,3,8
"COG2041",4,1,2,4,5,4
"COG2042",0,0,0,0,0,3
"COG2043",0,0,0,0,0,1
"COG2044",0,0,0,0,0,0
"COG2045",0,1,0,0,0,0
"COG2046",4,0,0,1,0,3
"COG2047",0,0,0,2,0,0
"COG2048",0,0,0,0,0,1
"COG2049",8,1,0,0,2,6
"COG2050",8,4,7,2,1,2
"COG2051",0,0,0,1,0,0
"COG2052",0,0,0,0,0,0
"COG2053",0,0,0,0,0,0
"COG2054",0,0,0,0,0,0
"COG2055",1,8,2,7,6,5
"COG2056",0,0,0,0,0,0
"COG2057",3,1,6,1,1,2
"COG2058",0,0,0,0,0,0
"COG2059",5,0,3,0,1,1
"COG2060",0,0,0,0,0,0
"COG2061",0,0,0,0,0,0
"COG2062",3,0,1,0,1,1
"COG2063",3,0,0,1,0,0
"COG2064",4,1,0,2,0,0
"COG2065",2,1,3,0,0,0
"COG2066",3,1,1,0,1,0
"COG2067",1,0,1,0,1,0
"COG2068",0,0,1,2,0,2
"COG2070",11,7,12,12,6,6
"COG2071",1,1,1,2,0,3
"COG2072",17,12,5,10,12,12
"COG2073",1,0,0,2,0,5
"COG2074",0,0,0,1,0,1
"COG2075",0,0,0,0,0,0
"COG2076",2,3,0,1,2,0
"COG2077",0,0,0,0,0,0
"COG2078",1,0,0,0,0,2
"COG2079",1,9,2,10,10,7
"COG2080",2,6,3,4,0,2
"COG2081",5,2,5,0,3,0
"COG2082",1,2,1,0,0,1
"COG2084",8,15,8,20,10,12
"COG2085",1,1,0,2,2,1
"COG2086",3,1,4,3,8,8
"COG2087",0,1,0,1,1,0
"COG2088",0,0,0,0,0,0
"COG2089",4,6,2,8,9,4
"COG2090",0,0,0,0,0,1
"COG2091",0,0,1,0,0,0
"COG2092",0,0,0,0,0,0
"COG2093",0,0,0,0,0,0
"COG2094",0,1,0,0,0,1
"COG2095",4,2,0,1,2,2
"COG2096",0,1,1,3,0,2
"COG2097",0,0,0,1,0,1
"COG2098",0,0,0,0,0,0
"COG2099",0,1,0,0,2,0
"COG2101",0,0,0,0,0,2
"COG2102",1,0,0,3,0,2
"COG2103",1,1,1,0,2,1
"COG2104",2,1,1,1,0,0
"COG2105",0,0,0,0,1,1
"COG2106",0,0,0,0,0,3
"COG2107",0,1,0,1,0,5
"COG2108",0,0,0,0,0,0
"COG2109",1,2,1,1,0,2
"COG2110",0,1,0,0,0,0
"COG2111",2,0,5,0,2,0
"COG2112",0,0,0,2,0,0
"COG2113",0,7,5,5,8,13
"COG2114",13,5,15,7,6,7
"COG2115",1,1,0,1,2,0
"COG2116",1,3,0,0,2,1
"COG2118",0,0,0,0,0,0
"COG2119",1,0,1,0,0,0
"COG2120",4,7,1,1,2,12
"COG2121",0,1,1,4,0,0
"COG2122",0,0,0,0,0,0
"COG2123",0,0,0,3,0,0
"COG2124",17,8,8,13,8,7
"COG2125",0,0,0,1,0,0
"COG2126",0,0,0,0,0,0
"COG2127",0,1,1,1,3,2
"COG2128",1,2,1,1,1,3
"COG2129",0,0,0,0,0,0
"COG2130",1,3,2,7,4,2
"COG2131",1,2,0,1,2,3
"COG2132",13,0,19,5,0,6
"COG2133",7,13,8,13,5,6
"COG2135",1,2,1,7,2,3
"COG2136",0,0,0,0,0,0
"COG2137",2,1,0,0,1,1
"COG2138",0,0,0,0,0,2
"COG2139",0,0,0,1,0,0
"COG2140",0,0,0,0,0,0
"COG2141",8,11,26,19,4,38
"COG2142",1,1,2,0,0,0
"COG2143",0,0,0,0,0,0
"COG2144",0,0,0,0,0,0
"COG2145",0,0,0,0,0,0
"COG2146",0,2,0,2,1,0
"COG2147",0,0,0,3,0,2
"COG2148",3,4,3,3,7,1
"COG2149",0,0,0,0,0,0
"COG2150",0,0,0,0,0,0
"COG2151",3,1,0,5,2,1
"COG2152",0,0,1,0,0,0
"COG2153",0,2,0,0,2,1
"COG2154",0,2,0,1,3,4
"COG2155",0,0,0,0,0,0
"COG2156",0,0,0,0,0,0
"COG2157",0,0,0,0,0,0
"COG2159",11,7,2,10,0,15
"COG2160",0,0,0,0,0,0
"COG2161",0,0,0,0,0,0
"COG2162",0,0,0,0,0,0
"COG2163",0,0,0,0,0,0
"COG2164",0,0,0,0,0,1
"COG2165",2,0,0,1,1,0
"COG2166",1,3,1,1,2,2
"COG2167",0,0,0,0,0,0
"COG2168",0,0,0,0,0,1
"COG2169",4,0,3,0,1,0
"COG2170",0,2,0,0,1,1
"COG2171",5,3,5,4,9,7
"COG2172",1,1,0,0,0,0
"COG2173",0,1,1,0,0,2
"COG2174",0,0,0,0,0,0
"COG2175",4,12,2,24,11,9
"COG2176",2,1,0,1,0,0
"COG2177",2,2,1,1,1,5
"COG2178",0,0,0,2,0,1
"COG2179",0,0,0,0,0,0
"COG2180",0,0,0,0,0,0
"COG2181",0,0,0,0,1,0
"COG2182",0,0,0,0,0,1
"COG2183",5,0,3,0,0,3
"COG2184",0,0,1,0,0,0
"COG2185",8,1,1,8,1,2
"COG2186",1,0,4,0,6,1
"COG2187",0,0,1,0,0,1
"COG2188",1,0,0,1,1,2
"COG2189",0,3,9,0,0,0
"COG2190",0,0,0,0,0,0
"COG2191",0,0,0,0,0,0
"COG2192",5,15,16,10,5,4
"COG2193",3,0,2,0,1,0
"COG2194",1,0,0,0,1,0
"COG2195",2,0,1,0,2,2
"COG2197",8,0,10,1,4,4
"COG2198",3,0,1,0,0,0
"COG2199",34,1,31,2,16,6
"COG2200",24,0,16,2,11,4
"COG2201",1,1,3,1,1,0
"COG2202",56,0,26,7,18,11
"COG2203",13,1,7,6,6,2
"COG2204",31,5,16,12,20,14
"COG2205",1,0,0,0,1,2
"COG2206",5,1,0,2,4,3
"COG2207",35,2,13,3,8,3
"COG2208",0,5,2,4,1,4
"COG2209",1,0,0,0,3,0
"COG2210",1,0,0,0,0,0
"COG2211",4,1,8,1,8,2
"COG2212",0,0,0,0,0,0
"COG2213",0,2,0,0,0,0
"COG2214",5,2,4,4,10,3
"COG2215",1,0,0,0,0,0
"COG2216",0,0,0,0,0,0
"COG2217",36,5,37,6,4,9
"COG2218",0,0,0,0,0,0
"COG2219",0,0,0,4,0,1
"COG2220",2,6,2,6,6,4
"COG2221",0,0,0,2,0,1
"COG2222",0,0,1,0,1,1
"COG2223",0,0,1,1,2,0
"COG2224",5,6,4,1,6,4
"COG2225",6,17,7,5,9,11
"COG2226",8,7,1,6,8,10
"COG2227",7,6,5,1,4,5
"COG2229",0,0,0,0,0,0
"COG2230",2,17,4,12,11,4
"COG2231",0,0,0,0,0,0
"COG2232",0,0,0,2,0,0
"COG2233",0,1,3,0,2,2
"COG2234",8,5,5,2,9,5
"COG2235",0,0,0,0,0,0
"COG2236",0,2,2,1,2,1
"COG2237",0,0,0,2,0,1
"COG2238",0,0,0,2,0,0
"COG2239",5,10,6,8,9,7
"COG2240",1,0,0,1,0,0
"COG2241",1,2,0,1,3,1
"COG2242",0,1,0,2,0,2
"COG2243",0,2,0,0,1,1
"COG2244",11,0,6,2,4,7
"COG2246",0,0,1,0,0,0
"COG2247",0,0,2,0,0,0
"COG2249",2,3,1,0,1,1
"COG2250",0,0,0,0,0,0
"COG2251",0,5,2,1,1,2
"COG2252",3,3,0,2,4,2
"COG2253",0,0,0,0,0,0
"COG2255",3,5,2,4,6,2
"COG2256",3,4,3,1,0,3
"COG2257",1,0,0,0,0,0
"COG2258",2,0,1,1,1,0
"COG2259",3,1,0,0,1,1
"COG2260",0,0,0,0,0,1
"COG2261",0,0,0,0,0,0
"COG2262",4,3,6,8,5,2
"COG2263",0,0,0,0,0,0
"COG2264",1,4,2,2,1,1
"COG2265",2,1,5,2,2,2
"COG2266",0,0,0,1,0,1
"COG2267",2,2,4,3,8,1
"COG2268",1,1,2,4,0,3
"COG2269",2,0,0,1,0,0
"COG2270",2,5,5,3,3,3
"COG2271",2,0,0,0,1,1
"COG2272",1,4,10,4,1,3
"COG2273",1,2,1,1,4,2
"COG2274",6,1,3,1,6,1
"COG2301",9,2,5,4,2,5
"COG2302",0,1,0,0,0,0
"COG2303",10,23,9,23,15,26
"COG2304",14,1,7,1,5,5
"COG2306",0,0,0,0,0,1
"COG2307",1,5,2,0,1,0
"COG2308",4,4,5,0,0,0
"COG2309",1,2,1,2,2,2
"COG2310",0,0,0,0,0,0
"COG2311",2,0,2,2,1,0
"COG2312",0,0,0,0,1,0
"COG2313",0,3,0,2,1,3
"COG2314",2,0,1,0,1,0
"COG2315",1,0,0,0,0,0
"COG2316",0,0,0,0,0,2
"COG2317",0,4,0,0,2,0
"COG2318",0,0,0,0,0,1
"COG2319",1,5,0,3,2,8
"COG2320",1,0,0,0,0,0
"COG2321",1,0,0,0,0,0
"COG2322",0,0,0,0,0,0
"COG2323",1,0,1,0,0,0
"COG2324",0,0,0,0,0,0
"COG2326",3,1,4,0,3,0
"COG2327",0,0,4,0,1,0
"COG2329",1,2,1,0,0,1
"COG2331",1,0,1,0,2,0
"COG2332",1,3,0,0,2,0
"COG2333",2,0,10,1,0,2
"COG2334",6,9,0,5,12,8
"COG2335",4,2,3,1,0,0
"COG2336",0,0,0,0,0,0
"COG2337",0,0,0,0,0,0
"COG2339",0,0,0,0,2,0
"COG2340",1,1,1,1,0,1
"COG2342",0,0,1,0,0,0
"COG2343",0,0,0,1,0,0
"COG2344",0,0,0,1,0,0
"COG2345",0,0,0,0,0,0
"COG2346",4,0,1,0,1,0
"COG2348",0,0,0,0,0,0
"COG2350",0,0,0,1,1,0
"COG2351",1,2,0,0,0,1
"COG2352",4,11,6,3,12,3
"COG2353",3,0,3,3,1,0
"COG2354",2,0,0,0,1,0
"COG2355",2,1,1,7,5,10
"COG2356",0,1,2,1,1,0
"COG2357",0,0,1,1,0,0
"COG2358",5,1,3,1,0,5
"COG2359",0,0,0,0,0,0
"COG2360",2,0,1,0,1,3
"COG2361",0,0,0,0,0,0
"COG2362",0,0,0,0,0,1
"COG2363",0,1,0,0,0,2
"COG2364",0,1,0,2,4,3
"COG2365",5,1,1,1,0,2
"COG2366",13,4,5,6,4,7
"COG2367",2,1,3,2,0,0
"COG2368",0,1,0,3,1,7
"COG2369",0,0,0,0,0,1
"COG2370",0,1,0,0,0,0
"COG2371",0,1,1,0,2,0
"COG2372",0,0,1,0,0,0
"COG2373",8,0,4,0,1,0
"COG2374",1,4,0,2,3,1
"COG2375",1,0,4,3,0,0
"COG2376",0,0,0,0,1,2
"COG2377",2,7,0,4,4,4
"COG2378",3,0,2,3,2,1
"COG2379",1,1,2,2,1,3
"COG2380",0,0,0,0,0,0
"COG2382",0,0,1,0,0,0
"COG2384",0,0,0,0,0,0
"COG2385",0,6,0,2,5,0
"COG2386",3,2,0,0,1,0
"COG2388",0,0,3,0,0,0
"COG2389",0,0,0,0,0,0
"COG2390",3,0,2,1,3,0
"COG2391",6,1,2,1,0,2
"COG2401",0,0,0,0,0,0
"COG2402",0,0,1,0,0,0
"COG2403",0,0,0,0,0,0
"COG2404",0,0,0,0,1,0
"COG2405",0,0,0,0,0,0
"COG2406",0,0,0,0,0,1
"COG2407",0,1,0,0,1,0
"COG2409",0,3,10,3,0,0
"COG2410",0,0,0,0,0,0
"COG2412",0,0,0,0,0,0
"COG2413",0,0,0,1,0,0
"COG2414",0,0,0,1,0,4
"COG2421",0,0,2,3,1,5
"COG2423",0,0,0,1,1,1
"COG2425",0,0,0,0,0,0
"COG2426",0,0,0,0,0,0
"COG2428",0,0,0,0,0,0
"COG2429",0,0,0,0,0,1
"COG2430",0,0,0,0,0,0
"COG2431",0,0,0,0,0,0
"COG2433",0,0,0,0,0,0
"COG2440",0,0,0,0,0,0
"COG2442",0,0,1,0,0,0
"COG2443",0,0,0,0,0,0
"COG2445",0,0,0,0,0,0
"COG2450",0,0,0,0,0,0
"COG2451",0,0,0,0,0,0
"COG2452",0,0,0,0,0,0
"COG2453",0,0,0,1,0,0
"COG2454",0,0,0,0,0,0
"COG2457",0,0,0,0,0,0
"COG2461",0,0,0,0,0,0
"COG2501",0,1,0,0,0,0
"COG2502",0,0,0,0,0,0
"COG2503",2,0,3,0,2,0
"COG2508",1,0,2,0,0,0
"COG2509",1,1,0,0,1,0
"COG2510",0,0,0,0,0,0
"COG2511",0,0,0,2,0,2
"COG2512",0,0,0,1,0,2
"COG2513",3,2,1,8,3,6
"COG2514",0,0,0,0,0,0
"COG2515",3,1,2,2,0,4
"COG2516",0,0,0,0,0,0
"COG2518",2,1,3,2,4,4
"COG2519",0,1,0,1,0,2
"COG2520",0,1,0,0,0,4
"COG2521",0,0,0,0,0,0
"COG2522",0,0,0,0,0,0
"COG2524",0,0,0,0,0,0
"COG2602",1,0,1,0,0,0
"COG2603",1,0,1,0,0,3
"COG2604",0,0,1,0,1,1
"COG2605",0,3,0,2,0,3
"COG2606",1,3,2,1,1,3
"COG2607",0,0,1,0,1,0
"COG2608",0,0,1,0,0,0
"COG2609",10,12,5,10,6,13
"COG2610",2,1,5,1,0,0
"COG2703",1,0,0,0,0,0
"COG2704",0,0,0,0,0,0
"COG2706",1,0,1,2,0,2
"COG2710",1,5,1,0,4,0
"COG2715",2,0,0,0,0,0
"COG2716",0,1,0,0,0,0
"COG2717",1,0,0,0,2,1
"COG2718",0,0,1,0,2,0
"COG2719",0,0,0,0,0,0
"COG2720",0,0,0,1,0,0
"COG2721",1,5,0,9,10,5
"COG2723",0,3,4,1,0,1
"COG2730",0,0,0,0,4,0
"COG2731",0,0,0,0,0,0
"COG2733",0,0,2,0,0,0
"COG2738",0,0,0,0,0,1
"COG2740",1,0,1,0,0,0
"COG2746",0,1,0,1,0,0
"COG2747",0,0,0,0,0,0
"COG2755",1,2,3,8,3,2
"COG2759",0,7,0,3,6,6
"COG2761",2,0,3,0,1,1
"COG2764",1,0,0,0,0,1
"COG2766",0,0,1,0,2,0
"COG2768",0,1,0,1,0,0
"COG2770",1,0,2,0,0,0
"COG2771",5,0,9,1,0,0
"COG2801",18,1,20,0,7,5
"COG2802",4,12,1,3,3,0
"COG2804",13,4,10,8,8,7
"COG2805",3,0,3,2,0,0
"COG2807",2,0,5,0,0,0
"COG2808",2,0,3,1,0,0
"COG2810",0,0,0,0,0,0
"COG2812",7,14,7,9,9,6
"COG2813",3,0,2,0,0,1
"COG2814",1,0,3,0,1,1
"COG2815",0,0,0,1,0,0
"COG2816",4,0,1,1,2,1
"COG2818",0,0,0,0,2,0
"COG2819",4,1,0,0,4,0
"COG2820",0,0,0,0,0,0
"COG2821",3,0,0,0,0,0
"COG2822",0,0,0,0,0,0
"COG2823",1,0,2,2,2,2
"COG2824",2,0,3,0,0,0
"COG2825",0,0,0,0,1,0
"COG2826",2,0,4,0,0,1
"COG2827",1,0,2,0,0,0
"COG2828",1,0,1,0,1,0
"COG2829",1,0,0,0,0,0
"COG2831",4,0,1,0,0,0
"COG2832",3,1,0,1,0,0
"COG2833",0,0,0,0,0,0
"COG2834",1,0,1,0,2,2
"COG2835",0,0,0,0,0,2
"COG2836",1,0,0,0,1,0
"COG2837",1,1,4,0,0,0
"COG2838",2,0,5,1,1,4
"COG2839",0,0,0,0,0,0
"COG2840",1,0,0,1,2,1
"COG2841",0,0,0,0,0,0
"COG2842",0,0,1,0,0,0
"COG2843",0,0,0,1,0,0
"COG2844",6,4,4,8,7,8
"COG2845",0,0,0,0,0,2
"COG2846",2,0,0,0,0,0
"COG2847",4,1,3,0,0,0
"COG2848",0,0,0,0,0,0
"COG2849",4,5,0,11,0,5
"COG2850",0,0,4,2,1,1
"COG2851",0,0,0,0,0,0
"COG2852",2,0,1,0,0,0
"COG2853",1,2,2,3,3,1
"COG2854",2,3,0,4,0,2
"COG2855",0,1,0,3,6,0
"COG2856",2,0,2,0,0,0
"COG2857",3,7,4,7,6,6
"COG2859",0,1,0,0,0,0
"COG2860",2,0,2,0,1,1
"COG2861",2,1,0,0,1,0
"COG2862",0,0,0,1,1,0
"COG2863",4,2,0,1,1,0
"COG2864",0,0,0,0,0,0
"COG2865",2,0,8,0,0,0
"COG2866",5,3,2,4,0,4
"COG2867",2,2,0,0,1,0
"COG2868",0,0,0,0,0,0
"COG2869",1,0,0,1,1,1
"COG2870",2,3,4,4,6,7
"COG2871",0,2,0,2,3,0
"COG2872",0,3,0,0,0,0
"COG2873",3,12,3,14,7,9
"COG2874",0,1,0,0,0,0
"COG2875",0,0,0,0,1,5
"COG2876",3,0,0,3,2,1
"COG2877",5,4,0,4,7,6
"COG2878",1,0,0,0,0,0
"COG2879",0,0,0,0,0,0
"COG2881",0,0,0,0,0,0
"COG2882",1,0,0,0,0,0
"COG2884",4,2,3,1,3,3
"COG2885",18,4,10,6,8,5
"COG2887",4,4,13,2,1,2
"COG2888",0,0,0,0,0,0
"COG2890",2,3,5,7,9,8
"COG2891",0,0,0,0,1,0
"COG2893",0,0,2,0,0,0
"COG2894",0,1,1,1,1,0
"COG2895",0,0,1,1,1,1
"COG2896",2,5,4,5,1,1
"COG2897",1,1,1,4,5,7
"COG2898",0,0,1,0,0,0
"COG2899",1,0,2,0,0,0
"COG2900",0,0,1,0,0,0
"COG2901",0,0,0,0,0,0
"COG2902",8,0,14,0,1,6
"COG2904",4,2,1,2,1,0
"COG2905",2,0,0,0,3,1
"COG2906",3,0,0,0,0,0
"COG2907",10,8,2,5,11,1
"COG2908",2,3,2,1,3,2
"COG2909",3,0,2,0,0,0
"COG2910",1,0,0,0,0,0
"COG2911",14,0,12,1,2,2
"COG2912",1,0,1,1,1,3
"COG2913",2,1,1,0,0,1
"COG2914",0,0,0,0,0,0
"COG2915",0,0,0,1,2,0
"COG2916",0,1,0,0,0,0
"COG2917",0,3,4,1,4,1
"COG2918",6,1,1,0,3,4
"COG2919",0,0,0,0,0,0
"COG2920",0,1,0,0,0,0
"COG2921",0,0,0,0,0,0
"COG2922",0,0,0,0,0,0
"COG2923",2,0,0,0,0,2
"COG2924",0,1,1,1,1,0
"COG2925",3,7,0,3,6,4
"COG2926",0,0,0,0,0,0
"COG2927",1,0,2,0,1,0
"COG2928",1,2,2,1,1,0
"COG2929",0,0,0,0,0,0
"COG2930",0,0,0,0,0,1
"COG2931",22,9,5,6,5,6
"COG2932",1,0,1,0,0,0
"COG2933",0,0,2,0,0,0
"COG2935",3,0,1,1,1,1
"COG2936",0,1,1,5,5,9
"COG2937",3,0,0,2,6,2
"COG2938",0,0,1,0,0,1
"COG2939",4,0,1,0,1,1
"COG2940",0,3,2,0,1,3
"COG2941",1,1,0,3,2,1
"COG2942",2,0,2,0,0,2
"COG2943",2,0,4,0,0,1
"COG2944",1,0,0,0,0,0
"COG2945",2,2,0,1,4,2
"COG2946",0,0,0,0,0,1
"COG2947",1,4,1,2,5,2
"COG2948",3,0,3,0,0,0
"COG2949",0,0,0,0,0,0
"COG2951",5,7,5,4,0,3
"COG2954",0,1,0,0,0,1
"COG2956",1,2,0,1,1,0
"COG2957",7,4,0,3,1,2
"COG2958",0,0,0,0,0,0
"COG2959",1,0,0,0,0,0
"COG2960",0,0,0,0,0,0
"COG2961",3,0,1,1,1,0
"COG2962",0,1,2,4,3,5
"COG2963",7,0,4,0,0,0
"COG2964",0,0,0,0,0,0
"COG2965",0,0,0,0,0,0
"COG2966",0,0,0,0,0,0
"COG2967",1,0,1,0,0,1
"COG2968",1,0,2,0,0,0
"COG2969",1,1,0,0,0,0
"COG2971",0,1,1,0,0,1
"COG2972",0,0,2,1,0,0
"COG2973",0,0,0,0,0,0
"COG2974",1,0,0,0,4,0
"COG2975",0,0,0,1,1,1
"COG2976",1,0,0,0,1,1
"COG2977",0,1,0,0,0,1
"COG2978",5,0,1,0,1,2
"COG2979",0,0,0,0,0,0
"COG2980",0,0,1,0,1,0
"COG2981",2,0,1,0,0,1
"COG2982",3,0,3,0,3,0
"COG2983",2,0,2,0,1,0
"COG2984",0,0,0,0,0,0
"COG2985",0,0,0,0,0,0
"COG2986",2,0,1,1,0,2
"COG2987",1,1,2,2,2,3
"COG2988",0,0,0,0,0,0
"COG2989",2,0,4,0,0,1
"COG2990",0,0,0,0,0,0
"COG2991",0,0,0,0,0,0
"COG2992",4,2,2,2,6,0
"COG2993",1,1,1,0,1,0
"COG2994",1,0,2,0,0,0
"COG2995",2,0,0,0,0,0
"COG2996",4,0,0,0,1,0
"COG2998",0,1,0,2,1,0
"COG2999",0,0,0,0,0,0
"COG3000",3,2,7,6,11,3
"COG3001",1,1,0,2,1,1
"COG3002",0,0,0,0,0,2
"COG3004",2,3,4,3,4,1
"COG3005",0,0,0,0,0,0
"COG3006",0,0,0,0,0,0
"COG3007",2,0,0,0,0,0
"COG3008",2,0,0,1,2,1
"COG3009",3,0,0,0,0,1
"COG3010",0,0,0,1,0,0
"COG3011",0,1,0,0,1,0
"COG3012",0,0,0,0,1,1
"COG3013",0,0,0,0,0,0
"COG3014",0,0,0,0,0,0
"COG3015",0,0,0,0,1,0
"COG3016",0,0,1,0,1,0
"COG3017",1,0,0,0,0,1
"COG3018",0,0,0,0,0,0
"COG3019",1,0,2,0,0,2
"COG3021",3,0,0,0,2,0
"COG3022",1,2,2,2,2,5
"COG3023",3,2,4,4,2,4
"COG3024",0,0,0,0,0,0
"COG3025",2,0,0,0,0,0
"COG3026",0,0,1,0,1,1
"COG3027",0,1,0,1,3,1
"COG3028",1,0,0,0,0,0
"COG3029",0,0,0,0,0,1
"COG3030",0,1,0,1,0,1
"COG3031",2,0,0,0,2,1
"COG3033",1,2,0,1,0,0
"COG3034",1,0,2,0,0,1
"COG3036",0,0,0,0,0,0
"COG3037",0,0,0,0,0,0
"COG3038",2,0,2,2,8,0
"COG3039",3,0,0,0,1,6
"COG3040",0,2,0,0,0,0
"COG3041",0,0,0,0,0,0
"COG3042",0,0,0,0,0,0
"COG3043",0,0,1,0,0,0
"COG3044",0,0,0,0,0,0
"COG3045",0,0,0,1,0,0
"COG3046",5,5,3,13,3,1
"COG3047",1,0,1,0,1,0
"COG3048",0,0,0,0,0,0
"COG3049",0,0,0,0,0,0
"COG3050",0,0,0,0,0,0
"COG3051",0,0,0,0,0,1
"COG3053",0,0,0,0,0,0
"COG3054",0,0,0,0,0,0
"COG3055",0,0,0,1,0,0
"COG3056",0,0,0,0,0,0
"COG3057",0,0,0,0,0,0
"COG3058",0,0,0,0,0,0
"COG3059",0,0,0,0,0,1
"COG3060",0,0,0,0,0,0
"COG3061",0,0,0,0,0,0
"COG3062",0,0,0,0,0,0
"COG3063",1,0,0,0,0,0
"COG3064",0,0,0,0,0,0
"COG3065",0,0,0,0,0,0
"COG3066",1,0,0,0,0,0
"COG3067",1,2,0,0,1,0
"COG3068",0,0,0,0,0,0
"COG3069",0,0,0,0,0,0
"COG3070",0,0,0,2,0,1
"COG3071",2,1,0,1,2,0
"COG3072",0,0,1,0,2,0
"COG3073",0,0,0,0,1,0
"COG3074",0,0,0,0,0,0
"COG3075",0,0,0,0,0,0
"COG3076",0,0,0,0,0,0
"COG3077",0,0,0,0,0,0
"COG3078",0,0,0,0,0,0
"COG3079",0,0,0,0,0,0
"COG3080",0,0,0,0,0,1
"COG3081",0,0,0,0,0,0
"COG3082",0,0,0,0,0,0
"COG3083",1,1,0,0,1,2
"COG3084",0,0,0,0,1,0
"COG3085",0,0,0,1,0,0
"COG3086",0,0,0,0,0,0
"COG3087",1,0,0,0,1,0
"COG3088",1,2,1,2,1,1
"COG3089",0,0,0,0,1,0
"COG3090",3,1,0,0,1,0
"COG3091",0,0,0,0,0,0
"COG3092",0,0,0,0,0,0
"COG3093",0,0,1,0,0,0
"COG3094",0,0,0,0,0,0
"COG3095",0,0,0,0,0,0
"COG3096",0,0,0,0,0,0
"COG3097",0,0,0,0,0,0
"COG3098",1,0,0,0,0,0
"COG3099",0,0,0,0,0,0
"COG3100",1,0,0,0,0,0
"COG3101",0,0,0,1,0,0
"COG3102",0,0,0,0,0,0
"COG3103",0,0,0,0,0,0
"COG3104",3,1,5,1,7,1
"COG3105",0,0,0,0,0,0
"COG3106",0,0,0,0,0,0
"COG3107",3,0,0,0,1,1
"COG3108",1,0,2,0,0,0
"COG3109",0,0,0,0,0,0
"COG3110",0,0,0,0,0,0
"COG3111",0,0,0,0,0,0
"COG3112",0,0,0,0,0,0
"COG3113",0,0,0,0,0,0
"COG3114",0,0,0,0,0,0
"COG3115",1,1,0,1,0,0
"COG3116",0,0,0,0,0,0
"COG3117",1,0,0,0,1,0
"COG3118",2,1,2,0,1,0
"COG3119",34,39,10,49,20,33
"COG3120",0,0,0,0,0,0
"COG3121",0,0,0,0,0,0
"COG3122",1,0,0,0,0,0
"COG3123",0,0,0,0,1,0
"COG3124",1,0,1,0,0,1
"COG3125",0,0,0,0,0,0
"COG3126",0,0,0,0,0,0
"COG3127",7,7,2,4,5,4
"COG3128",7,2,17,0,3,0
"COG3129",0,0,0,0,2,0
"COG3130",1,0,0,0,0,0
"COG3131",5,0,1,0,1,1
"COG3132",0,0,0,1,0,0
"COG3133",0,0,0,0,0,0
"COG3134",0,0,0,0,0,0
"COG3135",1,0,1,0,0,0
"COG3136",0,0,0,0,0,0
"COG3137",0,0,3,0,0,0
"COG3138",1,0,1,0,0,0
"COG3139",0,0,0,0,0,1
"COG3141",0,0,0,0,0,0
"COG3142",0,1,0,1,0,1
"COG3143",0,0,0,0,2,0
"COG3144",5,0,0,0,1,1
"COG3145",1,2,0,1,1,0
"COG3146",3,3,3,3,1,4
"COG3147",1,0,0,0,1,0
"COG3148",0,0,0,0,0,0
"COG3149",0,0,0,0,1,0
"COG3150",0,0,0,2,1,0
"COG3151",0,0,0,1,0,0
"COG3152",1,1,2,1,2,2
"COG3153",1,0,2,0,0,0
"COG3154",0,0,0,0,0,0
"COG3155",0,0,0,0,2,0
"COG3156",2,1,1,2,1,0
"COG3157",0,0,0,0,0,0
"COG3158",1,0,2,0,0,0
"COG3159",2,0,0,1,0,0
"COG3160",1,0,0,0,0,0
"COG3161",0,0,0,1,0,0
"COG3162",0,0,0,0,0,0
"COG3164",3,1,3,0,6,4
"COG3165",0,0,0,0,1,0
"COG3166",1,0,0,1,0,0
"COG3167",0,0,0,0,0,1
"COG3168",2,0,0,0,0,0
"COG3169",0,0,1,0,0,0
"COG3170",0,1,1,0,0,0
"COG3171",0,0,0,0,0,0
"COG3172",1,1,1,1,0,0
"COG3173",7,6,2,4,7,2
"COG3174",3,0,0,0,0,0
"COG3175",0,3,0,3,2,0
"COG3176",2,1,2,0,2,1
"COG3177",5,0,1,0,0,0
"COG3178",1,3,3,5,6,5
"COG3179",1,0,1,0,0,0
"COG3180",3,2,0,1,3,0
"COG3181",1,2,0,4,6,4
"COG3182",3,0,7,2,1,0
"COG3183",0,0,0,0,0,0
"COG3184",0,0,0,0,0,0
"COG3185",7,1,2,0,1,2
"COG3186",2,4,0,4,2,0
"COG3187",0,0,0,0,0,1
"COG3188",1,0,7,0,0,0
"COG3189",0,0,0,0,0,0
"COG3190",0,0,0,0,0,0
"COG3191",1,0,1,1,1,3
"COG3192",0,0,0,0,0,0
"COG3193",0,0,0,1,0,2
"COG3194",0,1,0,1,2,1
"COG3195",1,0,0,0,1,2
"COG3196",0,0,0,0,0,0
"COG3197",0,0,0,0,0,0
"COG3198",0,0,0,0,0,0
"COG3199",1,0,0,2,1,0
"COG3200",1,5,3,8,2,3
"COG3201",1,0,0,0,1,0
"COG3202",1,2,0,0,3,2
"COG3203",0,1,0,1,4,0
"COG3204",0,1,0,1,2,2
"COG3205",0,0,0,1,0,0
"COG3206",4,2,4,1,2,2
"COG3207",0,0,0,0,0,0
"COG3208",0,0,0,0,0,0
"COG3209",3,0,1,1,2,0
"COG3210",7,2,2,1,0,0
"COG3211",8,2,6,3,1,5
"COG3212",0,0,0,0,0,0
"COG3213",3,0,0,0,1,0
"COG3214",1,0,1,0,0,0
"COG3215",1,0,0,0,0,0
"COG3216",2,0,1,1,0,2
"COG3217",0,1,0,2,0,3
"COG3218",0,0,0,0,0,0
"COG3219",0,0,0,0,0,0
"COG3220",4,0,0,0,0,0
"COG3221",2,2,3,1,1,4
"COG3222",1,0,2,0,2,0
"COG3223",0,0,0,0,0,0
"COG3224",0,0,0,0,0,0
"COG3225",3,4,0,2,1,1
"COG3226",0,0,0,0,0,0
"COG3227",0,1,0,0,1,0
"COG3228",1,0,1,0,0,0
"COG3230",0,0,0,0,0,0
"COG3231",0,0,0,0,0,0
"COG3232",0,0,0,0,0,1
"COG3233",1,0,0,0,0,0
"COG3235",1,0,0,0,0,0
"COG3236",0,0,0,0,0,0
"COG3237",0,0,0,0,0,0
"COG3238",0,0,0,0,0,0
"COG3239",4,5,2,6,7,3
"COG3240",2,0,0,0,0,0
"COG3241",0,0,0,1,0,0
"COG3242",1,0,0,0,0,0
"COG3243",2,0,3,1,0,1
"COG3245",0,0,0,1,1,0
"COG3246",4,5,0,3,1,3
"COG3247",0,0,0,0,0,0
"COG3248",0,0,0,0,2,0
"COG3249",0,0,0,1,2,1
"COG3250",0,4,3,1,2,5
"COG3251",0,0,0,0,0,0
"COG3252",0,0,1,0,0,0
"COG3253",0,0,1,2,0,2
"COG3254",0,0,1,1,0,0
"COG3255",0,0,0,0,0,0
"COG3256",1,0,1,0,0,0
"COG3257",0,1,0,0,0,0
"COG3258",0,0,1,0,0,0
"COG3259",0,0,0,0,0,0
"COG3261",0,0,0,0,0,0
"COG3263",5,0,4,2,0,4
"COG3264",3,4,5,0,1,1
"COG3265",0,0,0,0,0,1
"COG3266",0,0,0,0,0,0
"COG3267",1,1,1,0,2,0
"COG3268",0,0,1,4,4,1
"COG3269",0,0,0,0,0,0
"COG3270",0,0,0,0,0,0
"COG3271",1,0,0,0,0,0
"COG3272",0,0,2,1,1,0
"COG3273",0,0,0,0,0,0
"COG3274",0,0,0,0,0,0
"COG3275",0,0,0,0,3,2
"COG3276",1,3,0,4,0,3
"COG3277",0,0,0,0,0,0
"COG3278",2,0,5,0,1,1
"COG3279",9,0,6,0,1,0
"COG3280",0,0,1,0,0,0
"COG3281",0,0,0,0,0,0
"COG3283",1,0,0,0,0,0
"COG3284",6,0,1,0,1,0
"COG3285",0,0,8,0,0,0
"COG3287",0,0,0,0,1,0
"COG3288",5,11,6,12,10,7
"COG3290",0,0,0,0,0,0
"COG3291",1,2,4,6,4,11
"COG3292",17,0,10,4,5,3
"COG3293",4,0,3,0,1,1
"COG3294",0,0,0,0,0,0
"COG3295",0,1,1,0,0,0
"COG3296",0,0,0,0,0,0
"COG3297",0,0,0,0,2,0
"COG3298",1,0,0,0,0,1
"COG3299",2,0,0,0,0,0
"COG3300",1,0,6,0,0,0
"COG3301",0,0,0,0,0,0
"COG3302",0,0,1,1,1,0
"COG3303",0,0,0,0,0,0
"COG3304",0,0,0,0,0,0
"COG3305",0,0,0,0,0,0
"COG3306",1,2,2,1,1,0
"COG3307",3,2,0,1,4,0
"COG3308",0,0,0,0,0,0
"COG3309",0,0,0,0,0,0
"COG3310",0,0,0,0,1,0
"COG3311",0,0,0,0,0,0
"COG3312",1,0,0,0,0,0
"COG3313",2,0,0,0,0,0
"COG3314",0,0,0,0,2,0
"COG3315",1,0,1,1,0,0
"COG3316",1,0,3,0,0,0
"COG3317",1,0,0,0,2,2
"COG3318",0,0,0,1,0,0
"COG3319",1,0,0,0,0,0
"COG3320",3,0,1,0,0,0
"COG3321",10,3,5,1,0,3
"COG3322",0,0,0,0,0,0
"COG3323",0,0,0,0,0,0
"COG3324",1,0,1,0,0,0
"COG3325",0,0,0,0,0,0
"COG3326",1,0,0,0,0,0
"COG3327",1,0,0,0,1,1
"COG3328",6,0,28,0,0,0
"COG3329",1,3,0,4,0,0
"COG3330",0,1,0,1,1,0
"COG3331",0,0,0,0,0,0
"COG3332",0,0,0,0,0,0
"COG3333",3,4,4,5,8,5
"COG3334",0,0,0,0,0,0
"COG3335",3,0,1,0,3,2
"COG3336",0,0,5,2,0,0
"COG3338",1,1,0,0,0,0
"COG3339",3,0,0,0,0,0
"COG3340",0,2,0,1,2,1
"COG3341",0,0,0,0,0,0
"COG3342",0,1,0,1,0,1
"COG3344",8,1,0,0,0,2
"COG3345",0,0,0,0,1,0
"COG3346",3,1,1,5,1,0
"COG3347",1,5,6,2,2,3
"COG3349",0,6,0,2,3,0
"COG3350",0,0,0,0,0,0
"COG3354",0,0,0,0,0,0
"COG3356",0,0,0,2,0,2
"COG3357",0,0,0,0,0,0
"COG3358",0,0,1,0,1,0
"COG3359",0,0,0,0,0,0
"COG3360",0,0,0,0,0,0
"COG3361",1,1,0,0,0,0
"COG3363",0,0,0,0,0,0
"COG3364",0,0,0,0,0,0
"COG3365",0,0,0,0,0,0
"COG3367",0,1,2,2,0,1
"COG3369",0,0,0,0,0,0
"COG3371",0,0,0,0,0,0
"COG3372",0,0,0,0,0,2
"COG3375",0,0,0,0,0,0
"COG3376",0,0,0,0,0,0
"COG3377",0,0,0,0,0,0
"COG3378",5,2,7,0,0,0
"COG3379",0,0,1,0,0,0
"COG3380",2,1,0,5,3,1
"COG3381",2,0,0,0,0,0
"COG3382",0,0,0,0,0,0
"COG3383",3,4,3,6,7,16
"COG3384",4,0,4,3,0,3
"COG3385",2,0,0,0,2,3
"COG3386",1,7,2,3,6,6
"COG3387",1,0,6,0,1,0
"COG3388",0,0,0,0,0,0
"COG3389",0,0,0,1,0,1
"COG3390",0,0,0,0,0,0
"COG3391",3,3,1,13,4,16
"COG3392",0,0,0,0,1,0
"COG3393",0,0,0,0,0,1
"COG3394",1,0,0,0,2,0
"COG3395",1,3,4,0,1,0
"COG3396",2,2,0,0,1,4
"COG3397",0,0,0,0,1,0
"COG3398",0,0,0,3,0,1
"COG3399",0,0,0,0,0,0
"COG3400",0,0,0,1,1,0
"COG3401",0,0,0,0,0,0
"COG3402",0,0,1,0,0,0
"COG3403",1,0,2,0,0,1
"COG3404",0,0,0,0,1,2
"COG3405",0,0,0,0,0,0
"COG3407",1,0,0,2,0,0
"COG3408",0,1,3,0,0,0
"COG3409",1,2,2,0,0,0
"COG3410",1,0,0,0,0,0
"COG3411",0,0,0,0,0,0
"COG3412",0,0,0,0,0,0
"COG3413",0,0,0,0,0,0
"COG3414",0,0,0,0,0,0
"COG3415",0,0,0,0,0,0
"COG3417",0,0,0,0,0,0
"COG3418",0,0,0,0,0,0
"COG3419",6,4,0,5,1,3
"COG3420",0,0,0,0,0,1
"COG3421",1,0,1,0,0,0
"COG3422",0,0,0,0,0,1
"COG3423",0,0,0,0,0,0
"COG3424",0,0,1,0,1,1
"COG3425",0,1,0,4,0,2
"COG3426",0,0,0,0,0,0
"COG3427",0,0,0,2,2,1
"COG3428",0,0,3,0,2,0
"COG3429",0,1,3,0,1,0
"COG3431",0,0,0,0,0,0
"COG3433",0,0,0,0,0,0
"COG3434",2,0,0,1,0,1
"COG3435",0,0,0,2,0,1
"COG3436",10,0,1,1,1,3
"COG3437",5,1,2,1,3,3
"COG3439",4,0,0,0,0,0
"COG3440",0,0,0,1,0,0
"COG3442",0,0,0,0,0,0
"COG3443",0,0,0,0,0,0
"COG3444",0,0,0,0,0,0
"COG3447",0,0,0,0,0,0
"COG3448",2,0,0,2,1,2
"COG3449",1,0,1,0,0,0
"COG3450",1,0,0,1,1,0
"COG3451",11,0,20,0,0,1
"COG3452",0,0,1,0,0,0
"COG3453",2,0,0,0,0,0
"COG3454",1,0,0,0,0,0
"COG3455",0,0,0,1,1,0
"COG3456",0,0,1,0,1,1
"COG3457",0,0,0,0,0,0
"COG3458",0,0,1,1,1,0
"COG3459",0,0,1,0,0,0
"COG3460",0,0,0,0,0,0
"COG3461",1,0,0,0,0,0
"COG3463",0,0,0,0,0,0
"COG3464",5,0,0,0,1,0
"COG3467",0,0,0,0,1,1
"COG3468",1,0,2,0,0,0
"COG3469",0,0,0,0,0,0
"COG3470",0,0,0,1,0,0
"COG3471",0,0,0,0,0,0
"COG3472",0,0,0,0,0,1
"COG3473",1,2,0,0,2,1
"COG3474",2,4,4,1,1,2
"COG3475",0,0,0,0,1,0
"COG3476",0,1,1,1,4,0
"COG3478",0,0,0,0,0,0
"COG3479",0,0,0,0,0,0
"COG3480",0,0,1,0,0,0
"COG3481",1,1,0,1,0,1
"COG3482",0,0,0,0,0,0
"COG3483",0,0,1,2,0,1
"COG3484",1,1,0,0,0,0
"COG3485",1,1,0,0,0,1
"COG3486",0,0,0,0,0,0
"COG3487",0,0,1,0,0,1
"COG3488",4,1,1,1,1,1
"COG3489",2,0,3,0,0,0
"COG3490",0,0,1,0,0,0
"COG3491",2,4,2,1,3,3
"COG3492",0,0,0,1,1,2
"COG3493",0,0,0,0,0,0
"COG3494",1,1,0,3,1,0
"COG3495",1,0,0,0,1,0
"COG3496",2,5,0,0,3,1
"COG3497",8,6,28,4,7,1
"COG3498",0,0,0,0,0,0
"COG3499",0,0,0,0,0,0
"COG3500",1,0,0,0,1,0
"COG3501",0,0,0,0,0,0
"COG3502",1,0,0,0,1,0
"COG3503",0,0,0,1,2,0
"COG3504",1,0,8,0,0,0
"COG3505",8,0,7,0,0,0
"COG3506",0,0,0,0,0,0
"COG3507",4,3,1,0,0,1
"COG3508",0,1,2,3,0,0
"COG3509",0,3,0,2,3,0
"COG3510",2,0,1,1,0,0
"COG3511",0,0,1,0,0,0
"COG3512",0,0,0,0,0,0
"COG3513",1,0,0,1,0,0
"COG3514",0,0,0,0,0,0
"COG3515",2,0,0,0,0,0
"COG3516",0,0,0,0,0,0
"COG3517",0,0,0,0,0,1
"COG3518",0,0,0,0,0,0
"COG3519",2,0,0,0,0,0
"COG3520",0,0,0,0,0,0
"COG3521",0,0,0,0,0,0
"COG3522",0,0,0,0,1,0
"COG3523",1,0,0,0,1,0
"COG3524",1,0,1,0,0,0
"COG3525",3,1,0,0,5,4
"COG3526",0,0,0,0,0,0
"COG3527",0,0,0,0,0,0
"COG3528",2,0,0,1,0,0
"COG3529",0,0,0,0,1,0
"COG3530",0,0,0,0,0,0
"COG3531",0,0,0,1,0,0
"COG3533",0,1,2,0,0,0
"COG3534",0,0,0,0,1,0
"COG3535",1,0,0,0,1,0
"COG3536",0,0,0,0,0,0
"COG3537",1,1,3,0,4,2
"COG3538",0,0,0,0,0,0
"COG3539",0,0,0,0,0,0
"COG3540",10,1,6,1,6,2
"COG3541",0,0,0,0,0,0
"COG3542",0,2,0,2,0,0
"COG3543",0,0,0,0,0,0
"COG3544",1,1,5,1,1,0
"COG3545",1,0,0,0,1,0
"COG3546",0,0,0,0,0,0
"COG3547",15,0,13,2,6,1
"COG3548",0,0,0,0,0,0
"COG3549",0,0,0,0,0,0
"COG3550",5,0,4,0,2,3
"COG3551",2,0,0,1,0,0
"COG3552",2,3,0,2,0,3
"COG3553",0,0,0,0,0,0
"COG3554",0,0,0,0,0,0
"COG3555",0,1,3,1,0,0
"COG3556",0,1,0,0,0,0
"COG3558",1,0,1,0,0,0
"COG3559",0,0,1,0,0,0
"COG3560",0,0,0,0,0,0
"COG3561",0,0,0,0,0,0
"COG3562",0,0,1,0,0,0
"COG3563",0,0,0,0,2,0
"COG3564",0,0,0,1,0,0
"COG3565",1,0,0,0,2,1
"COG3566",1,0,0,0,0,0
"COG3567",2,0,0,0,0,0
"COG3568",4,0,2,0,0,1
"COG3569",1,0,2,1,1,2
"COG3570",0,0,0,0,0,0
"COG3571",1,0,0,1,0,1
"COG3572",1,3,5,3,1,1
"COG3573",1,0,3,0,0,0
"COG3575",0,0,0,0,0,0
"COG3576",5,0,0,0,0,2
"COG3577",3,0,0,0,0,1
"COG3579",0,0,0,4,3,1
"COG3580",0,0,0,0,0,0
"COG3581",0,0,0,0,0,0
"COG3582",0,0,0,0,0,0
"COG3583",0,0,0,0,0,0
"COG3584",0,0,0,0,0,0
"COG3585",0,0,0,0,0,0
"COG3586",0,0,0,0,1,0
"COG3587",0,0,8,0,0,0
"COG3588",2,5,4,3,10,5
"COG3590",1,0,3,0,1,1
"COG3591",1,0,0,0,0,0
"COG3592",0,0,0,0,0,1
"COG3593",0,0,1,0,1,3
"COG3594",0,0,1,0,0,0
"COG3595",1,0,0,0,0,0
"COG3596",0,0,0,0,0,0
"COG3597",0,0,0,0,0,0
"COG3598",0,0,1,1,0,0
"COG3599",0,0,0,0,0,0
"COG3600",0,0,0,0,0,0
"COG3602",0,0,1,0,0,0
"COG3603",0,0,0,0,0,0
"COG3604",0,1,1,0,4,2
"COG3605",6,0,4,0,4,4
"COG3607",0,0,0,0,0,0
"COG3608",2,0,1,1,2,5
"COG3609",0,0,0,0,0,1
"COG3610",0,0,0,0,0,0
"COG3612",0,0,0,0,0,0
"COG3613",0,0,0,1,0,0
"COG3614",1,0,2,0,1,0
"COG3615",0,0,0,0,0,0
"COG3616",1,1,2,3,1,4
"COG3617",0,0,0,0,0,0
"COG3618",2,2,2,2,2,10
"COG3619",0,0,0,0,0,0
"COG3620",0,0,0,1,0,1
"COG3621",0,0,2,0,1,1
"COG3622",1,2,1,1,0,3
"COG3623",2,0,0,0,0,0
"COG3624",0,0,0,0,0,0
"COG3625",0,0,1,0,0,0
"COG3626",0,0,0,0,0,0
"COG3627",1,0,0,0,0,0
"COG3628",1,0,1,0,1,0
"COG3629",1,0,0,0,0,0
"COG3631",2,0,0,0,0,0
"COG3633",1,0,0,0,0,0
"COG3634",2,0,5,2,2,1
"COG3635",0,0,0,2,0,3
"COG3636",0,0,0,0,0,0
"COG3637",1,1,2,0,0,0
"COG3638",0,3,2,2,1,0
"COG3639",2,1,2,5,1,2
"COG3640",0,0,0,0,0,0
"COG3641",0,0,0,0,0,0
"COG3642",0,1,0,0,0,0
"COG3643",0,0,0,0,0,1
"COG3644",0,0,0,0,0,0
"COG3645",0,0,0,0,0,0
"COG3646",0,0,0,0,0,0
"COG3647",0,0,1,0,0,0
"COG3648",0,0,0,0,0,0
"COG3649",0,0,0,0,0,0
"COG3650",0,0,1,0,0,0
"COG3651",0,4,0,4,2,2
"COG3652",0,0,0,0,0,0
"COG3653",13,5,5,8,5,5
"COG3654",1,0,0,0,0,0
"COG3655",1,0,1,0,0,0
"COG3656",2,0,0,0,1,0
"COG3657",0,0,0,0,0,0
"COG3658",1,0,0,0,0,1
"COG3659",0,0,0,0,0,0
"COG3660",1,1,1,2,2,1
"COG3661",1,0,0,0,0,0
"COG3662",0,0,0,0,0,0
"COG3663",1,0,1,1,0,0
"COG3664",0,1,0,1,0,0
"COG3665",6,8,1,3,8,3
"COG3666",6,1,2,0,0,2
"COG3667",2,0,8,0,1,0
"COG3668",1,0,0,0,0,0
"COG3669",0,1,0,1,2,2
"COG3670",2,1,0,1,3,3
"COG3671",0,0,0,0,0,0
"COG3672",1,0,2,1,0,0
"COG3673",0,0,1,0,0,0
"COG3675",0,0,0,1,1,0
"COG3676",0,0,2,0,0,0
"COG3677",0,0,0,0,0,0
"COG3678",0,0,0,0,1,0
"COG3679",0,0,0,0,0,0
"COG3680",0,0,0,0,0,0
"COG3681",0,0,0,0,0,0
"COG3682",0,0,4,0,0,0
"COG3683",0,0,0,0,1,0
"COG3684",0,0,0,0,0,1
"COG3685",0,0,1,0,0,0
"COG3686",0,2,0,0,0,0
"COG3687",1,0,4,0,0,0
"COG3688",0,0,0,0,0,0
"COG3689",0,0,0,0,0,0
"COG3692",0,0,0,0,0,0
"COG3693",1,1,3,0,1,0
"COG3694",0,0,0,1,0,0
"COG3695",0,0,0,1,0,0
"COG3696",31,0,18,0,4,4
"COG3698",1,0,0,0,0,0
"COG3700",0,0,0,1,0,1
"COG3701",0,0,6,0,0,0
"COG3702",0,0,0,0,0,0
"COG3703",1,0,0,0,0,1
"COG3704",0,0,2,0,0,0
"COG3705",3,6,0,5,5,1
"COG3706",19,1,6,1,11,3
"COG3707",2,0,1,0,0,1
"COG3708",0,0,0,0,0,0
"COG3709",0,0,0,0,0,0
"COG3710",5,0,2,1,0,0
"COG3711",0,0,0,0,0,0
"COG3712",4,0,3,0,4,0
"COG3713",3,0,1,0,1,0
"COG3714",1,0,3,0,0,0
"COG3716",0,0,0,0,0,0
"COG3717",0,0,0,0,0,0
"COG3718",0,1,0,0,2,1
"COG3719",0,0,2,0,0,0
"COG3720",2,0,0,0,0,0
"COG3721",0,0,0,0,0,0
"COG3723",2,0,1,0,0,0
"COG3724",0,0,2,0,0,0
"COG3725",3,1,0,0,2,0
"COG3726",0,0,0,0,0,0
"COG3727",0,0,0,0,0,0
"COG3728",3,0,0,0,0,0
"COG3729",0,0,0,0,0,0
"COG3730",0,0,0,0,0,0
"COG3731",0,0,0,0,0,0
"COG3732",0,0,0,0,0,0
"COG3733",0,1,0,0,0,1
"COG3734",1,0,1,2,0,0
"COG3735",4,0,3,0,2,0
"COG3736",0,0,1,0,0,0
"COG3737",0,0,1,0,0,0
"COG3738",0,0,0,0,0,0
"COG3739",0,0,4,0,0,0
"COG3740",2,0,6,1,1,0
"COG3741",2,0,3,0,0,1
"COG3742",0,0,0,0,0,0
"COG3743",2,0,5,1,0,0
"COG3744",0,0,0,0,0,0
"COG3745",0,0,0,0,0,1
"COG3746",0,0,2,1,1,1
"COG3747",0,0,1,0,0,0
"COG3748",1,5,0,2,4,6
"COG3749",2,0,1,0,0,0
"COG3750",0,0,1,0,0,0
"COG3751",1,1,0,1,1,1
"COG3752",3,1,1,2,3,2
"COG3753",0,0,0,0,0,0
"COG3754",0,0,0,0,1,0
"COG3755",0,0,0,1,0,0
"COG3756",1,0,0,0,0,0
"COG3757",0,0,1,0,0,0
"COG3758",0,0,0,0,0,0
"COG3759",0,0,0,0,0,0
"COG3760",0,0,1,1,0,0
"COG3761",1,0,1,3,1,0
"COG3762",0,1,1,0,0,1
"COG3764",1,0,0,0,0,0
"COG3765",3,0,0,0,0,1
"COG3766",0,0,0,0,0,0
"COG3768",0,0,1,0,1,0
"COG3769",2,4,0,0,1,0
"COG3770",0,0,0,0,1,0
"COG3771",0,0,0,0,0,0
"COG3772",3,0,7,0,1,0
"COG3773",2,1,12,2,0,0
"COG3774",0,0,0,0,1,0
"COG3775",0,0,0,0,0,0
"COG3776",0,0,0,0,0,0
"COG3777",1,0,2,0,0,0
"COG3778",0,0,0,0,0,0
"COG3779",0,0,0,0,0,0
"COG3781",0,0,0,0,1,0
"COG3782",0,0,0,1,1,0
"COG3783",0,0,0,0,0,0
"COG3784",1,0,0,0,0,0
"COG3785",0,0,1,1,2,1
"COG3786",0,0,1,1,3,0
"COG3787",0,0,0,0,0,1
"COG3788",1,0,1,0,2,0
"COG3789",0,0,0,0,0,0
"COG3791",1,6,2,7,1,5
"COG3793",0,0,0,0,0,0
"COG3794",0,2,1,2,3,2
"COG3795",0,0,0,0,0,0
"COG3797",0,0,1,0,0,0
"COG3798",0,0,1,0,0,0
"COG3799",0,0,0,0,0,0
"COG3800",3,3,4,0,4,2
"COG3801",0,0,0,0,0,0
"COG3802",0,0,1,0,0,0
"COG3803",0,0,1,3,2,0
"COG3804",0,0,0,0,0,0
"COG3805",0,0,0,0,0,0
"COG3806",1,1,1,1,2,1
"COG3807",0,2,2,2,1,1
"COG3808",4,17,3,14,11,12
"COG3809",0,0,0,0,0,0
"COG3811",0,0,1,0,0,0
"COG3812",0,1,0,0,0,0
"COG3813",0,0,0,0,0,0
"COG3814",1,0,0,0,1,0
"COG3815",0,0,0,0,0,0
"COG3816",1,0,1,2,3,0
"COG3817",0,0,0,0,0,0
"COG3818",0,2,1,0,0,0
"COG3819",0,0,0,0,0,0
"COG3820",1,2,3,1,2,0
"COG3821",0,0,1,0,0,0
"COG3822",1,0,0,0,0,0
"COG3823",0,1,0,0,2,1
"COG3824",0,0,1,0,0,0
"COG3825",1,2,5,0,3,1
"COG3826",0,0,0,0,0,0
"COG3827",0,0,0,0,0,0
"COG3828",1,0,3,3,3,1
"COG3829",1,0,0,0,1,0
"COG3830",3,1,0,1,0,1
"COG3831",0,0,0,0,0,0
"COG3832",2,0,2,0,0,0
"COG3833",0,0,1,0,0,0
"COG3835",0,0,0,0,0,0
"COG3836",2,6,0,4,4,6
"COG3837",0,0,0,0,0,0
"COG3838",0,0,2,0,0,0
"COG3839",8,9,7,13,10,11
"COG3840",0,0,0,0,0,0
"COG3842",8,13,8,11,7,14
"COG3843",0,0,4,1,0,0
"COG3844",3,1,5,1,1,3
"COG3845",2,3,5,8,4,11
"COG3846",1,0,6,0,0,0
"COG3847",0,0,0,0,0,0
"COG3848",0,0,0,0,0,0
"COG3850",0,0,0,0,1,0
"COG3851",0,0,0,0,0,0
"COG3852",0,1,1,0,0,0
"COG3853",2,0,1,0,0,0
"COG3854",0,0,0,0,2,0
"COG3855",0,0,0,0,0,0
"COG3857",0,0,0,0,0,0
"COG3858",0,0,0,2,0,1
"COG3859",0,0,0,0,0,1
"COG3860",0,0,0,0,0,0
"COG3861",0,0,0,0,0,0
"COG3864",1,0,10,1,2,0
"COG3865",0,0,0,0,0,0
"COG3866",0,0,0,0,0,0
"COG3867",0,0,0,0,0,0
"COG3868",1,0,0,0,1,0
"COG3869",0,0,0,0,0,0
"COG3870",0,0,0,0,0,0
"COG3871",0,0,0,0,0,0
"COG3872",0,1,0,1,0,2
"COG3874",0,0,0,0,0,0
"COG3875",0,0,0,4,0,3
"COG3876",0,0,1,1,1,6
"COG3877",0,0,0,0,0,0
"COG3878",0,0,0,0,0,0
"COG3879",0,0,0,0,0,0
"COG3880",0,1,0,0,0,0
"COG3882",0,0,1,5,0,3
"COG3883",0,0,0,0,0,0
"COG3884",0,0,1,0,0,0
"COG3885",0,0,0,0,0,0
"COG3886",0,0,1,0,1,0
"COG3887",0,0,0,0,0,0
"COG3889",0,0,0,2,0,1
"COG3890",0,0,0,0,0,0
"COG3892",1,1,0,0,0,0
"COG3893",2,0,3,2,1,0
"COG3894",1,0,0,3,1,4
"COG3895",0,0,0,0,0,0
"COG3896",0,0,0,0,0,0
"COG3897",1,0,0,0,1,0
"COG3898",1,0,0,2,1,0
"COG3899",1,0,3,0,0,2
"COG3900",0,0,0,0,0,0
"COG3901",2,1,0,3,0,1
"COG3903",1,0,0,0,0,0
"COG3904",0,0,0,1,0,0
"COG3905",0,0,0,0,0,0
"COG3907",0,0,0,0,0,1
"COG3908",0,0,0,0,0,0
"COG3909",1,0,0,0,0,0
"COG3910",0,0,0,0,0,0
"COG3911",0,0,1,1,0,1
"COG3913",0,0,0,0,0,0
"COG3914",1,8,0,6,0,2
"COG3915",1,0,0,0,0,0
"COG3916",0,0,1,0,0,0
"COG3917",4,6,4,4,7,4
"COG3918",0,0,0,0,0,0
"COG3919",2,0,0,0,0,0
"COG3920",11,0,28,0,0,0
"COG3921",0,0,4,1,0,0
"COG3923",0,0,0,0,0,0
"COG3926",0,0,1,0,0,0
"COG3930",2,1,1,0,1,0
"COG3931",0,0,0,1,0,0
"COG3932",1,0,1,0,0,0
"COG3934",0,0,0,0,0,0
"COG3935",0,0,0,0,0,0
"COG3936",0,0,0,0,0,0
"COG3937",0,0,0,0,0,0
"COG3938",0,0,1,1,0,3
"COG3940",0,0,0,0,0,0
"COG3941",1,0,2,0,0,0
"COG3942",0,1,2,0,0,0
"COG3943",2,0,2,0,1,0
"COG3944",0,0,0,0,0,0
"COG3945",2,0,0,0,0,2
"COG3946",0,0,0,0,0,0
"COG3947",0,0,0,0,0,0
"COG3948",0,0,0,0,0,0
"COG3949",0,0,0,1,2,0
"COG3950",0,0,1,0,0,0
"COG3951",1,1,0,0,0,0
"COG3952",1,0,0,0,0,0
"COG3953",0,0,0,0,0,0
"COG3954",0,0,0,0,2,2
"COG3955",0,0,0,0,0,0
"COG3956",0,0,0,0,0,2
"COG3957",4,0,4,0,0,0
"COG3958",0,2,1,1,3,0
"COG3959",2,1,0,3,1,5
"COG3960",0,0,0,0,0,0
"COG3961",0,0,0,0,1,0
"COG3962",2,5,0,2,2,4
"COG3963",0,0,1,0,0,0
"COG3964",0,0,0,1,1,1
"COG3965",1,0,0,1,0,0
"COG3967",0,0,2,0,0,0
"COG3968",0,0,0,1,1,0
"COG3969",0,0,1,0,0,0
"COG3970",1,0,1,1,0,0
"COG3971",2,3,0,2,2,1
"COG3972",0,0,0,0,0,0
"COG3973",0,0,0,1,0,2
"COG3975",1,0,3,1,1,1
"COG3976",0,0,0,0,0,0
"COG3977",0,0,0,0,0,0
"COG3978",0,0,0,0,0,0
"COG3979",1,3,6,3,1,2
"COG3980",0,1,0,0,0,0
"COG3981",0,0,0,0,0,0
"COG4006",0,0,0,0,0,0
"COG4012",0,0,0,0,0,0
"COG4021",0,0,0,0,0,0
"COG4032",0,2,2,1,0,2
"COG4034",0,0,0,0,0,0
"COG4043",0,0,0,0,0,0
"COG4044",0,0,0,0,0,0
"COG4046",0,0,0,0,0,1
"COG4063",0,0,0,0,0,0
"COG4067",1,0,3,1,0,0
"COG4083",0,0,0,0,0,1
"COG4085",0,0,0,0,0,0
"COG4087",0,0,0,0,0,0
"COG4088",0,0,0,0,0,0
"COG4091",2,3,0,4,0,1
"COG4092",0,0,0,0,0,0
"COG4093",0,0,0,0,0,0
"COG4094",2,5,0,1,0,0
"COG4095",0,0,0,0,0,0
"COG4096",1,2,1,3,0,0
"COG4097",1,0,1,0,0,0
"COG4099",0,1,1,1,2,2
"COG4100",0,4,0,0,0,0
"COG4101",0,0,0,0,0,0
"COG4102",0,2,0,9,2,5
"COG4103",0,0,0,1,2,0
"COG4104",0,0,0,0,0,0
"COG4105",2,7,4,8,8,7
"COG4106",1,0,1,0,0,1
"COG4107",1,0,0,0,0,0
"COG4108",5,2,4,0,3,0
"COG4110",0,0,0,0,0,0
"COG4111",1,0,0,0,0,0
"COG4112",0,0,0,0,0,0
"COG4113",0,0,0,0,0,0
"COG4114",0,0,0,0,0,0
"COG4115",1,0,0,0,0,0
"COG4117",0,0,0,0,0,0
"COG4118",0,0,0,0,0,0
"COG4119",0,0,0,0,0,0
"COG4120",0,0,0,0,0,0
"COG4121",5,3,1,0,0,2
"COG4122",0,3,0,2,3,5
"COG4123",0,0,2,1,1,2
"COG4124",0,0,0,0,0,0
"COG4125",2,0,0,0,0,0
"COG4126",0,1,0,0,0,1
"COG4127",0,0,0,0,0,0
"COG4128",0,0,0,0,1,0
"COG4130",0,0,0,0,0,0
"COG4132",0,0,0,0,0,0
"COG4133",1,1,0,1,1,3
"COG4134",0,0,0,0,1,0
"COG4135",2,0,1,0,0,1
"COG4136",0,0,0,0,0,0
"COG4137",0,0,0,0,1,1
"COG4138",0,0,0,0,0,0
"COG4139",0,0,0,0,0,0
"COG4143",0,1,1,0,0,1
"COG4145",0,0,0,1,0,1
"COG4146",2,3,2,4,1,3
"COG4147",3,5,5,7,5,2
"COG4148",1,0,0,0,0,0
"COG4149",2,0,0,1,0,1
"COG4150",1,0,0,0,0,0
"COG4152",0,1,4,1,0,1
"COG4154",0,1,0,1,0,1
"COG4158",0,0,1,0,0,0
"COG4160",0,3,0,2,0,1
"COG4161",0,0,0,0,0,0
"COG4166",9,4,7,9,2,9
"COG4167",0,0,0,0,1,0
"COG4168",0,0,0,0,0,0
"COG4170",0,0,0,0,0,0
"COG4171",0,0,0,0,1,0
"COG4172",4,2,1,3,1,0
"COG4174",1,3,0,3,1,2
"COG4175",3,7,3,5,10,4
"COG4176",1,15,2,7,9,13
"COG4177",5,17,9,11,6,12
"COG4178",0,2,0,0,0,0
"COG4181",0,0,1,0,4,2
"COG4185",2,0,0,0,0,0
"COG4186",0,0,0,0,0,0
"COG4187",1,0,0,0,0,0
"COG4188",1,3,1,3,1,1
"COG4189",1,0,0,0,0,0
"COG4190",0,0,0,0,1,0
"COG4191",9,0,1,0,2,0
"COG4193",0,0,0,0,0,0
"COG4195",0,0,0,0,0,0
"COG4196",1,0,0,0,0,0
"COG4198",0,2,0,3,1,1
"COG4199",0,0,0,0,0,0
"COG4200",0,0,0,0,0,0
"COG4206",5,2,8,3,3,6
"COG4208",0,0,1,0,0,0
"COG4209",0,0,0,0,1,0
"COG4213",0,0,3,0,0,0
"COG4214",1,1,4,0,0,0
"COG4215",1,1,1,2,3,1
"COG4219",2,0,6,0,0,0
"COG4220",0,0,0,0,0,0
"COG4221",1,2,3,2,3,9
"COG4222",1,0,1,0,1,0
"COG4223",0,0,0,0,0,0
"COG4225",0,1,0,1,1,0
"COG4226",1,0,0,0,0,0
"COG4227",5,1,8,0,0,0
"COG4228",2,0,0,0,0,0
"COG4229",0,0,0,0,0,0
"COG4230",6,1,4,4,4,2
"COG4231",5,6,2,3,0,0
"COG4232",7,6,5,3,4,7
"COG4233",0,1,6,3,2,1
"COG4235",3,0,1,2,0,0
"COG4239",3,1,0,2,0,2
"COG4240",0,3,0,2,4,2
"COG4241",0,1,0,0,0,0
"COG4242",0,0,0,0,0,2
"COG4243",0,2,0,0,0,0
"COG4244",0,2,0,0,1,0
"COG4245",0,0,0,0,0,0
"COG4246",0,0,1,0,1,0
"COG4247",1,0,4,0,1,0
"COG4248",0,0,1,0,0,0
"COG4249",3,1,4,1,0,1
"COG4251",2,0,9,2,0,2
"COG4252",6,2,16,5,2,4
"COG4253",1,0,0,0,0,0
"COG4254",1,0,0,0,0,0
"COG4255",0,0,0,0,0,0
"COG4256",0,0,0,0,0,0
"COG4257",1,0,0,2,1,7
"COG4258",3,0,0,0,0,1
"COG4259",0,0,0,0,0,0
"COG4260",1,0,0,0,1,0
"COG4261",1,0,0,0,0,0
"COG4262",0,0,0,0,1,1
"COG4263",0,0,0,0,0,0
"COG4264",0,0,1,0,0,0
"COG4266",0,3,0,0,0,2
"COG4267",0,0,0,0,0,0
"COG4268",0,0,0,0,0,0
"COG4269",1,0,2,0,1,0
"COG4270",0,0,0,1,1,0
"COG4271",0,0,2,0,0,0
"COG4273",0,0,0,0,0,0
"COG4274",0,1,0,1,1,1
"COG4275",0,0,1,0,0,0
"COG4276",1,1,0,1,0,2
"COG4277",1,0,2,0,0,0
"COG4278",0,0,0,0,0,0
"COG4279",0,0,0,1,0,0
"COG4280",0,0,0,0,0,0
"COG4281",1,0,0,0,0,0
"COG4282",0,0,0,0,0,0
"COG4283",0,0,0,0,0,0
"COG4284",0,0,0,1,0,0
"COG4285",0,0,0,0,0,0
"COG4286",0,0,0,0,0,0
"COG4287",1,0,0,0,1,1
"COG4288",0,0,0,0,0,0
"COG4289",0,0,0,0,0,1
"COG4290",0,0,0,0,0,0
"COG4291",0,0,0,0,0,0
"COG4292",0,0,0,0,0,0
"COG4293",0,0,0,1,0,2
"COG4294",0,0,6,0,0,0
"COG4295",0,0,0,0,0,0
"COG4297",0,0,0,0,0,0
"COG4298",0,0,0,0,0,0
"COG4299",1,2,1,0,0,1
"COG4300",0,0,0,0,0,0
"COG4301",2,0,2,1,1,1
"COG4302",0,0,0,0,0,0
"COG4303",0,0,0,0,0,0
"COG4304",0,0,0,0,0,0
"COG4305",0,0,0,0,0,0
"COG4307",1,0,2,1,0,0
"COG4308",0,0,0,0,0,0
"COG4310",2,1,0,1,2,1
"COG4311",0,0,0,0,1,1
"COG4312",0,0,0,0,0,0
"COG4313",0,1,0,0,0,0
"COG4314",0,0,0,0,0,0
"COG4315",0,0,0,0,0,0
"COG4317",0,0,0,0,0,0
"COG4318",0,0,0,0,0,0
"COG4319",0,0,0,0,0,0
"COG4320",0,0,0,0,0,0
"COG4321",1,0,0,0,0,0
"COG4322",1,0,0,0,0,0
"COG4323",0,0,2,1,0,0
"COG4324",0,0,0,0,0,1
"COG4325",5,0,4,0,1,0
"COG4326",0,0,0,0,2,0
"COG4327",1,2,0,2,0,0
"COG4328",0,0,0,0,0,0
"COG4329",0,0,0,0,0,0
"COG4330",0,0,0,0,0,0
"COG4331",0,0,0,0,0,0
"COG4332",0,0,0,0,0,0
"COG4333",0,2,0,0,1,0
"COG4334",0,0,0,0,0,0
"COG4335",0,0,0,0,0,0
"COG4336",1,1,0,0,2,1
"COG4337",1,0,0,0,2,2
"COG4338",0,0,0,1,0,0
"COG4339",0,0,1,0,0,0
"COG4340",0,0,0,0,2,0
"COG4341",0,5,0,2,3,2
"COG4347",0,0,0,0,0,0
"COG4352",0,0,0,0,0,0
"COG4353",0,0,0,0,0,0
"COG4354",0,0,0,1,1,0
"COG4357",0,0,0,0,0,0
"COG4359",0,0,0,0,0,0
"COG4360",0,2,0,0,0,0
"COG4362",0,0,0,0,2,0
"COG4365",0,3,1,0,2,0
"COG4370",0,2,0,0,0,0
"COG4371",0,0,0,0,1,0
"COG4372",0,1,0,0,0,0
"COG4373",0,0,1,0,0,0
"COG4374",0,0,0,0,0,0
"COG4377",0,0,0,0,0,0
"COG4379",0,0,0,0,0,0
"COG4380",0,0,0,0,0,0
"COG4381",0,0,0,0,0,0
"COG4382",0,0,1,0,0,0
"COG4383",0,0,2,0,0,0
"COG4384",0,0,0,0,0,0
"COG4385",0,0,0,0,0,0
"COG4386",3,0,0,0,0,0
"COG4387",0,0,0,0,0,0
"COG4388",0,0,1,0,0,0
"COG4389",0,0,0,0,0,0
"COG4390",0,0,0,0,0,0
"COG4391",0,0,0,0,0,0
"COG4392",0,0,0,0,1,1
"COG4393",0,0,0,0,0,0
"COG4394",0,0,0,0,0,0
"COG4395",2,4,2,2,5,0
"COG4396",0,0,0,0,0,0
"COG4397",0,0,0,0,0,0
"COG4398",0,1,0,3,1,2
"COG4399",1,0,0,0,0,0
"COG4401",0,0,0,0,0,0
"COG4402",0,0,0,0,0,0
"COG4403",1,0,0,0,0,0
"COG4405",0,0,0,0,1,0
"COG4409",1,0,0,3,1,0
"COG4412",0,3,0,1,0,2
"COG4413",0,0,0,0,0,0
"COG4420",1,0,0,1,0,0
"COG4421",0,3,0,0,1,2
"COG4422",1,0,0,0,0,0
"COG4423",0,0,0,0,0,0
"COG4424",0,0,1,0,0,0
"COG4425",0,0,0,0,0,0
"COG4427",1,0,3,0,0,0
"COG4430",4,0,0,0,0,0
"COG4445",2,0,0,1,1,2
"COG4446",0,1,0,1,0,0
"COG4447",1,3,0,2,2,1
"COG4448",0,2,0,0,3,3
"COG4449",0,0,0,0,0,0
"COG4451",0,0,0,0,1,0
"COG4452",1,0,0,0,0,0
"COG4453",0,0,0,0,0,0
"COG4454",0,0,1,1,1,1
"COG4455",0,0,0,0,0,0
"COG4456",0,0,0,0,0,0
"COG4457",0,0,0,0,0,0
"COG4458",0,0,0,0,0,0
"COG4459",0,0,0,0,0,0
"COG4460",0,0,0,0,0,0
"COG4461",1,0,0,0,0,0
"COG4464",0,0,0,0,1,1
"COG4468",0,0,0,0,0,0
"COG4469",0,0,0,0,0,0
"COG4474",0,0,0,0,0,0
"COG4481",0,0,0,0,0,0
"COG4485",0,0,0,0,0,0
"COG4487",1,1,0,0,3,0
"COG4496",0,0,0,0,0,0
"COG4502",0,0,1,0,0,0
"COG4517",0,0,0,0,2,0
"COG4519",0,0,0,0,1,0
"COG4520",0,0,0,0,0,0
"COG4521",0,0,0,1,0,6
"COG4525",0,1,0,0,1,1
"COG4529",0,0,0,0,1,0
"COG4530",0,0,0,0,1,0
"COG4531",1,4,0,3,1,2
"COG4533",0,0,0,0,0,0
"COG4535",1,0,0,2,2,1
"COG4536",4,1,2,1,2,4
"COG4538",0,0,0,0,0,0
"COG4539",0,0,0,0,0,0
"COG4540",0,1,0,0,0,0
"COG4541",0,0,0,0,0,0
"COG4542",0,0,0,1,0,0
"COG4544",0,0,0,1,0,0
"COG4547",5,10,4,13,15,8
"COG4548",1,0,1,3,0,4
"COG4549",0,0,0,0,0,0
"COG4551",1,0,0,0,0,0
"COG4552",0,1,2,0,0,1
"COG4553",1,0,2,0,0,0
"COG4555",0,1,0,0,0,2
"COG4558",0,2,0,0,1,0
"COG4559",0,0,0,3,1,0
"COG4564",2,0,0,0,0,0
"COG4565",0,0,0,0,0,0
"COG4566",2,0,3,0,0,0
"COG4567",1,2,0,1,1,1
"COG4568",0,0,0,0,0,0
"COG4569",0,0,0,0,0,0
"COG4570",0,0,1,0,0,0
"COG4572",0,0,0,0,0,0
"COG4573",0,0,2,0,0,0
"COG4574",0,0,0,0,1,0
"COG4575",0,0,0,0,0,0
"COG4576",0,0,0,0,0,0
"COG4577",1,1,0,0,1,0
"COG4579",1,0,0,1,1,4
"COG4580",0,0,0,0,1,0
"COG4581",0,9,2,4,2,0
"COG4582",0,0,0,0,2,0
"COG4583",0,0,0,2,1,0
"COG4584",8,0,3,1,0,0
"COG4585",3,0,12,1,3,1
"COG4586",0,1,0,1,1,0
"COG4587",0,0,0,0,0,0
"COG4588",0,0,0,0,0,0
"COG4589",0,0,0,0,0,0
"COG4590",4,0,0,0,1,0
"COG4591",6,9,6,6,14,19
"COG4592",0,0,0,0,0,0
"COG4594",0,0,0,0,0,0
"COG4597",1,5,1,5,7,2
"COG4598",1,0,0,0,0,1
"COG4603",1,3,1,6,1,4
"COG4604",0,0,1,0,0,0
"COG4605",0,0,2,0,0,0
"COG4606",0,0,1,0,0,0
"COG4607",0,0,0,0,0,0
"COG4608",4,8,2,9,2,8
"COG4615",0,0,0,0,0,0
"COG4618",3,0,1,0,0,0
"COG4619",0,0,0,0,0,0
"COG4623",3,1,0,1,3,2
"COG4624",0,0,0,0,0,0
"COG4625",0,0,8,1,0,0
"COG4626",0,0,3,0,0,0
"COG4627",1,0,0,1,1,0
"COG4628",0,0,0,0,0,0
"COG4630",3,3,1,4,3,3
"COG4631",0,4,1,6,2,1
"COG4632",0,0,2,0,0,0
"COG4633",0,0,0,0,1,0
"COG4634",0,0,0,0,0,0
"COG4635",0,1,0,2,1,0
"COG4636",0,0,0,0,0,0
"COG4637",1,0,2,0,0,0
"COG4638",21,16,7,24,11,27
"COG4639",0,0,0,0,0,0
"COG4641",0,1,0,1,0,0
"COG4642",1,1,1,2,3,12
"COG4643",4,0,10,0,0,0
"COG4644",48,0,3,1,2,1
"COG4645",0,0,1,0,0,0
"COG4646",0,0,2,0,0,0
"COG4647",0,0,0,0,0,0
"COG4648",0,0,0,0,0,0
"COG4649",1,0,0,1,0,1
"COG4650",0,0,0,0,0,0
"COG4651",4,0,0,0,0,1
"COG4653",1,1,6,0,0,0
"COG4654",2,0,1,0,0,0
"COG4655",0,0,0,0,0,0
"COG4656",0,0,1,0,2,2
"COG4657",1,1,0,0,0,0
"COG4658",2,1,0,0,1,0
"COG4659",0,0,0,0,0,1
"COG4660",1,0,1,0,0,1
"COG4662",0,0,0,0,1,2
"COG4663",6,5,4,8,5,1
"COG4664",6,15,3,9,19,5
"COG4665",3,8,2,3,2,2
"COG4666",11,5,2,5,5,3
"COG4667",0,0,0,0,3,0
"COG4668",1,1,0,0,1,0
"COG4669",0,0,0,0,0,0
"COG4670",0,0,0,0,0,0
"COG4671",0,0,0,0,0,0
"COG4672",1,1,6,1,0,0
"COG4674",1,1,2,0,1,1
"COG4675",1,0,0,1,0,0
"COG4676",0,0,0,0,0,0
"COG4677",0,0,0,0,0,0
"COG4678",0,0,0,0,0,0
"COG4679",0,0,0,0,0,0
"COG4680",0,0,0,0,0,0
"COG4681",1,0,0,0,0,0
"COG4682",0,0,0,0,0,0
"COG4683",0,0,0,0,0,0
"COG4688",1,0,0,0,0,0
"COG4689",0,0,0,0,0,0
"COG4690",0,0,0,0,0,0
"COG4691",0,0,0,0,0,0
"COG4692",1,0,0,0,1,0
"COG4693",0,0,0,0,0,0
"COG4694",1,0,0,0,0,0
"COG4695",3,1,4,0,3,0
"COG4696",0,0,0,0,0,0
"COG4700",0,0,0,0,0,0
"COG4701",0,0,0,0,1,0
"COG4702",0,0,0,0,0,0
"COG4704",0,1,0,0,1,0
"COG4705",0,0,0,0,0,0
"COG4706",0,0,0,0,0,0
"COG4710",0,0,0,0,0,0
"COG4711",0,0,0,0,0,0
"COG4712",0,0,0,0,0,0
"COG4713",0,0,0,0,0,1
"COG4714",0,0,0,0,0,0
"COG4715",0,0,0,0,0,0
"COG4716",0,0,0,0,0,0
"COG4717",1,0,0,0,0,1
"COG4718",0,0,0,0,0,0
"COG4719",0,0,0,0,0,0
"COG4720",0,0,0,0,0,0
"COG4721",0,0,0,0,0,0
"COG4723",0,0,5,1,0,0
"COG4724",0,0,0,0,0,0
"COG4725",3,0,3,0,1,0
"COG4726",0,0,0,0,0,0
"COG4727",0,0,0,0,0,0
"COG4728",0,0,0,0,0,0
"COG4729",0,0,0,0,0,0
"COG4731",0,2,2,0,1,0
"COG4733",7,2,22,1,2,0
"COG4734",1,0,0,0,0,0
"COG4735",0,0,0,0,0,0
"COG4736",0,0,0,0,0,0
"COG4737",0,0,0,0,0,0
"COG4738",0,0,0,0,0,0
"COG4741",0,0,1,0,0,0
"COG4742",0,0,0,0,0,1
"COG4743",0,0,0,0,0,0
"COG4744",0,0,0,0,0,0
"COG4745",0,0,0,1,0,0
"COG4746",0,0,0,0,0,0
"COG4747",0,0,0,0,0,0
"COG4748",1,0,0,0,0,0
"COG4750",0,0,0,0,0,0
"COG4752",0,0,0,0,0,0
"COG4753",0,1,1,0,0,2
"COG4754",0,0,0,0,0,0
"COG4757",0,0,0,0,0,0
"COG4759",0,0,0,0,0,2
"COG4760",0,1,2,1,0,2
"COG4762",0,0,0,0,0,0
"COG4763",1,0,1,0,0,0
"COG4764",1,1,0,3,6,0
"COG4765",0,1,0,2,0,3
"COG4766",0,0,0,0,0,1
"COG4767",0,0,0,0,0,0
"COG4769",0,0,0,0,0,0
"COG4770",14,6,14,6,10,14
"COG4771",3,5,2,7,16,4
"COG4772",5,8,3,9,6,2
"COG4773",0,0,0,0,1,2
"COG4774",1,0,3,1,0,0
"COG4775",13,18,7,12,14,9
"COG4776",0,0,0,0,0,0
"COG4778",0,0,1,0,0,0
"COG4779",0,0,0,0,0,0
"COG4781",0,0,0,0,0,0
"COG4782",0,0,1,0,0,0
"COG4783",3,3,3,6,4,1
"COG4784",1,0,2,1,0,0
"COG4785",0,0,0,0,1,0
"COG4786",3,0,2,3,3,2
"COG4787",2,0,1,0,0,0
"COG4789",0,0,0,0,0,0
"COG4790",0,0,0,0,0,0
"COG4791",0,0,0,0,0,0
"COG4792",0,0,0,0,0,0
"COG4794",0,0,0,0,0,0
"COG4795",0,0,1,0,0,1
"COG4796",4,0,1,2,2,3
"COG4797",0,0,0,0,0,0
"COG4798",0,1,3,0,1,1
"COG4799",13,14,18,16,10,10
"COG4801",0,0,0,0,0,0
"COG4802",0,0,0,0,0,0
"COG4803",0,0,0,0,0,0
"COG4804",0,0,0,0,0,1
"COG4805",15,5,15,1,4,1
"COG4806",0,0,0,0,0,0
"COG4807",0,0,0,0,1,0
"COG4809",0,0,0,0,0,0
"COG4813",0,0,0,0,0,0
"COG4815",0,0,0,0,0,0
"COG4819",0,0,0,0,0,0
"COG4821",0,0,1,2,0,0
"COG4823",2,0,0,0,0,0
"COG4825",0,0,0,1,0,0
"COG4826",0,0,0,0,0,0
"COG4828",0,0,0,0,0,0
"COG4829",0,0,0,0,0,0
"COG4830",0,0,0,0,0,0
"COG4832",2,0,0,0,0,0
"COG4833",0,0,0,0,0,0
"COG4834",3,0,0,0,0,0
"COG4842",0,0,0,0,0,0
"COG4843",0,0,0,0,0,0
"COG4845",0,0,0,0,0,0
"COG4848",0,0,0,0,0,0
"COG4849",1,0,0,0,0,0
"COG4850",1,0,4,1,0,0
"COG4852",1,0,0,0,0,0
"COG4856",0,0,0,0,0,0
"COG4857",0,0,0,0,1,0
"COG4859",0,0,0,0,0,0
"COG4860",0,0,0,0,0,0
"COG4861",0,0,0,0,0,0
"COG4864",0,1,0,0,0,0
"COG4865",0,0,0,0,0,0
"COG4866",0,0,0,1,0,0
"COG4867",0,0,0,0,2,2
"COG4869",0,0,0,0,0,0
"COG4870",1,0,0,0,0,0
"COG4872",0,0,0,0,0,0
"COG4874",1,0,0,1,2,0
"COG4875",0,0,0,0,0,2
"COG4877",0,0,0,0,0,0
"COG4878",0,0,0,0,0,0
"COG4880",0,1,0,3,0,0
"COG4886",3,4,4,5,1,6
"COG4887",0,0,0,0,0,0
"COG4888",0,0,0,0,0,0
"COG4889",2,2,4,2,0,1
"COG4890",0,0,0,0,0,0
"COG4891",0,0,0,0,0,0
"COG4892",0,0,0,0,0,0
"COG4894",0,0,0,0,0,0
"COG4895",0,0,0,0,0,0
"COG4898",0,0,0,0,0,0
"COG4899",0,0,0,0,0,0
"COG4901",0,0,0,0,0,0
"COG4902",0,0,0,0,0,0
"COG4906",0,0,0,0,0,0
"COG4907",0,0,0,0,0,0
"COG4908",0,0,0,0,0,0
"COG4909",0,0,0,0,0,0
"COG4910",0,0,0,0,0,0
"COG4911",0,0,0,1,0,1
"COG4912",0,0,2,0,0,0
"COG4913",1,0,0,0,0,0
"COG4916",0,0,0,0,0,0
"COG4922",1,0,2,0,0,0
"COG4923",0,0,0,0,0,0
"COG4924",0,0,0,0,0,0
"COG4925",0,0,0,0,0,0
"COG4926",0,0,0,0,0,0
"COG4927",1,0,0,0,0,0
"COG4928",1,0,1,0,1,0
"COG4929",0,0,0,0,0,0
"COG4930",0,0,0,0,0,0
"COG4932",0,0,0,0,0,0
"COG4933",0,0,0,0,0,0
"COG4934",0,0,0,0,0,0
"COG4935",0,0,0,0,0,0
"COG4937",0,0,0,0,0,0
"COG4938",0,0,0,0,0,0
"COG4941",0,0,3,1,0,0
"COG4942",3,1,0,1,2,1
"COG4943",0,0,0,0,1,0
"COG4944",0,0,0,0,0,0
"COG4945",0,1,0,0,0,0
"COG4946",1,0,1,1,0,2
"COG4947",0,0,0,0,0,0
"COG4948",4,13,9,37,14,22
"COG4949",1,0,2,1,2,0
"COG4950",0,0,0,0,0,0
"COG4951",0,0,3,0,1,0
"COG4952",1,1,0,1,2,0
"COG4953",0,0,1,0,1,0
"COG4954",0,0,0,0,0,0
"COG4955",0,0,0,0,0,0
"COG4956",0,1,0,0,1,1
"COG4957",1,0,2,0,0,0
"COG4959",1,0,2,0,0,0
"COG4960",0,0,0,0,0,0
"COG4961",1,0,3,0,0,0
"COG4962",1,0,9,1,1,1
"COG4963",2,0,3,0,0,0
"COG4964",2,0,3,0,0,0
"COG4965",2,0,2,0,0,0
"COG4966",1,0,0,0,0,0
"COG4967",0,0,0,0,1,1
"COG4968",0,0,0,0,0,0
"COG4969",0,0,0,0,0,0
"COG4970",3,0,0,0,0,1
"COG4972",2,0,1,0,0,1
"COG4973",0,0,0,1,0,0
"COG4974",4,5,6,6,8,10
"COG4976",0,0,0,1,0,0
"COG4977",2,0,7,2,4,0
"COG4978",1,0,0,0,0,0
"COG4981",0,0,0,0,0,0
"COG4982",0,0,0,0,0,0
"COG4983",2,0,11,1,0,0
"COG4984",0,0,0,0,0,0
"COG4985",0,0,1,0,0,0
"COG4986",0,0,0,0,0,0
"COG4987",1,0,1,0,0,0
"COG4988",0,0,6,0,0,0
"COG4989",0,0,0,0,2,0
"COG4991",0,0,0,0,0,0
"COG4992",1,7,5,7,19,12
"COG4993",31,7,11,6,2,18
"COG4994",0,0,0,0,0,0
"COG4995",5,1,7,0,1,1
"COG4997",0,0,1,0,0,0
"COG4999",0,0,0,0,0,0
"COG5000",5,8,5,4,3,5
"COG5001",38,2,46,2,15,12
"COG5002",2,0,2,1,2,0
"COG5004",0,0,0,0,0,0
"COG5005",0,0,0,0,0,0
"COG5006",0,0,0,0,0,0
"COG5007",1,0,0,0,0,0
"COG5008",1,1,0,1,1,0
"COG5009",13,10,3,9,14,8
"COG5010",2,0,0,0,0,0
"COG5011",0,0,0,0,0,0
"COG5012",0,0,0,0,1,4
"COG5013",2,0,1,0,0,0
"COG5014",0,0,0,0,0,0
"COG5015",0,0,0,0,0,0
"COG5016",2,1,0,3,2,3
"COG5017",0,0,0,0,0,0
"COG5018",0,0,0,0,0,0
"COG5019",0,0,0,0,0,0
"COG5020",0,0,0,0,0,0
"COG5021",0,0,0,1,0,0
"COG5022",0,0,0,0,0,0
"COG5023",0,0,0,0,0,0
"COG5024",0,0,0,0,0,0
"COG5026",0,0,0,0,0,0
"COG5027",0,0,0,0,0,0
"COG5028",0,0,0,0,0,0
"COG5029",0,0,0,0,0,0
"COG5030",0,0,0,0,0,0
"COG5031",0,0,0,0,0,0
"COG5032",0,0,0,0,0,0
"COG5033",0,0,0,0,0,0
"COG5034",0,0,0,0,0,0
"COG5035",0,0,0,1,0,0
"COG5036",0,0,0,0,0,0
"COG5038",0,1,0,0,0,0
"COG5039",0,0,0,0,0,0
"COG5040",0,0,0,0,0,0
"COG5041",0,0,0,0,0,0
"COG5042",3,0,0,0,0,0
"COG5043",0,0,0,0,0,0
"COG5044",0,0,0,0,0,0
"COG5045",0,0,0,0,0,0
"COG5046",0,0,0,0,0,0
"COG5047",0,0,0,0,0,0
"COG5048",0,0,0,0,0,0
"COG5049",0,0,0,1,0,0
"COG5050",0,0,0,0,0,1
"COG5051",0,0,0,0,0,0
"COG5052",0,0,0,0,0,0
"COG5053",0,0,0,1,0,0
"COG5054",0,1,0,0,2,0
"COG5055",0,0,1,0,0,0
"COG5056",0,0,0,0,0,0
"COG5057",0,0,0,0,0,0
"COG5058",0,0,0,0,0,0
"COG5059",0,0,0,0,0,0
"COG5061",0,0,0,0,0,0
"COG5062",0,0,0,0,0,0
"COG5063",0,0,0,0,0,0
"COG5064",0,0,0,0,0,0
"COG5065",0,0,0,0,0,0
"COG5066",0,0,0,0,0,0
"COG5068",0,0,0,0,0,0
"COG5069",0,0,0,0,0,0
"COG5070",0,0,0,0,0,0
"COG5071",0,0,0,0,0,0
"COG5072",0,0,0,0,0,0
"COG5074",0,0,0,0,0,0
"COG5075",0,0,0,0,0,0
"COG5076",0,0,0,0,0,0
"COG5077",0,0,0,0,0,0
"COG5078",0,0,0,0,0,0
"COG5079",0,0,0,0,0,0
"COG5080",0,0,0,0,0,0
"COG5082",0,0,0,0,0,0
"COG5083",0,0,0,0,0,0
"COG5084",0,0,0,0,0,0
"COG5086",0,0,0,0,0,0
"COG5088",0,0,0,0,0,0
"COG5090",0,0,0,0,0,0
"COG5091",0,0,0,0,0,0
"COG5092",0,0,0,0,0,0
"COG5093",0,0,0,0,0,0
"COG5094",0,0,0,0,0,0
"COG5095",0,0,0,0,0,0
"COG5096",0,0,0,0,0,0
"COG5097",0,0,0,0,0,0
"COG5098",0,0,0,0,0,0
"COG5099",0,0,0,0,0,0
"COG5100",0,0,0,0,0,0
"COG5101",0,0,0,0,0,0
"COG5102",0,0,0,0,0,0
"COG5103",0,0,0,0,0,0
"COG5104",0,0,0,0,0,0
"COG5105",0,0,0,0,0,0
"COG5106",0,0,0,0,0,0
"COG5107",0,0,0,0,0,0
"COG5108",9,1,10,2,0,0
"COG5109",0,0,0,0,0,0
"COG5110",0,0,0,0,0,0
"COG5111",0,0,0,0,0,0
"COG5112",0,0,0,0,0,0
"COG5113",0,0,0,0,0,0
"COG5114",0,0,0,0,0,0
"COG5116",0,0,0,0,0,0
"COG5117",0,0,0,0,0,0
"COG5118",0,0,0,0,0,0
"COG5119",0,0,0,0,0,0
"COG5120",0,0,0,0,0,0
"COG5122",0,0,0,0,0,0
"COG5123",0,0,0,0,0,0
"COG5124",0,0,0,0,0,0
"COG5125",0,0,0,0,0,0
"COG5126",0,1,0,0,0,0
"COG5127",0,0,0,0,0,0
"COG5128",0,0,0,0,0,0
"COG5129",0,0,0,0,0,0
"COG5132",0,0,0,0,0,0
"COG5133",0,0,0,0,0,0
"COG5134",0,0,0,0,0,0
"COG5135",0,0,0,0,1,0
"COG5137",0,0,0,0,0,0
"COG5138",0,0,0,0,0,0
"COG5139",0,0,0,0,0,0
"COG5140",0,0,0,0,0,0
"COG5141",0,0,0,0,0,0
"COG5142",0,0,0,0,0,0
"COG5143",0,0,0,0,0,0
"COG5144",0,0,0,0,0,0
"COG5145",0,0,0,0,0,0
"COG5146",0,0,0,0,0,0
"COG5147",0,0,0,0,0,0
"COG5148",0,0,0,0,0,0
"COG5149",0,0,0,0,0,0
"COG5150",0,0,0,0,0,0
"COG5151",0,0,0,0,0,0
"COG5152",0,0,0,0,0,0
"COG5154",0,0,0,0,0,0
"COG5155",0,0,0,0,0,0
"COG5156",0,0,0,0,0,0
"COG5157",0,0,0,0,0,0
"COG5158",0,0,0,0,0,0
"COG5159",0,0,0,1,0,0
"COG5160",0,0,0,0,0,0
"COG5161",0,0,0,0,0,0
"COG5162",0,0,0,0,0,0
"COG5163",0,0,0,0,0,0
"COG5164",0,0,0,0,0,0
"COG5165",0,0,0,0,0,0
"COG5167",0,0,0,0,0,0
"COG5169",0,0,0,0,0,0
"COG5170",0,0,0,0,0,0
"COG5171",0,0,0,0,1,0
"COG5173",0,0,0,0,0,0
"COG5174",0,0,0,0,0,0
"COG5175",0,0,0,0,0,0
"COG5176",0,0,0,0,0,0
"COG5177",0,0,0,0,0,0
"COG5178",0,0,0,1,0,0
"COG5179",0,0,0,0,0,0
"COG5180",0,0,0,0,0,0
"COG5181",0,0,0,0,0,0
"COG5182",0,0,0,0,0,0
"COG5183",0,0,0,0,0,0
"COG5184",1,3,0,4,0,2
"COG5185",0,0,0,0,0,0
"COG5186",0,0,0,0,0,0
"COG5187",0,0,0,0,0,0
"COG5188",0,0,0,0,0,0
"COG5190",0,0,0,0,0,0
"COG5191",0,0,0,0,0,0
"COG5192",0,0,0,0,0,0
"COG5193",0,0,0,0,0,0
"COG5194",0,0,0,0,0,0
"COG5196",0,0,0,0,0,0
"COG5197",0,0,0,0,0,0
"COG5198",0,0,0,0,0,0
"COG5199",0,0,0,0,0,0
"COG5200",0,0,0,0,0,0
"COG5201",0,0,0,0,0,0
"COG5202",0,0,0,0,0,0
"COG5204",0,0,0,0,0,0
"COG5206",0,0,0,0,0,0
"COG5207",0,0,0,0,0,0
"COG5208",0,0,0,0,0,0
"COG5209",0,0,0,0,0,0
"COG5210",0,0,0,0,0,0
"COG5211",0,0,0,0,0,0
"COG5212",0,0,0,0,0,0
"COG5213",0,0,0,0,0,0
"COG5214",0,0,0,0,0,0
"COG5215",0,0,0,0,0,0
"COG5216",0,0,0,0,0,0
"COG5217",0,0,0,0,0,0
"COG5218",0,0,0,0,0,0
"COG5219",0,0,0,0,0,0
"COG5220",0,0,0,0,0,0
"COG5222",0,0,0,0,0,0
"COG5223",0,0,0,0,0,0
"COG5224",0,0,0,0,0,0
"COG5225",0,0,0,0,0,0
"COG5226",0,0,0,0,1,0
"COG5227",0,0,0,0,0,0
"COG5228",0,0,0,0,0,0
"COG5229",0,0,0,0,0,0
"COG5230",0,0,0,0,0,0
"COG5231",0,0,0,0,0,0
"COG5232",0,0,0,0,0,0
"COG5233",0,0,0,0,0,0
"COG5234",0,0,0,0,0,0
"COG5235",0,0,0,0,0,0
"COG5236",0,0,0,0,0,0
"COG5237",0,0,0,0,0,0
"COG5238",0,0,0,0,0,0
"COG5239",0,0,0,0,0,0
"COG5240",0,0,0,0,0,0
"COG5241",0,0,0,0,0,0
"COG5242",0,0,0,0,0,0
"COG5243",0,0,0,0,0,0
"COG5244",0,0,0,0,0,0
"COG5245",0,0,0,0,0,0
"COG5246",0,0,0,0,0,0
"COG5247",0,0,0,0,0,0
"COG5248",0,0,0,0,0,0
"COG5249",0,0,0,0,0,0
"COG5250",0,0,0,0,0,0
"COG5251",0,0,0,0,0,0
"COG5252",0,0,0,0,0,0
"COG5253",0,0,0,0,0,0
"COG5254",0,0,0,0,0,0
"COG5255",0,0,0,0,0,0
"COG5256",0,1,0,2,1,2
"COG5257",0,0,0,1,0,2
"COG5258",0,0,0,0,0,0
"COG5259",0,0,0,0,0,0
"COG5260",0,0,0,0,0,0
"COG5261",0,0,0,0,0,0
"COG5262",0,0,0,0,0,0
"COG5263",0,0,0,0,0,0
"COG5264",0,0,0,0,0,0
"COG5265",2,0,8,1,2,0
"COG5266",0,0,0,0,0,0
"COG5267",3,1,0,5,2,4
"COG5268",0,0,1,0,0,0
"COG5269",0,0,0,0,0,0
"COG5271",0,0,1,0,0,0
"COG5272",0,0,0,0,0,0
"COG5273",0,0,0,0,0,0
"COG5274",0,0,0,0,0,0
"COG5275",0,0,0,0,0,0
"COG5276",3,0,0,0,0,0
"COG5277",0,0,0,0,0,0
"COG5278",0,0,3,0,0,0
"COG5279",0,0,0,0,0,1
"COG5280",0,0,0,0,0,0
"COG5281",2,0,8,0,2,0
"COG5282",0,1,0,0,0,1
"COG5283",7,0,4,0,0,0
"COG5285",1,6,0,11,9,19
"COG5290",0,0,0,0,0,0
"COG5291",0,0,0,0,0,0
"COG5293",0,0,0,0,0,0
"COG5295",3,0,4,1,1,0
"COG5296",0,0,0,0,0,0
"COG5297",0,0,0,0,0,0
"COG5301",6,1,6,1,1,1
"COG5302",0,0,0,0,0,0
"COG5304",0,0,0,0,0,0
"COG5305",0,0,0,0,1,0
"COG5306",0,0,0,0,0,0
"COG5307",0,0,0,0,0,0
"COG5308",0,0,0,0,0,0
"COG5309",0,0,0,0,0,0
"COG5310",0,0,1,0,0,0
"COG5314",0,0,0,0,0,0
"COG5316",1,0,1,0,0,1
"COG5317",1,0,0,0,0,0
"COG5319",0,2,1,0,4,1
"COG5321",0,0,0,0,0,0
"COG5322",0,1,1,1,1,0
"COG5323",2,0,4,0,0,0
"COG5324",0,0,0,0,0,0
"COG5325",0,0,0,0,0,0
"COG5328",0,1,0,0,0,0
"COG5329",0,0,0,0,0,0
"COG5330",4,0,1,0,0,0
"COG5331",0,1,0,2,0,0
"COG5333",0,0,0,0,0,0
"COG5336",1,0,0,0,2,1
"COG5337",0,4,1,5,1,8
"COG5338",0,0,2,0,0,0
"COG5339",0,0,1,0,0,0
"COG5340",0,0,0,0,0,0
"COG5342",0,0,0,0,1,0
"COG5343",0,0,0,0,0,0
"COG5345",2,0,1,0,1,0
"COG5346",0,0,0,0,0,0
"COG5347",0,0,0,0,0,0
"COG5349",0,0,1,0,0,0
"COG5350",0,0,0,0,0,0
"COG5351",0,0,0,0,0,0
"COG5352",0,2,0,0,2,1
"COG5354",0,0,0,0,0,0
"COG5360",3,3,4,2,8,3
"COG5361",2,0,0,0,4,0
"COG5362",35,0,77,1,3,0
"COG5368",1,0,1,0,1,1
"COG5369",0,0,0,0,0,0
"COG5371",0,0,0,0,0,0
"COG5373",0,0,0,1,1,0
"COG5375",0,0,2,1,0,0
"COG5377",1,0,0,0,0,0
"COG5379",0,0,1,0,0,0
"COG5380",0,0,0,0,0,0
"COG5381",0,0,0,0,0,0
"COG5383",1,0,0,0,0,0
"COG5384",0,0,0,0,0,0
"COG5385",1,0,1,0,0,0
"COG5387",0,0,1,0,0,0
"COG5388",0,0,0,0,1,0
"COG5389",0,0,1,0,0,0
"COG5391",0,0,0,0,0,0
"COG5393",0,0,0,0,0,0
"COG5394",0,0,1,0,0,0
"COG5395",0,0,1,0,0,1
"COG5397",2,0,0,0,0,0
"COG5398",0,4,1,0,0,0
"COG5400",0,0,1,0,0,0
"COG5401",0,1,0,0,0,0
"COG5402",0,0,0,0,0,0
"COG5403",0,0,0,0,0,0
"COG5404",0,0,0,0,0,0
"COG5405",2,1,2,1,1,6
"COG5406",0,0,0,0,0,0
"COG5407",0,0,0,0,0,0
"COG5409",0,0,0,0,0,0
"COG5410",37,1,148,3,0,0
"COG5411",0,0,0,0,0,0
"COG5412",0,0,0,0,0,0
"COG5413",0,0,0,0,0,0
"COG5419",0,0,1,0,0,0
"COG5421",0,0,0,0,0,0
"COG5422",0,0,0,0,0,0
"COG5423",0,0,0,0,0,0
"COG5424",2,3,0,2,0,1
"COG5425",0,0,0,0,0,0
"COG5426",0,0,0,0,0,1
"COG5427",0,2,0,1,0,1
"COG5428",0,0,0,0,0,0
"COG5429",2,0,0,0,0,0
"COG5430",0,0,0,0,0,0
"COG5431",0,0,0,0,0,0
"COG5432",0,0,0,0,0,0
"COG5433",0,0,0,1,4,1
"COG5434",0,0,1,0,0,1
"COG5436",0,0,0,0,0,0
"COG5437",0,0,2,0,0,0
"COG5438",0,0,0,0,0,0
"COG5439",0,0,0,0,0,0
"COG5440",0,0,0,0,0,0
"COG5441",0,0,1,4,0,0
"COG5442",0,0,0,1,0,0
"COG5443",0,0,0,0,0,0
"COG5444",1,0,0,0,0,0
"COG5446",0,0,0,0,0,1
"COG5447",0,0,0,0,0,0
"COG5448",1,0,6,0,0,0
"COG5449",0,0,1,0,0,0
"COG5450",0,0,0,0,0,0
"COG5451",0,0,0,0,0,0
"COG5452",1,1,0,0,0,1
"COG5453",0,0,0,0,0,0
"COG5454",0,0,0,0,0,0
"COG5455",0,0,0,0,0,0
"COG5456",0,0,0,0,0,0
"COG5457",0,0,0,0,0,0
"COG5458",0,0,0,1,0,0
"COG5459",0,0,0,0,0,0
"COG5460",0,0,0,0,0,0
"COG5461",0,0,0,0,0,0
"COG5462",0,0,0,0,0,0
"COG5463",0,0,0,0,0,0
"COG5464",0,0,0,0,0,0
"COG5465",2,0,0,1,2,0
"COG5466",0,0,0,0,0,0
"COG5467",1,1,0,1,0,0
"COG5468",0,0,0,0,0,0
"COG5469",0,0,0,0,0,0
"COG5470",0,1,0,3,4,2
"COG5471",0,0,0,0,0,0
"COG5472",2,0,0,0,0,0
"COG5473",0,0,0,0,0,0
"COG5474",0,0,0,0,0,0
"COG5476",1,1,0,2,2,8
"COG5477",0,0,0,1,0,0
"COG5478",0,0,0,0,0,0
"COG5479",0,0,0,0,0,0
"COG5480",1,0,0,0,0,0
"COG5481",0,0,1,0,0,0
"COG5482",0,0,0,0,0,1
"COG5483",0,0,0,0,0,0
"COG5484",0,0,0,0,0,0
"COG5485",0,1,0,0,1,0
"COG5486",0,0,0,1,0,1
"COG5488",0,0,1,0,0,0
"COG5489",0,0,1,0,0,1
"COG5490",1,0,0,0,0,0
"COG5491",0,0,0,3,0,3
"COG5492",1,0,0,0,1,0
"COG5493",0,0,0,0,0,0
"COG5495",1,0,3,0,1,0
"COG5496",0,0,0,0,0,0
"COG5497",1,0,0,0,0,0
"COG5498",0,0,1,0,1,0
"COG5499",1,0,0,0,0,0
"COG5500",0,0,0,0,0,0
"COG5501",2,0,0,0,0,0
"COG5502",0,0,0,0,0,0
"COG5504",0,0,0,0,0,0
"COG5505",0,0,0,1,2,0
"COG5507",0,0,0,0,0,0
"COG5508",0,0,0,0,0,0
"COG5509",0,0,0,0,0,0
"COG5511",1,2,1,0,0,0
"COG5512",0,0,0,0,0,0
"COG5513",0,0,0,0,0,0
"COG5514",0,0,0,0,0,0
"COG5515",0,0,0,0,0,0
"COG5516",0,0,0,0,0,0
"COG5517",0,0,0,0,0,0
"COG5518",0,0,0,0,0,0
"COG5519",0,0,10,0,0,0
"COG5520",0,0,0,0,1,0
"COG5522",0,2,0,4,0,0
"COG5523",0,0,0,0,0,0
"COG5524",0,0,0,0,0,0
"COG5525",2,0,3,0,0,0
"COG5526",0,0,0,0,0,0
"COG5527",0,0,0,0,1,0
"COG5528",1,0,0,0,0,0
"COG5529",0,0,0,0,0,0
"COG5530",0,0,1,0,0,0
"COG5531",0,0,0,0,0,0
"COG5532",0,0,0,0,0,0
"COG5533",0,1,0,1,0,0
"COG5534",1,0,2,0,0,0
"COG5535",0,0,0,0,0,0
"COG5536",0,0,0,0,0,0
"COG5537",0,0,0,0,0,0
"COG5539",0,0,0,0,0,0
"COG5540",0,0,0,0,1,0
"COG5541",0,0,0,0,0,0
"COG5542",0,0,0,0,0,0
"COG5543",0,0,0,0,0,0
"COG5545",8,1,6,0,0,0
"COG5549",0,0,0,0,0,0
"COG5551",0,0,0,0,0,0
"COG5552",0,0,0,0,0,0
"COG5553",0,0,0,0,0,1
"COG5555",0,0,0,0,0,0
"COG5556",0,0,0,0,0,0
"COG5557",0,0,1,2,0,2
"COG5560",0,0,0,0,0,0
"COG5562",1,0,0,0,0,0
"COG5563",0,0,0,0,0,0
"COG5564",0,0,0,0,0,1
"COG5565",3,0,2,0,0,0
"COG5566",0,0,0,1,0,0
"COG5568",0,0,0,0,0,0
"COG5569",0,0,0,0,0,0
"COG5571",0,0,0,0,0,0
"COG5572",0,0,1,0,0,0
"COG5573",0,0,0,0,0,0
"COG5574",0,0,0,0,0,0
"COG5575",0,0,0,0,0,0
"COG5576",0,0,0,0,0,0
"COG5579",1,0,0,0,0,0
"COG5580",0,1,0,0,0,0
"COG5581",0,0,0,0,0,0
"COG5583",0,0,0,0,0,0
"COG5585",0,0,0,0,0,0
"COG5586",0,0,0,0,0,0
"COG5587",0,0,0,0,0,0
"COG5588",0,0,0,1,0,0
"COG5589",1,1,0,1,0,0
"COG5590",1,0,1,0,0,0
"COG5591",0,0,1,0,0,0
"COG5593",0,0,0,0,0,0
"COG5594",0,0,0,0,0,0
"COG5595",0,0,0,0,0,0
"COG5596",0,0,0,0,0,0
"COG5597",0,0,1,0,0,0
"COG5598",3,1,0,5,1,11
"COG5599",0,0,0,0,0,0
"COG5600",0,0,0,0,0,0
"COG5601",0,0,0,0,0,0
"COG5602",0,0,0,0,0,0
"COG5603",0,0,0,0,0,0
"COG5604",0,0,0,0,0,0
"COG5605",0,2,0,0,0,0
"COG5606",0,0,0,0,0,0
"COG5607",0,0,0,0,0,0
"COG5608",0,0,0,0,0,0
"COG5610",0,0,0,0,0,0
"COG5611",0,0,0,0,0,0
"COG5613",0,0,0,0,0,0
"COG5614",0,0,0,0,0,0
"COG5615",0,0,0,0,0,0
"COG5616",5,4,4,7,2,16
"COG5618",0,0,0,0,0,0
"COG5619",0,0,0,0,0,0
"COG5620",0,0,0,0,0,0
"COG5621",0,0,0,0,0,0
"COG5622",0,0,0,0,0,0
"COG5623",0,0,0,0,0,0
"COG5624",0,0,0,0,0,0
"COG5626",0,0,0,0,0,0
"COG5628",0,0,0,0,0,0
"COG5630",0,0,0,0,1,0
"COG5631",0,0,0,0,0,0
"COG5632",0,0,0,0,0,0
"COG5633",0,0,0,0,0,0
"COG5635",1,0,1,0,0,0
"COG5636",0,0,0,0,0,0
"COG5637",0,1,1,0,0,0
"COG5638",0,0,0,0,0,0
"COG5639",1,0,0,0,0,0
"COG5640",3,1,1,0,0,0
"COG5641",0,0,0,0,0,0
"COG5642",0,0,0,0,0,0
"COG5644",0,0,0,0,0,0
"COG5645",0,0,0,0,0,0
"COG5646",0,0,1,0,0,0
"COG5647",0,0,0,0,0,0
"COG5648",0,0,0,0,1,0
"COG5649",0,0,0,0,0,0
"COG5650",0,0,0,0,1,0
"COG5651",0,0,0,0,0,0
"COG5652",0,0,0,0,0,0
"COG5653",1,0,1,0,0,0
"COG5654",0,0,0,0,1,0
"COG5655",0,0,0,0,8,0
"COG5656",0,0,0,0,0,0
"COG5657",0,0,0,0,0,0
"COG5658",0,0,0,0,1,0
"COG5659",0,0,0,0,0,0
"COG5660",0,0,0,0,0,0
"COG5661",0,0,0,0,0,0
"COG5662",0,0,0,0,0,0
"COG5663",0,0,0,0,0,0
"COG5664",0,0,0,0,0,0
"COG5665",0,0,0,0,0,0
